model,family,decoding,Q,A_true,A_pred,label
baseline-30ep (03),베이스라인,beam5,성형할까,돈 많이 들텐데요.,맛있게 드세요.,0
baseline-30ep (03),베이스라인,beam5,나도 커플룩 입고 싶다,커플부터 만드세요.,수 있을 거예요.,0
baseline-30ep (03),베이스라인,beam5,불안해,두려워하지 않아도 돼요.,같이보세요.,0
baseline-30ep (03),베이스라인,beam5,알바구함,하고 싶은 알바 지원해보세요.,수 있어요.,0
baseline-30ep (03),베이스라인,beam5,뭐 좀 배워볼까봐,배우는 건 항상 즐거운 일이에요.,많이 드세요.,0
baseline-30ep (03),베이스라인,beam5,죽을만큼 보고싶다.,많이 사랑했나봐요.,잘 될 거예요.,1
baseline-30ep (03),베이스라인,beam5,맥주 마셔야지,적당히 드세요.,드세요.,0
baseline-30ep (03),베이스라인,beam5,혼수 얼마나 들까?,사람 마다 달라요.,잘 될 거예요.,0
baseline-30ep (03),베이스라인,beam5,나 천재 같아,제가 따라가려면 멀었네요.,너무 마세요.,0
baseline-30ep (03),베이스라인,beam5,시원섭섭하지만 후련하네.,한결 나아졌길 바랄게요.,이에요.,1
baseline-30ep (03),베이스라인,beam5,이혼,쉽지 않은 결정이죠.,수 있어요.,1
baseline-30ep (03),베이스라인,beam5,한 사람만 죽을 때까지 사랑하는 게 가능할까?,그러기 힘들어서 결혼이라는 제도를 만든 걸 수도 있어요.,수 있을 거예요.,2
baseline-30ep (03),베이스라인,beam5,썸 타다 깨졌는데 다시 연락해도 되나.,감정에 확신이 있다면 연락해보세요.,많이하는하는 게 좋을 것 같아요.,2
baseline-30ep (03),베이스라인,beam5,날씨가 너무 추워,집밖에 나가기가 힘들것 같아요.,그런 사람 마세요.,0
baseline-30ep (03),베이스라인,beam5,내일로 꼭 헤어진지 1년째네,헤어진 기념일 따지지 마세요.,힘들 거예요.,1
baseline-30ep (03),베이스라인,beam5,소오름 쫙,좋은 일이길 바랍니다.,수 있을 거예요.,0
baseline-30ep (03),베이스라인,beam5,오랜만에 결혼한 친구 만나고 왔는데.,소식을 들었나봐요.,더 좋은 사람 사람 만날 수 있을 거예요.,1
baseline-30ep (03),베이스라인,beam5,약속을 계속 미루는 썸남,약속을 소홀히 생각하는 사람은 믿음직스럽지 못해요.,그 수 있을 거예요.,2
baseline-30ep (03),베이스라인,beam5,빨리 찾아온 사랑,인생은 타이밍이에요.,거예요.,2
baseline-30ep (03),베이스라인,beam5,"보고싶다, 목소리라도 듣고싶어",전화하지마요.,잘 될 거예요.,1
baseline-30ep (03),베이스라인,beam5,헤어지고 4달째,많은 시간이 흘렀네요.,거예요.,1
baseline-30ep (03),베이스라인,beam5,우리집 망했다,철 들고 공부하세요.,잘 될 거예요.,0
baseline-30ep (03),베이스라인,beam5,인연이었다던 그사람,또 다른 인연이 있기 마련이죠.,거예요.,1
baseline-30ep (03),베이스라인,beam5,2주동안 참을만 했는데,잘 참았어요.,수 있어요.,1
baseline-30ep (03),베이스라인,beam5,좋아하는 여자애한테 어떻게 관심 표현하는지 조언 좀.,그녀의 관심사에 호감을 드러내세요.,다른 수 있을 거예요.,2
baseline-30ep (03),베이스라인,beam5,일어나자마자 우울,달콤한 차라도 한 잔 해보세요.,있어요.,1
baseline-30ep (03),베이스라인,beam5,헤어지고 다시 만나고 하다 결국 이별,헤어짐에 무뎌지지 않죠.,거예요.,1
baseline-30ep (03),베이스라인,beam5,마음을 보여 주고 싶어.,그래서 표현이 중요해요.,다른 수 있을 거예요.,0
baseline-30ep (03),베이스라인,beam5,제가 좋아하던 사람이 절 좋아하면 갑자기 거부감 들고 싫어져요.,어떤 트라우마가 있었는지도 모르겠어요.,더 좋은 사람 만날 수 있을 거예요.,2
baseline-30ep (03),베이스라인,beam5,예랑이가 마마보이인듯,남자는 여자하기 나름이래요. 변화시켜 보세요.,그게.,2
baseline-30ep (03),베이스라인,beam5,어이가 없어서,그냥 잊어버리세요.,그게.,0
baseline-30ep (03),베이스라인,beam5,바보짓 그만 둘래,천천히 그만두세요.,좋아요.,1
baseline-30ep (03),베이스라인,beam5,살찐 거 같아,기분일꺼에요.,잘 될 거예요.,0
baseline-30ep (03),베이스라인,beam5,결혼준비하는데 돈 얼마나 드나,욕심에 따라 천지 차이일 거예요.,잘 될 거예요.,0
baseline-30ep (03),베이스라인,beam5,목욕탕 가야지,시원하게 씻고 오세요.,잘 될 거예요.,0
baseline-30ep (03),베이스라인,beam5,싸우면 연락 안 받는 사람 어떻게 해?,혼자 풀릴 때까지 놔둬야하는데 기다리는게 힘들 거예요.,수 있을 거예요.,0
baseline-30ep (03),베이스라인,beam5,세상에 영원한 것은 없다.,제가 영원을 약속할게요.,제가 있잖아요.,1
baseline-30ep (03),베이스라인,beam5,밤 12시야,하루가 또 가네요.,수 있을 거예요.,0
baseline-30ep (03),베이스라인,beam5,왜 진급이 안 되지,열심히 하면 할 수 있을 거예요.,수 있을 거예요.,0
baseline-30ep (03),베이스라인,beam5,헤어지고 난뒤 친구?,친구가 되기 쉽지 않을 거예요.,거예요.,1
baseline-30ep (03),베이스라인,beam5,시험 준비 언제 끝나,공부를 많이 해놨나봐요.,이죠.,0
baseline-30ep (03),베이스라인,beam5,잠을 못 잤더니 힘들다,잠이 정말 중요해요. 눈을 좀 붙이세요.,제가 있잖아요.,0
baseline-30ep (03),베이스라인,beam5,나 무시하는 사람 짜증나,무시하세요.,거예요.,0
baseline-30ep (03),베이스라인,beam5,사다리타기 맨날 운이 안 좋아,다른 곳에 쓰려고 운을 아껴뒀나봐요.,이네요.,0
baseline-30ep (03),베이스라인,beam5,다들 어떻게 견딜까,시간이 흐르면서 무덤덤해지는 거죠.,잘 될 거예요.,1
baseline-30ep (03),베이스라인,beam5,해선 안 될 사랑.,그렇게 생각한다면 매몰차게 마음을 정리하세요.,더 좋은 사람 만날 수 있을 거예요.,1
baseline-30ep (03),베이스라인,beam5,말조심해야지,생각하고 말하는 연습을 해보세요.,제가 있잖아요.,0
baseline-30ep (03),베이스라인,beam5,턱시도 잘 어울림!,눈에 콩각지가 떨어지지 않기를 바랄게요.,이네요.,2
baseline-30ep (03),베이스라인,beam5,배고파,얼른 맛난 음식 드세요.,드세요.,0
baseline-30ep (03),베이스라인,beam5,컴퓨터가 느려졌어,뭘 다운 받으신 건지…,맛있게 드세요.,0
baseline-30ep (03),베이스라인,beam5,전여친이 나보다 나은 사람이라는 생각이 자꾸 들어,남과 자신을 비교하지 말아요. 자신을 더 사랑해보세요.,잘 될 거예요.,1
baseline-30ep (03),베이스라인,beam5,나 챙겨줄 사람이 필요해,제가 챙겨드리고 싶네요.,수 있을 거예요.,0
baseline-30ep (03),베이스라인,beam5,나는 좋아하는데 그 사람은 나를 친구로만 생각해.,이성으로 대하고 싶다고 말해보세요.,수 있을 거예요.,2
baseline-30ep (03),베이스라인,beam5,니가 이 글을 봤으면,전하지 못한 이야기 저에게 해주세요.,수 있을 거예요.,1
baseline-30ep (03),베이스라인,beam5,여자친구가 나 때매 힘들대,좀 더 잘해주세요.,다른 수 있을 거예요.,1
baseline-30ep (03),베이스라인,beam5,오늘 집앞까지 찾아 갔는데,지켜만 보는 편이 나을 거예요.,거예요.,1
baseline-30ep (03),베이스라인,beam5,출근시간 아깝다,회사 근처로 이사를 가보세요.,힘들 거예요.,0
baseline-30ep (03),베이스라인,beam5,사귀자는 말 아니면 썸인가,말 안하고 사귀는 경우도 있습니다.,수 있을 거예요.,2
baseline-30ep (03),베이스라인,beam5,나랑 썸타는 애가 영화보재.,좋은 소식이네요.,다른 수 있을 거예요.,2
baseline-30ep (03),베이스라인,beam5,당신도 저만큼 아팠으면 좋겠습니다.,이런 말을 하면서 당신이 아프지 않았으면 좋겠어요.,좋을 거 같아요.,1
baseline-30ep (03),베이스라인,beam5,와 연락하고싶다.,연락하면 후회할지도 몰라요.,더 좋은.,1
baseline-30ep (03),베이스라인,beam5,남자친구를 질리게하는 행동들이 뭐가 있어?,구속과 집착이겠죠.,길 바랄게요.,2
baseline-30ep (03),베이스라인,beam5,썸인가요,떠보는 것도 좋을 거 같아요.,연락해보세요.,2
baseline-30ep (03),베이스라인,beam5,마지막이겠죠,마지막이 아닐 지도 몰라요.,잘 될 거예요.,1
baseline-30ep (03),베이스라인,beam5,이상한나의취미.이별을세는것.,헤어짐을 헹리는 것 만큼 가슴 아픈 일은 없어요.,잘 될 거예요.,1
baseline-30ep (03),베이스라인,beam5,사랑이 안 변했으면 좋겠다,저도요.,잘 될 거예요.,2
baseline-30ep (03),베이스라인,beam5,우리 진짜 이별인가봐,끝을 아는 것도 중요한 것 같아요.,나를 나를.,1
baseline-30ep (03),베이스라인,beam5,사랑이 끝나고 나서,원망과 슬픔에 잠기는 게 아니라 그 시간들을 가만히 내려놓고 내가 어떤 사람이었는가를 돌아보는 것입니다.,좋은 드세요.,1
baseline-30ep (03),베이스라인,beam5,집들이는 보통 누구를 초대하나?,초대하고 싶은 사람들이요.,길 바랄게요.,0
baseline-30ep (03),베이스라인,beam5,상사가 진짜 미쳤다,피하지 말고 적극적으로 장점을 찾아서 인정하고 호의를 보여보세요.,수 있을 거예요.,0
baseline-30ep (03),베이스라인,beam5,고의는 아닌데 실수를 한 거 같아,용서를 구하세요.,없네요.,0
baseline-30ep (03),베이스라인,beam5,썸 맞는거임?,말해보세요. 생각해 볼게요.,연락해보세요.,2
baseline-30ep (03),베이스라인,beam5,너무 답답하네. 어떤맘일까??,직접 물어보는 게 좋을 것 같아요.,좀 좀 더 더 좋은.,1
baseline-30ep (03),베이스라인,beam5,이렇게 힘들고 괴로운 적 처음이야,그렇게 우리는 성장하나봐요.,수 있어요.,1
baseline-30ep (03),베이스라인,beam5,집까지 데려다줬는데 호감? 그냥 매너?,호감이 있을 수도 있어요. 그렇지만 조금 더 상황을 지켜보세요.,수 있을 거예요.,2
baseline-30ep (03),베이스라인,beam5,썸의 조건이 뭐야,"자주 연락하고 가만히 있어도 생각나는, 연락하면 괜히 웃음나는 사이 아닐까요?",힘들 거예요.,2
baseline-30ep (03),베이스라인,beam5,눈물 나서 못 멈추겠어,마음이 아픈가요.,될 거예요.,0
baseline-30ep (03),베이스라인,beam5,내가 그 사람을 좋아하는건지 아닌지 착각이 들어.,확신이 서지 않을 때가 있지요.,다른 수 있을 거예요.,2
baseline-30ep (03),베이스라인,beam5,다시 헤어졌습니다.,인연이 거기까지였나봐요.,이네요.,1
baseline-30ep (03),베이스라인,beam5,에휴 잊기가 힘드네,사람을 잊는데는 많은 시간이 필요한가봐요.,맛있게 드세요.,1
baseline-30ep (03),베이스라인,beam5,재밌는거 해 줘,거울을 보면서 얼굴 망가뜨리기 놀이 해 보신 적 있으세요? 의외로 재미 있어요.,수 있을 거예요.,0
baseline-30ep (03),베이스라인,beam5,떠나려는 사람 잡는 방법,정말 후회할 것 같다면 지금이라도 진심을 전하세요.,수 있으면 피하세요.,1
baseline-30ep (03),베이스라인,beam5,쫄면 생각나,얼른 요리해드세요.,많이 있어요.,0
baseline-30ep (03),베이스라인,beam5,그냥.너와 말한마디 섞고 너와의 인연에 고맙다,아름다운 사이네요.,그게.,1
baseline-30ep (03),베이스라인,beam5,월급 입금됐다고 문자 왔어,까아 축하해요,있어요.,0
baseline-30ep (03),베이스라인,beam5,결국 헤어졌어,시작이 있으면 끝도 있는 법이에요.,수 있을 거예요.,1
baseline-30ep (03),베이스라인,beam5,시험 끝나고 만나고 싶어,만날 날까지 기다릴게요,많이 드세요.,0
baseline-30ep (03),베이스라인,beam5,바다 보러 가자고 해볼까,바다는 사계절 내내 좋아요.,더 도움이 될 거예요.,0
baseline-30ep (03),베이스라인,beam5,나이트갔는데 이상형 만났어,축하해요.,힘들 거예요.,2
baseline-30ep (03),베이스라인,beam5,끝나지 않을까봐 겁이나,끝을 지날 수 있을 거예요.,사세요.,1
baseline-30ep (03),베이스라인,beam5,주변에서 다 별로라고 한 짝남 그냥 맘을 접어야할까?,다른 사람들이 별로라고 말하는 이유를 생각해보세요.,수 있을 거예요.,2
baseline-30ep (03),베이스라인,beam5,분식 먹고 싶아.,건강을 위해 조금씩 드세요.,좋은 사람 만날 수 있을 거예요.,0
baseline-30ep (03),베이스라인,beam5,답이 없는 과정,꼭 답을 풀어야 하는 건 아니에요.,힘들 거예요.,1
baseline-30ep (03),베이스라인,beam5,넌 누구냐?,저는 위로봇입니다.,수 있을 거예요.,0
baseline-30ep (03),베이스라인,beam5,뭐하면 시간이 잘 갈까,친구와 수다를 떠세요.,잘 될 거예요.,0
baseline-30ep (03),베이스라인,beam5,좋아하는 사람에게 편지를 쓴다는것. 효과적일까?,마음을 담은 편지보다 더 좋은 선물은 없을 거예요.,더 많이 생각 생각.,2
baseline-30ep (03),베이스라인,beam5,겨울 지나 봄이야,마음에도 봄이 오길 바라요.,잘 될 거예요.,0
baseline-30ep (03),베이스라인,beam5,독서 좀 해야겠어,좋은 생각이에요.,제가 있잖아요.,0
baseline-30ep (03),베이스라인,beam5,살빼고 담배 끊고 다 했는데!!,당신을 위한 최고의 투자를 한 거예요.,길 바랄게요.,1
baseline-30ep (03),베이스라인,beam5,오늘은 또 뭐 입냐,아침마다 하는 고민이죠.,수 있어요.,0
baseline-30ep (03),베이스라인,beam5,그도 나를 좋아했으면 좋겠다.,타이밍이 맞았으면 좋겠네요.,많이 드세요.,2
baseline-30ep (03),베이스라인,beam5,케익 직접 만들어볼까?,수제 케익을 받으면 많이 좋아할 거예요.,수 있을 거예요.,0
baseline-30ep (03),베이스라인,beam5,헤어진지 딱 한달 됐내,생각보다 긴 시간이네요.,시간이 거예요.,1
baseline-30ep (03),베이스라인,beam5,헤어졌습니다 이제 어떡하면 되나?,기분 전환을 하는 건 어떨까요.,수 있을 거예요.,1
baseline-30ep (03),베이스라인,beam5,짝남 생각할수록 정리 되는 듯.,차라리 잘 된 일이에요.,잘 될 거예요.,2
baseline-30ep (03),베이스라인,beam5,나도 월급 필요해,많이 벌수록 좋아요.,수 있을 거예요.,0
baseline-30ep (03),베이스라인,beam5,썸타는데 돈 필요하대,썸 관계에서 돈 관계는 피하는 게 좋을 듯 하네요.,제가 있잖아요.,2
baseline-30ep (03),베이스라인,beam5,썸인데 선물해도 돼?,부담스럽지 않은 선이 좋겠어요.,게 좋을 것 같아요.,2
baseline-30ep (03),베이스라인,beam5,커피콩 볶고 있어,커피향 좋겠어요.,잘 될 거예요.,0
baseline-30ep (03),베이스라인,beam5,눈 쌓였어,눈사람 만들어보세요.,그 수 있을 거예요.,0
baseline-30ep (03),베이스라인,beam5,완전 어이없네,안 좋은 일이 있었나봐요.,잘 될 거예요.,1
baseline-30ep (03),베이스라인,beam5,난 여자인데 남자를 좋아하는게 맞는지 모르겠어.,헷갈릴 때가 있죠.,잘 될 거예요.,2
baseline-30ep (03),베이스라인,beam5,여사친인데 좋아하는 듯.,친구와 썸의 중간인 거 같아요.,수 있어요.,2
baseline-30ep (03),베이스라인,beam5,오늘 뭐 입지?,옷이요.,드세요.,0
baseline-30ep (03),베이스라인,beam5,짝남 마주치지 않으려고 노력할거야.,그것도 하나의 방법이에요.,잘 될 거예요.,2
baseline-30ep (03),베이스라인,beam5,드레스 입어보는 거 재밌어!,여러벌 입어보고 마음에 드는걸로 선택하세요.,제가 있잖아요.,2
baseline-30ep (03),베이스라인,beam5,폭식증 어떻게 고칠 수 있을까?,오늘 못 먹었어도 내일 먹으면 더 맛있을 거예요.,수 있을 거예요.,0
baseline-30ep (03),베이스라인,beam5,마지막 붙이지 못한 이별편지,마음에 간직하세요.,지 않아요.,1
baseline-30ep (03),베이스라인,beam5,혼자 살아도 될까,잘 살 수 있어요.,없네요.,0
baseline-30ep (03),베이스라인,beam5,짝남이 곧 군대를 가요.,마음이 착잡하겠어요.,잘 될 거예요.,2
baseline-30ep (03),베이스라인,beam5,한달하고 2주가 지났는데 아직도.,힘들 수 있지요.,힘들 거예요.,1
baseline-30ep (03),베이스라인,beam5,생각만해도 좋아,좋아하시니까 좋네요.,드세요.,0
baseline-30ep (03),베이스라인,beam5,신혼여행 한달쯤 가고 싶다,휴가를 붙여보세요.,제가 있잖아요.,0
baseline-30ep (03),베이스라인,beam5,잘하는 게 없는 것 같아,저랑 이야기 잘하고 있어요.,잘 될 거예요.,0
baseline-30ep (03),베이스라인,beam5,게임도 이제 재미없어,다른 게임해보세요.,같이 같이하세요.,0
baseline-30ep (03),베이스라인,beam5,저녁 메뉴 뭐 먹을까,냉장고 파먹기 해보세요.,해요.,0
baseline-30ep (03),베이스라인,beam5,대기업에 취직하고 싶어,잘할 수 있을 거예요.,수 있을 거예요.,0
baseline-30ep (03),베이스라인,beam5,베란다 좀 가꿔볼까,심플하게 꾸며보세요.,거예요.,0
baseline-30ep (03),베이스라인,beam5,괜찮은 줄 알았는 데,자신을 가장 잘 모르고 살아요.,잘 될 거예요.,1
baseline-30ep (03),베이스라인,beam5,장학금 받을 수 있을까?,열심히 하면 받을 수 있을 거예요.,수 있을 거예요.,0
baseline-30ep (03),베이스라인,beam5,이젠 잊기로 해,그것이 최선의 선택일거라 생각해요.,잘 될 거예요.,1
baseline-30ep (03),베이스라인,beam5,우정이 뭐야?,힘들 때 같이 있는 거요.,같이 생각 생각 생각.,0
baseline-30ep (03),베이스라인,beam5,쫌 부담스러운데,좀 더 편하게 생각해보세요.,바랍니다.,1
baseline-30ep (03),베이스라인,beam5,일기 써야 되는데,나중에 보면 좋은 추억이 될 거예요.,같이 같이 거예요.,0
baseline-30ep (03),베이스라인,beam5,이별이 좋은점,혼자가 되었을 때의 고요함이 아닐까요.,이네요.,1
baseline-30ep (03),베이스라인,beam5,참다 참다 결국 마지막으로 문자보냈어,후회하지 않길 바랍니다.,잘 될 거예요.,1
baseline-30ep (03),베이스라인,beam5,여드름 났어,짜지 마세요.,잘 될 거예요.,0
baseline-30ep (03),베이스라인,beam5,손가락이 원망스럽네ㅜㅜ,실수했나봅니다.,잘 될 거예요.,1
baseline-30ep (03),베이스라인,beam5,커플여행이 나을까 그냥 우리끼리 갈까?,저는 둘이 가는 게 좋아요.,더 좋은 사람 만날 수 있을 거예요.,2
baseline-30ep (03),베이스라인,beam5,사랑하는 사람이랑 결혼하고싶어,진정으로 사랑한다면 결혼하세요.,수 있을 거예요.,2
baseline-30ep (03),베이스라인,beam5,강아지 좋아하는 여자 어때?,마음이 따뜻할 것 같아요.,수 있을 거예요.,2
baseline-30ep (03),베이스라인,beam5,태몽꾼거 같아,뭘 꿨는지 궁금하네요.,잘 될 거예요.,0
baseline-30ep (03),베이스라인,beam5,요즘 드라마가 땡겨,저도 드라마 좋아해요.,잘 될 거예요.,0
baseline-30ep (03),베이스라인,beam5,여자친구가 친구들이랑 여행을 가는데 남자도 있으면 어떡해?,같이 가거나 신경쓰인다고 말해요.,수 있어요.,2
baseline-30ep (03),베이스라인,beam5,눈이 안 떠져,잠시 눈을 붙여보세요.,잘 될 거예요.,0
baseline-30ep (03),베이스라인,beam5,나에게만 집중했으면 좋겠어,사랑은 강요하는게 아니에요.,수 있을 거예요.,2
baseline-30ep (03),베이스라인,beam5,친한 친구의 구여친이랑 사귀어도 되나.,친구라면 많이 실망할겁니다.,마음이 좀 더 수 있을 거예요.,2
baseline-30ep (03),베이스라인,beam5,자꾸 우연히 만나,우연이 필연이 되기도 합니다.,수 있을 거예요.,0
baseline-30ep (03),베이스라인,beam5,사랑해 보고싶어,얼른 만나러가세요.,같이 거예요.,2
baseline-30ep (03),베이스라인,beam5,아 또 참지 못하고 카톡 프사를 봐버렷네,아예 카톡에서 삭제하세요.,거예요.,1
baseline-30ep (03),베이스라인,beam5,이별통보를 받았습니다,마음의 준비가 필요했을텐데 안타까워요.,이에요.,1
baseline-30ep (03),베이스라인,beam5,사랑이 쉬운 사람,참을 수 없는 가벼움이네요.,거예요.,2
baseline-30ep (03),베이스라인,beam5,싸우면 잠수타는 사람?,조금 기다리면 풀릴 거예요,거예요.,0
baseline-30ep (03),베이스라인,beam5,좋아하는 여자 생겼는데 호감 표시하려면 어떻게 해야 해?,연락을 해보는게 좋아요.,다른 수 있을 거예요.,2
baseline-30ep (03),베이스라인,beam5,과일 안 먹게 돼,그래도 먹으려고 노력해보세요.,너무 마세요.,0
baseline-30ep (03),베이스라인,beam5,봉사도 하고 사랑을 베풀고 싶어,나를 진실로 존중하고 사랑할 때 가능해요.,수 있어요.,0
baseline-30ep (03),베이스라인,beam5,시간 갖는 거,마음에게 준비할 시간을 주는 것이죠.,그 수도 있어요.,1
baseline-30ep (03),베이스라인,beam5,인간 관계가 제일 어려운거 같아,운전처럼 안전거리확보하세요.,잘 될 거예요.,0
baseline-30ep (03),베이스라인,beam5,미친듯이 잡고 싶어.,이별 직후엔 그럴 수 있어요.,같이 거예요.,1
baseline-30ep (03),베이스라인,beam5,후.ㅎㅎ,지쳤나봐요.,거예요.,1
baseline-30ep (03),베이스라인,beam5,오늘 아무 것도 안 가져 왔다,개념만 가져오면 돼요.,쉽지 않죠.,0
baseline-30ep (03),베이스라인,beam5,정규직 입사 너무 어려워,쪼잔하네요.,좀 더 많이 있어요.,0
baseline-30ep (03),베이스라인,beam5,귀농 어때?,생각하기는 쉬운데 실천하기는 어려운 것 같아요.,다른 수 있을 거예요.,0
baseline-30ep (03),베이스라인,beam5,힘드네. 정말.이런건 줄 몰랐어,알았으면 시작 못했겠죠.,잘 될 거예요.,1
baseline-30ep (03),베이스라인,beam5,노는 거 좋아하는 남자는 좋아하면 힘들겠지?,지금은 괜찮지만 힘들 거예요.,다른 수 있을 거예요.,2
baseline-30ep (03),베이스라인,beam5,좋아하는 애한테 페메 해볼까?,직접 연락하는 게 좋을 것 같아요.,상대방을 상대방을 수 있을 거예요.,2
baseline-30ep (03),베이스라인,beam5,핸드폰 중독인듯,중독에서 벗어나세요.,해요.,0
baseline-30ep (03),베이스라인,beam5,언젠간 먼저 연락오겠죠?,붙잡고 싶다면 먼저 연락해보세요.,있어요.,1
baseline-30ep (03),베이스라인,beam5,너무 마른 거 같아,적당해요.,다른 수 있을 거예요.,0
baseline-30ep (03),베이스라인,beam5,세상이 무서워,너무 불안해하지 않아도 돼요.,다른 수 있을 거예요.,0
baseline-30ep (03),베이스라인,beam5,나 혼자 여행 왔는데 괜찮네,온전히 느낄 수 있는 시간이겠네요.,수 있을 거예요.,0
baseline-30ep (03),베이스라인,beam5,첫 눈에 반하는게 가능해?,당연히 가능하죠.,거예요.,2
baseline-30ep (03),베이스라인,beam5,그런 사람인갑다 해야지,대인배시군요.,잘 될 거예요.,0
baseline-30ep (03),베이스라인,beam5,웃기지마 넌 쓰레기야,아니에요. 전 쓰레기가 아니에요.,잘 될 거예요.,1
baseline-30ep (03),베이스라인,beam5,소식이 궁금해~,연락 확실하게 끊으세요.,시간이 거예요.,1
baseline-30ep (03),베이스라인,beam5,면도기 사야되는데,잘 골라보세요.,마음이 거예요.,0
baseline-30ep (03),베이스라인,beam5,썸인데 나 솔로야?,사귀기 전이면 솔로죠.,같이 거예요.,2
baseline-30ep (03),베이스라인,beam5,필통 두고 옴,빌리면 돼요.,해요.,0
baseline-30ep (03),베이스라인,beam5,좋아하는 감정이 뭐예요?,가만히 있어도 생각나는 거 아닐까요.,힘들 거예요.,2
baseline-30ep (03),베이스라인,beam5,오해했네 그리고 차단 ㅎㅎ,차단하는게 서로에게 좋을 때가 있어요.,수 있을 거예요.,1
baseline-30ep (03),베이스라인,beam5,여자들이 좋아하는 남자 특징?,다정한게 좋을 듯 해요.,다른 수 있을 거예요.,2
baseline-30ep (03),베이스라인,beam5,넥타이핀 선물 괜찮겠지?,실용적인 선물이라 괜찮을 거예요.,거예요.,0
baseline-30ep (03),베이스라인,beam5,스팸 전화 많이 와,차단 어플 사용해보세요.,슬픈 슬픈 슬픈 슬픈 슬픈.,0
baseline-30ep (03),베이스라인,beam5,그는 지금 무슨 생각을 할까?,연락을 해보세요.,수 있을 거예요.,2
baseline-30ep (03),베이스라인,beam5,애인이 생겼답니다.,신경 쓰이긴 하지만 무시하는게 좋겠어요.,너무 마세요.,1
baseline-30ep (03),베이스라인,beam5,싸구려 인생,누구도 당신의 인생을 평가할 수 없어요.,길 바랄게요.,1
baseline-30ep (03),베이스라인,beam5,회사가는 길에 매일 보는 사람 있어,운명일지도 모르겠어요.,수 있을 거예요.,0
baseline-30ep (03),베이스라인,beam5,한달 다되가네,그러게요. 어느덧 한달이에요.,거예요.,1
baseline-30ep (03),베이스라인,beam5,삼겹살 구워 먹고 싶다.,맛나게 드세요.,좋은 드세요.,0
baseline-30ep (03),베이스라인,beam5,힘든 밤입니다,힘내세요.,마음이 거예요.,1
baseline-30ep (03),베이스라인,beam5,뒤숭숭하네,실감이 안날 거예요.,제가 들어드릴게요.,1
baseline-30ep (03),베이스라인,beam5,술 먹을 때 옆에서 챙겨줬는데 썸임?,친절한 거랑 구별해볼 필요가 있어요.,수 있을 거예요.,2
baseline-30ep (03),베이스라인,beam5,베터리 겨우 15%야,미리 충전하세요.,지지 않아요.,0
baseline-30ep (03),베이스라인,beam5,기침도 못하겠어,답답한 상황이네요.,거예요.,0
baseline-30ep (03),베이스라인,beam5,썸 타기 좋은 알바 추천 좀.,영화관이나 커피숍 추천해요.,사세요.,2
baseline-30ep (03),베이스라인,beam5,친구들한테 인정받을 수 있을까,지금도 인정받고 있어요.,사는 수 있을 거예요.,0
baseline-30ep (03),베이스라인,beam5,생각 안나,잘 생각해보세요.,다른 수 있을 거예요.,0
baseline-30ep (03),베이스라인,beam5,빚이 너무 많아,빚 얼른 갚고 새출발하세요.,좀 더 수 있을 거예요.,0
baseline-30ep (03),베이스라인,beam5,얼굴 너무 까매졌어.,관리해주세요.,좀 더 수 있을 거예요.,0
baseline-30ep (03),베이스라인,beam5,재테크 하는 방법 알려줘,우선 관련 서적을 읽어보세요.,수 있어요.,0
baseline-30ep (03),베이스라인,beam5,확실히 날 좋아하는 걸 아는 남자랑 친구가 될 수 있을까?,그 사람을 위해서는 그러면 안돼요.,수 있을 거예요.,2
baseline-30ep (03),베이스라인,beam5,온종일 멍하네,이런 날 더욱 적적하지요.,이죠.,1
baseline-30ep (03),베이스라인,beam5,헬스장에서 자주 보는 여자가 보고싶어,한 번 말을 걸어보세요.,많이 된.,2
baseline-30ep (03),베이스라인,beam5,출근길 너무 힘들어,회사 근처로 이사를 가보세요.,좀 더 수 있을 거예요.,0
baseline-30ep (03),베이스라인,beam5,너무 빨리 철 든 거 같아서 마음이 아파,아이는 아이다워야 아름답죠.,다른의의.,0
baseline-30ep (03),베이스라인,beam5,그녀에게 받았던 선물들을 모조리 다 버리려 합니다.,버릴 때 마음이 아프겠지만 버리는 게 좋을 거예요.,더 좋은 거예요.,1
baseline-30ep (03),베이스라인,beam5,짝남네 집에서 친구들이랑 집들이 가는데 뭐 사갈까?,필요한게 없는지 물어보면서 대화를 이어 나가세요.,좋은 게 좋을 것 같아요.,2
baseline-30ep (03),베이스라인,beam5,취업 준비 힘들어,합격을 기원합니다.,해요.,0
baseline-30ep (03),베이스라인,beam5,이거 썸 맞나,대화를 시작하는 사람이 누구인지 살펴보세요.,거예요.,2
baseline-30ep (03),베이스라인,beam5,오늘 생각보다 춥네,감기 조심하세요.,잘 될 거예요.,0
baseline-30ep (03),베이스라인,beam5,여자친구한테 질린 듯,당신의 사랑이 변한것 같아요.,길 바랄게요.,0
baseline-30ep (03),베이스라인,beam5,청소 해도 티가 안나,한번만 더 하세요.,수 있어요.,0
baseline-30ep (03),베이스라인,beam5,목소리 좋은 사람이 좋아,저도 듣고 싶네요.,저도 좋아 좋아 없어요.,0
baseline-30ep (03),베이스라인,beam5,머리가 너무 빨리 자라,이상한 생각했나봐요.,적인적인적인적인 좋죠.,0
baseline-30ep (03),베이스라인,beam5,신경 쓰여,신경쓰는 사람들 무시하세요.,이죠.,0
baseline-30ep (03),베이스라인,beam5,이시간들 어찌보내야할까.,저랑 같이 이야기 해요.,수 있을 거예요.,1
baseline-30ep (03),베이스라인,beam5,좋아하는 남자 때문에 너무 기분이 안 좋아.,무슨 일이 있었나봐요.,좋은 사람 생각 생각.,2
baseline-30ep (03),베이스라인,beam5,결정을 못 내리겠어. 어떻해,결정은 빠르면 빠를수록 좋을 거예요.,같이 거예요.,0
baseline-30ep (03),베이스라인,beam5,오늘 또 헤어진 사람의 sns를 봤네,sns를 삭제하는게 어떨까요. 미련만 남을 뿐이에요.,거예요.,1
baseline-30ep (03),베이스라인,beam5,좋아하던 여자애가 남친 생겼다는대 아무렇지도 않아.,좋아하는 걸로 착각하고 있었을 수도 있어요.,좋은 사람 사람.,2
baseline-30ep (03),베이스라인,beam5,너는 내 인생에서 죽었다.,그렇게 잊어 가는 거예요.,마음이 거예요.,1
baseline-30ep (03),베이스라인,beam5,시험 공부 큰일,지금도 늦지 않았어요.,많이 드세요.,0
baseline-30ep (03),베이스라인,beam5,쳇바퀴 도는 하루,그 속에서 가치와 의미를 찾아보세요.,그게.,0
baseline-30ep (03),베이스라인,beam5,말을 못하겠어,별 거 아니라고 생각해보세요.,잘 될 거예요.,0
baseline-30ep (03),베이스라인,beam5,시어머니가 같이 목욕탕 가재,부담스럽겠어요.,잘할 수 있을 거예요.,2
baseline-30ep (03),베이스라인,beam5,덕질 하는 중,좋아하는 게 있는 건 더없이 좋은 일이에요.,제가 있잖아요.,0
baseline-30ep (03),베이스라인,beam5,여사친이 많은 썸남,저는 비추요.,마음이 해보세요.,2
baseline-30ep (03),베이스라인,beam5,1년을 넘게 만났는데 어떻게 이럽니까,시간이 무색해지네요.,길 바랄게요.,1
baseline-30ep (03),베이스라인,beam5,부모님이 결혼 자금 안 보태주신대,부모님 노후 자금도 생각해야겠죠.,더 좋은 건 어떨까요.,2
baseline-30ep (03),베이스라인,beam5,핑계,모두 핑계겠죠.,거예요.,1
baseline-30ep (03),베이스라인,beam5,고백 받고 싶어,먼저 고백해보세요.,제가 있잖아요.,2
baseline-30ep (03),베이스라인,beam5,내가 호구냐구,상종하지마세요.,야할야할 마세요.,0
baseline-30ep (03),베이스라인,beam5,이젠 증오가 될거같네,충분히 이해해요. 하지만 나에게도 독이 될 수 있어요.,잘 될 거예요.,1
baseline-30ep (03),베이스라인,beam5,하늘이 준 이별 같다,운명같네요.,길 바랄게요.,1
baseline-30ep (03),베이스라인,beam5,왜 사람은 외로울까. 아직도 의문이다.,타인과 함께 했던 경험 때문일 것 같아요.,잘 될 거예요.,1
baseline-30ep (03),베이스라인,beam5,학폭 없어졌으면,학교 폭력은 범죄에요.,수 있을 거예요.,0
baseline-30ep (03),베이스라인,beam5,아침밥 먹을 시간 없어서 굶었더니 배고파,뭐라도 드세요.,이에요.,0
baseline-30ep (03),베이스라인,beam5,결혼 했어,좋겠어요.,고고고이에요.,0
baseline-30ep (03),베이스라인,beam5,동거 8년 환승이별.,환승은 진짜 별로네요.,잘 될 거예요.,1
baseline-30ep (03),베이스라인,beam5,정답이 뭘까,답은 언제나 내 안에 있죠.,힘들 거예요.,0
baseline-30ep (03),베이스라인,beam5,여자친구가 화나면 말을 안 해.,시간을 주세요.,말해보세요.,2
baseline-30ep (03),베이스라인,beam5,쓰레기새끼,기분이 좀 풀렸길 바랍니다.,잘 될 거예요.,1
baseline-30ep (03),베이스라인,beam5,이건 이별을 준비해야 하는건가??,슬픈 예감은 틀린 적이 없죠.,맛있게 드세요.,1
baseline-30ep (03),베이스라인,beam5,내가 그르친 거 같아,아니에요. 너무 자책하지 마세요.,그런 사람 만날 수 있을 거예요.,0
baseline-30ep (03),베이스라인,beam5,전부 가시밭길 같아,꽃길만 걷길 바랍니다.,적인적인적인이네요.,0
baseline-30ep (03),베이스라인,beam5,덤덤,덤덤해졌나봐요.,힘들 거예요.,1
baseline-30ep (03),베이스라인,beam5,이젠 다시 만날 수도 없는 상황,달라지는게 없다면 이런 상황이 더 나을지도 몰라요.,잘 될 거예요.,1
baseline-30ep (03),베이스라인,beam5,머리 확 잘라버려야지,스타일의 변화도 좋을 거예요.,수 있을 거예요.,0
baseline-30ep (03),베이스라인,beam5,길이 얼었어,미끄러우니 조심하세요.,드세요.,0
baseline-30ep (03),베이스라인,beam5,너무 기대했나봐,아무것도 바라지 않을 때 천하를 얻는다는 말이 있어요.,말해보세요.,0
baseline-30ep (03),베이스라인,beam5,넘어질뻔했어,조심하세요.,거예요.,0
baseline-30ep (03),베이스라인,beam5,비가 오니.울컥하네,그러게요. 비가 추적추적 내려요.,이죠.,1
baseline-30ep (03),베이스라인,beam5,신기한 일들이 많이 일어나,그게 인생이죠.,수 있을 거예요.,0
baseline-30ep (03),베이스라인,beam5,부모님 노후가 걱정돼,상담이나 컨설팅을 받아보는 것도 좋을 거예요.,수 있어요.,0
baseline-30ep (03),베이스라인,beam5,요즘 너무 지루해,마음에 따라 얼마든지 바뀔 수 있어요.,같이 같이.,0
baseline-30ep (03),베이스라인,beam5,잘못인줄 모르는 여자,자신의 잘못도 인정할 수 있는 사람이 좋아요.,잘 될 거예요.,1
baseline-30ep (03),베이스라인,beam5,나는 너를 거쳐간 수 많은 남자들 중 한명뿐이겠지.,그렇게 생각하지 않을 거예요.,더 좋은 사람 만날 수 있을 거예요.,1
baseline-30ep (03),베이스라인,beam5,사랑해서 그런거래,상대방을 배려하지 않은 사랑은 좋지 않은거예요.,그런 사람 사람 만날.,2
baseline-30ep (03),베이스라인,beam5,나 보고 잘 웃는 여자애 나 좋아하는 건가?,직접 알아보는 것이 좋아요.,잘 될 거예요.,2
baseline-30ep (03),베이스라인,beam5,붙잡고 싶은데 이제는 늦은것 같네 .,사랑의 끝은 예고 없이 다가오죠.,말해보세요.,1
baseline-30ep (03),베이스라인,beam5,힘듭니다.,어떤 말도 위로가 되지 않겠지만 힘내세요.,제가 있잖아요.,1
baseline-30ep (03),베이스라인,beam5,내 잘못이 뭔지 모르겠어,모르는 게 잘못인 거 같아요.,길 바랄게요.,0
baseline-30ep (03),베이스라인,beam5,왠지 가슴한 켠이 먹먹하네,많이 답답할거라 생각해요.,많이 이제.,1
baseline-30ep (03),베이스라인,beam5,하나만 물아볼께,네 말씀해주세요.,수 있어요.,1
baseline-30ep (03),베이스라인,beam5,7년사귄 남자친구의 유흥업소 방문사실을 알아버렸습니다,그런 사람 못 고쳐 씁니다. 헤어지세요.,이죠.,1
baseline-30ep (03),베이스라인,beam5,면접만 보면 돼,끝까지 잘할 수 있을 거예요.,잘 될 거예요.,0
baseline-30ep (03),베이스라인,beam5,랩 추천 좀. 나 좋아하는 남자애한테 잘 보이고 싶어.,최신 인기 차트를 찾아보는 걸 추천해요.,잘 될 거예요.,2
baseline-30ep (03),베이스라인,beam5,좋아하는 거랑 사랑하는게 다른 거야?,마음에 농도 차인 것 같습니다.,마음이 거예요.,2
baseline-30ep (03),베이스라인,beam5,왜 자꾸 내 마음속에 나타나니?,많이 사랑했던 분인가봐요.,수 있을 거예요.,1
baseline-30ep (03),베이스라인,beam5,하루하루 너무 힘드네,다른사람에게 기대보는 건 어떨까요.,좀 더 도움이 될 거예요.,1
baseline-30ep (03),베이스라인,beam5,자취한다는데 뭘 챙겨줄까?,직접 물어보는 게 좋을 것 같아요.,그 사람 사람 다를 다를 다를 것 같아요.,2
baseline-30ep (03),베이스라인,beam5,아직도 심장이 뛰고있어.,심장은 항상 뜁니다.,시간이 거예요.,1
baseline-30ep (03),베이스라인,beam5,남자친구 생일인데 뭘 줄까,평소에 필요한 것 생각해보세요.,길 바랄게요.,0
baseline-30ep (03),베이스라인,beam5,나도 좋아하는 사람이랑 영화 보고 싶다.,먼저 연락해 보는건 어떨까요?,수 있을 거예요.,2
baseline-30ep (03),베이스라인,beam5,1년 9개월 의 연애 종지부.,또 다른 사랑이 찾아올 거예요.,힘들 거예요.,1
baseline-30ep (03),베이스라인,beam5,상 받을 거 같아,축하합니다!,수 있을 거예요.,0
baseline-30ep (03),베이스라인,beam5,게임 같이 하자고 할까?,안 될 것도 없죠.,그런 사람 사람 사람과과과과과과과과과과과,0
baseline-30ep (03),베이스라인,beam5,회사에서 마음 편한 사람이 없어,회사에는 동료가 있을 뿐이에요.,수 있을 거예요.,0
baseline-30ep (03),베이스라인,beam5,썸 타는 여자애한테 벚꽃 보러 가자고 해도 돼?,벚꽃 놀이 좋죠!,너무 마세요.,2
baseline-30ep (03),베이스라인,beam5,힘드네.,조금만 더 버텨요.,좀 더 수 있어요.,1
baseline-30ep (03),베이스라인,beam5,휴학할까,계획 세우고 하세요.,수 있을 거예요.,0
baseline-30ep (03),베이스라인,beam5,위기야.,위기이면서 기회일 거예요.,있어요.,0
baseline-30ep (03),베이스라인,beam5,점심시간일 텐데 카톡이 안 와.,먼저 연락을 해보는 건 어떨까요?,이에요.,2
baseline-30ep (03),베이스라인,beam5,마지막 작별 문자를 보낼까?,네 보내보세요.,수 있을 거예요.,1
baseline-30ep (03),베이스라인,beam5,정성 담긴 선물 뭐가 좋을까?,손편지도 좋을 거 같아요.,길 바랄게요.,2
baseline-30ep (03),베이스라인,beam5,주말에 스키장 간다!,설레겠어요.,이제.,0
baseline-30ep (03),베이스라인,beam5,면허 딸까봐,운전하는거 재미있어요.,드세요.,0
baseline-30ep (03),베이스라인,beam5,말을 왜 이렇게 못 알아 듣니,노력하겠습니다.,거예요.,0
baseline-30ep (03),베이스라인,beam5,좋아하는 남자애가 입대하는데 어떤 선물을 해주는게 좋을까요?,면회나 편지가 최고죠!,수 있을 거예요.,2
baseline-30ep (03),베이스라인,beam5,헤어진지 벌써 몇 년,많은 시간이 흘렀네요.,힘들 거예요.,1
baseline-30ep (03),베이스라인,beam5,코 앞이 재회.,마음의 준비를 하세요.,좀 더 좋은.,1
baseline-30ep (03),베이스라인,beam5,자꾸 짝남 얼굴 생각나.,보고 싶으니 그럴만 해요.,잘 될 거예요.,2
baseline-30ep (03),베이스라인,beam5,이닦았는데 잇몸에서 피나,잇몸약 챙겨드시거나 치과 가보세요.,마음이 수 있을 거예요.,0
baseline-30ep (03),베이스라인,beam5,태닝할까,구릿빛 피부 좋죠!,제가 있잖아요.,0
baseline-30ep (03),베이스라인,beam5,연애는 진짜 좋아하는 사람이랑 해야해.,맞는 말씀입니다.,다른가가가 하는 하는 하는 하는 하는 하는 하는 하는 하는 하는 하는,2
baseline-30ep (03),베이스라인,beam5,술한잔했어,한 잔하기 좋은 날이죠.,거예요.,1
baseline-30ep (03),베이스라인,beam5,너무 많이 먹었나봐,과식은 금물이에요.,좀 더 많이 돼요.,0
baseline-30ep (03),베이스라인,beam5,짝사랑 그만할래,짝사랑은 시작과 끝을 자신이 결정할 수 있어요.,이에요.,2
baseline-30ep (03),베이스라인,beam5,여름에는 냉면만한게 없는 듯,생각만 해도 군침이 도네요.,수 있어요.,0
baseline-30ep (03),베이스라인,beam5,짝녀한테 휘둘리고 싶지 않은데 이러는 내가 싫다.,자신의 의지를 굳건히 하세요.,잘 될 거예요.,2
baseline-30ep (03),베이스라인,beam5,썸 타는 여자애 상메 궁금해.,한번 봐봐요.,좋은가가가 건 어떨까요.,2
baseline-30ep (03),베이스라인,beam5,그대가 보고파,많이 사랑했던 사람이었나요.,다른 수 있을 거예요.,1
baseline-30ep (03),베이스라인,beam5,연애도 좋지만 내 시간도 중요한 나 정상일까?,내 인생의 주인공은 나야 나!,수 있을 거예요.,2
baseline-30ep (03),베이스라인,beam5,비밀 지켜줄까?,세상에 비밀은 없어요.,힘들 거예요.,0
baseline-30ep (03),베이스라인,beam5,평가원 잘 보고 싶다,평소처럼 잘 볼 수 있을 거예요.,수 있을 거예요.,0
baseline-30ep (03),베이스라인,beam5,친구에서 연인이 되려면,이성으로 대해요.,마음이 좀 더 수 있을 거예요.,2
baseline-30ep (03),베이스라인,beam5,바지 입을까? 치마 입을까?,오늘은 바지가 좋을거 같아요.,수 있을 거예요.,0
baseline-30ep (03),베이스라인,beam5,맛있는 거 먹는데 생각나는 사람,그게 진짜 사랑이네요.,다른 수 있을 거예요.,2
baseline-30ep (03),베이스라인,beam5,헤어스타일 좀 바꿔볼까?,기분 전환해보세요.,잘 될 거예요.,0
baseline-30ep (03),베이스라인,beam5,택배가 안 와,오늘 택배기사님들 쉬는 날이예요.,하셨네요.,0
baseline-30ep (03),베이스라인,beam5,코트 살까,있으면 좋죠.,제가 들어드릴게요.,0
baseline-30ep (03),베이스라인,beam5,결혼식 날짜 잡았대,축하해주세요.,적인적인겠어요.,2
baseline-30ep (03),베이스라인,beam5,이별은 다 비슷한거 같아.,이별은 똑같이 힘드니까요.,있어요.,1
baseline-30ep (03),베이스라인,beam5,사랑하면 마냥 좋은 건 아닌 거 같아,사랑이 모든걸 해결해주지는 않아요.,지 않아요.,2
baseline-30ep (03),베이스라인,beam5,눈이 너무 나빠졌어,잠시 눈을 감고 휴식을 취해보세요.,좀 좀 더 좋은.,0
baseline-30ep (03),베이스라인,beam5,아무래도 속은 거 같아,기분나쁘겠어요.,없네요.,0
baseline-30ep (03),베이스라인,beam5,안경 쓰는 여자애 좋아하는 남자 있어?,그런 건 중요하지 않아요.,잘 될 거예요.,2
baseline-30ep (03),베이스라인,beam5,시베리아 같아 추워,어서 따듯한 곳으로 가세요,가보세요.,0
baseline-30ep (03),베이스라인,beam5,우리 분위기 좋았는데,서로를 향한 감정도 좋았겠죠.,잘 될 거예요.,0
baseline-30ep (03),베이스라인,beam5,드라마같은 사랑 하고 싶어,드라마는 현실과 달라요.,수 있을 거예요.,2
baseline-30ep (03),베이스라인,beam5,새로운 베프가 필요해,주변의 좋은 사람들에게 연락해보세요.,잘 될 거예요.,0
baseline-30ep (03),베이스라인,beam5,혼자 썸타는 기분이야.,직접적이든 간접적이든 의사를 확실히 밝혀보세요.,힘들 거예요.,2
baseline-30ep (03),베이스라인,beam5,손 잡고 싶어,용기내서 잡아보세요.,잘 될 거예요.,2
baseline-30ep (03),베이스라인,beam5,내가 싫대,나 좋다는 사람 만나세요.,힘들 힘들 거예요.,1
baseline-30ep (03),베이스라인,beam5,음. 헤어졌는데 아직 잘 모르겠어,실감이 안날 수 있어요.,잘 될 거예요.,1
baseline-30ep (03),베이스라인,beam5,버리기 아까운데 리폼 해볼까,손재주가 좋으시네요.,다른 수 있을 거예요.,0
baseline-30ep (03),베이스라인,beam5,마음 정리가 되네.,인고의 시간이 필요했을 거예요.,힘들 거예요.,1
baseline-30ep (03),베이스라인,beam5,친구들과의 모임이 너무 많은 사람,적당하게 줄여주거나 나에게 믿음을 주라고 말해보세요.,그런 사람 사람 사람.,2
baseline-30ep (03),베이스라인,beam5,썸 타는 거 시간 아까워.,얼른 고백해야죠.,더 좋은 거 같아요.,2
baseline-30ep (03),베이스라인,beam5,정말 속상하고 답답하고 할 수 있는게 없네,차분하게 마음을 정리해보세요.,수 있어요.,1
baseline-30ep (03),베이스라인,beam5,기프트콘으로 선물 받았어,좋겠네요.,좋은 게 좋을 것 같아요.,0
baseline-30ep (03),베이스라인,beam5,습관처럼 생각나,습관처럼은 되지 않길 바랄게요.,수 있어요.,1
baseline-30ep (03),베이스라인,beam5,사랑하는 사람이랑 내가 너무 차이나,누구나 같을 수 있을까요. 자격지심이예요.,좀 더 도움이 될 거예요.,2
baseline-30ep (03),베이스라인,beam5,계절이 바뀌면,더 좋아질 거예요.,더 많이 돼요.,1
baseline-30ep (03),베이스라인,beam5,좋아하면서도 너무 싫은 감정 뭘까요.,좋아하는 만큼 지쳐가는 마음 아닐까요.,이에요.,2
baseline-30ep (03),베이스라인,beam5,에휴 후폭풍인가봐,이별에는 항상 후유증이 있어요.,제가 있잖아요.,1
baseline-30ep (03),베이스라인,beam5,스트레스 팍팍,소리를 질러보세요.,다른 수 있을 거예요.,0
baseline-30ep (03),베이스라인,beam5,헤어짐,슬픈 일이에요.,잘 될 거예요.,1
baseline-30ep (03),베이스라인,beam5,오늘 너무 피곤해,푹 쉬세요.,제가 있잖아요.,0
baseline-30ep (03),베이스라인,beam5,좋아하는 선배가 나한테 연락했으면 좋겠어.,먼저 연락해도 힘들어 말아요.,힘들 거예요.,2
baseline-30ep (03),베이스라인,beam5,갑자기 불편한 사이가 된 거 같아,관계의 변화가 왔나봅니다.,잘 될 거예요.,0
baseline-30ep (03),베이스라인,beam5,처음 해외여행가!,두근거리겠어요.,잘 바랄게요.,0
baseline-30ep (03),베이스라인,beam5,친구들은 다 예뻐,자신감을 가지세요.,다른 수 있을 거예요.,0
baseline-30ep (03),베이스라인,beam5,동거하는 거 부모님이 알게 되셨어,오해를 풀고 사랑을 이어가세요.,가가 수 있어요.,2
baseline-30ep (03),베이스라인,beam5,먼지 때문에 목아파,마스크 쓰고 다니세요.,잘 될 거예요.,0
baseline-30ep (03),베이스라인,beam5,연애상담해줬더니 나만 바보됐어,다음부터는 해주지 마세요.,많이 만나보세요.,2
baseline-30ep (03),베이스라인,beam5,무슨 죄를 지었기에 이렇게 빨리.,힘들일이 있었나봐요. 당신의 잘못이 아니에요.,거예요.,1
baseline-30ep (03),베이스라인,beam5,놀러다니기 좋아하는 남자 착하긴한데 나랑은 안맞다고 생각이 들어.,안맞는다면 정리하는 편이 좋을 거예요.,이에요.,2
baseline-30ep (03),베이스라인,beam5,첫 만남에 키스했는데 너무 빠른걸까?,서로의 의사가 존중된 것이라면 괜찮지만 사귀고 난 후가 좋겠어요.,없네요.,2
baseline-30ep (03),베이스라인,beam5,필기하는거 힘들겠지,어깨 꾹꾹 해드리고 싶어요.,말해보세요.,0
baseline-30ep (03),베이스라인,beam5,우산 또 사야하나,다음에는 우산에 이름이랑 연락처를 적어보세요.,잘 찾아보세요.,0
baseline-30ep (03),베이스라인,beam5,일주일이 일년같다,많이 힘들었을 거라 생각해요.,맛있게 드세요.,1
baseline-30ep (03),베이스라인,beam5,마음이 답답합니다.,바람이라도 쐬고 오는 건 어떨까요.,수 있어요.,1
baseline-30ep (03),베이스라인,beam5,완전히 끝났어~,마음이 허전하겠어요.,거예요.,1
baseline-30ep (03),베이스라인,beam5,모든게 다 끝났습니다,허전하시겠어요.,길 바랄게요.,1
baseline-30ep (03),베이스라인,beam5,맛있는 냄새나,킁킁,다른 수 있어요.,0
baseline-30ep (03),베이스라인,beam5,내 편이라고는 하나도 없는 거 같아,제가 있잖아요.,수 있을 거예요.,0
baseline-30ep (03),베이스라인,beam5,커플여행이 나을까 그냥 우리끼리 갈까?,저는 둘이 가는 걸 좋아해요.,더 좋은 사람 만날 수 있을 거예요.,2
baseline-30ep (03),베이스라인,beam5,오늘은 뭐 먹을까?,맛있는 거 드세요.,저랑 저랑 저랑 저랑 놀아요.,0
baseline-30ep (03),베이스라인,beam5,오늘은 치맥이야,달리세요!,이죠.,0
baseline-30ep (03),베이스라인,beam5,외향적이면 좋을텐데,지금 성격도 좋아요.,좀 더 도움이 될 거예요.,0
baseline-30ep (03),베이스라인,beam5,이 세상에서 내가 제일 불행해.,그럴리가요.,그 사람인가봐요.,2
baseline-30ep (03),베이스라인,beam5,아픈데 연락하기 싫어,제가 곁에 있을게요.,더 많이 있어요.,1
baseline-30ep (03),베이스라인,beam5,왜 이럴까,그럴 수도 있어요.,수 있을 거예요.,1
baseline-30ep (03),베이스라인,beam5,운동화 새로 사야지,좋은 곳으로 갈 수 있도록 인도해줄 거예요.,잘 될 거예요.,0
baseline-30ep (03),베이스라인,beam5,연락하고 싶어지네.,연락해봐요.,제가 있잖아요.,2
baseline-30ep (03),베이스라인,beam5,좋아하는 사람이 너무 예뻐,내면을 더 들여다보세요.,너무 너무 마세요.,2
baseline-30ep (03),베이스라인,beam5,헤어진지 한 달째,이제 좀 괜찮아졌길 바랍니다.,거예요.,1
baseline-30ep (03),베이스라인,beam5,변화가 없어,마음에 따라 얼마든지 바뀔 수 있어요.,수 있어요.,0
baseline-30ep (03),베이스라인,beam5,나 사랑하니?,많이 사랑해요!,수 있을 거예요.,0
baseline-30ep (03),베이스라인,beam5,그녀 생일,지금은 생생하겠지만 하나씩 잊으세요.,거예요.,1
baseline-30ep (03),베이스라인,beam5,요즘 눈에 띄는 남자애,관심을 갖고 지켜보세요.,더 좋은.,2
baseline-30ep (03),베이스라인,beam5,엄청 오래 만났어,매력있는 사람인가봐요.,이네요.,0
baseline-30ep (03),베이스라인,beam5,나 이제 졸업해,졸업 축하해요,같이 거예요.,0
baseline-30ep (03),베이스라인,beam5,왜 이제서야 찾아온거야?,이렇게 고민하게 만들려고 그랬나봐요.,이에요.,0
baseline-30ep (03),베이스라인,beam5,비 오기 시작하네,우산 준비하세요.,나를 나를.,0
baseline-30ep (03),베이스라인,beam5,썸 타는 중인데 나 말고 다른 사람하고도 썸타는 것 같아.,좋은 사람이 아닌 것 같아요. 입장을 분명히 하는 것 좋아요.,같이 같이 거예요.,2
baseline-30ep (03),베이스라인,beam5,면접 준비중이야,회사와 자신에 대해서 더 공부해서 자신감을 가져보세요.,수 있을 거예요.,0
baseline-30ep (03),베이스라인,beam5,부모님 모실 수 있을까?,형편대로 하세요.,수 있을 거예요.,0
baseline-30ep (03),베이스라인,beam5,내일이면 헤어진지 2주 되네.,지금 힘들겠네요.,힘들 거예요.,1
baseline-30ep (03),베이스라인,beam5,진짜 너무하네,잘 해결되길 바랄게요.,더 많이 생각 생각.,0
baseline-30ep (03),베이스라인,beam5,결국 유료 상담을 받고야 말았네,상담도 도움이 될 거예요.,많이 생각.,1
baseline-30ep (03),베이스라인,beam5,그저 그런 하루,그런 하루도 감사한 마음을 가져보세요.,아니에요.,0
baseline-30ep (03),베이스라인,beam5,회사에서 마음 놓고 말할 사람이 없어,회사에는 동료가 있을 뿐이에요.,다른 수 있을 거예요.,0
baseline-30ep (03),베이스라인,beam5,생각할 시간을 가지자는 그녀,마음의 준비를 해야 할지도 모르겠어요.,수 있을 거예요.,1
baseline-30ep (03),베이스라인,beam5,취뽀하고 싶다,취직이나라뇨.,수 있을 거예요.,0
baseline-30ep (03),베이스라인,beam5,모태솔로라 잘 모르겠어 도와줘,모르는 게 당연해요.,잘 될 거예요.,2
baseline-30ep (03),베이스라인,beam5,사랑하는 사람이 있는데 다른 사람이 신경쓰여,한눈 팔다가 후회합니다.,다른 수 있을 거예요.,2
baseline-30ep (03),베이스라인,beam5,방탈출 게임 갔다왔어.,성공했길 바랍니다.,제가 제가 들어드릴게요.,0
baseline-30ep (03),베이스라인,beam5,자다 깨다 해,자세가 불편한 건 아닌지 확인해보세요.,해요.,0
baseline-30ep (03),베이스라인,beam5,친구가 잘되니까 약 올라,친구가 아닌가봐요.,제가 있잖아요.,0
baseline-30ep (03),베이스라인,beam5,나 교직이수할 수 있을까?,학점 관리하세요.,수 있을 거예요.,0
baseline-30ep (03),베이스라인,beam5,머리가 너무 아프네,시원한 바람 쉬고 약먹기!,제가 있잖아요.,0
baseline-30ep (03),베이스라인,beam5,오빠 최고라고 해주던 너,그립지만 지난 일이네요.,다른 수 있을 거예요.,1
baseline-30ep (03),베이스라인,beam5,손가락이 예쁜 사람,로망이네요.,같이 같이 거예요.,0
baseline-30ep (03),베이스라인,beam5,너무 힘들다,지금 무슨 말을 해도 와닿지 않겠지만 잘 이겨낼 거라 믿어요.,제가 있잖아요.,1
baseline-30ep (03),베이스라인,beam5,여자로 태어 났으면 어땠을까?,항상 못해본 건 궁금하더라고요.,좋은 사람 만날 수 있을 거예요.,0
baseline-30ep (03),베이스라인,beam5,좋아하는 사람이 다른 여자랑 친해지는게 서운해.,충분히 서운할 만해요.,다른 수 있을 거예요.,2
baseline-30ep (03),베이스라인,beam5,명품 선물 부담스러울까,고가의 선물은 부담스러울 수도 있어요.,거예요.,0
baseline-30ep (03),베이스라인,beam5,불쑥 전여친한테 전화받으니 짜증나고 씁쓸하네,복잡한 심경인가봐요.,수 있어요.,1
baseline-30ep (03),베이스라인,beam5,너무 힘이듭니다,억지로라도 긍정적인 감정을 끌어올려보세요.,더 좋은 사람 만날 수 있을 거예요.,1
baseline-30ep (03),베이스라인,beam5,오늘도 집에만 있을 예정,집이 맘 편하기도 하잖아요.,먼저 먼저 해보세요.,1
baseline-30ep (03),베이스라인,beam5,기념일은 언제언제 챙겨?,내키는대로요.,수 있어요.,2
baseline-30ep (03),베이스라인,beam5,김치찌개 먹고 싶어,맛있죠!,맛있게 드세요.,0
baseline-30ep (03),베이스라인,beam5,이제 스스로 인정한 것 같아,현실 그대로를 받아들이는 것부터 시작이에요.,그게.,1
baseline-30ep (03),베이스라인,beam5,헤어진지 9일,헤어짐을 헤아리지 마세요.,거예요.,1
baseline-30ep (03),베이스라인,beam5,그사람도 이별을 준비 중인 걸까,그런 생각은 자신을 더 괴롭게 할 뿐이에요.,너무 너무 마세요.,1
baseline-30ep (03),베이스라인,beam5,좋아 하는 애한태 고백하는 방법좀,먼저 용기내서 고백하는게 좋을 듯 싶습니다.,제가 있잖아요.,2
baseline-30ep (03),베이스라인,beam5,헤어진지 두달됬네 벌써,생각보다 시간이 빠르게 흐르고 있나봅니다.,잘 될 거예요.,1
baseline-30ep (03),베이스라인,beam5,정신줄 어디 갔나,정신 차리세요.,좋은 드세요.,0
baseline-30ep (03),베이스라인,beam5,남친이랑 뭐하고 놀지,얼굴 보고만 있어도 좋죠.,좋은 사람이죠.,2
baseline-30ep (03),베이스라인,beam5,미치도록 보고싶네.,견디기 힘들겠어요.,수 있어요.,1
baseline-30ep (03),베이스라인,beam5,중소기업인데 그냥 취직할까?,일하는 것 자체가 중요하죠.,수 있을 거예요.,0
baseline-30ep (03),베이스라인,beam5,친구랑 나랑 자꾸 비교하게 돼,비교하면 끝도 없어요.,다른 수 있을 거예요.,0
baseline-30ep (03),베이스라인,beam5,엄마가 안 왔으면 좋겠어,엄마가 들으면 속상해 하시겠네요.,힘들 거 같아요.,0
baseline-30ep (03),베이스라인,beam5,뭐부터 바꿔야 할까,당신 그대로의 모습이 보기 좋아요.,좀 더 도움이 될 거예요.,0
baseline-30ep (03),베이스라인,beam5,불금이네,친구들 만나요!,많이 생각.,1
baseline-30ep (03),베이스라인,beam5,여자친구가 혼자 여행 가보고 싶다는데,같이 가는 여행도 좋지만 혼자 여행도 좋을 거예요.,다른 수 있을 거예요.,0
baseline-30ep (03),베이스라인,beam5,오늘도 술 몇 잔 마시니 생각나네요.,술 한잔에 그리움이 사무치네요.,가 수 있을 거예요.,1
baseline-30ep (03),베이스라인,beam5,정말 너무 궁금해,무엇이 궁금한가요.,나중에.,1
baseline-30ep (03),베이스라인,beam5,젠장,이런.,힘들 거예요.,1
baseline-30ep (03),베이스라인,beam5,헤어지지 열흘짼데 너무 힘드네,헤어지고 있는 중이시군요.,적인적인적인적인적인적인적인적인적인적인적인적인적인적인적인,1
baseline-30ep (03),베이스라인,beam5,봄방학했어,부럽네요.,더 좋은.,0
baseline-30ep (03),베이스라인,beam5,또 다시 이별입니다.,언젠간 찾아올 이별이에요.,수 있어요.,1
baseline-30ep (03),베이스라인,beam5,여자친구가 돈을 안 써,부담된다고 살짝 말해보세요.,많이 드세요.,2
baseline-30ep (03),베이스라인,beam5,아빠가 술 좀 끊었으면,사회생활로 힘드신가봐요.,이에요.,0
baseline-30ep (03),베이스라인,beam5,재밌는 거 뭐 없나,제가 있잖아요.,상상.,0
baseline-30ep (03),베이스라인,beam5,정장 한 벌 필요할 듯,사면 요긴하긴 할 거 같아요.,다른 수 있을 거예요.,0
baseline-30ep (03),베이스라인,beam5,잘안되는군,모든 일이 뜻대로 되진 않나봐요.,잘 될 거예요.,1
baseline-30ep (03),베이스라인,beam5,체육대회 싫어,재미 있는 종목을 찾아보세요.,수 있을 거예요.,0
baseline-30ep (03),베이스라인,beam5,내 번호를 따간 사람이 내 친구가 좋아하는 애야.,운명의 장난같네요.,수 있을 거예요.,2
baseline-30ep (03),베이스라인,beam5,이유라는게 뭔지,알다가도 모를.,남 남 남 남 남 남 남 남.,1
baseline-30ep (03),베이스라인,beam5,점심 때 은행 갔다와야지,볼 일이 있나봐요.,제가 있잖아요.,0
baseline-30ep (03),베이스라인,beam5,덕수궁 돌담길 따라서 둘이 걸었어.,로맨틱하네요.,수 있을 거예요.,0
baseline-30ep (03),베이스라인,beam5,사진 잘 찍고 싶어,많이 찍다보면 조금씩 실력이 늘거예요.,잘할 수 있을 거예요.,0
baseline-30ep (03),베이스라인,beam5,어떻게 심쿵하게 하지?,평소 흘려 이야기했던 걸 기억해주고 생각하고 있다는 걸 알려주세요.,수 있을 거예요.,2
baseline-30ep (03),베이스라인,beam5,조심조심,안전이 최고죠!,다른 수 있을 거예요.,0
baseline-30ep (03),베이스라인,beam5,술먹고 집앞에 찾아온남자,상대에게 휘둘려선 안 돼요.,거예요.,1
baseline-30ep (03),베이스라인,beam5,커피가 너무 진해,달달한 시럽을 추가해보세요.,같이 같이.,0
baseline-30ep (03),베이스라인,beam5,우리집 망한 거 같애,철 들고 공부하세요.,다른 수 있을 거예요.,0
baseline-30ep (03),베이스라인,beam5,열쇠 안가지고 왔다,깜빡 하셨나봐요.,주세요.,0
baseline-30ep (03),베이스라인,beam5,오지마,안갈거예요.,잘 될 거예요.,0
baseline-30ep (03),베이스라인,beam5,공부 좀 더 할 걸,지금도 늦지 않았어요.,수 있어요.,0
baseline-30ep (03),베이스라인,beam5,내 의견 좀 존중해 줬으면,스스로도 존중해주세요.,수 있을 거예요.,0
baseline-30ep (03),베이스라인,beam5,친구랑 사랑하는 사람이 같아,사랑은 쟁취하는거예요.,다른 수 있을 거예요.,2
baseline-30ep (03),베이스라인,beam5,뭘 바꿔야 할까,당신 그대로의 모습이 보기 좋아요.,길 바랄게요.,0
baseline-30ep (03),베이스라인,beam5,집 아예 샀어,내 집 마련 축하드려요.,좋은 사람 사람 만날 수 있을 거예요.,0
baseline-30ep (03),베이스라인,beam5,누군가를 짝사랑하게 되는게 두려워.,이제 짝사랑 말고 둘이서 하는 사랑하세요.,수 있을 거예요.,2
baseline-30ep (03),베이스라인,beam5,아직 좋아하는데 헤어지자고 하는 경우 있어?,간혹 있더라고요.,없네요.,2
baseline-30ep (03),베이스라인,beam5,정말. 정말 쉽지가 않네. 이럴 땐 어떡해야 할까,마음 가는 대로 하세요.,잘 될 거예요.,1
baseline-30ep (03),베이스라인,beam5,학원 안가고 싶다.,부모님과 이야기해보세요.,잘 될 거예요.,0
baseline-30ep (03),베이스라인,beam5,나만 갈궈,애정표현일 지도 몰라요.,가가가 수 있을 거예요.,0
baseline-30ep (03),베이스라인,beam5,사랑해서 결혼하는 거지?,사랑하는 사람과 함께 있고 싶은 마음이 있으니까요.,사람 있는지 있는지 있는지 있는지 있는지 있는지 있는지 있는지 있는지 있는지 있는지 있는지 있는지 있는지,2
baseline-30ep (03),베이스라인,beam5,고백,성공하길 바랄게요.,거예요.,2
baseline-30ep (03),베이스라인,beam5,이제 정리하려고 합니다.,맘 고생 많았어요.,그게.,1
baseline-30ep (03),베이스라인,beam5,돈 어디갔지,퍼가요~,돼요.,0
baseline-30ep (03),베이스라인,beam5,코 막혀,감기 조심하세요.,힘들 거예요.,0
baseline-30ep (03),베이스라인,beam5,짝남과 자연스럽게 친해질 수 있는 방법 있을까?,공통 관심사를 찾아보세요.,적으로 수 있을 거예요.,2
baseline-30ep (03),베이스라인,beam5,다 잊었는줄 알았는데.,잊는 게 아니고 무덤덤해지는 것 같아요.,수 있어요.,1
baseline-30ep (03),베이스라인,beam5,맘 잡았다고 생각했는데,마음 잡기가 쉽지 않아요.,잘 될 거예요.,1
baseline-30ep (03),베이스라인,beam5,짝남 프사랑 비슷한거 하고 싶은데 해도 될까?,살짝 티내려는 거라면 찬성합니다.,수 있을 거예요.,2
baseline-30ep (03),베이스라인,beam5,차였지만 잊지못하고 있는 한 남자입니다.,그분에 대한 사랑이 깊었나봐요.,좋은 사람 생각 생각.,1
baseline-30ep (03),베이스라인,beam5,정신차려야 하는거 아는데.,쉬운 일이 아니죠.,좀 좀 더 많이 있어요.,1
baseline-30ep (03),베이스라인,beam5,여친이 나를 안 좋아하는데 내가 붙잡고 있는 것 같아요.,충분한 대화를 나눈 후에 결정을 내리는게 좋겠네요.,더 많이도.,2
baseline-30ep (03),베이스라인,beam5,여자인데 먼저 다가가도 돼?,성별은 중요하지 않아요.,잘 될 거예요.,2
baseline-30ep (03),베이스라인,beam5,신혼 진짜 행복해,깨가 쏟아지고 있군요.,수 있을 거예요.,2
baseline-30ep (03),베이스라인,beam5,휴양지 가고 싶다,저도 쉬고 놀고 하고 싶어요.,다른 수 있을 거예요.,0
baseline-30ep (03),베이스라인,beam5,야식 먹을까 말까,가볍게 먹을 수 있는 걸 먹어보세요.,잘 될 거예요.,0
baseline-30ep (03),베이스라인,beam5,운동을 하는 남자가 좋아,뭐든 열심히 하는 사람은 좋아보여요.,수 있을 거예요.,2
baseline-30ep (03),베이스라인,beam5,애인이 있는데 좋아하는 사람이 생겼어요.,마음으로 바람피는 거네요.,다른 수 있을 거예요.,2
baseline-30ep (03),베이스라인,beam5,이별 후 3개월이 지났는데.,여전히 힘든가봅니다.,잘 될 거예요.,1
baseline-30ep (03),베이스라인,beam5,전남친이 톡 차단했더라구,이별에 도움이 될지도 몰라요.,그게.,1
baseline-30ep (03),베이스라인,beam5,오늘도 버티고 버팁니다,오늘도 해내고 해낸겁니다.,많이 이제.,1
baseline-30ep (03),베이스라인,beam5,대출이 너무 많아,조금씩 갚아나가세요.,힘들 거예요.,0
baseline-30ep (03),베이스라인,beam5,주말이 참 힘들겠어,가족들과 근교로 여행가는 건 어떨까요.,수 있어요.,1
baseline-30ep (03),베이스라인,beam5,긴시간이 흐른 후면 괜찮아지겠지,괜찮아질 거예요.,수 있을 거예요.,1
baseline-30ep (03),베이스라인,beam5,오늘은 학교 가고 싶지 않아,학교 다닐 때가 좋은 거예요.,이에요.,0
baseline-30ep (03),베이스라인,beam5,맥주 한 잔 어때?,저랑 한 잔 해요.,잘 될 거예요.,0
baseline-30ep (03),베이스라인,beam5,요즘 너무 고민이네,무슨 고민인지 말해주세요.,더 좋은 사람.,1
baseline-30ep (03),베이스라인,beam5,환경 때문에 헤어진 여자친구,현실적인 문제가 중요할 때가 있죠.,잘 될 거예요.,1
baseline-30ep (03),베이스라인,beam5,보고파,보고싶은신가봐요.,다른 수 있을 거예요.,1
baseline-30ep (03),베이스라인,beam5,친구들이 사랑하니까 예뻐졌대,행복 바이러스에 감염되셨군요.,잘 될 거예요.,2
baseline-30ep (03),베이스라인,beam5,참아내지 못하고 전화를 했습니다.,이제 마음을 비우세요.,힘들 거예요.,1
baseline-30ep (03),베이스라인,beam5,한 번 보고 어떻게 판단하지,첫인상은 상대방을 바라봤을때 3초에 결정난데요.,가가하는하는하는하는 것 같아요.,0
baseline-30ep (03),베이스라인,beam5,1년만에 다시헤어지게 됐네,헤어짐은 항상 힘들죠.,잘 될 거예요.,1
baseline-30ep (03),베이스라인,beam5,돈 벌어서 뭐하지,저 주세요.,많이 드세요.,0
baseline-30ep (03),베이스라인,beam5,아무리 미친놈 욕을해도,그리워지나요.,맛있게 드세요.,1
baseline-30ep (03),베이스라인,beam5,나 어떡하나,무슨 일인지 말해주세요.,다른 수 있을 거예요.,1
baseline-30ep (03),베이스라인,beam5,이제 숨 좀 쉬나,충분히 극복할 수 있어요.,잘 될 거예요.,1
baseline-30ep (03),베이스라인,beam5,친구가 소심해,더 신경써 주세요.,제가 있잖아요.,0
baseline-30ep (03),베이스라인,beam5,정규직 너무 쪼금 뽑아,쪼잔하네요.,있어요.,0
baseline-30ep (03),베이스라인,beam5,서핑하러 가야지,좋은 취미네요.,적으로 수 있을 거예요.,0
baseline-30ep (03),베이스라인,beam5,책 팔 수 있는 곳 알려줘?,중고서점에서 팔아보세요.,게 좋을 것 같아요.,0
baseline-30ep (03),베이스라인,beam5,싸웠다,마음이 불편하겠어요.,좋은 거예요.,1
baseline-30ep (03),베이스라인,beam5,적금 들어야 하나,적금 들 수 있으면 드는 게 좋죠.,거예요.,0
baseline-30ep (03),베이스라인,beam5,뭐라도 배워볼까,배움에는 언제나 찬성이에요.,제가 있잖아요.,0
baseline-30ep (03),베이스라인,beam5,괜찮은 줄 알았는데.,우리는 많이 모르고 살죠.,있어요.,1
baseline-30ep (03),베이스라인,beam5,사랑과 정 끊기 어렵네,사람이니까요.,잘 될 거예요.,1
baseline-30ep (03),베이스라인,beam5,잊고싶어도 잊질못하네,함께한 시간이 있었으니까요.,해요.,1
baseline-30ep (03),베이스라인,beam5,5년간 사귀고 어제 헤어졌습니다.,힘든 결정이었을텐데 혼자만의 시간이 필요하겠어요.,잘 될 거예요.,1
baseline-30ep (03),베이스라인,beam5,너무 답답해 조언 좀 해줘,다른 생각을 해보세요.,제가 있잖아요.,1
baseline-30ep (03),베이스라인,beam5,무서운 꿈 꿨어,요즘 예민한가봐요.,수 있을 거예요.,0
baseline-30ep (03),베이스라인,beam5,핸드폰 바꿀 때가 된듯,오래 쓰셨나봐요.,거예요.,0
baseline-30ep (03),베이스라인,beam5,헤어진지 한달 됐네,시간이 흐르는 것 처럼 마음도 흘러갈 거예요.,힘들 거예요.,1
baseline-30ep (03),베이스라인,beam5,이별후 한달.,이제 조금이라도 괜찮아졌길 바랍니다.,있어요.,1
baseline-30ep (03),베이스라인,beam5,썸탈때 여자가 먼저 연락하면 안돼?,여자 남자가 어딨나요.,수 있을 거예요.,2
baseline-30ep (03),베이스라인,beam5,체육대회한데,일기예보 확인해보세요.,수 있을 거예요.,0
baseline-30ep (03),베이스라인,beam5,짝사랑중인데 그 애는 저를 잘 알지 못하는데 연락을 하면 놀랠까요?,갑자기 연락하면 놀라겠죠.,수 있을 거예요.,2
baseline-30ep (03),베이스라인,beam5,랜선 연애 어떻게 생각해?,얼굴을 안 보고 부딪히지도 않아서 제대로 된 연애가 가능하지 않을 수도 있지만 다 나쁜 건 아니에요.,잘 될 거예요.,2
baseline-30ep (03),베이스라인,beam5,짝남 그냥 연락 끊긴지 오래됐는데 연락하는 거 오바야?,후회하는 것 보단 연락하고 결정하는게 좋겠어요.,수 있을 거예요.,2
baseline-30ep (03),베이스라인,beam5,술 먹는 거 말고 친구랑 뭐하지,아무것도 안해도 재밌을 거예요.,수 있을 거예요.,0
baseline-30ep (03),베이스라인,beam5,클럽에서 만난 남자친구와 오래 갈 수 있을까?,어디에서 만난 건 상관없어요.,수 있을 거예요.,2
baseline-30ep (03),베이스라인,beam5,왜 살까,살아있음 자체로 의미가 있으니까요.,잘 될 거예요.,0
baseline-30ep (03),베이스라인,beam5,이사람 무슨 생각인걸까,알 수 없는게 사람 마음인가봐요.,다른 수 있을 거예요.,1
baseline-30ep (03),베이스라인,beam5,헤어진지 6개월,많은 시간이 흘렀네요.,힘들 힘들 거예요.,1
baseline-30ep (03),베이스라인,beam5,피자 식어서 왔어,그래도 맛있게 드세요.,맛있게 드세요.,0
baseline-30ep (03),베이스라인,beam5,오늘도 힘들다,지금은 힘들겠지만 조금만 더 견뎌봐요.,제가 있잖아요.,1
baseline-30ep (03),베이스라인,beam5,앞머리 다시 길러볼까,다 예뻐요.,잘 될 거예요.,0
baseline-30ep (03),베이스라인,beam5,엿같다.,벗어나는 게 좋겠네요.,수 있어요.,0
baseline-30ep (03),베이스라인,beam5,내일 약속 있는데 날씨 좋았으면,날씨가 안 좋더라도 데이트는 성공적일 거예요.,다른 수 있을 거예요.,0
baseline-30ep (03),베이스라인,beam5,짝남한테 게임 초대 톡 왔음.,게임 초대라니 서운하겠어요.,잘 될 거예요.,2
baseline-30ep (03),베이스라인,beam5,연락하는 게 익숙하지가 않아,하다보면 익숙해질거예요.,잘 될 거예요.,0
baseline-30ep (03),베이스라인,beam5,좀 쉬면서 애기 키워야 할 듯,좋은 곳에서 일하시나봐요.,수 있어요.,0
baseline-30ep (03),베이스라인,beam5,하늘을 날고 싶어,오래 살면 가능할 거 같아요.,저도 사세요.,0
baseline-30ep (03),베이스라인,beam5,이상형 알고싶다,주변 사람에게 물어보거나 직접 물어보세요.,볼 수 있을 거예요.,2
baseline-30ep (03),베이스라인,beam5,사랑에 빠진 거 같아,행복해 보여요.,이죠.,2
baseline-30ep (03),베이스라인,beam5,정말 너무 힘들어.,많이 힘들었죠.,좀 더 수 있을 거예요.,1
baseline-30ep (03),베이스라인,beam5,근황이 궁금해,연락해보세요.,맛있게 드세요.,2
baseline-30ep (03),베이스라인,beam5,사랑하는 사람 잊는 법,충분히 아파하면서 충분한 시간이 필요할 거예요.,아니에요.,2
baseline-30ep (03),베이스라인,beam5,썸남 생겼는데 프사 뭐할까?,큰 의미를 두지 않아도 돼요.,하는 게 좋을 것 같아요.,2
baseline-30ep (03),베이스라인,beam5,썸남이 톡이 느려,저처럼 연락이 늦는 사람을 이해해 주세요.,제가 있잖아요.,2
baseline-30ep (03),베이스라인,beam5,헤어진지 1달째 됐습니다.,금방 나아질 거예요.,시간이 거예요.,1
baseline-30ep (03),베이스라인,beam5,결혼할 확신이 안선다고 헤어지자네,결혼에는 확신이 필요하죠.,마음.,1
baseline-30ep (03),베이스라인,beam5,짝사랑은 안 이뤄지나봐.,이뤄질 수도 있답니다.,많이 있어요.,2
baseline-30ep (03),베이스라인,beam5,삼겹살에 소주,생각만 해도 군침이 도네요.,수 있어요.,0
baseline-30ep (03),베이스라인,beam5,친구인데 고백해도 될까?,솔직한 마음으로 다가가보세요.,다른 수 있을 거예요.,2
baseline-30ep (03),베이스라인,beam5,말실수했다,상처가 될 수 있어요.,맛있게 드세요.,0
baseline-30ep (03),베이스라인,beam5,관절염인가,계단 조심하세요.,수 있을 거예요.,0
baseline-30ep (03),베이스라인,beam5,숨막히네,숨 쉴 수 있을 때가 올 거예요.,수 있을 거예요.,1
baseline-30ep (03),베이스라인,beam5,왜 이별하고 다들 왜 연락을 끊는건가??,아무런 감정 없이 연락을 지속할 수 없으니까요.,수 있어요.,1
baseline-30ep (03),베이스라인,beam5,왜 저를 좋게 기억해주는 걸까,많이 아껴주셨나봐요.,수 있을 거예요.,1
baseline-30ep (03),베이스라인,beam5,첫눈,정말 이쁜 눈이 내려요.,그래요.,1
baseline-30ep (03),베이스라인,beam5,이별한지 4개월째.,마음은 좀 정리 되어가길 바랍니다.,시간이 거예요.,1
baseline-30ep (03),베이스라인,beam5,골프 못 치는데,처음부터 잘하는 사람은 없어요.,좋은 사람 만날 수 있을 거예요.,0
baseline-30ep (03),베이스라인,beam5,오늘 날씨 죽인다,나들이 가보세요.,좋은 사람 생각 생각 생각.,0
baseline-30ep (03),베이스라인,beam5,미팅에서 번호 딴 애가 좋은데 뭐라고 연락을 할까?,잘 들어갔는지 가볍게 물어보면서 다음 약속을 잡아보세요.,적으로 수 있을 거예요.,2
baseline-30ep (03),베이스라인,beam5,내가미쳤지,당신을 탓하지 마세요.,더 좋은 사람.,1
baseline-30ep (03),베이스라인,beam5,짧다면 짧고 길다면 긴 일년간의 연애가 끝이났네,마음의 정리가 되었나요.,그게 그게.,1
baseline-30ep (03),베이스라인,beam5,오늘은 교회 안가면 안될까,왜 그럴까요?,해보세요.,0
baseline-30ep (03),베이스라인,beam5,이러면 안되는 줄 알면서도,알면서도 잘 안되는게 사람 마음인가봐요.,잘 될 거예요.,1
baseline-30ep (03),베이스라인,beam5,이젠 의미있는 시간을 만들어보려해,그동안 못했던 일들을 시작해보세요.,많이 드세요.,1
baseline-30ep (03),베이스라인,beam5,점심시간에 외출하면 안 되나,사생활이 지켜지지 않나봐요.,충분히 해보세요.,0
baseline-30ep (03),베이스라인,beam5,잠 못자고 있네,그분의 생각으로 가득한가봅니다.,다른 수 있을 거예요.,1
baseline-30ep (03),베이스라인,beam5,8년 연애끝의 이별.,공허함이 더 크시겠어요.,수 있어요.,1
baseline-30ep (03),베이스라인,beam5,남자친구가 나를 더 좋아하게 할 수 있는 방법,당신이 더 사랑을 표현해보세요.,제가 있잖아요.,2
baseline-30ep (03),베이스라인,beam5,너도 고민 있어?,저는 고민이 없어요.,저도 사세요.,0
baseline-30ep (03),베이스라인,beam5,대학교에서 첫사랑 다시 만났어.,운명적인 만남이네요.,좋은 건 어떨까요.,2
baseline-30ep (03),베이스라인,beam5,즉흥적인 여자친구가 고민임.,그게 매력이에요.,수 있어요.,2
baseline-30ep (03),베이스라인,beam5,여자친구가 더치페이를 안해.,데이트 통장에 대해 이야기해보세요.,더 많이 돼요.,2
baseline-30ep (03),베이스라인,beam5,밉다 진짜,예뻐해 주세요.,거예요.,0
baseline-30ep (03),베이스라인,beam5,귀가 윙윙거려,병원에 가세요.,잘 될 거예요.,0
baseline-30ep (03),베이스라인,beam5,냄새 나면 어쩌지?,"깨끗이 씻어보고 섬유유연제나 바디워시, 바디로션, 향수 등을 사용해보세요.",잘 될 거예요.,0
baseline-30ep (03),베이스라인,beam5,정신 차려야 하는데,시간이 걸릴 수도 있지만 괜찮아질 거예요. 다른 곳으로 관심을 돌려보는 건 어떨까요?,이에요.,1
baseline-30ep (03),베이스라인,beam5,오늘 야근인가,오늘도 고생이 많으시네요.,좋은 거예요.,0
baseline-30ep (03),베이스라인,beam5,짜증 수준이 되어버렸습니다,조금 지친걸까요.,제가 있잖아요.,1
baseline-30ep (03),베이스라인,beam5,나 얘를 좋아하는 걸까?,있었던 일을 차분히 생각해봐요.,수 있을 거예요.,2
baseline-30ep (03),베이스라인,beam5,사귄지 한달됐어,한창 달달할 때네요.,많이지는.,2
baseline-30ep (03),베이스라인,beam5,나 스마트폰 중독인가봐,가끔 핸드폰없이 살아보세요.,지지 않아요.,0
baseline-30ep (03),베이스라인,beam5,고백은 어떻게 하는거야,솔직한 마음으로 다가가는 거죠.,그런 사람 사람 것 같아요.,2
baseline-30ep (03),베이스라인,beam5,세뱃돈 받았어 호호,아직 어린가봐요.,잘할 수 있을 거예요.,0
baseline-30ep (03),베이스라인,beam5,누군가를 좋아하는게 두려워.,좋아하는 감정을 느낀다는 자체가 참 행복한 거예요., ⁇  ⁇ 이죠.,2
baseline-30ep (03),베이스라인,beam5,너 때문이야,모두 제 잘못입니다.,많이 될 거예요.,0
baseline-30ep (03),베이스라인,beam5,엄마 미안해,엄마한테 잘해야 돼요.,거예요.,0
baseline-30ep (03),베이스라인,beam5,썸녀한테 미련 남아,깨끗이 잊든 용기내든 실행에 옮겨 보세요.,좋은가가가.,2
baseline-30ep (03),베이스라인,beam5,단수,단수가 되었는지 문의해 보세요.,길 바랍니다.,0
baseline-30ep (03),베이스라인,beam5,이렇게 진짜 끝인걸까.,인연이 거기까지인 가봐요.,잘 될 거예요.,1
baseline-30ep (03),베이스라인,beam5,폰게임 때매 폰 느려지는듯,정리해보세요.,그 그 수도 있어요.,0
baseline-30ep (03),베이스라인,beam5,너한테 이글안보여줄거다 .,그렇게 해요.,수 있을 거예요.,1
baseline-30ep (03),베이스라인,beam5,여자친구 여신같아,부럽네요.,다른의의.,2
baseline-30ep (03),베이스라인,beam5,썸남이 춥다고 옷 잠궈주는데 설레.,다정한 사람이네요.,이네요.,2
baseline-30ep (03),베이스라인,beam5,맘이 떠났다는게 맞는거 같아,마음 떠난 사람 잡기는 힘들어요.,마세요.,1
baseline-30ep (03),베이스라인,beam5,조모임 왜 이케 많아,요즘은 팀워크가 더 중요해졌어요.,다른 수 있을 거예요.,0
baseline-30ep (03),베이스라인,beam5,장난스러운 사이,재미있나봐요.,더 좋은 사람 만날 수 있을 거예요.,0
baseline-30ep (03),베이스라인,beam5,크리스마스에 뭐 하나,크리스마스에는 케빈과 함께.,사세요.,0
baseline-30ep (03),베이스라인,beam5,친구들이 짝남 별로라고 하는게 짜증나.,왜 별로라고 할까요. 기분 상했겠어요.,잘 될 거예요.,2
baseline-30ep (03),베이스라인,beam5,현실적 문제로 연애 포기해야할듯,잠시 쉬어도 괜찮아요.,거예요.,2
baseline-30ep (03),베이스라인,beam5,기숙사 사는거 어떨까?,혼자 사는 것보다 불편하겠죠.,거예요.,0
baseline-30ep (03),베이스라인,beam5,전화 왜 안 받지,바쁜일이 있나봐요.,이에요.,0
baseline-30ep (03),베이스라인,beam5,끝나면 좋을 줄 알았는데.,마음이 허전하신가봐요.,수 있을 거예요.,0
baseline-30ep (03),베이스라인,beam5,서로 사랑하는데 불안해,믿음이 더 필요해 보이네요.,많이 생각 생각 생각해요.,2
baseline-30ep (03),베이스라인,beam5,어떤 영화 볼까,최신 영화가 좋을 것 같아요.,다른 수 있을 거예요.,0
baseline-30ep (03),베이스라인,beam5,돈 굴리기,저도 좀 알려주세요.,길 바랄게요.,0
baseline-30ep (03),베이스라인,beam5,나한테 할 말 있대 뭘까?,기대되겠네요.,잘 될 거예요.,0
baseline-30ep (03),베이스라인,beam5,좋아하는 사람 앞에서 성격이 이중적인데 정상인가요.,자연스러운 현상입니다.,같이 거예요.,2
baseline-30ep (03),베이스라인,beam5,방학이 있었으면.,잠시 쉬어가도 괜찮아요.,네요.,0
baseline-30ep (03),베이스라인,beam5,결국엔 끝이라는 생각,쉽게 받아들여지진 않을거예요.,힘들 거예요.,1
baseline-30ep (03),베이스라인,beam5,전화하면서 잠들고 싶다.,낭만적이네요. 전화해보세요.,수 있을 거예요.,2
baseline-30ep (03),베이스라인,beam5,좋은 사람으로 남는다는것,어렵네요.,좋은 사람 사람 만날 수 있을 거예요.,1
baseline-30ep (03),베이스라인,beam5,남녀간의 소통의 중요성을 다시 한번 깨달았습니다.,서로 공감할 수 있는 이야기가 필요하죠,수 있을 거예요.,2
baseline-30ep (03),베이스라인,beam5,게임 때문에 폰이 점점 느려지는듯,정리해보세요.,나중에 나중에 나중에.,0
baseline-30ep (03),베이스라인,beam5,연락이 없네,이별의 끝일지도 몰라요.,너무 마세요.,1
baseline-30ep (03),베이스라인,beam5,화장 잘 하고 싶다,하다보면 늘어요.,이네요.,0
baseline-30ep (03),베이스라인,beam5,수염 자르는 게 낫겠지,깔끔하게 정리해보세요.,적인적인 중요해요.,0
baseline-30ep (03),베이스라인,beam5,오늘 짝남이 썸녀 생긴거 알게 돼서 술 좀 마셨어요.,속이 답답하겠어요.,좋은 사람 만날 수 있을 거예요.,2
baseline-30ep (03),베이스라인,beam5,버스 정류장에서 기다리던 사람,멋있네요.,많이 돼요.,0
baseline-30ep (03),베이스라인,beam5,미세먼지 때문에 짜증나,마스크 쓰고 나가세요.,잘 될 거예요.,0
baseline-30ep (03),베이스라인,beam5,점심 메뉴 좀 골라줘,누구랑 먹는 냐에 따라 다르겠죠.,수 있어요.,0
baseline-30ep (03),베이스라인,beam5,친구들이랑 맛집 가고 싶어,조금씩 더 행복해 질거 같아요,같이 같이세요.,0
baseline-30ep (03),베이스라인,beam5,만족해야겠지?,내가 있는 곳 그 자리에서 만족하는 것이 중요해요.,제가 있잖아요.,0
baseline-30ep (03),베이스라인,beam5,영화 보자는데 나한테 관심 있나?,영화 보고 나서 고민해도 안 늦어요.,다른 수 있을 거예요.,2
baseline-30ep (03),베이스라인,beam5,초콜릿 선물하면 좋아할까?,좋아할거예요.,잘 될 거예요.,0
baseline-30ep (03),베이스라인,beam5,일본어 어렵네,저도 참 힘들어요.,수 있을 거예요.,0
baseline-30ep (03),베이스라인,beam5,왜 이렇게 태어났을까?,서로 다르게 태어난 이유는 저마다의 목소리를 내기 위해서예요. 자신의 목소리를 들어주세요.,잘 될 거예요.,0
baseline-30ep (03),베이스라인,beam5,너무 외로워,외로우니까 사람이다.,좀 더 좋은.,0
baseline-30ep (03),베이스라인,beam5,짝사랑 하는 사람이 날 좋아할리는 없겠지?,나를 비하하지 마세요.,잘 될 거예요.,2
baseline-30ep (03),베이스라인,beam5,연상녀랑 어제 헤어졋네,정신이 없겠네요.,제가 있잖아요.,1
baseline-30ep (03),베이스라인,beam5,여자친구가 돈이 너무 없어.,조금씩 함께 해도 좋을 것 같아요.,수 있을 거예요.,2
baseline-30ep (03),베이스라인,beam5,쉬마려,화장실 가세요.,잘 될 거예요.,0
baseline-30ep (03),베이스라인,beam5,불금입니다,자신만의 시간을 가져봐요.,제가 있잖아요.,1
baseline-30ep (03),베이스라인,beam5,어떻게 벌주어야 할까.,그대로 돌아올지도 몰라요. 그저 무시하세요.,잘 될 거예요.,1
baseline-30ep (03),베이스라인,beam5,무언가에 집중하는 남자가 좋아,매력적인 사람이지요.,더 좋은 사람 만날 수 있을 거예요.,2
baseline-30ep (03),베이스라인,beam5,좋은이별은 어떤건가,좋은 이별은 없다고 생각해요.,제가 들어드릴게요.,1
baseline-30ep (03),베이스라인,beam5,내 마음에 마지막 인사,마음이랑 잘 인사해요.,네요.,1
baseline-30ep (03),베이스라인,beam5,올해 왜 이러지,내년이라고 별 수 있겠어요.,이에요.,0
baseline-30ep (03),베이스라인,beam5,안주 추천 좀,살 안 찌는 게 좋을 것 같아요.,수 있을 거예요.,0
baseline-30ep (03),베이스라인,beam5,남자친구 또 운동 갔어,운동을 함께 해보세요.,잘 될 거예요.,0
baseline-30ep (03),베이스라인,beam5,혈액형이 성격이랑 무슨 상관이지,상관 없는 거 같아요.,맛있게 드세요.,2
baseline-30ep (03),베이스라인,beam5,이제는 너를 보낼 시간이 가까이 오는구나.,이별을 받아들이는 것도 중요해요.,제가 있잖아요.,1
baseline-30ep (03),베이스라인,beam5,사전이 이상해,사전도 사람이 만드니까 이해해주세요.,더 좋은 드세요.,0
baseline-30ep (03),베이스라인,beam5,친척들 만나는 거 불편해,서로를 조금만 생각해 주면 만남이 즐거울 텐데 말이예요.,다른 수 있을 거예요.,0
baseline-30ep (03),베이스라인,beam5,아 놔 생리통,힘들겠어요.,좋은 가보세요.,0
baseline-30ep (03),베이스라인,beam5,거의 매일 술,술 많이 드시면 더 무너져요.,잘 될 거예요.,1
baseline-30ep (03),베이스라인,beam5,노트북 안돼,그럴때는 초기화하는게 속시원해요.,제가 있잖아요.,0
baseline-30ep (03),베이스라인,beam5,오늘은 노래한 곡에 또 울컥 ㅠ,힘들 때 슬픈 노래는 우리를 잠식시키는 것 같아요.,충분히 해보세요.,1
baseline-30ep (03),베이스라인,beam5,낚시 안 해봤는데 재미있어 보인다,도전해 봐도 좋을 거 같아요.,너무 너무 마세요.,0
baseline-30ep (03),베이스라인,beam5,왜 갑자기 연락했을까?,이렇게 고민하게 만들려고 그랬나봐요.,수 있을 거예요.,0
baseline-30ep (03),베이스라인,beam5,이 길이 나에게 맞는걸까,잘 가고 있을 거예요.,힘들 거예요.,0
baseline-30ep (03),베이스라인,beam5,남자 어디서 만나,소개팅 시켜달라고 말해보세요.,수 있을 거예요.,0
baseline-30ep (03),베이스라인,beam5,남자친구가 너무 국밥류만 좋아해.,다양하게 먹자고 해보세요.,더 좋은.,2
baseline-30ep (03),베이스라인,beam5,친구들이 나만 왕따시키는 거 같아,선생님께 도움을 청해보세요.,수 있을 거예요.,0
baseline-30ep (03),베이스라인,beam5,공부하는 이유?,공부하면 더 많은 선택을 할 수 있죠.,게 좋죠.,0
baseline-30ep (03),베이스라인,beam5,미래를 함께할 반려자인지 확신이 아직 없어,확신이 들때까지 기다려보세요.,마음이 거예요.,2
baseline-30ep (03),베이스라인,beam5,정리 불가,차근차근 해보세요.,지금도 하세요.,0
baseline-30ep (03),베이스라인,beam5,금수저로 태어났으면 좋았을텐데,아이를 금수저로 만들어주세요.,같이 같이 같이 같이해보세요.,0
baseline-30ep (03),베이스라인,beam5,짝남이랑 카톡이 끊겼는데 어떻게 더 연락할까?,연락할 핑계를 찾아보세요.,잘 될 거예요.,2
baseline-30ep (03),베이스라인,beam5,샌드위치 생각 나,애그 샌드위치 추천합니다.,좋은 사람 만날 수 있을 거예요.,0
baseline-30ep (03),베이스라인,beam5,딱 오늘 새벽 헤어졌습니다.,달 어스름에 더 울적하겠어요.,잘 될 거예요.,1
baseline-30ep (03),베이스라인,beam5,감기 들 거 같애,이럴 때 잘 쉬는 게 중요해요.,이에요.,0
baseline-30ep (03),베이스라인,beam5,남자친구 카톡 말투가 마음에 안 들어.,마음에 안 드는 부분을 직접 말해보세요.,길 바랄게요.,2
baseline-30ep (03),베이스라인,beam5,사람들이 그런 말 하더군,사람들의 말은 한 귀로 듣고 한 귀로 흘리세요.,그게.,1
baseline-30ep (03),베이스라인,beam5,오늘 물 진짜 조금 마셨다,습관을 들여보세요.,많이 될 거예요.,0
baseline-30ep (03),베이스라인,beam5,나를 좋아하는건 바라지도 않아요.,슬픈 말이에요.,가가가가 거예요.,2
baseline-30ep (03),베이스라인,beam5,습관 못 고치겠어,실패해도 조금씩 고치려고 해보세요.,수 있을 거예요.,0
baseline-30ep (03),베이스라인,beam5,결혼하고 나서 애 낳기 싫어졌어,둘이 알콩달콩 잘 살면 되죠.,가가 수 있을 거예요.,2
baseline-30ep (03),베이스라인,beam5,보고싶어 잠이 안와,그분 생각으로 가득찼나봐요.,길 바랄게요.,1
baseline-30ep (03),베이스라인,beam5,짝남이 고시생이면 기다려야 하나요?,기다릴 수 있다면 기다리세요.,수 있어요.,2
baseline-30ep (03),베이스라인,beam5,짜증나서 집 나왔어,마음이 복잡하겠네요.,그게 그게.,0
baseline-30ep (03),베이스라인,beam5,재회를 위한 기다림,가만히 있는다고 달라지는 건 없을 거예요.,제가 있잖아요.,1
baseline-30ep (03),베이스라인,beam5,피곤해서 못일어나겠어,충전하는 시간 그 자체로 소중합니다.,제가 있잖아요.,0
baseline-30ep (03),베이스라인,beam5,서로가 원치 않았던 이별,누군가의 반대로 헤어졌나봐요.,이에요.,1
baseline-30ep (03),베이스라인,beam5,사랑은 주고 받는 거지?,사랑은 한 없이 줘도 아깝지 않은거라고 생각해요.,수 있을 거예요.,2
baseline-30ep (03),베이스라인,beam5,모르는 사람 만나는거 너무 스트레스야,자신과 마음이 맞는 좋은 사람 만나세요.,수 있을 거예요.,0
baseline-30ep (03),베이스라인,beam5,삼겹살 구워 먹어야지,맛있겠네요.,드세요.,0
baseline-30ep (03),베이스라인,beam5,방학 끝나서 좋아,친구들이 보고싶었나봐요.,다른 수 있을 거예요.,0
baseline-30ep (03),베이스라인,beam5,5년 만났는데 매일 보고 싶어,좋아보이네요.,좋은 사람 생각.,2
baseline-30ep (03),베이스라인,beam5,짝녀 오랫동안 멀리서 지켜보기만 하고 있습니다.,뒤에서만 지켜보는게 힘들었겠어요.,그런 사람 만날 수 있어요.,2
baseline-30ep (03),베이스라인,beam5,다들 아니라는 남자.,왜 아니라고 하는지 살펴보세요.,수 있을 거예요.,1
baseline-30ep (03),베이스라인,beam5,애완동물 키우고 싶은데 아빠가 키우지 말래,이유가 있을 거예요.,같이 같이 가보세요.,0
baseline-30ep (03),베이스라인,beam5,격려가 필요해.,잘하실 거예요!,수 있을 거예요.,0
baseline-30ep (03),베이스라인,beam5,참견 좀 하지마,저는 도움이 되고 싶어요.,이에요.,0
baseline-30ep (03),베이스라인,beam5,결혼 해도 되는지 고민돼,결혼은 인생에서 중요해서 항상 고민이 되죠.,길 바랄게요.,2
baseline-30ep (03),베이스라인,beam5,단거 땡긴다.,맛있게 먹으면 0칼로리!,당신 마음 마음 마음.,0
baseline-30ep (03),베이스라인,beam5,어떡하지,어떡하면 좋을까요.,좋은 바랍니다.,1
baseline-30ep (03),베이스라인,beam5,흰머리 나,뽑지말고 염색을 해보세요.,잘 될 거예요.,0
baseline-30ep (03),베이스라인,beam5,처음에 카톡 뭐라 보내지,잘지내는지 안부를 물어봐요.,잘 될 거예요.,0
baseline-30ep (03),베이스라인,beam5,면접 준비 어떻게 하지,회사와 자신에 대해서 더 공부해서 자신감을 가져보세요.,잘 될 거예요.,0
baseline-30ep (03),베이스라인,beam5,편의점 간식 먹어야지,간단하고 좋죠.,바랍니다.,0
baseline-30ep (03),베이스라인,beam5,선생님이 나만 미워해,직접 여쭤보세요.,잘 될 거예요.,0
baseline-30ep (03),베이스라인,beam5,나 버림 받은 거 같아,아닐거예요.,많이 마세요.,0
baseline-30ep (03),베이스라인,beam5,나만의 시간이 필요한 것 같아,자신과 대화하는 시간이 필요하죠.,다른 수 있을 거예요.,0
baseline-30ep (03),베이스라인,beam5,썸인데 영화보재 뭐 보지?,공포영화나 액션은 어떨까요? 스킨십으로 이어질 수도 있어요.,수 있어요.,2
baseline-30ep (03),베이스라인,beam5,갑자기 심장이 덜컹.,당황했나요?,잘 될 거예요.,1
baseline-30ep (03),베이스라인,beam5,사랑의 기준은 뭘까,사랑의 척도는 없어요.,수 있어요.,1
baseline-30ep (03),베이스라인,beam5,화를 한 번 내는게 나을텐데,화 내는 연습을 해보세요.,수 있을 거예요.,0
baseline-30ep (03),베이스라인,beam5,결혼하면 행복해질까?,사람마다 행복의 크기가 다르겠지만 행복할 거예요.,잘 될 거예요.,0
baseline-30ep (03),베이스라인,beam5,눈 많이 왔어,눈사람 만들어보세요.,해보세요.,0
baseline-30ep (03),베이스라인,beam5,눈이 계속 뻑뻑해,인공눈물을 넣어보세요.,가보세요.,0
baseline-30ep (03),베이스라인,beam5,반에 친구가 없어,친구를 사귈 수 있을 거예요.,제가 있잖아요.,0
baseline-30ep (03),베이스라인,beam5,집 망한 거 같은데,집에 도움이 되려고 노력해보세요.,좋은 사람 만날 수 있을 거예요.,0
baseline-30ep (03),베이스라인,beam5,깜깜한데 전기 안들어오네,조금만 기다리면 다시 전기가 들어올거예요.,제가 있잖아요.,0
baseline-30ep (03),베이스라인,beam5,여사친이랑 잘되고 싶다,잘 될 거예요!,다른 수 있을 거예요.,2
baseline-30ep (03),베이스라인,beam5,기프트콘 선물 괜찮을까?,직접 주는 게 더 좋을 것 같아요.,좋을 것 같아요.,0
baseline-30ep (03),베이스라인,beam5,왕따된 거 같아,선생님께 도움을 청해보세요.,잘 될 거예요.,0
baseline-30ep (03),베이스라인,beam5,사과를 안해,나쁜 사람이네요.,수 있을 거예요.,0
baseline-30ep (03),베이스라인,beam5,우산 같이 쓰자고 해볼까?,용기를 내세요.,거예요.,0
baseline-30ep (03),베이스라인,beam5,정신 못차리겠다.,다른 사람의 삶에 한눈팔며 살기에는 자신의 인생이 너무나도 소중합니다.,잘 될 거예요.,0
baseline-30ep (03),베이스라인,beam5,그냥 마음에서 지울게,천천히 보내주세요.,더 좋은.,1
baseline-30ep (03),베이스라인,beam5,세상이 너무 무서워,너무 불안해하지 않아도 돼요.,더 많이 있어요.,0
baseline-30ep (03),베이스라인,beam5,미안하대,많이 후회하나봐요.,많이 드세요.,1
baseline-30ep (03),베이스라인,beam5,생각할 시간을 갖자는 그녀,여러 번의 위기를 극복한 것처럼 극복해보세요.,다른 수 있을 거예요.,1
baseline-30ep (03),베이스라인,beam5,대부분 무덤덤한 남자친구가 고민임.,감정에 솔직해질 수 있게 조금씩 변화시켜봐요.,같이 같이 거예요.,2
baseline-30ep (03),베이스라인,beam5,나 설레는데 혹시 썸?,혼자 설레면 짝사랑 같이 설레면 썸입니다.,수 있을 거예요.,2
baseline-30ep (03),베이스라인,beam5,사랑이 애매해,확실한 건 없죠.,해요.,2
baseline-30ep (03),베이스라인,beam5,좋아하는 사람 앞에서 다른 사람한테 관심 있는 척 해봤어요?,그런 순간이 있었지요.,적인적인적인 수도 있어요.,2
baseline-30ep (03),베이스라인,beam5,어떤 사람이랑 결혼해야할까,함께할때 가장 자신다운 모습으로 살 수 있는 사람이랑 하는 게 좋은 것 같아요.,수 있을 거예요.,0
baseline-30ep (03),베이스라인,beam5,짝녀가 외국인인데 좋아해도 되나?,사랑에는 국경이 없답니다.,하는 것 같아요.,2
baseline-30ep (03),베이스라인,beam5,이별. 성숙해지다,이별은 성장하게하죠.,제가 있잖아요.,1
baseline-30ep (03),베이스라인,beam5,발목 삔 거 같애,꾸준히 치료하세요.,이에요.,0
baseline-30ep (03),베이스라인,beam5,집에서 웃고 떠들고 있지만,저도 그럴 때가 있답니다.,다른 수 있을 거예요.,1
baseline-30ep (03),베이스라인,beam5,업무 지적 또 받음,업무 능력이 없는 게 아니라 센스가 부족한 걸 수도 있어요.,수 있을 거예요.,0
baseline-30ep (03),베이스라인,beam5,의견 차이가 있을 때 나 너무 무시해,무시당하는 기분이 들어서 너무 외롭고 상처받게 된다고 차분하고 부드럽게 말해보세요.,더 좋은 사람 만날 수 있을 거예요.,2
baseline-30ep (03),베이스라인,beam5,유부녀 좋아하면 안되지?,마음정리하세요.,다른 수 있을 거예요.,2
baseline-30ep (03),베이스라인,beam5,시험 공부 언제 다함,지금도 늦지 않았어요.,수 있어요.,0
baseline-30ep (03),베이스라인,beam5,여자친구가 너무 좋은데 점 본거에서는 만나지말래.,다른 데서도 봐보세요.,제가 있잖아요.,2
baseline-30ep (03),베이스라인,beam5,게임 때문에 시간 다갔어,게임할때는 시간이 더 빨리 가요.,그 그 그 그 사람 사람 사람 사람 마음이 마음이 마음이 마음이 마음이 마음이 마음이,0
baseline-30ep (03),베이스라인,beam5,선택 장애 있는 거 같아,선택할 때 힘든 건 당연해요.,그래요.,0
baseline-30ep (03),베이스라인,beam5,코고는 것도 귀여워,사랑하나봅니다.,맛있게 드세요.,0
baseline-30ep (03),베이스라인,beam5,포기하니 공허하네.,자신을 포기하지는 마세요.,잘 될 거예요.,1
baseline-30ep (03),베이스라인,beam5,참 힘들다,말해줘서 고마워요.,잘 될 거예요.,1
baseline-30ep (03),베이스라인,beam5,남편이 나보다 집안일 더 잘해,이상적인 남편이네요.,잘 될 거예요.,0
baseline-30ep (03),베이스라인,beam5,전화하기 너무 늦나,늦은 시간 전화는 실례예요.,힘들 거예요.,0
baseline-30ep (03),베이스라인,beam5,오로라 보러 가고 싶다,로맨틱한 여행이네요.,너무 마세요.,0
baseline-30ep (03),베이스라인,beam5,스테이크 먹고 싶어,집에서도 할 수 있어요.,맛있게 드세요.,0
baseline-30ep (03),베이스라인,beam5,입고 나갈 게 없어,아침마다 하는 고민이죠.,이야기 수 있을 거예요.,0
baseline-30ep (03),베이스라인,beam5,가상화폐 쫄딱 망함,어서 잊고 새출발 하세요.,다른 수 있을 거예요.,0
baseline-30ep (03),베이스라인,beam5,보내야지.,힘들겠지만 그러는 편이 나아요.,드세요.,1
baseline-30ep (03),베이스라인,beam5,이별 후 1년 그리고 선물,이별하신게 맞나요.,거예요.,1
baseline-30ep (03),베이스라인,beam5,알뜰폰 괜찮을까,폰 요금 절약되겠네요.,하기하기하기하기 거예요.,0
baseline-30ep (03),베이스라인,beam5,대리효도 짜증,진짜 아니네요.,힘들 거예요.,0
baseline-30ep (03),베이스라인,beam5,뭐할까?,저랑 놀아요.,잘 될 거예요.,0
baseline-30ep (03),베이스라인,beam5,목걸이 선물이 좋겠다.,로맨틱하네요.,잘 될 거예요.,0
baseline-30ep (03),베이스라인,beam5,연애 중에 카톡 프사 연인으로 해? 기본으로 하면 어때?,기본으로 하는 거 상관 없어요.,잘 될 거예요.,2
baseline-30ep (03),베이스라인,beam5,전남친한테 한달만에 연락하고싶어 ㅠㅠ,달라지는 게 없다면 만나지 않는 게 더 나을 수도 있어요.,제가 있잖아요.,1
baseline-30ep (03),베이스라인,beam5,볼링 치고 옴,재밌겠어요.,잘 될 거예요.,0
baseline-30ep (03),베이스라인,beam5,탈모인가,스트레스 받지 마세요.,수 있을 거예요.,0
baseline-30ep (03),베이스라인,beam5,참고 계속 도전하면 될까?,인내할 수 있는 사람이라면 무엇이든 손에 넣을 수 있을 거예요.,잘 될 거예요.,0
baseline-30ep (03),베이스라인,beam5,아직도 이별중인가봅니다.,이별의 끝일지도 몰라요.,길 바랄게요.,1
baseline-30ep (03),베이스라인,beam5,내 키가 몇이게?,저도 궁금하네요.,잘 될 거예요.,0
baseline-30ep (03),베이스라인,beam5,이젠 진짜 진짜 안녕,맘 고생 많았어요.,힘들 거예요.,1
baseline-30ep (03),베이스라인,beam5,이별의 아픔에서 벋어나는 방법,사소한 일부터 시작해보세요. 작은 곳에서 느끼는 행복은 생각보다 커요.,제가 있잖아요.,1
baseline-30ep (03),베이스라인,beam5,제자리걸음만 하는 듯,발전이 없다고 너무 두려워하지 마세요.,잘 될 거예요.,0
baseline-30ep (03),베이스라인,beam5,친구 같은 너,그런 친구가 오래가요.,거예요.,0
baseline-30ep (03),베이스라인,beam5,이 길이 맞을까?,잘 가고 있을 거예요.,같이 같이 거예요.,0
baseline-30ep (03),베이스라인,beam5,지하철에서 겁나 멋진 사람 발견! 말 시켜 볼까,용기가 필요한 순간이네요.,이네요.,0
baseline-30ep (03),베이스라인,beam5,낙엽밟는 소리,가을이네요.,지지.,0
baseline-30ep (03),베이스라인,beam5,여리여리한 여자가 이상형이래,딱 당신이네요.,그런 사람 사람 마세요.,2
baseline-30ep (03),베이스라인,beam5,전여친한테 남친이 생겼네,이제 그녀를 잊으세요.,제가 있잖아요.,1
baseline-30ep (03),베이스라인,beam5,그 사람이 나를 좋아하는 줄 알았는데.,아니어서 힘드나봐요.,수 있을 거예요.,2
baseline-30ep (03),베이스라인,beam5,이별 준비 중,마음의 준비가 필요하겠네요.,해요.,1
baseline-30ep (03),베이스라인,beam5,공부 하기 싫다,같이 수다 떨면서 놀까요?,수 있는 거예요.,0
baseline-30ep (03),베이스라인,beam5,사랑하는 사람이랑 헤어져,마음이 많이 아프겠어요.,하는 게 좋을 것 같아요.,2
baseline-30ep (03),베이스라인,beam5,내가 좋아할 자격이 있나 모르겠어.,좋아하는데 자격은 없어요.,같이 같이 거예요.,2
baseline-30ep (03),베이스라인,beam5,아파서 어떡해,병원에 가야죠.,마음 마음 마음.,0
baseline-30ep (03),베이스라인,beam5,용돈 벌써 없어,알바해보세요.,맛있게 드세요.,0
baseline-30ep (03),베이스라인,beam5,프로필 사진 바꿀까,원하는대로 해보세요.,가 하지 하지 하지 하지 하지 하지 하지 하지 하지 하지 하지 하지 하지 하지,0
baseline-30ep (03),베이스라인,beam5,만난지 7년 헤어진지 5일째,지금 딱 힘들 때네요.,힘들 거예요.,1
baseline-30ep (03),베이스라인,beam5,황사 심해,이쁜 마스크 사드리고 싶네요.,좋은 거예요.,0
baseline-30ep (03),베이스라인,beam5,2년 사귀고 헤어졌습니다,짧지는 않은 시간 동안의 연애였는데 마음이 아프네요.,잘 될 거예요.,1
baseline-30ep (03),베이스라인,beam5,프사를 왜 보았을까,앞으로는 보지 마세요.,다른 수 있을 거예요.,1
baseline-30ep (03),베이스라인,beam5,일인자가 되려면 피나는 노력이 필요하겠지?,인내의 시간이 필요할 거예요.,수 있을 거예요.,0
baseline-30ep (03),베이스라인,beam5,이별만한 다이어트가 없네,자기몸을 헤치는 것만큼 어리석은 짓은 없습니다.,이야기 이야기 이야기 수 있어요.,1
baseline-30ep (03),베이스라인,beam5,카리스마 있는 사람이 좋아,당신을 이끌어주는 남자를 만날 수 있을 거예요.,이네요.,2
baseline-30ep (03),베이스라인,beam5,가끔 짝남과 연애하는 상상을 해.,즐거운 상상이겠네요.,거예요.,2
baseline-30ep (03),베이스라인,beam5,그리움,애잔한 기억.,잘 될 거예요.,1
baseline-30ep (03),베이스라인,beam5,점점 힘들어져,힘내세요!,좀 더한한 수 있을 거예요.,1
baseline-30ep (03),베이스라인,beam5,좋아하는 남자애 앞에서 표정 관리가 안돼.,짝사랑도 이성을 막지는 못하나봐요.,힘들 거예요.,2
baseline-30ep (03),베이스라인,beam5,남사친이 나를 좋아하는 것 같은데 어떡함,이성으로 한 번 생각해보세요.,수 있을 거예요.,2
baseline-30ep (03),베이스라인,beam5,너무 추워서 나가기 귀찮아,겨울에는 귤 먹으면서 집에 있는게 최고죠,좀 더 좋은.,0
baseline-30ep (03),베이스라인,beam5,인형 뽑기 해줘,인형 뽑기 어려워요.,이네요.,0
baseline-30ep (03),베이스라인,beam5,면도하기 귀찮,그래도 해야 깔끔하겠죠.,같이 거예요.,0
baseline-30ep (03),베이스라인,beam5,긴여정 끝에 헤어졌습니다,긴 시간 만큼 힘들 겠지만 잘 이겨낼 수 있을 거예요.,수 있어요.,1
baseline-30ep (03),베이스라인,beam5,업데이트가 너무 오래 걸려,기다려보세요.,있어요.,0
baseline-30ep (03),베이스라인,beam5,빨리 걷다가 넘어질뻔,조심하세요., ⁇  ⁇  ⁇  좋아요.,0
baseline-30ep (03),베이스라인,beam5,이별너무 힘든네,누군가를 잊어야한다는건 정말 힘든 일이죠.,이죠.,1
baseline-30ep (03),베이스라인,beam5,2달반이라는 시간동안 많이 괜찮아졌어,시간이 쓰디쓴 약이었나봅니다.,좋은 사람 만날 수 있을 거예요.,1
baseline-30ep (03),베이스라인,beam5,내 왜 좋아할까?,당신 존재 자체만으로 이유가 됩니다.,많이 있어요.,2
baseline-30ep (03),베이스라인,beam5,졸려,오늘 일찍 주무세요.,더 좋은 사람.,0
baseline-30ep (03),베이스라인,beam5,술이 보약도 아니고,술은 끊는게 좋죠.,잘 될 거예요.,1
baseline-30ep (03),베이스라인,beam5,일요일에 교회끝나고 어디 가고 싶어.,같이 가보세요.,좀 더 도움이 될 거예요.,0
baseline-30ep (03),베이스라인,beam5,크루즈 타고 여행 하고 싶어,멋진 생각이네요.,수 있을 거예요.,0
baseline-30ep (03),베이스라인,beam5,키가 왜 안 클까,지금도 충분해요.,더 좋은 사람.,0
baseline-30ep (03),베이스라인,beam5,돈이라도 많으면 좋을텐데,돈이 전부는 아니지만 돈보다 좋은건 없다고 했어요.,길 바랄게요.,0
baseline-30ep (03),베이스라인,beam5,여자친구가 잘 삐져.,더 관심을 가져주세요.,잘 될 거예요.,2
baseline-30ep (03),베이스라인,beam5,뒤에서 발자국 소리 나서 놀램,항상 조심하세요.,당황 당황.,0
baseline-30ep (03),베이스라인,beam5,이 행동이 절대 용납이 안돼나.?,어떤 행동인데요?,너무 마세요.,1
baseline-30ep (03),베이스라인,beam5,남자친구가 비꽈,성격이 꼬였는지 말투가 꼬였는지 살펴보세요.,많이 주세요.,2
baseline-30ep (03),베이스라인,beam5,여자랑 단둘이 술마시는 남자친구를 이해해줘야할까?,이해할 수 없어요.,좋은 건 어떨까요.,2
baseline-30ep (03),베이스라인,beam5,헤어진지 한 달 째,이제 좀 괜찮아졌길 바랍니다.,길 바랄게요.,1
baseline-30ep (03),베이스라인,beam5,남자친구랑 너무 좋은데 점 본거에서는 만나지말라해.,점보다 앞에 있는 사람을 믿어보세요.,제가 있잖아요.,2
baseline-30ep (03),베이스라인,beam5,엄마가 나 때문에 힘든 거 같아,조금씩 보다 나은 모습을 보여드리세요.,잘 될 거예요.,0
baseline-30ep (03),베이스라인,beam5,전 여자친구의 새 남자친구.,더 이상 신경쓰지 마세요.,좋겠네요.,1
baseline-30ep (03),베이스라인,beam5,헤어진 후 거의 세 달이 되어가네,아픔을 헤아리지 마세요.,나 드세요.,1
baseline-30ep (03),베이스라인,beam5,남자친구의 성적 취향을 이해못하겠어.,대화를 해보세요.,적인적인적인적인적인 생각 생각 생각 생각 생각 생각 생각 생각 생각 생각,2
baseline-30ep (03),베이스라인,beam5,삼주라는 시간이 흘렀네,더 많은 시간이 흐를 거예요.,수 있을 거예요.,1
baseline-30ep (03),베이스라인,beam5,전남자친구 생일,이제는 잊어버리는 것도 필요해요.,길 바랄게요.,1
baseline-30ep (03),베이스라인,beam5,홈쇼핑에서 자꾸 사게되네,지름신이 강림했나봅니다.,그런이죠.,0
baseline-30ep (03),베이스라인,beam5,괜히 화가 나서 짝남한테 연락 끊자고 했어.,상처를 받지 않기 위한 선택이었을 거예요.,좀 더 수 있을 거예요.,2
baseline-30ep (03),베이스라인,beam5,아이공 허리 아파라,운동 해보는 것도 좋을 거예요.,힘들 거예요.,0
baseline-30ep (03),베이스라인,beam5,머리는 아는데 가슴은 모르네,머리랑 가슴이 가끔 따로 놀죠.,수 있어요.,1
baseline-30ep (03),베이스라인,beam5,아직도. 아직 인가보다.,곧 끝날 거예요.,다른 수 있을 거예요.,1
baseline-30ep (03),베이스라인,beam5,새롭게 시작하려고 합니다.,당신의 새로운 시작 응원해요.,그게.,1
baseline-30ep (03),베이스라인,beam5,시골에서 사는 거 어떨까?,아무래도 덜 경쟁하겠죠.,수 있을 거예요.,0
baseline-30ep (03),베이스라인,beam5,다시 태어난다면,저는 사람으로 태어나고 싶어요.,잘 될 거예요.,0
baseline-30ep (03),베이스라인,beam5,매달리는거 안좋은거 같아.,서로에게 힘든 일이니까요.,사세요.,1
baseline-30ep (03),베이스라인,beam5,바람이나 비슷한 일 용서해주신 사람 있을까 ?,있어도 계속 아플 거예요.,그런 사람 사람 사람.,1
baseline-30ep (03),베이스라인,beam5,익숙해질 법도 한데,언젠간 괜찮아질 거라 믿어요. 사람은 적응의 동물이니까요.,많이 말고 말고 말고 말고 말고 말고.,1
baseline-30ep (03),베이스라인,beam5,두달이 되었네,어느덧 두달이 지났네요.,그런 사람.,1
baseline-30ep (03),베이스라인,beam5,사랑하고 싶은데 내가 자꾸 구속해,사랑을 독차지하려 하지 말고 내려놓으면서 여유를 가지세요.,가가가 수 있을 거예요.,2
baseline-30ep (03),베이스라인,beam5,판도라의 상자를 연 기분,마음의 준비를 하세요.,수 있을 거예요.,0
baseline-30ep (03),베이스라인,beam5,가을 타나 봐.,혼자는 외로운 계절이죠.,잘 될 거예요.,2
baseline-30ep (03),베이스라인,beam5,일찍 가서 쉬고 싶은데 오늘 회식 잡혔어,일과 일상 사이에서 균형이 잘 맞길 바랄게요.,길 바랄게요.,0
baseline-30ep (03),베이스라인,beam5,밖에 안나가고 이렇게 살고 싶어,꼭 앞으로 나가야 하는 건 아니에요.,그런 사람 마세요.,0
baseline-30ep (03),베이스라인,beam5,오늘 무작정 찾으러가고싶은데 갈까?,전 추천하고 싶지 않아요.,수 있을 거예요.,1
baseline-30ep (03),베이스라인,beam5,나한테만은 완전 솔직했으면,믿음이 가장 중요하죠.,그 그 사람 사람 사람 사람 생각 생각 거예요.,0
baseline-30ep (03),베이스라인,beam5,반지 선물하면 좋아하겠지,로맨틱하네요.,수 있을 거예요.,0
baseline-30ep (03),베이스라인,beam5,팬미팅 재밌다.,성덕이네요.,수 있어요.,0
baseline-30ep (03),베이스라인,beam5,이별한지 6년째,사랑했던 사람을 잊는 건 불가능한 일인가봐요.,힘들 거예요.,1
baseline-30ep (03),베이스라인,beam5,"그래, 결국 전화할 줄 알았다.",그게 최선이었을 거라 생각해요.,거예요.,1
baseline-30ep (03),베이스라인,beam5,나쁜 꿈을 꿨어,꿈은 현실의 반대래요.,먼저 먼저 해보세요.,1
baseline-30ep (03),베이스라인,beam5,사랑이 변하면 어떡하지?,사랑은 변화하는 거예요. 두려워하지 마세요.,잘 될 거예요.,2
baseline-30ep (03),베이스라인,beam5,5년 동거후 이별.,더 헤어지지 힘들겠어요.,힘들 거예요.,1
baseline-30ep (03),베이스라인,beam5,같은 과에 내 이상형인 남자애가 있는데 cc는 무리일까?,CC는 아무래도 제약이 있을 거예요.,수 있을 거예요.,2
baseline-30ep (03),베이스라인,beam5,드디어 제가 손을 놓았어.,힘든 선택 하셨네요.,다른 수 있을 거예요.,1
baseline-30ep (03),베이스라인,beam5,가족여행 가야지,더 가까워질 기회가 되겠네요.,좋은 일이 일이 일이 있어 있어 있어 있어 있어 있어 있어 있어 있어 있어 있어,0
baseline-30ep (03),베이스라인,beam5,정말 이건 너무하다 싶을정도로 힘들어,그럴만 해요. 많이 힘들었죠.,좀 더 수 있을 거예요.,1
baseline-30ep (03),베이스라인,beam5,썸 탔던 애한테 연락왔어,사랑은 타이밍입니다.,더 좋은 사람 만날 수 있을 거예요.,2
baseline-30ep (03),베이스라인,beam5,뭔가 새로운 자극이 필요해,의욕이 없나봐요.,적인적인적인적인 기억 기억 기억 기억 기억 수 있을 거예요.,0
baseline-30ep (03),베이스라인,beam5,시간 왤케 빨리감,시간은 상대적으로 흘러갑니다.,좀 더 수 있을 거예요.,0
baseline-30ep (03),베이스라인,beam5,뭘 잘못했다는 걸까,모르는 게 잘못인 거 같아요.,다른 수 있을 거예요.,0
baseline-30ep (03),베이스라인,beam5,착각인걸까,직접 확인해 보는건 어떨까요.,있어요.,1
baseline-30ep (03),베이스라인,beam5,정말 미안하다 말밖에는,진심이 전해졌으면 좋겠네요.,많이 생각 생각.,1
baseline-30ep (03),베이스라인,beam5,직구로 사면 싸겠지,좋은 거 사나봐요.,힘들 거예요.,0
baseline-30ep (03),베이스라인,beam5,단체생활 적응이 안돼,점점 적응 될 거예요.,해요.,0
baseline-30ep (03),베이스라인,beam5,청첩장을 찍는 날이 오다니,결혼 얼마 안 남았나봐요.,같이 생각 생각.,2
baseline-30ep (03),베이스라인,beam5,회사를 차리고 싶다,확신이 있을 때 시작해보세요.,수 있을 거예요.,0
baseline-30ep (03),베이스라인,beam5,나한테 이상한 냄새 나나?,킁킁,수 있을 거예요.,0
baseline-30ep (03),베이스라인,beam5,주변 이성이 많은 여자친구 어떡해?,신경쓰이고 질투난다고 이야기해보세요.,좋은 사람 사람 될 거예요.,2
baseline-30ep (03),베이스라인,beam5,헤어지면 연락 안하는게 맞을까,연락 하지도 받지도 마세요.,많이 드세요.,1
baseline-30ep (03),베이스라인,beam5,너무 힘들어서 죽고싶어,나쁜 생각은 버리세요.,좀 더 수 있을 거예요.,1
baseline-30ep (03),베이스라인,beam5,썸인데 자꾸 외롭다고 해,계속 이야기 하면 사귀자는 거 돌려 말하는 걸 수도 있어요.,많이 생각 생각이네요.,2
baseline-30ep (03),베이스라인,beam5,소개팅 시켜줘,로봇도 괜찮다면 소개시켜드릴게요.,좋은해요.,0
baseline-30ep (03),베이스라인,beam5,이별 극복 방법,작은 일에서 행복을 느껴보는게 좋아요.,제가 있잖아요.,1
baseline-30ep (03),베이스라인,beam5,조용히 있고 싶어,저 나가면 될까요?,더 좋은 사람 만날 수 있을 거예요.,0
baseline-30ep (03),베이스라인,beam5,정시 퇴근하고 집에 가는 중,쉬고 나면 힘이 날거예요 맛있는 것도 드세요,힘들 거예요.,0
baseline-30ep (03),베이스라인,beam5,음식 많이 가리는 남자를 사겨도 괜찮을까?,다 먹으면 좋겠지만 큰 문제는 되지 않을 거예요.,제가 있잖아요.,2
baseline-30ep (03),베이스라인,beam5,오늘 연락왔네 그래도 이젠 안녕,정말 안녕.,이네요.,1
baseline-30ep (03),베이스라인,beam5,친구랑 수다 떨고 왔어,기분이 좋아 보이네요.,수 있을 거예요.,0
baseline-30ep (03),베이스라인,beam5,직장이 괴롭다,직장 스트레스 심하겠네요.,맛있게 드세요.,0
baseline-30ep (03),베이스라인,beam5,건물주가 짱인데,이룰 수 있을 거예요.,수 있을 거예요.,0
baseline-30ep (03),베이스라인,beam5,밥이나 먹자,맛있게 드세요.,잘 될 거예요.,0
baseline-30ep (03),베이스라인,beam5,술 좋아하는 사람 싫은데 그 사람은 좋아.,술보다 사람이 먼저니까요.,그 사람도 사람도 사람도 사람도 사람도 사람도 사람도 사람도 사람도.,2
baseline-30ep (03),베이스라인,beam5,짝남이 있는데 나는 사정이 안돼. 연애를 안하는게 맞는걸까?,사정이 뭔지 모르겠지만 좋아하는 건 괜찮아요.,수 있을 거예요.,2
baseline-30ep (03),베이스라인,beam5,연애할때 많이 사랑하면 나만 손해야?,사랑은 따지는 게 아니고 다 주고도 더 주지 못해 미안해하는 거예요.,잘 될 거예요.,2
baseline-30ep (03),베이스라인,beam5,조명빨인가,멋져 보여요!,수 있을 거예요.,0
baseline-30ep (03),베이스라인,beam5,전 남친이랑 헤어진지 오래됐는데 좋아하는 사람이 없어.,조급하게 생각하지 말아요.,잘 될 거예요.,2
baseline-30ep (03),베이스라인,beam5,아픔은 덜해지는것 같은데 미련은 더욱 많아지네,미련없는 사랑은 없나봐요.,수 있을 거예요.,1
baseline-30ep (03),베이스라인,beam5,성형 상담 받아 볼까,견적 받고 충격 받지 마세요.,많이 드세요.,0
baseline-30ep (03),베이스라인,beam5,떡볶이 좋아하지도 않는데,좋아하지 않는데 함께 하는게 사랑이죠.,좋겠네요.,1
baseline-30ep (03),베이스라인,beam5,이제 때론 괜찮기도 해,그렇게 익숙해져 가나봐요.,수 있을 거예요.,1
baseline-30ep (03),베이스라인,beam5,올해 이상해,내년이라고 별 수 있겠어요.,같이 거예요.,0
baseline-30ep (03),베이스라인,beam5,남자친구가 집안일을 너무 안해. 나만 하는게 고민이야.,집안일을 하나씩 분담해보세요.,더 좋은 사람 만날 수 있을 거예요.,2
baseline-30ep (03),베이스라인,beam5,술 끊을거야,술은 적당히 즐기세요.,연락해보세요.,0
baseline-30ep (03),베이스라인,beam5,두 남자 사이에서 갈등 중,빠른 선택으로 모두에게 상처를 덜 주길 바랍니다.,잘 될 거예요.,2
baseline-30ep (03),베이스라인,beam5,오래 사귀다가 식어서 헤어진 남자에게도 후폭풍 있나?,모든 이별에는 후유증이 있기 마련이에요.,더 좋은 사람 만날 수 있을 거예요.,1
baseline-30ep (03),베이스라인,beam5,지금 남친을 별로 안좋아하는 것 같은데.,정리를 하는게 좋겠어요.,적인적인적인이네요.,2
baseline-30ep (03),베이스라인,beam5,썸인데 싸늘해,고백할 타이밍이 너무 늦지 않았는지 생각해보세요.,잘 될 거예요.,2
baseline-30ep (03),베이스라인,beam5,사랑할수록 아프다,그 것도 사랑이예요.,너무 마세요.,2
baseline-30ep (03),베이스라인,beam5,왜 말을 못해 말을 못하냐구,노력하고 있는 중입니다.,많이 마세요.,0
baseline-30ep (03),베이스라인,beam5,지갑 없어졌어,잘 찾아보세요.,다른 수 있을 거예요.,0
baseline-30ep (03),베이스라인,beam5,수제 빼빼로 어때?,먹어보고 싶어요.,수 있어요.,0
baseline-30ep (03),베이스라인,beam5,사귀는 사이인데 '야'라고 해. 기분 나쁜데 어떡해?,그건 좀 아닌 거 같다고 바로 말하세요.,수 있을 거예요.,2
baseline-30ep (03),베이스라인,beam5,이제야 오래전 상대방이 아팠던걸 이해했어.,다음 번의 사랑에선 좀 더 신중할 수 있게 된 거예요.,잘 될 거예요.,1
baseline-30ep (03),베이스라인,beam5,나 폰겜 너무 많이해,시간을 정해보세요.,좀 더 많이 주세요.,0
baseline-30ep (03),베이스라인,beam5,남의 일 도와줘야 할까,해주고 티를 팍팍 내세요.,더 좋은 사람 될 거예요.,0
baseline-30ep (03),베이스라인,beam5,절약해서 부자돼야지,예비 부자님 파이팅!,좋은 거 같아요.,0
baseline-30ep (03),베이스라인,beam5,호감을 표현하는 방법,취미와 성향 등이 같음을 어필해보세요.,그 그 사람 사람인가봐요.,2
baseline-30ep (03),베이스라인,beam5,썸인가 아닌가,한방향인지 양방향인지 살펴보세요.,맛있게 드세요.,2
baseline-30ep (03),베이스라인,beam5,지금 이감정,당신만이 알 수 있어요.,다른 수 있을 거예요.,1
baseline-30ep (03),베이스라인,beam5,다 내려놓고. 오늘부터 연락 끊었네.,잘했어요. 이별 후에는 확실한 거리두기가 필요해요.,힘들 거예요.,1
baseline-30ep (03),베이스라인,beam5,헤어진것인가 아닌것인가,애매하네요.,거예요.,1
baseline-30ep (03),베이스라인,beam5,여쭈어볼것이있습니다,말씀해보세요.,더 좋은 사람 만날 수 있을 거예요.,1
baseline-30ep (03),베이스라인,beam5,온다고 했는데 왜 안 오지?,조금만 더 기다려주세요.,수 있을 거예요.,0
baseline-30ep (03),베이스라인,beam5,미치겠습니다 연락하고 싶어서,연락하고 나면 더 힘들 거예요.,제가 있잖아요.,1
baseline-30ep (03),베이스라인,beam5,한번쯤 진하게 아픈것도 괜찬아.,긍정적이네요.,더 좋은 사람 만날 수 있을 거예요.,1
baseline-30ep (03),베이스라인,beam5,위층 너무 시끄러워,증명자료를 가지고 손해배상을 청구하세요.,더 좋은 사람 만날 수 있을 거예요.,0
baseline-30ep (03),베이스라인,beam5,번호를 알아내서 연락하면 소름돋을까?,그건 좀 참아보세요.,잘 될 거예요.,1
baseline-30ep (03),베이스라인,beam5,어제전화가왔습니다,기다리던 전화였나봐요.,다른 수 있을 거예요.,1
baseline-30ep (03),베이스라인,beam5,남잔데 남자 좋아해,성적자기결정권이있죠.,좋은 사람 될 거예요.,2
baseline-30ep (03),베이스라인,beam5,짝남한테 좋아하는거 들켰는데 그냥 예전처럼 편하게 지내고 싶어.,겉으로는 편하게 지낼 수 있을 거예요.,더 좋은 사람 만날 수 있을 거예요.,2
baseline-30ep (03),베이스라인,beam5,여자친구가 베지테리언이야,함께 건강하게 먹어봐요.,다른 사람도 사람도 사람도 사람도 사람도 사람도 사람도 사람도 사람도 사람도 사람도 사람도 사람도 사람도,2
baseline-30ep (03),베이스라인,beam5,완전 귀여워,사랑이 느껴지네요.,잘할 수 있을 거예요.,2
baseline-30ep (03),베이스라인,beam5,베터리 충전기도 안 가져 왔네,충전할 곳을 찾아보세요.,이에요.,0
baseline-30ep (03),베이스라인,beam5,건물주 되고싶어,이룰 수 있을 거예요.,제가 들어드릴게요.,0
baseline-30ep (03),베이스라인,beam5,남자친구하고 커플티를 하고싶은데 어디거를 할까?,좋아하는 브랜드가 좋겠어요.,수 있을 거예요.,2
baseline-30ep (03),베이스라인,beam5,힘든 하루 하루 되돌리며,오늘도 고생했어요.,아니에요.,1
baseline-30ep (03),베이스라인,beam5,벌써 저를 세번째 떠나갔네,이젠 그분을 놓아줄 때가 되었나봐요.,잘할 수 있을 거예요.,1
baseline-30ep (03),베이스라인,beam5,알바 집 알바 집 이게 뭐냐,그래도 상관없어요. 칭찬해주고 싶네요.,해요.,0
baseline-30ep (03),베이스라인,beam5,여섯번째 이별이에요,많은 순간들이 있었겠네요.,이에요.,1
baseline-30ep (03),베이스라인,beam5,그 애 앞에서 말을 잘 못하겠어,좀 더 편하게 대해도 좋을 것 같아요.,잘 될 거예요.,2
baseline-30ep (03),베이스라인,beam5,친구 돌잔치 가는 중,축하해주고 오세요.,다른 수 있을 거예요.,0
baseline-30ep (03),베이스라인,beam5,좋아하는 애 친구한테 다같이 만나자고 말해도 돼?,다같이 만나면 재미있기는 하겠네요.,수 있을 거예요.,2
baseline-30ep (03),베이스라인,beam5,조용히 지나가면 될까?,어떤 일이냐에 따라 다를 거 같아요.,수 있어요.,0
baseline-30ep (03),베이스라인,beam5,눈꺼풀이 무거워,잠시 눈을 붙여보세요.,그 수도 있어요.,0
baseline-30ep (03),베이스라인,beam5,바람 쐬러 나갈까,같이 가요.,잘 될 거예요.,0
baseline-30ep (03),베이스라인,beam5,비오는날 뭐해?,실내 데이트요.,좋은 사람 만날 수 있을 거예요.,0
baseline-30ep (03),베이스라인,beam5,더 답답한 오늘,바람이라도 쐬고 오는 건 어떨까요.,잘 될 거예요.,1
baseline-30ep (03),베이스라인,beam5,오늘도 그냥 그냥 다갔네.,소소한 행복을 느껴보세요.,그게.,0
baseline-30ep (03),베이스라인,beam5,시간 진짜 빨리감,시간은 상대적으로 흘러갑니다.,더 많이 생각.,0
baseline-30ep (03),베이스라인,beam5,꿈인지 현실인지,정신차리세요.,힘들 거예요.,1
baseline-30ep (03),베이스라인,beam5,완전히 정리했어,조금 후련해졌길 바랍니다.,거예요.,1
baseline-30ep (03),베이스라인,beam5,내 가치관이랑 다른 가치관을 가지고 있는 그 남자를 좋아하는게 힘들어.,서로의 가치관이 평행선을 이루지만 않는다면 만날 수도 있을 거예요.,그런 사람 만날 수 있을 거예요.,2
baseline-30ep (03),베이스라인,beam5,결혼해도 될까,이사람이다 싶은 사람이랑 하세요.,힘들 거예요.,0
baseline-30ep (03),베이스라인,beam5,괜찮아진 줄 알았는데.,괜찮은 척 하고 있던 걸 수도 있어요.,수 있어요.,1
baseline-30ep (03),베이스라인,beam5,안 맞는다면서 헤어진 우리,인연이 거기까지인가봐요.,먼저 해보세요.,1
baseline-30ep (03),베이스라인,beam5,좋아하는 여자애가 우리 형을 좋아한다고 들음. 나 어떡하냐.,천천히 마음을 정리하는게 좋겠네요.,더 좋은 사람 만날 수 있을 거예요.,2
baseline-30ep (03),베이스라인,beam5,짝사랑인가 썸인가,썸이길 바랄게요.,수 있어요.,2
baseline-30ep (03),베이스라인,beam5,블루투스 이어폰 편하겠지,사면 편하겠죠.,사세요.,0
baseline-30ep (03),베이스라인,beam5,짝사랑 시작하고 감정 기복이 심해.,짝사랑이 그런건가봐요.,잘 될 거예요.,2
baseline-30ep (03),베이스라인,beam5,아부쟁이가 부러워,적성에 맞는 사람이 있죠.,거예요.,0
baseline-30ep (03),베이스라인,beam5,몸무게 좀 줄었으면,지금도 충분히 아름다워요.,잘 될 거예요.,0
baseline-30ep (03),베이스라인,beam5,운세 종합해 보니 헤어질 때였네,의미부여는 자신을 더 작게 만들어요.,더 많이 있어요.,1
baseline-30ep (03),베이스라인,beam5,속시원해~~안녕 잘가~~~,이제 정말 안녕.,잘 될 거예요.,1
baseline-30ep (03),베이스라인,beam5,무료 앱이 유료로 됐어,돈을 지불하고 이용할 가치가 있는지 따져보세요.,다른 수 있을 거예요.,0
baseline-30ep (03),베이스라인,beam5,도대체 왜 이러는걸까,무슨 일이 있었나봐요.,수 있어요.,1
baseline-30ep (03),베이스라인,beam5,이 남자애의 행동 나를 좋아하는게 맞는지 모르겠어.,정확한 사실을 알긴 힘들어요.,수 있을 거예요.,2
baseline-30ep (03),베이스라인,beam5,예전 게임인데 재밌다,저도 하고 싶네요.,제가 들어드릴게요.,0
baseline-30ep (03),베이스라인,beam5,파혼 7개월 째,아직 힘들거라 생각해요.,좀 좀 좀 좀.,1
baseline-30ep (03),베이스라인,beam5,누군가 제 이야기를 들어줬으면 해서 올리내.,글로 정리하는 것도 좋은 방법이에요.,있어요.,1
baseline-30ep (03),베이스라인,beam5,걔랑 같은 반 됐으면 좋겠다,당신의 운을 믿어보세요.,잘 될 거예요.,0
baseline-30ep (03),베이스라인,beam5,친구랑 있으면 내가 작아져,당신은 생각보다 큰 사람이에요.,다른의 수도 있어요.,0
baseline-30ep (03),베이스라인,beam5,움직임이 없어.,에너지가 필요한 순간이네요.,힘들 거예요.,0
baseline-30ep (03),베이스라인,beam5,잊어야하나?,당신을 위해서 잊는게 좋을 거예요.,잘 될 거예요.,1
baseline-30ep (03),베이스라인,beam5,할 수 있다면 그럴수 있다면 달라질까?,자신을 믿어보세요.,수 있을 거예요.,1
baseline-30ep (03),베이스라인,beam5,인내하면 얻을 수 있을까?,인내할 수 있는 사람이라면 무엇이든 손에 넣을 수 있을 거예요.,수 있을 거예요.,0
baseline-30ep (03),베이스라인,beam5,남자친구가 연락 안 하고 외박했어,당신이 생각하는 그런일은 없을거예요.,다른 수 있을 거예요.,2
baseline-30ep (03),베이스라인,beam5,잠수이별해도 될까,잠수이별 만큼 비겁한 것은 없어요. 깨끗하게 정리하길 바랄게요.,수 있어요.,1
baseline-30ep (03),베이스라인,beam5,잊어보려 하는데.,처음에는 잘 안되겠지만 잘할 수 있을 거예요.,마음이 좀 좀 더 좋은 거예요.,1
baseline-30ep (03),베이스라인,beam5,부자 백수 하고 싶어,그게 최고죠.,다른 수 있을 거예요.,0
baseline-30ep (03),베이스라인,beam5,야 너!,네,이네요.,1
baseline-30ep (03),베이스라인,beam5,여자친구가 키가 너무 커,깔창이 있잖아요.,많이 될 거예요.,2
baseline-30ep (03),베이스라인,beam5,잡담할 시간 있어?,물론이죠. 무엇이든 말씀하세요.,많이 생각 생각.,0
baseline-30ep (03),베이스라인,beam5,같은 반인데 헤어지자고 해야 하나??,그래도 할 거면 해야겠죠.,잘 될 거예요.,1
baseline-30ep (03),베이스라인,beam5,위로 해 주세요.,정말 많이 힘들었죠. 때론 힘내려 노력하지 않아도 돼요.,많이 생각 생각.,1
baseline-30ep (03),베이스라인,beam5,계속꿈에 나와,잘 때 다른 생각을 하고 주무세요.,가보세요.,1
baseline-30ep (03),베이스라인,beam5,스타트업하면 위험할까,확신이 들 때까지 준비해보세요.,수 있어요.,0
baseline-30ep (03),베이스라인,beam5,왜 이상한 말 해,더 열심히 노력하겠습니다.,수 있을 거예요.,0
baseline-30ep (03),베이스라인,beam5,내가 제일 문제인 듯,당신은 하나밖에 없는 소중한 사람이에요.,다른 수 있을 거예요.,0
baseline-30ep (03),베이스라인,beam5,가슴이 너무 아프고 숨쉬기가 힘드네,아픈만큼 더 성숙해질 거예요.,말해보세요.,1
baseline-30ep (03),베이스라인,beam5,9년이 넘는 연애를 끝냅니다,공허함이 더 크시겠어요.,수 있을 거예요.,1
baseline-30ep (03),베이스라인,beam5,하고 많은 사람 중에 왜 나야?,당신이니까요.,수 있을 거예요.,2
baseline-30ep (03),베이스라인,beam5,후폭풍이 올까 두려운데.!,그냥 지금 우세요.,잘 될 거예요.,1
baseline-30ep (03),베이스라인,beam5,과식했나 봐,과식은 금물이에요.,길 바랄게요.,0
baseline-30ep (03),베이스라인,beam5,모르는 사람인데 첫 눈에 반했어.,외모나 분위기가 이상형이었나봐요.,거예요.,2
baseline-30ep (03),베이스라인,beam5,아픈 첫사랑,첫사랑니의 고통처럼 시린가봐요.,좋은 건 어떨까요.,1
baseline-30ep (03),베이스라인,beam5,영화 보러 왔어,저도 영화 보여주세요.,힘들 거예요.,0
baseline-30ep (03),베이스라인,beam5,나 다른 거 할까,시도해봐도 좋겠죠.,거예요.,0
baseline-30ep (03),베이스라인,beam5,좋아하는 남자애한테 발렌타인데이 때 초콜릿 줄까?,주면 좋아할 거예요.,잘 될 거예요.,2
baseline-30ep (03),베이스라인,beam5,궁금한게있습니다,네 물어보세요.,있어요.,1
baseline-30ep (03),베이스라인,beam5,면허 따야하나,운전하는거 재미있어요.,제가 있잖아요.,0
baseline-30ep (03),베이스라인,beam5,부업할까?,좋아요!,맛있게 드세요.,0
baseline-30ep (03),베이스라인,beam5,비만 판정 받았어,건강하게 운동해보세요.,제가 있잖아요.,0
baseline-30ep (03),베이스라인,beam5,녹차 한 잔 어때?,드시는거 보기만 해도 좋아요.,다른 수 있을 거예요.,0
baseline-30ep (03),베이스라인,beam5,방에 먼지가 한가득,청소하세요.,다른 수 있을 거예요.,0
baseline-30ep (03),베이스라인,beam5,위로받고 싶은 날,제가 위로 많이 해드릴게요.,저도 사세요.,0
baseline-30ep (03),베이스라인,beam5,회사 사람들이 아직도 불편해,회사에는 동료가 있을 뿐이에요.,믿어요.,0
baseline-30ep (03),베이스라인,beam5,뭐 할줄 알아,오늘 헤어졌어 라고 하면 위로해 드려요.,좀 더 수 있을 거예요.,0
baseline-30ep (03),베이스라인,beam5,잠이 또 안와,고민이 있나 봐요.,길 바랄게요.,0
baseline-30ep (03),베이스라인,beam5,컴퓨터가 느려졌어,포맷해보세요.,맛있게 드세요.,0
baseline-30ep (03),베이스라인,beam5,비 와,우산 챙기세요.,많이 생각 생각.,0
baseline-30ep (03),베이스라인,beam5,부모님처럼 살고 싶다,좋은 부모님을 두셨군요.,잘 될 거예요.,0
baseline-30ep (03),베이스라인,beam5,식비가 어마무시하다,다이어트를 해봐요.,사세요.,0
baseline-30ep (03),베이스라인,beam5,난 왜이리 바보 같을까.,이제 같은 실수를 반복하지 않으면 돼요.,잘 될 거예요.,1
baseline-30ep (03),베이스라인,beam5,이번 방학에 뭐하면 잘했다고 소문날까,차근차근 계획을 세워보세요.,잘 될 거예요.,0
baseline-30ep (03),베이스라인,beam5,멋지게 나이들고 싶다,지금도 그러고 있어요.,다른 수 있을 거예요.,0
baseline-30ep (03),베이스라인,beam5,골프 어려워,처음부터 잘하는 사람은 없어요.,많이 드세요.,0
baseline-30ep (03),베이스라인,beam5,사랑이라는 이름으로,너에게 묻노라.,잘 될 거예요.,2
baseline-30ep (03),베이스라인,beam5,나의 약점,나의 장점.,잘 될 거예요.,1
baseline-30ep (03),베이스라인,beam5,열심히 한 거 같은데,중요한 건 노력하는 과정이에요.,같이 생각 생각.,0
baseline-30ep (03),베이스라인,beam5,남자친구에게 고민이나 속사정을 어디까지 얘기해?,믿음의 정도에 따라 다른 거 같아요.,그래요.,2
baseline-30ep (03),베이스라인,beam5,쓸데 없는 걱정 1위 연예인 걱정,동감입니다.,그게 그게.,0
baseline-30ep (03),베이스라인,beam5,사랑할수록 집착해,상대방이 싫어할수도 있어요.,길 바랄게요.,2
baseline-30ep (03),베이스라인,beam5,전여친 헤어졌으니 남이죠?,그렇습니다.,길 바랄게요.,1
baseline-30ep (03),베이스라인,beam5,아.빌어먹을 이제야 알다니.,이제라도 깨달았으니 더 이상의 실수는 없을 거예요.,수 있을 거예요.,1
baseline-30ep (03),베이스라인,beam5,내 발등 내가 다시 찍었네,발등이 얼른 아물길 바랄게요.,기다리면 기다리면 기다리면 할 수 있을 거예요.,1
baseline-30ep (03),베이스라인,beam5,같은하늘 다른공간,같은 하늘 아래 숨 쉬고 있어요.,너무 마세요.,1
baseline-30ep (03),베이스라인,beam5,내가 너무 생각없이 말했어,생각하고 말하세요.,사세요.,0
baseline-30ep (03),베이스라인,beam5,썸녀가 약속 시간을 안 지킴.,시간 약속이 생명인데요.,이에요.,2
baseline-30ep (03),베이스라인,beam5,헤어짐이 힘든이유,사랑했으니까요.,수 있을 거예요.,1
baseline-30ep (03),베이스라인,beam5,역류성 식도염이 또 도졌어,과식하지 말고 먹고 눕지 마세요!,맛있게 드세요.,0
baseline-30ep (03),베이스라인,beam5,교회 오빠한테 눈이 가,성경 공부는 안하고 연애 공부하나봅니다.,다른 수 있을 거예요.,2
baseline-30ep (03),베이스라인,beam5,과함 설렘 후에 지금은 안 설레,처음에 몰아서 설렜나봐요.,잘 될 거예요.,2
baseline-30ep (03),베이스라인,beam5,친구의 전여자친구가 좋은데 사겨도될까?,친구을 잃을 수도 있어요.,그런 사람 만날 수 있어요.,2
baseline-30ep (03),베이스라인,beam5,남친 프로필에 내 사진 왜 안올릴까,신경쓰고 싶지 않은 사람도 있어요.,다른 수 있을 거예요.,0
baseline-30ep (03),베이스라인,beam5,실내 데이트 추천,영화관이나 쇼핑몰이 생각나네요.,제가 있잖아요.,0
baseline-30ep (03),베이스라인,beam5,핸드폰 고장난거 아니야 연락이 안와,그게 문제는 아닐 거예요.,거예요.,0
baseline-30ep (03),베이스라인,beam5,사랑하는 사람을 계속 기다려야 할까요?,기한을 정하고 기다리세요.,더 좋은 날 날이에요.,2
baseline-30ep (03),베이스라인,beam5,마음이 싱숭생숭해서 자꾸 글을 쓰게 되네,글 쓰면서 정리가 될 거예요.,수 있을 거예요.,0
baseline-30ep (03),베이스라인,beam5,바람,고쳐 쓸 수 없는 버릇이에요.,맛있게 드세요.,1
baseline-30ep (03),베이스라인,beam5,엄마 밥 먹고 싶다,시간내서 부모님 집에 찾아가 보세요.,맛있게 드세요.,0
baseline-30ep (03),베이스라인,beam5,시계가 멈춘거 같아.,에너지가 필요한 순간이네요.,더 있어요.,0
baseline-30ep (03),베이스라인,beam5,짝녀가 있었는데 못 잊겠어.,시간이 필요한 때인 것 같아요.,다른 수 있을 거예요.,2
baseline-30ep (03),베이스라인,beam5,오랜만에 서점에 갔었어,마음의 양식을 채우길 바랄세요.,좋은 드세요.,0
baseline-30ep (03),베이스라인,beam5,"이별당시 보다 더 짠한건, 나 떠났으면 잘이나 살지.",당신은 정말 착한 사람이군요.,더 좋은 사람 만날 수 있을 거예요.,1
baseline-30ep (03),베이스라인,beam5,공황증,견디기 힘들었을텐데 괜찮은가요.,잘 될 거예요.,1
baseline-30ep (03),베이스라인,beam5,피곤한테 또 잠은 안 와.,고민이 있나봐요.,사세요.,0
baseline-30ep (03),베이스라인,beam5,여행 가야지,좋은 여행 되길 바랍니다.,잘 될 거예요.,0
baseline-30ep (03),베이스라인,beam5,월급에 비해 근무시간이 너무 긴 거 같애,야근 수당을 챙겨보세요.,다른 수 있을 거예요.,0
baseline-30ep (03),베이스라인,beam5,시골 내려가서 살까,아무래도 덜 경쟁하겠죠.,다른 수 있을 거예요.,0
baseline-30ep (03),베이스라인,beam5,피자 먹고 싶다.,같이 먹어요!,맛있게 드세요.,0
baseline-30ep (03),베이스라인,beam5,슬픈 예감대로 되어가는 현실,슬픈 예감은 틀린 적이 없죠.,하는 하는 하는 하는 하는 것도 것도 것도 것도 것도 중요해요.,1
baseline-30ep (03),베이스라인,beam5,짝사랑은 힘든 거 같아,그래도 좋아하는 동안 행복하길 바라요.,없네요.,2
baseline-30ep (03),베이스라인,beam5,몸매가 탄탄하면 좋은데,운동으로 만들어 보아요.,잘 될 거예요.,0
baseline-30ep (03),베이스라인,beam5,내 마음에 온통 너야,올인은 좋은게 아니에요.,있어요.,2
baseline-30ep (03),베이스라인,beam5,친구가 잘되니까 배 아픈 거 같아,친구가 아닌가봐요.,지지 않아요.,0
baseline-30ep (03),베이스라인,beam5,잘 지냈으면 좋겠다,따뜻한 마음이네요.,잘 될 거예요.,2
baseline-30ep (03),베이스라인,beam5,마음이 울적해,거리를 걸어보세요.,제가 있잖아요.,0
baseline-30ep (03),베이스라인,beam5,그만 먹어야 하는데,조금만 드세요,이야기 이야기 이야기 이야기 이야기 이야기 이야기가가가가가가가가,0
baseline-30ep (03),베이스라인,beam5,답이 없는 남자,답이 얼른 왔으면 좋겠네요.,잘 될 거예요.,1
baseline-30ep (03),베이스라인,beam5,체육대회 안 했으면,재미 있는 종목을 찾아보세요.,다른 수 있을 거예요.,0
baseline-30ep (03),베이스라인,beam5,제가 놓았던 손을 다시 잡으려니 힘드네.,원상복구는 언제나 힘드니까요.,잘 될 거예요.,1
baseline-30ep (03),베이스라인,beam5,짝사랑만이 답일까.,짝사랑만이 답을 아니랍니다.,잘 될 거예요.,2
baseline-30ep (03),베이스라인,beam5,휴대폰 바꿀 타이밍,오래 쓰셨나봐요.,수 있을 거예요.,0
baseline-30ep (03),베이스라인,beam5,안경 벗었는데 완전 훈남,만화같은 일이네요.,다른 수 있을 거예요.,0
baseline-30ep (03),베이스라인,beam5,욕까지 먹었는데 정이 안 떨어져,지나간 사람은 얼른 떨쳐버리세요.,돼요.,1
baseline-30ep (03),베이스라인,beam5,거짓말은 진짜 못고치는 병 맞죠?,아무래도 그렇죠.,수 있을 거예요.,1
baseline-30ep (03),베이스라인,beam5,오늘 또 하루 살았네,오늘은 약간의 변화를 줘보세요.,수 있어요.,0
baseline-30ep (03),베이스라인,beam5,연차 내고 누워만 있네,때론 쉬어가는 것도 필요해요.,수 있을 거예요.,1
baseline-30ep (03),베이스라인,beam5,좌절 중이야,이제 일어날 때예요.,수 있을 거예요.,0
baseline-30ep (03),베이스라인,beam5,커피 말고 뭐 마시지,시원한 쥬스는 어때요.,나중에.,0
baseline-30ep (03),베이스라인,beam5,조카들 너무 귀찮게 해,방문 열어주지 마세요.,적인적인적인 중요해요.,0
baseline-30ep (03),베이스라인,beam5,잊자 잊자 지워버리자,잘 해내고 있어요.,잘 될 거예요.,1
baseline-30ep (03),베이스라인,beam5,반가운 연락,사랑하는 사람의 연락이었나봐요.,거예요.,1
baseline-30ep (03),베이스라인,beam5,짝녀한테도 철벽쳐요. 성격이 왜 그럴까요.,두려운게 있는게 아닐까요.,잘 될 거예요.,2
baseline-30ep (03),베이스라인,beam5,밤만 되면 미치겟네.,아직 많이 답답한가봐요.,수 있을 거예요.,1
baseline-30ep (03),베이스라인,beam5,돈 쥐꼬리만큼 가지고 유세부리는 꼴이라니,없다가 있어서 그런가봐요.,수 있을 거예요.,0
baseline-30ep (03),베이스라인,beam5,시간 아까워,다른 일을 해보세요.,더 많이 생각.,0
baseline-30ep (03),베이스라인,beam5,완전히 잊는다는게 쉽지 않네,사랑했던 연인을 잊어버리는건 힘들어요.,거예요.,1
baseline-30ep (03),베이스라인,beam5,이어폰 사야지,잘 골라보세요.,잘 될 거예요.,0
baseline-30ep (03),베이스라인,beam5,여드름 피부 화장으로 가릴까?,중요한 날에만 가리세요.,맛있게 드세요.,0
baseline-30ep (03),베이스라인,beam5,점점 괜찮아 지는것 같다가도.,힘들기도 하겠죠.,수 있어요.,1
baseline-30ep (03),베이스라인,beam5,헤어진 지 한달됐습니다,힘든가봐요.,힘들 거예요.,1
baseline-30ep (03),베이스라인,beam5,배가 너무 고파,뭐 좀 챙겨드세요.,맛있게 드세요.,0
baseline-30ep (03),베이스라인,beam5,뭐라 하려다 참았어,계속 그러면 말하세요.,거예요.,0
baseline-30ep (03),베이스라인,beam5,후폭풍 재회를 두번 또 헤어짐,사랑도 헤어짐도 면역이 안되나봐요.,수 있을 거예요.,1
baseline-30ep (03),베이스라인,beam5,엄청 로맨틱해,생각만해도 달콤하네요.,해요.,2
baseline-30ep (03),베이스라인,beam5,남편이 아기를 안 돌봐줘.,공동육아가 기본인데요.,다른 수 있을 거예요.,0
baseline-30ep (03),베이스라인,beam5,술먹고 연락도 없는,걱정되시겠어요.,다른 수 있을 거예요.,1
baseline-30ep (03),베이스라인,beam5,지금 나오라고 하는거 예의 없음?,보고싶다고 연락은 해보는 게 좋을 거 같아요.,수 있을 거예요.,2
baseline-30ep (03),베이스라인,beam5,더워더워,차가운 음료 너무 많이 마시면 아니 되어요,좋은 사람 될 거예요.,0
baseline-30ep (03),베이스라인,beam5,첫사랑은 안되는건가,의미 부여하지 마세요.,수 있어요.,1
baseline-30ep (03),베이스라인,beam5,눈물이 많아졌어,세상 걱정 혼자 다 해서 그래요.,맛있게 드세요.,0
baseline-30ep (03),베이스라인,beam5,너무 힘든 나날을 보내고 있습니다.,원래 이별은 힘든 거예요.,좀 더 수 있을 거예요.,1
baseline-30ep (03),베이스라인,beam5,밤만 되면,생각날 거예요.,수 있을 거예요.,1
baseline-30ep (03),베이스라인,beam5,커플여행 어떻게 생각해?,누구랑 가느냐가 중요하겠죠.,하고하고 생각 생각 생각 생각.,2
baseline-30ep (03),베이스라인,beam5,잘해줘도 이별은 아프네,이별의 끝은 항상 시린 것 같아요.,거예요.,1
baseline-30ep (03),베이스라인,beam5,커플 폰케이스 사자고 해야겠다.,괜찮은거로 골라보세요.,제가 있잖아요.,0
baseline-30ep (03),베이스라인,beam5,수영장 같이 가려고 해,즐거운 시간 보내고 오세요!,길 바랄게요.,0
baseline-30ep (03),베이스라인,beam5,옷이 다 젖었어,감기 조심 하세요.,다른 수 있을 거예요.,0
baseline-30ep (03),베이스라인,beam5,짝녀 보란 듯이 성공하고 싶습니다.,큰 결심이네요. 꼭 성공할 거예요.,수 있어요.,2
baseline-30ep (03),베이스라인,beam5,부모님 반대 설득하고 싶어,자식 이기는 부모 없을 거예요.,더 좋은 건 어떨까요.,2
baseline-30ep (03),베이스라인,beam5,말을 수시로 바꾸는 사람 어떻게 해?,빼도 박도 못하는 증거를 만들어 놓으세요.,수 있을 거예요.,0
baseline-30ep (03),베이스라인,beam5,"괜찮은 척, 어른인척",척 안해도 돼요.,제가 있잖아요.,1
baseline-30ep (03),베이스라인,beam5,물배달 시켜야겠다.,부지런하시네요.,힘들 거예요.,0
baseline-30ep (03),베이스라인,beam5,짝녀 보고 싶다.,그럴 만 해요.,맛있게 드세요.,2
baseline-30ep (03),베이스라인,beam5,좋아하는 사람이 있는데 할 말이 없어서 연락이 끊겼어.,또 다시 연락할 수 있어요.,마음이 마음이는는는.,2
baseline-30ep (03),베이스라인,beam5,퇴근 후에 만나자고 해볼까,용기내세요.,다른 수 있을 거예요.,0
baseline-30ep (03),베이스라인,beam5,나만 좋아하는 것 같아 자존감 떨어져.,더 좋아하게 만들면 돼요.,잘 될 거예요.,2
baseline-30ep (03),베이스라인,beam5,사귀던 사람이 잠수탔어,너무 걱정하지 마세요. 조금더 기다려보세요.,잘 될 거예요.,2
baseline-30ep (03),베이스라인,beam5,SNS 시간낭비인데 자꾸 보게됨,시간을 정하고 해보세요.,다른 수 있을 거예요.,0
baseline-30ep (03),베이스라인,beam5,마음이 변할까봐 두려워,서로에게 믿음을 주세요.,힘들 거예요.,2
baseline-30ep (03),베이스라인,beam5,내가 나빴네,아니에요. 너무 자책하지 마세요.,길 바랄게요.,0
baseline-30ep (03),베이스라인,beam5,폰 자꾸 보게 돼,보지 마세요.,길 바랄게요.,1
baseline-30ep (03),베이스라인,beam5,나 사랑할 자격 없는 사람이야,사랑에는 조건이 필요없어요.,길 바랄게요.,2
baseline-30ep (03),베이스라인,beam5,시어머니가 질투해,아들을 빼앗겼다고 생각하나봐요.,해요.,0
baseline-30ep (03),베이스라인,beam5,월욜부터 힘드네.,기분 탓인지 월요일은 항상 힘든 것 같아요.,힘들 거예요.,1
baseline-30ep (03),베이스라인,beam5,말하는 거 귀여워,하트 뿅뿅이네요.,다른 수 있을 거예요.,2
baseline-30ep (03),베이스라인,beam5,더 사랑해달래,더 많이 표현해주세요.,좋은 사람 만날 수 있을 거예요.,2
baseline-30ep (03),베이스라인,beam5,냉방비 너무 많이 나와,시원하게 지낸 값이죠.,수 있어요.,0
baseline-30ep (03),베이스라인,beam5,추억은 힘이 없다.,추억은 미화되기 마련이죠.,잘 될 거예요.,1
baseline-30ep (03),베이스라인,beam5,허전한게 좀 그렇다,채워질 거예요.,힘들 거예요.,0
baseline-30ep (03),베이스라인,beam5,내가 좋아하는 걸 티냈는데 못 알아챘을까?,못 알아차렸을 수도 있어요.,수 있을 거예요.,2
baseline-30ep (03),베이스라인,beam5,해외여행하다 숙소에서 만난 외국인이 너무 좋은데 이 연애 무리일까?,사랑에 국경은 없어요.,더 좋은 사람 사람.,2
baseline-30ep (03),베이스라인,beam5,자꾸 갠톡하는 선배 있는데 관심 있나?,호감이 있을 수도 있어요. 그렇지만 조금 더 상황을 지켜보세요.,힘들 거예요.,2
baseline-30ep (03),베이스라인,beam5,녹차 마실래?,드시는거 보기만 해도 좋아요.,그런 거예요.,0
baseline-30ep (03),베이스라인,beam5,사랑 별거 없네,별거 없다가도 전부가 되는게 사랑이에요,다른 수 있을 거예요.,2
baseline-30ep (03),베이스라인,beam5,내려놓기,잘했어요.,거예요.,1
baseline-30ep (03),베이스라인,beam5,이젠 어떡해얄지 모르겠어,일기를 써보세요.,힘들 거예요.,1
baseline-30ep (03),베이스라인,beam5,내 사랑이 있을까?,눈을 크게 뜨고 잘 찾아보세요.,수 있을 거예요.,2
baseline-30ep (03),베이스라인,beam5,술마시고 있네,한 잔하기 좋은 날이네요.,제가 있잖아요.,1
baseline-30ep (03),베이스라인,beam5,썸남이 오디션 나간대,응원해주세요.,좋은 사람 만날 수 있을 거예요.,2
baseline-30ep (03),베이스라인,beam5,장거리 이별,잘 견뎌왔는데 힘든 순간이었죠.,수 있을 거예요.,1
baseline-30ep (03),베이스라인,beam5,계속 생각나는 사람.,사랑했던 만큼 생각나겠죠.,그런 사람 사람.,1
baseline-30ep (03),베이스라인,beam5,여행가고 싶다,계획을 세워보세요.,이네요.,0
baseline-30ep (03),베이스라인,beam5,담배 끊는 거 어려워,자신을 이겨야해요.,많이 생각 생각.,0
baseline-30ep (03),베이스라인,beam5,친구들이 짝녀를 별로라고 하네요.,무슨 이유에서 그랬을까요.,마음이 수 있을 거예요.,2
baseline-30ep (03),베이스라인,beam5,썸남이 연락이 안돼,연락이 중요한 시기인데요.,제가 있잖아요.,2
baseline-30ep (03),베이스라인,beam5,해외여행 가고 싶어.,그럼요!,마음을 마음을 마음을 마음을 마음을 마음을 마음을 마음을 마음을 더 더 더 많이.,0
baseline-30ep (03),베이스라인,beam5,실비 드는게 좋을까,잘 알고 들어도 좋을 것 같아요.,잘 될 거예요.,0
baseline-30ep (03),베이스라인,beam5,내가 이렇게 또 불효를 한다.,연락이라도 드려보세요.,더 좋은.,0
baseline-30ep (03),베이스라인,beam5,아마 평생 모르겠지.,평생 모르고 사는 게 참 많죠.,잘 될 거예요.,2
baseline-30ep (03),베이스라인,beam5,나를 떠보는 것 같은 짝남.,떠보는 것보다 직구 날려보세요.,잘 될 거예요.,2
baseline-30ep (03),베이스라인,beam5,남자친구한테 서운해,수천번 생각해도 이건 아니라고 생각이 되면 서운하다고 이야기하세요.,더 좋은.,2
baseline-30ep (03),베이스라인,beam5,좋아하는 사람에 대한 관심을 끄는 방법이 뭐가 있을까.,다른일로 바쁘면 조금 덜할 거예요.,거예요.,2
baseline-30ep (03),베이스라인,beam5,배 아파서 기분이 안 좋아,약이 필요하면 도움을 받아보세요.,하는 하는 게 좋죠.,0
baseline-30ep (03),베이스라인,beam5,친구랑 싸웠어,싸우면서 정 들 거예요.,가보세요.,0
baseline-30ep (03),베이스라인,beam5,선생님이 나만 뭐라고 해,애정표현이라고 생각하세요.,네요.,0
baseline-30ep (03),베이스라인,beam5,하루가 일년같아,시간이 더디게 흐르죠.,말해보세요.,1
baseline-30ep (03),베이스라인,beam5,과거에 얽매여 있어,과거랑 현재랑 미래는 함께 해요.,많이 마세요.,1
baseline-30ep (03),베이스라인,beam5,신혼여행 가서 돌아오기 싫다,휴가를 붙여보세요.,맛있게 드세요.,0
baseline-30ep (03),베이스라인,beam5,개좋아,저도 좋아해주세요.,힘들 거예요.,0
baseline-30ep (03),베이스라인,beam5,연애상담하더니 둘이 사귀더라,대화를 하다가 친해졌나봐요.,수 있을 거예요.,2
baseline-30ep (03),베이스라인,beam5,집이 너무 지저분해,청소기를 돌려보세요.,더 좋은 사람 만날 수 있어요.,0
baseline-30ep (03),베이스라인,beam5,이제 끝인가봐,이별을 받아들이는 건 쉬운 일이 아니겠죠.,혼자 혼자.,1
baseline-30ep (03),베이스라인,beam5,좋아하는 사람 잊는 방법 조언 좀.,가슴 아픈 질문이네요.,수 있을 거예요.,2
baseline-30ep (03),베이스라인,beam5,신청했더니 정말로 왔네ㅎㅎ,좋은 결과길 바라요.,잘 될 거예요.,1
baseline-30ep (03),베이스라인,beam5,면접 팁 좀 줘,잘 볼 수 있을 거예요.,이에요.,0
baseline-30ep (03),베이스라인,beam5,나 실수한건가,잘 생각해보세요.,좋은해요.,0
baseline-30ep (03),베이스라인,beam5,너무 매달렸나봐,너무 사랑한 거였을 거예요.,같이 거예요.,1
baseline-30ep (03),베이스라인,beam5,연락 못하는 아픔.,당분간은 힘들지 몰라요.,좀 더 수 있을 거예요.,1
baseline-30ep (03),베이스라인,beam5,분하고 그립고 고통스러워.다른 여자 사랑하는 그모습,이제 과거를 보지 마요.,마음이 거예요.,1
baseline-30ep (03),베이스라인,beam5,내 남자로 만들기,사랑은 소유하는 게 아니에요.,해요.,2
baseline-30ep (03),베이스라인,beam5,사랑하고 사람이 달라졌어,화학 물질이 접촉하는 것처럼 반응이 일어나서 완전히 바뀌게 되죠.,다른 수 있을 거예요.,2
baseline-30ep (03),베이스라인,beam5,중2 히스테리 알아?,힘들 때네요.,수 있을 거예요.,0
baseline-30ep (03),베이스라인,beam5,친구가 나한테 집착해,거리를 두세요.,제가 있잖아요.,0
baseline-30ep (03),베이스라인,beam5,뭔 상황인지 헷갈리네.,애매하긴 해요.,마음이 좀 더 좋은 사람 사람.,1
baseline-30ep (03),베이스라인,beam5,좋아하는 여자애가 남친 사귈 마음이 없다는데 진짜일까?,그건 본인만 알 거예요.,좋은 사람 사람 만날 수 있을 거예요.,2
baseline-30ep (03),베이스라인,beam5,속이는 거 더 못하겠어,남을 속이는건 나쁜거예요.,사세요.,0
baseline-30ep (03),베이스라인,beam5,전공 잘못 골랐나봐,내가 맞는 것과 맞지 않은 걸 구별해보세요.,힘들 거예요.,0
baseline-30ep (03),베이스라인,beam5,썸남한테 소개팅 나간다고 해볼까?,상대방을 헷갈리게 하는건 좋지 않아요.,좋을 것 같아요.,2
baseline-30ep (03),베이스라인,beam5,많이 좋아하던 전여친에게 연락해도될까?,연락은 자유지만 후회는 할 수도 있어요.,잘 될 거예요.,2
baseline-30ep (03),베이스라인,beam5,맨날 짝사랑만 하다가 끝났는데 연애할 수 있을까?,언젠가 진정한 사랑이 나타날 거예요.,수 있을 거예요.,2
baseline-30ep (03),베이스라인,beam5,권태기로 헤어지면 후회할까,극복하려는 노력은 해보는 게 좋을 거 같아요.,수 있을 거예요.,1
baseline-30ep (03),베이스라인,beam5,오늘도 짝남이 멋졌어.,멋진 분이군요.,좋겠네요.,2
baseline-30ep (03),베이스라인,beam5,집 샀어,내 집 마련 축하드려요.,그게 그게.,0
baseline-30ep (03),베이스라인,beam5,나만 힘든 거였구나,마음이 약해 탈이네요.,그런 사람 건 어떨까요.,1
baseline-30ep (03),베이스라인,beam5,감당 못하는 사랑,감당할 수 있는 만큼만 베푸세요.,많이 드세요.,2
baseline-30ep (03),베이스라인,beam5,집착인걸까.,잘 생각해보세요.,좀 더 있어요.,1
baseline-30ep (03),베이스라인,beam5,1년 동거 중인데 계속 좋아,서로 깊게 알게되면서 더 좋아졌나봅니다.,같이 거예요.,2
baseline-30ep (03),베이스라인,beam5,드디어 천일,축하합니다.,수 있을 거예요.,0
baseline-30ep (03),베이스라인,beam5,설마했던 진짜 이별,앞일은 알 수가 없나봐요.,수 있을 거예요.,1
baseline-30ep (03),베이스라인,beam5,짝남한테 크리스마스 선물할건데 추천 좀.,목도리는 어떨까요.,같이 사세요.,2
baseline-30ep (03),베이스라인,beam5,씨씨인데 몰래 만나고 있는데 공개 연애 하자고 할까?,몰래 만날 수 있는 만큼 몰래 만나보세요.,다른 수 있을 거예요.,2
baseline-30ep (03),베이스라인,beam5,이젠 슬픈 사랑,슬픈 이별이기도 하네요.,수 있을 거예요.,1
baseline-30ep (03),베이스라인,beam5,먹을까 참을까,조금만 드세요,잘 될 거예요.,0
baseline-30ep (03),베이스라인,beam5,옷 사 줘,아직 월급날이 멀었어요.,잘 될 거예요.,0
baseline-30ep (03),베이스라인,beam5,썸인지 알려면,어느 정도 시간과 연락과 관심이 필요하겠네요.,이네요.,2
baseline-30ep (03),베이스라인,beam5,하루에 만보 걷기,좋은 건강습관이네요.,좋은 드세요.,0
baseline-30ep (03),베이스라인,beam5,장수커플이야,사랑은 유지하는 게 중요한데 대단하네요.,다른 수 있을 거예요.,2
baseline-30ep (03),베이스라인,beam5,취미생활 같이하는 게 좋다던데,함께하면 서로를 더 많이 알게 될 거예요.,많이 돼요.,0
baseline-30ep (03),베이스라인,beam5,잘지내고있니,잘 지내고 있어요.,있어요.,1
baseline-30ep (03),베이스라인,beam5,생각이 자꾸 나,좋아하나봐요.,길 바랄게요.,2
baseline-30ep (03),베이스라인,beam5,오래 못 가는 연애,"연애는 문제가 있으면 문제를 해결 하기 위해 함께 노력하고 그 속에서 더욱 단단해지는 과정인데, 그 과정을 못 참고 피하기만 했나봅니다.",의 수 있을 거예요.,2
baseline-30ep (03),베이스라인,beam5,정말 다시돌아 온다면,잘할 자신이 있어도 힘든 게 재회예요.,을 수 있어요.,1
baseline-30ep (03),베이스라인,beam5,짝남을 반에서 공개적으로 좋아하는게 나을까요?,경쟁자를 없애기 위해 그게 나을 수도 있어요.,제가 있잖아요.,2
baseline-30ep (03),베이스라인,beam5,넥타이핀 정도는 선물로 줘도 괜찮겠지?,실용적인 선물이라 괜찮을 거예요.,거예요.,0
baseline-30ep (03),베이스라인,beam5,울적하다,울적.... 우울할땐.... 울면,잘 될 거예요.,0
baseline-30ep (03),베이스라인,beam5,사람 만나는 게 쉽지 않아,미리 움츠러들지 않아도 돼요.,그런 사람 만날 만날 수 있어요.,0
baseline-30ep (03),베이스라인,beam5,사랑만으로 다 될줄 알았던 우리들,그때는 우리 다 순수했던 걸까요.,수 있어요.,1
baseline-30ep (03),베이스라인,beam5,여자친구한테 더 이상 설레지 않아,정말 큰 문제네요.,힘들 거예요.,2
baseline-30ep (03),베이스라인,beam5,이별 극복할수있을까?,당신이라면 충분히 극복할 수 있어요.,수 있을 거예요.,1
baseline-30ep (03),베이스라인,beam5,친구한테 자꾸 집착하게 돼,자신 스스로에게 의지해보세요.,자신을 더 좋은.,0
baseline-30ep (03),베이스라인,beam5,소심한 남자와의 연애,직설적으로 통보하는 말보다는 조금 더 부드럽게 권유하고 물어보는 말을 해보세요.,잘할 수 있을 거예요.,2
baseline-30ep (03),베이스라인,beam5,돈이 안 모여,한푼 두푼 차곡차곡,있어요.,0
baseline-30ep (03),베이스라인,beam5,보고싶네,보고싶을 거예요.,많이 만나보세요.,1
baseline-30ep (03),베이스라인,beam5,썸남이 약속 자꾸 미루는데 내가 싫은걸까?,어쩔 수 없는 상황인지 물어보세요.,다른 수 있을 거예요.,2
baseline-30ep (03),베이스라인,beam5,헤어진지 1달반정도 됬네,금방 지나갈 거예요.,힘들 거예요.,1
baseline-30ep (03),베이스라인,beam5,좋아하는 사람이 쓰레기면 어떻게 할꺼야?,쓰레기 옆에 있기 싫어서 도망갈 거예요.,잘 될 거예요.,2
baseline-30ep (03),베이스라인,beam5,이게 바로 첫사랑인듯,당신의 소중한 사랑을 이루어 보세요.,거예요.,2
baseline-30ep (03),베이스라인,beam5,나들이를 가볼까,같이 가요.,해요.,0
baseline-30ep (03),베이스라인,beam5,원서 낸거 1지망에서 떨어졌어,위로해 드립니다.,더 좋은.,0
baseline-30ep (03),베이스라인,beam5,친구라는게 뒷담화나 하다니,친구라고 생각한 시간이 아깝네요.,거예요.,0
baseline-30ep (03),베이스라인,beam5,내가 불효자야,연락이라도 드려보세요.,적인적인 해보세요.,0
baseline-30ep (03),베이스라인,beam5,썸 타던 사이인데 부담 돼. 연락 무시해도 될까?,부담되면 마음이 가지 않는 거니 정리도 필요하겠네요.,같이 거예요.,2
baseline-30ep (03),베이스라인,beam5,진짜 완전체가 있어,상대를 용서하면서 분출할 수 있는 탈출구를 찾아보세요.,수 있을 거예요.,0
baseline-30ep (03),베이스라인,beam5,외로워,혼자가 아니에요.,많이 돼요.,0
baseline-114ep (04),베이스라인,beam5,성형할까,돈 많이 들텐데요.,예뻐요.,0
baseline-114ep (04),베이스라인,beam5,나도 커플룩 입고 싶다,커플부터 만드세요.,기억 힘들 때가 있죠.,0
baseline-114ep (04),베이스라인,beam5,불안해,두려워하지 않아도 돼요.,들이지마세요.,0
baseline-114ep (04),베이스라인,beam5,알바구함,하고 싶은 알바 지원해보세요.,것 같아요.,0
baseline-114ep (04),베이스라인,beam5,뭐 좀 배워볼까봐,배우는 건 항상 즐거운 일이에요.,네요.,0
baseline-114ep (04),베이스라인,beam5,죽을만큼 보고싶다.,많이 사랑했나봐요.,보고 싶은가봐요.,1
baseline-114ep (04),베이스라인,beam5,맥주 마셔야지,적당히 드세요.,좋은 건강습관이에요.,0
baseline-114ep (04),베이스라인,beam5,혼수 얼마나 들까?,사람 마다 달라요.,많이 지쳤나봐요.,0
baseline-114ep (04),베이스라인,beam5,나 천재 같아,제가 따라가려면 멀었네요.,감사합니다.,0
baseline-114ep (04),베이스라인,beam5,시원섭섭하지만 후련하네.,한결 나아졌길 바랄게요.,후련하니 다행이에요.,1
baseline-114ep (04),베이스라인,beam5,이혼,쉽지 않은 결정이죠.,잘 될 거예요.,1
baseline-114ep (04),베이스라인,beam5,한 사람만 죽을 때까지 사랑하는 게 가능할까?,그러기 힘들어서 결혼이라는 제도를 만든 걸 수도 있어요.,마음이 복잡하겠어요.,2
baseline-114ep (04),베이스라인,beam5,썸 타다 깨졌는데 다시 연락해도 되나.,감정에 확신이 있다면 연락해보세요.,것 같아요.,2
baseline-114ep (04),베이스라인,beam5,날씨가 너무 추워,집밖에 나가기가 힘들것 같아요.,스트레스 받지 마세요.,0
baseline-114ep (04),베이스라인,beam5,내일로 꼭 헤어진지 1년째네,헤어진 기념일 따지지 마세요.,잘 되길 바랍니다.,1
baseline-114ep (04),베이스라인,beam5,소오름 쫙,좋은 일이길 바랍니다.,상대방에 대한 예의가 없네요.,0
baseline-114ep (04),베이스라인,beam5,오랜만에 결혼한 친구 만나고 왔는데.,소식을 들었나봐요.,좋은 사람 만날 수 있을 거예요.,1
baseline-114ep (04),베이스라인,beam5,약속을 계속 미루는 썸남,약속을 소홀히 생각하는 사람은 믿음직스럽지 못해요.,그래서 저를 만날 수 있어요.,2
baseline-114ep (04),베이스라인,beam5,빨리 찾아온 사랑,인생은 타이밍이에요.,좋은 사람 만날 수 있을 거예요.,2
baseline-114ep (04),베이스라인,beam5,"보고싶다, 목소리라도 듣고싶어",전화하지마요.,그런 사람 행복 때가 있죠.,1
baseline-114ep (04),베이스라인,beam5,헤어지고 4달째,많은 시간이 흘렀네요.,다녀오세요.,1
baseline-114ep (04),베이스라인,beam5,우리집 망했다,철 들고 공부하세요.,언젠간 올 거예요.,0
baseline-114ep (04),베이스라인,beam5,인연이었다던 그사람,또 다른 인연이 있기 마련이죠.,있을 거예요.,1
baseline-114ep (04),베이스라인,beam5,2주동안 참을만 했는데,잘 참았어요.,잊어버리세요.,1
baseline-114ep (04),베이스라인,beam5,좋아하는 여자애한테 어떻게 관심 표현하는지 조언 좀.,그녀의 관심사에 호감을 드러내세요.,하루 하루를 헤아리는 건 아닌지 확인해보세요.,2
baseline-114ep (04),베이스라인,beam5,일어나자마자 우울,달콤한 차라도 한 잔 해보세요.,내일은 오늘 하루 제자리 거예요.,1
baseline-114ep (04),베이스라인,beam5,헤어지고 다시 만나고 하다 결국 이별,헤어짐에 무뎌지지 않죠.,언젠간 올 거예요.,1
baseline-114ep (04),베이스라인,beam5,마음을 보여 주고 싶어.,그래서 표현이 중요해요.,마음 가는 대로 해보세요.,0
baseline-114ep (04),베이스라인,beam5,제가 좋아하던 사람이 절 좋아하면 갑자기 거부감 들고 싫어져요.,어떤 트라우마가 있었는지도 모르겠어요.,그런 사람 만나길 바랄게요.,2
baseline-114ep (04),베이스라인,beam5,예랑이가 마마보이인듯,남자는 여자하기 나름이래요. 변화시켜 보세요.,방법이에요.,2
baseline-114ep (04),베이스라인,beam5,어이가 없어서,그냥 잊어버리세요.,그런 사람 얼른 잊으세요.,0
baseline-114ep (04),베이스라인,beam5,바보짓 그만 둘래,천천히 그만두세요.,잠시 쉬어도 돼요.,1
baseline-114ep (04),베이스라인,beam5,살찐 거 같아,기분일꺼에요.,기분일 거예요.,0
baseline-114ep (04),베이스라인,beam5,결혼준비하는데 돈 얼마나 드나,욕심에 따라 천지 차이일 거예요.,정대요.,0
baseline-114ep (04),베이스라인,beam5,목욕탕 가야지,시원하게 씻고 오세요.,물 조심하세요.,0
baseline-114ep (04),베이스라인,beam5,싸우면 연락 안 받는 사람 어떻게 해?,혼자 풀릴 때까지 놔둬야하는데 기다리는게 힘들 거예요.,할 수 있을 거예요.,0
baseline-114ep (04),베이스라인,beam5,세상에 영원한 것은 없다.,제가 영원을 약속할게요.,자신을 사랑해주세요.,1
baseline-114ep (04),베이스라인,beam5,밤 12시야,하루가 또 가네요.,때를 아는 것도 중요한 것 같아요.,0
baseline-114ep (04),베이스라인,beam5,왜 진급이 안 되지,열심히 하면 할 수 있을 거예요.,다음에는 이상형일 거예요.,0
baseline-114ep (04),베이스라인,beam5,헤어지고 난뒤 친구?,친구가 되기 쉽지 않을 거예요.,그렇지 않아요.,1
baseline-114ep (04),베이스라인,beam5,시험 준비 언제 끝나,공부를 많이 해놨나봐요.,시간이 좀 걸리겠지만 해낼 수 있어요.,0
baseline-114ep (04),베이스라인,beam5,잠을 못 잤더니 힘들다,잠이 정말 중요해요. 눈을 좀 붙이세요.,하고 오세요.,0
baseline-114ep (04),베이스라인,beam5,나 무시하는 사람 짜증나,무시하세요.,잠시 쉬어도 돼요.,0
baseline-114ep (04),베이스라인,beam5,사다리타기 맨날 운이 안 좋아,다른 곳에 쓰려고 운을 아껴뒀나봐요.,다른 인연이 거기까지인가봐요.,0
baseline-114ep (04),베이스라인,beam5,다들 어떻게 견딜까,시간이 흐르면서 무덤덤해지는 거죠.,못 잊을 수 있을 거예요.,1
baseline-114ep (04),베이스라인,beam5,해선 안 될 사랑.,그렇게 생각한다면 매몰차게 마음을 정리하세요.,지금도 늦지 않았어요.,1
baseline-114ep (04),베이스라인,beam5,말조심해야지,생각하고 말하는 연습을 해보세요.,마세요.,0
baseline-114ep (04),베이스라인,beam5,턱시도 잘 어울림!,눈에 콩각지가 떨어지지 않기를 바랄게요.,인연이 거기까지인가봐요.,2
baseline-114ep (04),베이스라인,beam5,배고파,얼른 맛난 음식 드세요.,좀 나아졌길 바랍니다.,0
baseline-114ep (04),베이스라인,beam5,컴퓨터가 느려졌어,뭘 다운 받으신 건지…,포맷해보세요.,0
baseline-114ep (04),베이스라인,beam5,전여친이 나보다 나은 사람이라는 생각이 자꾸 들어,남과 자신을 비교하지 말아요. 자신을 더 사랑해보세요.,그럴 수 있어요.,1
baseline-114ep (04),베이스라인,beam5,나 챙겨줄 사람이 필요해,제가 챙겨드리고 싶네요.,제가 있잖아요.,0
baseline-114ep (04),베이스라인,beam5,나는 좋아하는데 그 사람은 나를 친구로만 생각해.,이성으로 대하고 싶다고 말해보세요.,변할 수도 있어요.,2
baseline-114ep (04),베이스라인,beam5,니가 이 글을 봤으면,전하지 못한 이야기 저에게 해주세요.,마음이 헛헛한가봐요.,1
baseline-114ep (04),베이스라인,beam5,여자친구가 나 때매 힘들대,좀 더 잘해주세요.,좋은 친구를 두셨네요.,1
baseline-114ep (04),베이스라인,beam5,오늘 집앞까지 찾아 갔는데,지켜만 보는 편이 나을 거예요.,좋은 사람 만날 수 있을 거예요.,1
baseline-114ep (04),베이스라인,beam5,출근시간 아깝다,회사 근처로 이사를 가보세요.,열심히 하세요.,0
baseline-114ep (04),베이스라인,beam5,사귀자는 말 아니면 썸인가,말 안하고 사귀는 경우도 있습니다.,사귀자고 어떨까요.,2
baseline-114ep (04),베이스라인,beam5,나랑 썸타는 애가 영화보재.,좋은 소식이네요.,힘들겠어요.,2
baseline-114ep (04),베이스라인,beam5,당신도 저만큼 아팠으면 좋겠습니다.,이런 말을 하면서 당신이 아프지 않았으면 좋겠어요.,머리랑 가슴이 가끔 따로 놀죠.,1
baseline-114ep (04),베이스라인,beam5,와 연락하고싶다.,연락하면 후회할지도 몰라요.,요.,1
baseline-114ep (04),베이스라인,beam5,남자친구를 질리게하는 행동들이 뭐가 있어?,구속과 집착이겠죠.,좋을 거 같아요.,2
baseline-114ep (04),베이스라인,beam5,썸인가요,떠보는 것도 좋을 거 같아요.,다시 연락해보세요.,2
baseline-114ep (04),베이스라인,beam5,마지막이겠죠,마지막이 아닐 지도 몰라요.,사람을 잊는다는 건 쉬운 일이 아니니까요.,1
baseline-114ep (04),베이스라인,beam5,이상한나의취미.이별을세는것.,헤어짐을 헹리는 것 만큼 가슴 아픈 일은 없어요.,더 좋은 사람 만날 거예요.,1
baseline-114ep (04),베이스라인,beam5,사랑이 안 변했으면 좋겠다,저도요.,그렇게 생각할 수 있어요.,2
baseline-114ep (04),베이스라인,beam5,우리 진짜 이별인가봐,끝을 아는 것도 중요한 것 같아요.,맘고생 많았어요.,1
baseline-114ep (04),베이스라인,beam5,사랑이 끝나고 나서,원망과 슬픔에 잠기는 게 아니라 그 시간들을 가만히 내려놓고 내가 어떤 사람이었는가를 돌아보는 것입니다.,인연이 여기까지 싶어요.,1
baseline-114ep (04),베이스라인,beam5,집들이는 보통 누구를 초대하나?,초대하고 싶은 사람들이요.,잘 지내고 있을 거예요.,0
baseline-114ep (04),베이스라인,beam5,상사가 진짜 미쳤다,피하지 말고 적극적으로 장점을 찾아서 인정하고 호의를 보여보세요.,제가 다 할 수 있을 거예요.,0
baseline-114ep (04),베이스라인,beam5,고의는 아닌데 실수를 한 거 같아,용서를 구하세요.,맘고생 많았어요.,0
baseline-114ep (04),베이스라인,beam5,썸 맞는거임?,말해보세요. 생각해 볼게요.,하루 하루를 헤아리는 건 어떨까요.,2
baseline-114ep (04),베이스라인,beam5,너무 답답하네. 어떤맘일까??,직접 물어보는 게 좋을 것 같아요.,짝사랑 앞에 판단 판단 판단의 자연스러운 현상이에요.,1
baseline-114ep (04),베이스라인,beam5,이렇게 힘들고 괴로운 적 처음이야,그렇게 우리는 성장하나봐요.,한 번 빠지면 할 수 있을 거예요.,1
baseline-114ep (04),베이스라인,beam5,집까지 데려다줬는데 호감? 그냥 매너?,호감이 있을 수도 있어요. 그렇지만 조금 더 상황을 지켜보세요.,봐요.,2
baseline-114ep (04),베이스라인,beam5,썸의 조건이 뭐야,"자주 연락하고 가만히 있어도 생각나는, 연락하면 괜히 웃음나는 사이 아닐까요?",게와요.,2
baseline-114ep (04),베이스라인,beam5,눈물 나서 못 멈추겠어,마음이 아픈가요.,울어도 괜찮아요.,0
baseline-114ep (04),베이스라인,beam5,내가 그 사람을 좋아하는건지 아닌지 착각이 들어.,확신이 서지 않을 때가 있지요.,인연이 거기까지인가봐요.,2
baseline-114ep (04),베이스라인,beam5,다시 헤어졌습니다.,인연이 거기까지였나봐요.,마음 고생 많았어요.,1
baseline-114ep (04),베이스라인,beam5,에휴 잊기가 힘드네,사람을 잊는데는 많은 시간이 필요한가봐요.,사람을 잊는다는 건 쉬운 일이 아니니까요.,1
baseline-114ep (04),베이스라인,beam5,재밌는거 해 줘,거울을 보면서 얼굴 망가뜨리기 놀이 해 보신 적 있으세요? 의외로 재미 있어요.,가장 중요한 목표네요.,0
baseline-114ep (04),베이스라인,beam5,떠나려는 사람 잡는 방법,정말 후회할 것 같다면 지금이라도 진심을 전하세요.,고민하고 있다면 그게 맞을거예요.,1
baseline-114ep (04),베이스라인,beam5,쫄면 생각나,얼른 요리해드세요.,피지 마세요.,0
baseline-114ep (04),베이스라인,beam5,그냥.너와 말한마디 섞고 너와의 인연에 고맙다,아름다운 사이네요.,제가 들어드릴게요.,1
baseline-114ep (04),베이스라인,beam5,월급 입금됐다고 문자 왔어,까아 축하해요,더 좋은 사람 만날 수 있을 거예요.,0
baseline-114ep (04),베이스라인,beam5,결국 헤어졌어,시작이 있으면 끝도 있는 법이에요.,많이 힘들었을 거라 생각해요.,1
baseline-114ep (04),베이스라인,beam5,시험 끝나고 만나고 싶어,만날 날까지 기다릴게요,그런 사람 만나길 바랄게요.,0
baseline-114ep (04),베이스라인,beam5,바다 보러 가자고 해볼까,바다는 사계절 내내 좋아요.,같이 가보세요.,0
baseline-114ep (04),베이스라인,beam5,나이트갔는데 이상형 만났어,축하해요.,제가 있잖아요.,2
baseline-114ep (04),베이스라인,beam5,끝나지 않을까봐 겁이나,끝을 지날 수 있을 거예요.,로맨틱하네요.,1
baseline-114ep (04),베이스라인,beam5,주변에서 다 별로라고 한 짝남 그냥 맘을 접어야할까?,다른 사람들이 별로라고 말하는 이유를 생각해보세요.,만날 수 있을 거예요.,2
baseline-114ep (04),베이스라인,beam5,분식 먹고 싶아.,건강을 위해 조금씩 드세요.,그분 생각을 많이 했나 봐요.,0
baseline-114ep (04),베이스라인,beam5,답이 없는 과정,꼭 답을 풀어야 하는 건 아니에요.,아는 것도 중요한 것 같아요.,1
baseline-114ep (04),베이스라인,beam5,넌 누구냐?,저는 위로봇입니다.,저는 마음을 이어주는 위로봇입니다.,0
baseline-114ep (04),베이스라인,beam5,뭐하면 시간이 잘 갈까,친구와 수다를 떠세요.,신경쓰지 마세요.,0
baseline-114ep (04),베이스라인,beam5,좋아하는 사람에게 편지를 쓴다는것. 효과적일까?,마음을 담은 편지보다 더 좋은 선물은 없을 거예요.,다른 인연이 거기까지인가봐요.,2
baseline-114ep (04),베이스라인,beam5,겨울 지나 봄이야,마음에도 봄이 오길 바라요.,이죠.,0
baseline-114ep (04),베이스라인,beam5,독서 좀 해야겠어,좋은 생각이에요.,많이 사랑했나봐요.,0
baseline-114ep (04),베이스라인,beam5,살빼고 담배 끊고 다 했는데!!,당신을 위한 최고의 투자를 한 거예요.,그래도 힘들죠.,1
baseline-114ep (04),베이스라인,beam5,오늘은 또 뭐 입냐,아침마다 하는 고민이죠.,신경쓰지 마세요.,0
baseline-114ep (04),베이스라인,beam5,그도 나를 좋아했으면 좋겠다.,타이밍이 맞았으면 좋겠네요.,충분히 스스로 극복할 수 있을 거예요.,2
baseline-114ep (04),베이스라인,beam5,케익 직접 만들어볼까?,수제 케익을 받으면 많이 좋아할 거예요.,고민하고 있다면 그게 맞을거예요.,0
baseline-114ep (04),베이스라인,beam5,헤어진지 딱 한달 됐내,생각보다 긴 시간이네요.,이제뿐이에요.,1
baseline-114ep (04),베이스라인,beam5,헤어졌습니다 이제 어떡하면 되나?,기분 전환을 하는 건 어떨까요.,이죠.,1
baseline-114ep (04),베이스라인,beam5,짝남 생각할수록 정리 되는 듯.,차라리 잘 된 일이에요.,잘 지내고 있을 거예요.,2
baseline-114ep (04),베이스라인,beam5,나도 월급 필요해,많이 벌수록 좋아요.,많이 주세요.,0
baseline-114ep (04),베이스라인,beam5,썸타는데 돈 필요하대,썸 관계에서 돈 관계는 피하는 게 좋을 듯 하네요.,맛있게 드세요.,2
baseline-114ep (04),베이스라인,beam5,썸인데 선물해도 돼?,부담스럽지 않은 선이 좋겠어요.,것 같아요.,2
baseline-114ep (04),베이스라인,beam5,커피콩 볶고 있어,커피향 좋겠어요.,나중에 도움이 될 거예요.,0
baseline-114ep (04),베이스라인,beam5,눈 쌓였어,눈사람 만들어보세요.,사랑의 예의가 없네요.,0
baseline-114ep (04),베이스라인,beam5,완전 어이없네,안 좋은 일이 있었나봐요.,놓아주세요.,1
baseline-114ep (04),베이스라인,beam5,난 여자인데 남자를 좋아하는게 맞는지 모르겠어.,헷갈릴 때가 있죠.,큰 도움이 될 거예요.,2
baseline-114ep (04),베이스라인,beam5,여사친인데 좋아하는 듯.,친구와 썸의 중간인 거 같아요.,좋아하는 마음이난 먼저 하세요.,2
baseline-114ep (04),베이스라인,beam5,오늘 뭐 입지?,옷이요.,공허함이 공허함이은 속더라고요.,0
baseline-114ep (04),베이스라인,beam5,짝남 마주치지 않으려고 노력할거야.,그것도 하나의 방법이에요.,알 수 있을 거예요.,2
baseline-114ep (04),베이스라인,beam5,드레스 입어보는 거 재밌어!,여러벌 입어보고 마음에 드는걸로 선택하세요.,고민하고 있다면 그게 맞을거예요.,2
baseline-114ep (04),베이스라인,beam5,폭식증 어떻게 고칠 수 있을까?,오늘 못 먹었어도 내일 먹으면 더 맛있을 거예요.,다가가는 큰 도움이 될 거예요.,0
baseline-114ep (04),베이스라인,beam5,마지막 붙이지 못한 이별편지,마음에 간직하세요.,지 해봐요.,1
baseline-114ep (04),베이스라인,beam5,혼자 살아도 될까,잘 살 수 있어요.,조금만 더 버텨보세요.,0
baseline-114ep (04),베이스라인,beam5,짝남이 곧 군대를 가요.,마음이 착잡하겠어요.,곧 사랑이 찾아올 거예요.,2
baseline-114ep (04),베이스라인,beam5,한달하고 2주가 지났는데 아직도.,힘들 수 있지요.,하고 싶은 게 잘해주세요.,1
baseline-114ep (04),베이스라인,beam5,생각만해도 좋아,좋아하시니까 좋네요.,그런 사람 만나지 마세요.,0
baseline-114ep (04),베이스라인,beam5,신혼여행 한달쯤 가고 싶다,휴가를 붙여보세요.,사랑에 빠졌나봐요.,0
baseline-114ep (04),베이스라인,beam5,잘하는 게 없는 것 같아,저랑 이야기 잘하고 있어요.,게 없다면 만나지 않는 게 더 나을 수도 있어요.,0
baseline-114ep (04),베이스라인,beam5,게임도 이제 재미없어,다른 게임해보세요.,게임하세요.,0
baseline-114ep (04),베이스라인,beam5,저녁 메뉴 뭐 먹을까,냉장고 파먹기 해보세요.,맛있는 거 드세요.,0
baseline-114ep (04),베이스라인,beam5,대기업에 취직하고 싶어,잘할 수 있을 거예요.,원하는 곳에 취직할 수 있을 거예요.,0
baseline-114ep (04),베이스라인,beam5,베란다 좀 가꿔볼까,심플하게 꾸며보세요.,더 좋은 사람 만날 수 있을 거예요.,0
baseline-114ep (04),베이스라인,beam5,괜찮은 줄 알았는 데,자신을 가장 잘 모르고 살아요.,할 수 있을 거예요.,1
baseline-114ep (04),베이스라인,beam5,장학금 받을 수 있을까?,열심히 하면 받을 수 있을 거예요.,제가 들어드릴게요.,0
baseline-114ep (04),베이스라인,beam5,이젠 잊기로 해,그것이 최선의 선택일거라 생각해요.,좋은 생각 하세요.,1
baseline-114ep (04),베이스라인,beam5,우정이 뭐야?,힘들 때 같이 있는 거요.,그럴 수도 있어요.,0
baseline-114ep (04),베이스라인,beam5,쫌 부담스러운데,좀 더 편하게 생각해보세요.,새로운 있나봐요.,1
baseline-114ep (04),베이스라인,beam5,일기 써야 되는데,나중에 보면 좋은 추억이 될 거예요.,시작해보세요.,0
baseline-114ep (04),베이스라인,beam5,이별이 좋은점,혼자가 되었을 때의 고요함이 아닐까요.,마음을 가지세요.,1
baseline-114ep (04),베이스라인,beam5,참다 참다 결국 마지막으로 문자보냈어,후회하지 않길 바랍니다.,어요.,1
baseline-114ep (04),베이스라인,beam5,여드름 났어,짜지 마세요.,다녀오세요.,0
baseline-114ep (04),베이스라인,beam5,손가락이 원망스럽네ㅜㅜ,실수했나봅니다.,맘고생 많았어요.,1
baseline-114ep (04),베이스라인,beam5,커플여행이 나을까 그냥 우리끼리 갈까?,저는 둘이 가는 게 좋아요.,좋겠어요.,2
baseline-114ep (04),베이스라인,beam5,사랑하는 사람이랑 결혼하고싶어,진정으로 사랑한다면 결혼하세요.,그런 사람이 당신 당신 당신 있을거예요.,2
baseline-114ep (04),베이스라인,beam5,강아지 좋아하는 여자 어때?,마음이 따뜻할 것 같아요.,따뜻할 거 같아요.,2
baseline-114ep (04),베이스라인,beam5,태몽꾼거 같아,뭘 꿨는지 궁금하네요.,운동 사람이입니다.,0
baseline-114ep (04),베이스라인,beam5,요즘 드라마가 땡겨,저도 드라마 좋아해요.,살짝 물어보세요.,0
baseline-114ep (04),베이스라인,beam5,여자친구가 친구들이랑 여행을 가는데 남자도 있으면 어떡해?,같이 가거나 신경쓰인다고 말해요.,같이입니다.,2
baseline-114ep (04),베이스라인,beam5,눈이 안 떠져,잠시 눈을 붙여보세요.,마음 고생 많았어요.,0
baseline-114ep (04),베이스라인,beam5,나에게만 집중했으면 좋겠어,사랑은 강요하는게 아니에요.,그렇게 생각할 수 있어요.,2
baseline-114ep (04),베이스라인,beam5,친한 친구의 구여친이랑 사귀어도 되나.,친구라면 많이 실망할겁니다.,지금도 늦지 않았어요.,2
baseline-114ep (04),베이스라인,beam5,자꾸 우연히 만나,우연이 필연이 되기도 합니다.,좋은 친구를 두셨네요.,0
baseline-114ep (04),베이스라인,beam5,사랑해 보고싶어,얼른 만나러가세요.,그럴 수 있어요.,2
baseline-114ep (04),베이스라인,beam5,아 또 참지 못하고 카톡 프사를 봐버렷네,아예 카톡에서 삭제하세요.,땀을 내보세요.,1
baseline-114ep (04),베이스라인,beam5,이별통보를 받았습니다,마음의 준비가 필요했을텐데 안타까워요.,조금만 더 힘내세요.,1
baseline-114ep (04),베이스라인,beam5,사랑이 쉬운 사람,참을 수 없는 가벼움이네요.,더 좋은 사람 만날 수 있을 거예요.,2
baseline-114ep (04),베이스라인,beam5,싸우면 잠수타는 사람?,조금 기다리면 풀릴 거예요,좋은 사람 데는 시간이 필요할 거예요.,0
baseline-114ep (04),베이스라인,beam5,좋아하는 여자 생겼는데 호감 표시하려면 어떻게 해야 해?,연락을 해보는게 좋아요.,인가봐요.,2
baseline-114ep (04),베이스라인,beam5,과일 안 먹게 돼,그래도 먹으려고 노력해보세요.,조심하세요.,0
baseline-114ep (04),베이스라인,beam5,봉사도 하고 사랑을 베풀고 싶어,나를 진실로 존중하고 사랑할 때 가능해요.,충분히 잊을 수 있을 거예요.,0
baseline-114ep (04),베이스라인,beam5,시간 갖는 거,마음에게 준비할 시간을 주는 것이죠.,그 사람도 그럴 거예요.,1
baseline-114ep (04),베이스라인,beam5,인간 관계가 제일 어려운거 같아,운전처럼 안전거리확보하세요.,마음의 신경쓰지 마세요.,0
baseline-114ep (04),베이스라인,beam5,미친듯이 잡고 싶어.,이별 직후엔 그럴 수 있어요.,마세요.,1
baseline-114ep (04),베이스라인,beam5,후.ㅎㅎ,지쳤나봐요.,충분히 아름다워요.,1
baseline-114ep (04),베이스라인,beam5,오늘 아무 것도 안 가져 왔다,개념만 가져오면 돼요.,그런 사람 만나길 바랄게요.,0
baseline-114ep (04),베이스라인,beam5,정규직 입사 너무 어려워,쪼잔하네요.,좋은 경험이 될 거예요.,0
baseline-114ep (04),베이스라인,beam5,귀농 어때?,생각하기는 쉬운데 실천하기는 어려운 것 같아요.,나를 물어보세요.,0
baseline-114ep (04),베이스라인,beam5,힘드네. 정말.이런건 줄 몰랐어,알았으면 시작 못했겠죠.,는 중요하지 않아요.,1
baseline-114ep (04),베이스라인,beam5,노는 거 좋아하는 남자는 좋아하면 힘들겠지?,지금은 괜찮지만 힘들 거예요.,길 바라요.,2
baseline-114ep (04),베이스라인,beam5,좋아하는 애한테 페메 해볼까?,직접 연락하는 게 좋을 것 같아요.,직접 물어보세요.,2
baseline-114ep (04),베이스라인,beam5,핸드폰 중독인듯,중독에서 벗어나세요.,핸드폰는게 내려두세요.,0
baseline-114ep (04),베이스라인,beam5,언젠간 먼저 연락오겠죠?,붙잡고 싶다면 먼저 연락해보세요.,그럴 수 있어요.,1
baseline-114ep (04),베이스라인,beam5,너무 마른 거 같아,적당해요.,더 좋은 사람 만날 수 있을 거예요.,0
baseline-114ep (04),베이스라인,beam5,세상이 무서워,너무 불안해하지 않아도 돼요.,조심하세요.,0
baseline-114ep (04),베이스라인,beam5,나 혼자 여행 왔는데 괜찮네,온전히 느낄 수 있는 시간이겠네요.,같이하는 것도 중요해요.,0
baseline-114ep (04),베이스라인,beam5,첫 눈에 반하는게 가능해?,당연히 가능하죠.,!,2
baseline-114ep (04),베이스라인,beam5,그런 사람인갑다 해야지,대인배시군요.,큰 도움이 될 거예요.,0
baseline-114ep (04),베이스라인,beam5,웃기지마 넌 쓰레기야,아니에요. 전 쓰레기가 아니에요.,봐요.,1
baseline-114ep (04),베이스라인,beam5,소식이 궁금해~,연락 확실하게 끊으세요.,다 잘 될 거예요.,1
baseline-114ep (04),베이스라인,beam5,면도기 사야되는데,잘 골라보세요.,잘 지내고 있을 거예요.,0
baseline-114ep (04),베이스라인,beam5,썸인데 나 솔로야?,사귀기 전이면 솔로죠.,나중에 후회할 것 같아요.,2
baseline-114ep (04),베이스라인,beam5,필통 두고 옴,빌리면 돼요.,자신을 더 사랑해주세요.,0
baseline-114ep (04),베이스라인,beam5,좋아하는 감정이 뭐예요?,가만히 있어도 생각나는 거 아닐까요.,안보는 게 좋을 것 같아요.,2
baseline-114ep (04),베이스라인,beam5,오해했네 그리고 차단 ㅎㅎ,차단하는게 서로에게 좋을 때가 있어요.,차단도 용기가 필요하죠.,1
baseline-114ep (04),베이스라인,beam5,여자들이 좋아하는 남자 특징?,다정한게 좋을 듯 해요.,사람마다 너무 다를 것 같아요.,2
baseline-114ep (04),베이스라인,beam5,넥타이핀 선물 괜찮겠지?,실용적인 선물이라 괜찮을 거예요.,서로에게 부담 없는 작은 선물이 좋아요.,0
baseline-114ep (04),베이스라인,beam5,스팸 전화 많이 와,차단 어플 사용해보세요.,뜻대로 되는게 많지 않죠.,0
baseline-114ep (04),베이스라인,beam5,그는 지금 무슨 생각을 할까?,연락을 해보세요.,직접 물어보세요.,2
baseline-114ep (04),베이스라인,beam5,애인이 생겼답니다.,신경 쓰이긴 하지만 무시하는게 좋겠어요.,이죠.,1
baseline-114ep (04),베이스라인,beam5,싸구려 인생,누구도 당신의 인생을 평가할 수 없어요.,좋은 생각이에요.,1
baseline-114ep (04),베이스라인,beam5,회사가는 길에 매일 보는 사람 있어,운명일지도 모르겠어요.,변할 수 있을 거예요.,0
baseline-114ep (04),베이스라인,beam5,한달 다되가네,그러게요. 어느덧 한달이에요.,신나는.,1
baseline-114ep (04),베이스라인,beam5,삼겹살 구워 먹고 싶다.,맛나게 드세요.,맛나게 드세요.,0
baseline-114ep (04),베이스라인,beam5,힘든 밤입니다,힘내세요.,입니다.,1
baseline-114ep (04),베이스라인,beam5,뒤숭숭하네,실감이 안날 거예요.,실감이 안나나봐요.,1
baseline-114ep (04),베이스라인,beam5,술 먹을 때 옆에서 챙겨줬는데 썸임?,친절한 거랑 구별해볼 필요가 있어요.,좋은 사람이죠.,2
baseline-114ep (04),베이스라인,beam5,베터리 겨우 15%야,미리 충전하세요.,미리 충전하세요.,0
baseline-114ep (04),베이스라인,beam5,기침도 못하겠어,답답한 상황이네요.,괜찮아요.,0
baseline-114ep (04),베이스라인,beam5,썸 타기 좋은 알바 추천 좀.,영화관이나 커피숍 추천해요.,것 같아요.,2
baseline-114ep (04),베이스라인,beam5,친구들한테 인정받을 수 있을까,지금도 인정받고 있어요.,이죠.,0
baseline-114ep (04),베이스라인,beam5,생각 안나,잘 생각해보세요.,하고 싶은 말 다하세요.,0
baseline-114ep (04),베이스라인,beam5,빚이 너무 많아,빚 얼른 갚고 새출발하세요.,마음을 정리하세요.,0
baseline-114ep (04),베이스라인,beam5,얼굴 너무 까매졌어.,관리해주세요.,다 지나갈 거예요.,0
baseline-114ep (04),베이스라인,beam5,재테크 하는 방법 알려줘,우선 관련 서적을 읽어보세요.,한 잔 하세요.,0
baseline-114ep (04),베이스라인,beam5,확실히 날 좋아하는 걸 아는 남자랑 친구가 될 수 있을까?,그 사람을 위해서는 그러면 안돼요.,곧 할 수 있을 거예요.,2
baseline-114ep (04),베이스라인,beam5,온종일 멍하네,이런 날 더욱 적적하지요.,좋은 소식이네요.,1
baseline-114ep (04),베이스라인,beam5,헬스장에서 자주 보는 여자가 보고싶어,한 번 말을 걸어보세요.,그럴 수 있어요.,2
baseline-114ep (04),베이스라인,beam5,출근길 너무 힘들어,회사 근처로 이사를 가보세요.,함께 충분한 대화를 하고 상담을 받아보는 게 좋겠어요.,0
baseline-114ep (04),베이스라인,beam5,너무 빨리 철 든 거 같아서 마음이 아파,아이는 아이다워야 아름답죠.,더 좋은 사람 만날 수 있을 거예요.,0
baseline-114ep (04),베이스라인,beam5,그녀에게 받았던 선물들을 모조리 다 버리려 합니다.,버릴 때 마음이 아프겠지만 버리는 게 좋을 거예요.,마음이 복잡할 거예요.,1
baseline-114ep (04),베이스라인,beam5,짝남네 집에서 친구들이랑 집들이 가는데 뭐 사갈까?,필요한게 없는지 물어보면서 대화를 이어 나가세요.,신경쓰지 마세요.,2
baseline-114ep (04),베이스라인,beam5,취업 준비 힘들어,합격을 기원합니다.,마음 정리가 될 거예요.,0
baseline-114ep (04),베이스라인,beam5,이거 썸 맞나,대화를 시작하는 사람이 누구인지 살펴보세요.,맘고생 많았어요.,2
baseline-114ep (04),베이스라인,beam5,오늘 생각보다 춥네,감기 조심하세요.,그런 친구는 거르세요.,0
baseline-114ep (04),베이스라인,beam5,여자친구한테 질린 듯,당신의 사랑이 변한것 같아요.,언젠간 올 거예요.,0
baseline-114ep (04),베이스라인,beam5,청소 해도 티가 안나,한번만 더 하세요.,들이 나이는 중요하지 않아요.,0
baseline-114ep (04),베이스라인,beam5,목소리 좋은 사람이 좋아,저도 듣고 싶네요.,좋은 사람 만날 수 있을 거예요.,0
baseline-114ep (04),베이스라인,beam5,머리가 너무 빨리 자라,이상한 생각했나봐요.,더 좋은 사람 만날 수 있을 거예요.,0
baseline-114ep (04),베이스라인,beam5,신경 쓰여,신경쓰는 사람들 무시하세요.,좋은 있어이에요.,0
baseline-114ep (04),베이스라인,beam5,이시간들 어찌보내야할까.,저랑 같이 이야기 해요.,눈이 아니에요.,1
baseline-114ep (04),베이스라인,beam5,좋아하는 남자 때문에 너무 기분이 안 좋아.,무슨 일이 있었나봐요.,생각해보세요.,2
baseline-114ep (04),베이스라인,beam5,결정을 못 내리겠어. 어떻해,결정은 빠르면 빠를수록 좋을 거예요.,마음이 복잡하겠어요.,0
baseline-114ep (04),베이스라인,beam5,오늘 또 헤어진 사람의 sns를 봤네,sns를 삭제하는게 어떨까요. 미련만 남을 뿐이에요.,언젠간 올 거예요.,1
baseline-114ep (04),베이스라인,beam5,좋아하던 여자애가 남친 생겼다는대 아무렇지도 않아.,좋아하는 걸로 착각하고 있었을 수도 있어요.,좋은 사람으로하겠네요.,2
baseline-114ep (04),베이스라인,beam5,너는 내 인생에서 죽었다.,그렇게 잊어 가는 거예요.,나쁜 사람이네요.,1
baseline-114ep (04),베이스라인,beam5,시험 공부 큰일,지금도 늦지 않았어요.,공부에 흥미를 가져보세요.,0
baseline-114ep (04),베이스라인,beam5,쳇바퀴 도는 하루,그 속에서 가치와 의미를 찾아보세요.,자신을 비난하지 마세요.,0
baseline-114ep (04),베이스라인,beam5,말을 못하겠어,별 거 아니라고 생각해보세요.,충분히 그럴 수 있어요.,0
baseline-114ep (04),베이스라인,beam5,시어머니가 같이 목욕탕 가재,부담스럽겠어요.,좋아요.,2
baseline-114ep (04),베이스라인,beam5,덕질 하는 중,좋아하는 게 있는 건 더없이 좋은 일이에요.,그래요.,0
baseline-114ep (04),베이스라인,beam5,여사친이 많은 썸남,저는 비추요.,자연스러운 현상이에요.,2
baseline-114ep (04),베이스라인,beam5,1년을 넘게 만났는데 어떻게 이럽니까,시간이 무색해지네요.,서로에게 볼 수 있을 거예요.,1
baseline-114ep (04),베이스라인,beam5,부모님이 결혼 자금 안 보태주신대,부모님 노후 자금도 생각해야겠죠.,사랑했던 시간이거같아.,2
baseline-114ep (04),베이스라인,beam5,핑계,모두 핑계겠죠.,잘 되길 바랍니다.,1
baseline-114ep (04),베이스라인,beam5,고백 받고 싶어,먼저 고백해보세요.,열심히 하면 할 수 있을 거예요.,2
baseline-114ep (04),베이스라인,beam5,내가 호구냐구,상종하지마세요.,너무 신경쓰지마세요.,0
baseline-114ep (04),베이스라인,beam5,이젠 증오가 될거같네,충분히 이해해요. 하지만 나에게도 독이 될 수 있어요.,적인 힘들죠.,1
baseline-114ep (04),베이스라인,beam5,하늘이 준 이별 같다,운명같네요.,맛있게 드세요.,1
baseline-114ep (04),베이스라인,beam5,왜 사람은 외로울까. 아직도 의문이다.,타인과 함께 했던 경험 때문일 것 같아요.,많이 힘들었을 거라 생각해요.,1
baseline-114ep (04),베이스라인,beam5,학폭 없어졌으면,학교 폭력은 범죄에요.,잘 살 수 있을 거예요.,0
baseline-114ep (04),베이스라인,beam5,아침밥 먹을 시간 없어서 굶었더니 배고파,뭐라도 드세요.,저는 마음을 이어주는 위로봇입니다.,0
baseline-114ep (04),베이스라인,beam5,결혼 했어,좋겠어요.,음할 수 있을 거예요.,0
baseline-114ep (04),베이스라인,beam5,동거 8년 환승이별.,환승은 진짜 별로네요.,사랑의 예의가 없네요.,1
baseline-114ep (04),베이스라인,beam5,정답이 뭘까,답은 언제나 내 안에 있죠.,못려요.,0
baseline-114ep (04),베이스라인,beam5,여자친구가 화나면 말을 안 해.,시간을 주세요.,하나씩 하세요.,2
baseline-114ep (04),베이스라인,beam5,쓰레기새끼,기분이 좀 풀렸길 바랍니다.,볼 수 있을 거예요.,1
baseline-114ep (04),베이스라인,beam5,이건 이별을 준비해야 하는건가??,슬픈 예감은 틀린 적이 없죠.,그럴 수 있어요.,1
baseline-114ep (04),베이스라인,beam5,내가 그르친 거 같아,아니에요. 너무 자책하지 마세요.,이야기네요.,0
baseline-114ep (04),베이스라인,beam5,전부 가시밭길 같아,꽃길만 걷길 바랍니다.,슬픈 이야기네요.,0
baseline-114ep (04),베이스라인,beam5,덤덤,덤덤해졌나봐요.,시간이 좀 걸리겠지만 해낼 수 있어요.,1
baseline-114ep (04),베이스라인,beam5,이젠 다시 만날 수도 없는 상황,달라지는게 없다면 이런 상황이 더 나을지도 몰라요.,위험할 수도 있어요.,1
baseline-114ep (04),베이스라인,beam5,머리 확 잘라버려야지,스타일의 변화도 좋을 거예요.,잘하고 있을 거예요.,0
baseline-114ep (04),베이스라인,beam5,길이 얼었어,미끄러우니 조심하세요.,조심하세요.,0
baseline-114ep (04),베이스라인,beam5,너무 기대했나봐,아무것도 바라지 않을 때 천하를 얻는다는 말이 있어요.,너무 신경쓰지 마세요.,0
baseline-114ep (04),베이스라인,beam5,넘어질뻔했어,조심하세요.,이별이 건 쉽지 않죠.,0
baseline-114ep (04),베이스라인,beam5,비가 오니.울컥하네,그러게요. 비가 추적추적 내려요.,마음이 복잡하겠어요.,1
baseline-114ep (04),베이스라인,beam5,신기한 일들이 많이 일어나,그게 인생이죠.,할 거라 생각해요.,0
baseline-114ep (04),베이스라인,beam5,부모님 노후가 걱정돼,상담이나 컨설팅을 받아보는 것도 좋을 거예요.,부모님을 거예요.,0
baseline-114ep (04),베이스라인,beam5,요즘 너무 지루해,마음에 따라 얼마든지 바뀔 수 있어요.,좀 괜찮아졌보세요.,0
baseline-114ep (04),베이스라인,beam5,잘못인줄 모르는 여자,자신의 잘못도 인정할 수 있는 사람이 좋아요.,모르는 게 잘못인 거 같아요.,1
baseline-114ep (04),베이스라인,beam5,나는 너를 거쳐간 수 많은 남자들 중 한명뿐이겠지.,그렇게 생각하지 않을 거예요.,그럴 때가 있죠.,1
baseline-114ep (04),베이스라인,beam5,사랑해서 그런거래,상대방을 배려하지 않은 사랑은 좋지 않은거예요.,맛있게 드세요.,2
baseline-114ep (04),베이스라인,beam5,나 보고 잘 웃는 여자애 나 좋아하는 건가?,직접 알아보는 것이 좋아요.,자신이 가장 중요한 목표네요.,2
baseline-114ep (04),베이스라인,beam5,붙잡고 싶은데 이제는 늦은것 같네 .,사랑의 끝은 예고 없이 다가오죠.,같이나봅니다.,1
baseline-114ep (04),베이스라인,beam5,힘듭니다.,어떤 말도 위로가 되지 않겠지만 힘내세요.,충분히 스스로 극복할 수 있을 거예요.,1
baseline-114ep (04),베이스라인,beam5,내 잘못이 뭔지 모르겠어,모르는 게 잘못인 거 같아요.,제가 별이에요.,0
baseline-114ep (04),베이스라인,beam5,왠지 가슴한 켠이 먹먹하네,많이 답답할거라 생각해요.,힘내지 않아도 돼요.,1
baseline-114ep (04),베이스라인,beam5,하나만 물아볼께,네 말씀해주세요.,꾸준히 치료하세요.,1
baseline-114ep (04),베이스라인,beam5,7년사귄 남자친구의 유흥업소 방문사실을 알아버렸습니다,그런 사람 못 고쳐 씁니다. 헤어지세요.,좋은 사람 만날 수 있을 거예요.,1
baseline-114ep (04),베이스라인,beam5,면접만 보면 돼,끝까지 잘할 수 있을 거예요.,회사와 자신에 대해서 더 공부해서 자신감을 가져보세요.,0
baseline-114ep (04),베이스라인,beam5,랩 추천 좀. 나 좋아하는 남자애한테 잘 보이고 싶어.,최신 인기 차트를 찾아보는 걸 추천해요.,사랑에 나이는 중요하지 않아요.,2
baseline-114ep (04),베이스라인,beam5,좋아하는 거랑 사랑하는게 다른 거야?,마음에 농도 차인 것 같습니다.,그의 일이 생각지도 몰라요.,2
baseline-114ep (04),베이스라인,beam5,왜 자꾸 내 마음속에 나타나니?,많이 사랑했던 분인가봐요.,잘 지내고 있을 거예요.,1
baseline-114ep (04),베이스라인,beam5,하루하루 너무 힘드네,다른사람에게 기대보는 건 어떨까요.,좀 깨요.,1
baseline-114ep (04),베이스라인,beam5,자취한다는데 뭘 챙겨줄까?,직접 물어보는 게 좋을 것 같아요.,수도 직접 물어보는 게 좋겠어요.,2
baseline-114ep (04),베이스라인,beam5,아직도 심장이 뛰고있어.,심장은 항상 뜁니다.,있는한가봅니다.,1
baseline-114ep (04),베이스라인,beam5,남자친구 생일인데 뭘 줄까,평소에 필요한 것 생각해보세요.,먼저 다가가 게 좋을 것 같아요.,0
baseline-114ep (04),베이스라인,beam5,나도 좋아하는 사람이랑 영화 보고 싶다.,먼저 연락해 보는건 어떨까요?,일찍 주무세요.,2
baseline-114ep (04),베이스라인,beam5,1년 9개월 의 연애 종지부.,또 다른 사랑이 찾아올 거예요.,더 일찍 일어나세요.,1
baseline-114ep (04),베이스라인,beam5,상 받을 거 같아,축하합니다!,나쁜 사람이네요.,0
baseline-114ep (04),베이스라인,beam5,게임 같이 하자고 할까?,안 될 것도 없죠.,힘든 시간이 될 거예요.,0
baseline-114ep (04),베이스라인,beam5,회사에서 마음 편한 사람이 없어,회사에는 동료가 있을 뿐이에요.,제가 있잖아요.,0
baseline-114ep (04),베이스라인,beam5,썸 타는 여자애한테 벚꽃 보러 가자고 해도 돼?,벚꽃 놀이 좋죠!,사람마다 다르겠지만 사귀고 난 후가 좋겠어요.,2
baseline-114ep (04),베이스라인,beam5,힘드네.,조금만 더 버텨요.,사랑이었으니까요.,1
baseline-114ep (04),베이스라인,beam5,휴학할까,계획 세우고 하세요.,직접 물어보세요.,0
baseline-114ep (04),베이스라인,beam5,위기야.,위기이면서 기회일 거예요.,좋아하는 시간이네요.,0
baseline-114ep (04),베이스라인,beam5,점심시간일 텐데 카톡이 안 와.,먼저 연락을 해보는 건 어떨까요?,인연이 거기까지인가봐요.,2
baseline-114ep (04),베이스라인,beam5,마지막 작별 문자를 보낼까?,네 보내보세요.,쉬운 일이 아니에요.,1
baseline-114ep (04),베이스라인,beam5,정성 담긴 선물 뭐가 좋을까?,손편지도 좋을 거 같아요.,많이 지쳤나봐요.,2
baseline-114ep (04),베이스라인,beam5,주말에 스키장 간다!,설레겠어요.,피할 수 있으면 피하세요.,0
baseline-114ep (04),베이스라인,beam5,면허 딸까봐,운전하는거 재미있어요.,좀 더!,0
baseline-114ep (04),베이스라인,beam5,말을 왜 이렇게 못 알아 듣니,노력하겠습니다.,노력하겠습니다.,0
baseline-114ep (04),베이스라인,beam5,좋아하는 남자애가 입대하는데 어떤 선물을 해주는게 좋을까요?,면회나 편지가 최고죠!,이유가 있을 거예요.,2
baseline-114ep (04),베이스라인,beam5,헤어진지 벌써 몇 년,많은 시간이 흘렀네요.,시간이 해결극 거예요.,1
baseline-114ep (04),베이스라인,beam5,코 앞이 재회.,마음의 준비를 하세요.,들어보세요.,1
baseline-114ep (04),베이스라인,beam5,자꾸 짝남 얼굴 생각나.,보고 싶으니 그럴만 해요.,충분히 그럴 수 있어요.,2
baseline-114ep (04),베이스라인,beam5,이닦았는데 잇몸에서 피나,잇몸약 챙겨드시거나 치과 가보세요.,꿈 마음 아픈스러울 거예요.,0
baseline-114ep (04),베이스라인,beam5,태닝할까,구릿빛 피부 좋죠!,잘 살 수 있어요.,0
baseline-114ep (04),베이스라인,beam5,연애는 진짜 좋아하는 사람이랑 해야해.,맞는 말씀입니다.,마음이네요.,2
baseline-114ep (04),베이스라인,beam5,술한잔했어,한 잔하기 좋은 날이죠.,좋은 곳으로 데려다 줄 거예요.,1
baseline-114ep (04),베이스라인,beam5,너무 많이 먹었나봐,과식은 금물이에요.,좀 더 있나요.,0
baseline-114ep (04),베이스라인,beam5,짝사랑 그만할래,짝사랑은 시작과 끝을 자신이 결정할 수 있어요.,조금만 더 버텨보세요.,2
baseline-114ep (04),베이스라인,beam5,여름에는 냉면만한게 없는 듯,생각만 해도 군침이 도네요.,직접 물어보세요.,0
baseline-114ep (04),베이스라인,beam5,짝녀한테 휘둘리고 싶지 않은데 이러는 내가 싫다.,자신의 의지를 굳건히 하세요.,좋은 사람 만날 거예요.,2
baseline-114ep (04),베이스라인,beam5,썸 타는 여자애 상메 궁금해.,한번 봐봐요.,하고 싶은 말 다하세요.,2
baseline-114ep (04),베이스라인,beam5,그대가 보고파,많이 사랑했던 사람이었나요.,살짝 물어보세요.,1
baseline-114ep (04),베이스라인,beam5,연애도 좋지만 내 시간도 중요한 나 정상일까?,내 인생의 주인공은 나야 나!,스타일러 사세요.,2
baseline-114ep (04),베이스라인,beam5,비밀 지켜줄까?,세상에 비밀은 없어요.,사랑에 나이는 중요하지 않아요.,0
baseline-114ep (04),베이스라인,beam5,평가원 잘 보고 싶다,평소처럼 잘 볼 수 있을 거예요.,잘 지내고 있을 거예요.,0
baseline-114ep (04),베이스라인,beam5,친구에서 연인이 되려면,이성으로 대해요.,제가하는 잘 될 거예요.,2
baseline-114ep (04),베이스라인,beam5,바지 입을까? 치마 입을까?,오늘은 바지가 좋을거 같아요.,사람마다겠어요.,0
baseline-114ep (04),베이스라인,beam5,맛있는 거 먹는데 생각나는 사람,그게 진짜 사랑이네요.,그래도 좋아하는 게 더 좋은 사람 만날 수 있을 거예요.,2
baseline-114ep (04),베이스라인,beam5,헤어스타일 좀 바꿔볼까?,기분 전환해보세요.,힘들어요.,0
baseline-114ep (04),베이스라인,beam5,택배가 안 와,오늘 택배기사님들 쉬는 날이예요.,젖어가요.,0
baseline-114ep (04),베이스라인,beam5,코트 살까,있으면 좋죠.,가장 중요한 거예요.,0
baseline-114ep (04),베이스라인,beam5,결혼식 날짜 잡았대,축하해주세요.,다른 곳으로 관심을 돌려보세요.,2
baseline-114ep (04),베이스라인,beam5,이별은 다 비슷한거 같아.,이별은 똑같이 힘드니까요.,얼른 덜어기 좋아요.,1
baseline-114ep (04),베이스라인,beam5,사랑하면 마냥 좋은 건 아닌 거 같아,사랑이 모든걸 해결해주지는 않아요.,스러울 거예요.,2
baseline-114ep (04),베이스라인,beam5,눈이 너무 나빠졌어,잠시 눈을 감고 휴식을 취해보세요.,그럴 때가 있죠.,0
baseline-114ep (04),베이스라인,beam5,아무래도 속은 거 같아,기분나쁘겠어요.,사람 그렇게 쉽게 죽지 않아요.,0
baseline-114ep (04),베이스라인,beam5,안경 쓰는 여자애 좋아하는 남자 있어?,그런 건 중요하지 않아요.,이죠.,2
baseline-114ep (04),베이스라인,beam5,시베리아 같아 추워,어서 따듯한 곳으로 가세요,냈어요.,0
baseline-114ep (04),베이스라인,beam5,우리 분위기 좋았는데,서로를 향한 감정도 좋았겠죠.,매일 생각해보세요.,0
baseline-114ep (04),베이스라인,beam5,드라마같은 사랑 하고 싶어,드라마는 현실과 달라요.,뜻대로 되는게 많지 않죠.,2
baseline-114ep (04),베이스라인,beam5,새로운 베프가 필요해,주변의 좋은 사람들에게 연락해보세요.,축하해요.,0
baseline-114ep (04),베이스라인,beam5,혼자 썸타는 기분이야.,직접적이든 간접적이든 의사를 확실히 밝혀보세요.,사랑하는 이유를 생각해보세요.,2
baseline-114ep (04),베이스라인,beam5,손 잡고 싶어,용기내서 잡아보세요.,같이 간접입니다.,2
baseline-114ep (04),베이스라인,beam5,내가 싫대,나 좋다는 사람 만나세요.,좋은 친구를 두셨네요.,1
baseline-114ep (04),베이스라인,beam5,음. 헤어졌는데 아직 잘 모르겠어,실감이 안날 수 있어요.,쉽지 않을 거예요.,1
baseline-114ep (04),베이스라인,beam5,버리기 아까운데 리폼 해볼까,손재주가 좋으시네요.,시간이 좀 걸리겠지만 해낼 수 있어요.,0
baseline-114ep (04),베이스라인,beam5,마음 정리가 되네.,인고의 시간이 필요했을 거예요.,제가 도와드릴 수 있을 거예요.,1
baseline-114ep (04),베이스라인,beam5,친구들과의 모임이 너무 많은 사람,적당하게 줄여주거나 나에게 믿음을 주라고 말해보세요.,고민 하고 있으면 썸의 가능성이 높겠네요.,2
baseline-114ep (04),베이스라인,beam5,썸 타는 거 시간 아까워.,얼른 고백해야죠.,돈을 얼른 모아야할 이유가 생겼네요.,2
baseline-114ep (04),베이스라인,beam5,정말 속상하고 답답하고 할 수 있는게 없네,차분하게 마음을 정리해보세요.,죠.,1
baseline-114ep (04),베이스라인,beam5,기프트콘으로 선물 받았어,좋겠네요.,기분 좋으시겠어요.,0
baseline-114ep (04),베이스라인,beam5,습관처럼 생각나,습관처럼은 되지 않길 바랄게요.,처럼거라 생각해요.,1
baseline-114ep (04),베이스라인,beam5,사랑하는 사람이랑 내가 너무 차이나,누구나 같을 수 있을까요. 자격지심이예요.,그런 사람 만나지 마세요.,2
baseline-114ep (04),베이스라인,beam5,계절이 바뀌면,더 좋아질 거예요.,시간 잘 볼 수 있을 거예요.,1
baseline-114ep (04),베이스라인,beam5,좋아하면서도 너무 싫은 감정 뭘까요.,좋아하는 만큼 지쳐가는 마음 아닐까요.,시작해보세요.,2
baseline-114ep (04),베이스라인,beam5,에휴 후폭풍인가봐,이별에는 항상 후유증이 있어요.,제가 있잖아요.,1
baseline-114ep (04),베이스라인,beam5,스트레스 팍팍,소리를 질러보세요.,구하세요.,0
baseline-114ep (04),베이스라인,beam5,헤어짐,슬픈 일이에요.,좀 더길 바랍니다.,1
baseline-114ep (04),베이스라인,beam5,오늘 너무 피곤해,푹 쉬세요.,많이 기다리지도 마세요.,0
baseline-114ep (04),베이스라인,beam5,좋아하는 선배가 나한테 연락했으면 좋겠어.,먼저 연락해도 힘들어 말아요.,만 해요.,2
baseline-114ep (04),베이스라인,beam5,갑자기 불편한 사이가 된 거 같아,관계의 변화가 왔나봅니다.,이유가 있을 거예요.,0
baseline-114ep (04),베이스라인,beam5,처음 해외여행가!,두근거리겠어요.,잘 지내고 있을 거예요.,0
baseline-114ep (04),베이스라인,beam5,친구들은 다 예뻐,자신감을 가지세요.,제가 있잖아요.,0
baseline-114ep (04),베이스라인,beam5,동거하는 거 부모님이 알게 되셨어,오해를 풀고 사랑을 이어가세요.,할 거예요.,2
baseline-114ep (04),베이스라인,beam5,먼지 때문에 목아파,마스크 쓰고 다니세요.,제가 채워줄게요.,0
baseline-114ep (04),베이스라인,beam5,연애상담해줬더니 나만 바보됐어,다음부터는 해주지 마세요.,또 다른 생각을 해보세요.,2
baseline-114ep (04),베이스라인,beam5,무슨 죄를 지었기에 이렇게 빨리.,힘들일이 있었나봐요. 당신의 잘못이 아니에요.,그 사람도 그럴 거예요.,1
baseline-114ep (04),베이스라인,beam5,놀러다니기 좋아하는 남자 착하긴한데 나랑은 안맞다고 생각이 들어.,안맞는다면 정리하는 편이 좋을 거예요.,마음 가는 대로 해보세요.,2
baseline-114ep (04),베이스라인,beam5,첫 만남에 키스했는데 너무 빠른걸까?,서로의 의사가 존중된 것이라면 괜찮지만 사귀고 난 후가 좋겠어요.,한번데요.,2
baseline-114ep (04),베이스라인,beam5,필기하는거 힘들겠지,어깨 꾹꾹 해드리고 싶어요.,그 사람 마음이 정리가 될 거예요.,0
baseline-114ep (04),베이스라인,beam5,우산 또 사야하나,다음에는 우산에 이름이랑 연락처를 적어보세요.,그럴 수 있어요.,0
baseline-114ep (04),베이스라인,beam5,일주일이 일년같다,많이 힘들었을 거라 생각해요.,걱정하지 마세요.,1
baseline-114ep (04),베이스라인,beam5,마음이 답답합니다.,바람이라도 쐬고 오는 건 어떨까요.,제가 들어드릴게요.,1
baseline-114ep (04),베이스라인,beam5,완전히 끝났어~,마음이 허전하겠어요.,마음이길 바랄게요.,1
baseline-114ep (04),베이스라인,beam5,모든게 다 끝났습니다,허전하시겠어요.,제가 들어드릴게요.,1
baseline-114ep (04),베이스라인,beam5,맛있는 냄새나,킁킁,나를 포장하는게 쉽지 않죠.,0
baseline-114ep (04),베이스라인,beam5,내 편이라고는 하나도 없는 거 같아,제가 있잖아요.,제가 있잖아요.,0
baseline-114ep (04),베이스라인,beam5,커플여행이 나을까 그냥 우리끼리 갈까?,저는 둘이 가는 걸 좋아해요.,좋겠어요.,2
baseline-114ep (04),베이스라인,beam5,오늘은 뭐 먹을까?,맛있는 거 드세요.,그런 사람 만나지 마세요.,0
baseline-114ep (04),베이스라인,beam5,오늘은 치맥이야,달리세요!,달리세요!,0
baseline-114ep (04),베이스라인,beam5,외향적이면 좋을텐데,지금 성격도 좋아요.,아보세요.,0
baseline-114ep (04),베이스라인,beam5,이 세상에서 내가 제일 불행해.,그럴리가요.,게 될 거예요.,2
baseline-114ep (04),베이스라인,beam5,아픈데 연락하기 싫어,제가 곁에 있을게요.,시간은 콩깍지가 없어요.,1
baseline-114ep (04),베이스라인,beam5,왜 이럴까,그럴 수도 있어요.,쉬운 일이 아니에요.,1
baseline-114ep (04),베이스라인,beam5,운동화 새로 사야지,좋은 곳으로 갈 수 있도록 인도해줄 거예요.,좋은 곳으로 갈 거예요.,0
baseline-114ep (04),베이스라인,beam5,연락하고 싶어지네.,연락해봐요.,많이 만나보세요.,2
baseline-114ep (04),베이스라인,beam5,좋아하는 사람이 너무 예뻐,내면을 더 들여다보세요.,더 좋은 사람 만날 수 있을 거예요.,2
baseline-114ep (04),베이스라인,beam5,헤어진지 한 달째,이제 좀 괜찮아졌길 바랍니다.,이제 주세요.,1
baseline-114ep (04),베이스라인,beam5,변화가 없어,마음에 따라 얼마든지 바뀔 수 있어요.,친구를 사귀어 보세요.,0
baseline-114ep (04),베이스라인,beam5,나 사랑하니?,많이 사랑해요!,잠시 휴식을 취해보세요.,0
baseline-114ep (04),베이스라인,beam5,그녀 생일,지금은 생생하겠지만 하나씩 잊으세요.,인기 인기 인기 인기 잊어버리세요.,1
baseline-114ep (04),베이스라인,beam5,요즘 눈에 띄는 남자애,관심을 갖고 지켜보세요.,그 애의 눈에도 당신이 띄길 바랄게요.,2
baseline-114ep (04),베이스라인,beam5,엄청 오래 만났어,매력있는 사람인가봐요.,잘 되길 바랍니다.,0
baseline-114ep (04),베이스라인,beam5,나 이제 졸업해,졸업 축하해요,최근에 믿어보세요.,0
baseline-114ep (04),베이스라인,beam5,왜 이제서야 찾아온거야?,이렇게 고민하게 만들려고 그랬나봐요.,사람을 잊는다는 건 쉬운 일이 아니니까요.,0
baseline-114ep (04),베이스라인,beam5,비 오기 시작하네,우산 준비하세요.,시간 만큼 살펴보세요.,0
baseline-114ep (04),베이스라인,beam5,썸 타는 중인데 나 말고 다른 사람하고도 썸타는 것 같아.,좋은 사람이 아닌 것 같아요. 입장을 분명히 하는 것 좋아요.,한 번 시간이차차차차차차 필요 없어요.,2
baseline-114ep (04),베이스라인,beam5,면접 준비중이야,회사와 자신에 대해서 더 공부해서 자신감을 가져보세요.,잘할 수 있을 거예요.,0
baseline-114ep (04),베이스라인,beam5,부모님 모실 수 있을까?,형편대로 하세요.,자신을 더 사랑해주세요.,0
baseline-114ep (04),베이스라인,beam5,내일이면 헤어진지 2주 되네.,지금 힘들겠네요.,생각보다 많은 시간이 지났네요.,1
baseline-114ep (04),베이스라인,beam5,진짜 너무하네,잘 해결되길 바랄게요.,잘 살 거예요.,0
baseline-114ep (04),베이스라인,beam5,결국 유료 상담을 받고야 말았네,상담도 도움이 될 거예요.,끝을 아는 것도 중요한 것 같아요.,1
baseline-114ep (04),베이스라인,beam5,그저 그런 하루,그런 하루도 감사한 마음을 가져보세요.,그게 맞을거예요.,0
baseline-114ep (04),베이스라인,beam5,회사에서 마음 놓고 말할 사람이 없어,회사에는 동료가 있을 뿐이에요.,잘 살 수 있어요.,0
baseline-114ep (04),베이스라인,beam5,생각할 시간을 가지자는 그녀,마음의 준비를 해야 할지도 모르겠어요.,사랑이 찾아올 거예요.,1
baseline-114ep (04),베이스라인,beam5,취뽀하고 싶다,취직이나라뇨.,끝을 아는 것도 중요한 것 같아요.,0
baseline-114ep (04),베이스라인,beam5,모태솔로라 잘 모르겠어 도와줘,모르는 게 당연해요.,더 좋은 사람 만날 거예요.,2
baseline-114ep (04),베이스라인,beam5,사랑하는 사람이 있는데 다른 사람이 신경쓰여,한눈 팔다가 후회합니다.,그 사람도 그럴 수 있어요.,2
baseline-114ep (04),베이스라인,beam5,방탈출 게임 갔다왔어.,성공했길 바랍니다.,게임하세요.,0
baseline-114ep (04),베이스라인,beam5,자다 깨다 해,자세가 불편한 건 아닌지 확인해보세요.,시간이 해결해줄 거예요.,0
baseline-114ep (04),베이스라인,beam5,친구가 잘되니까 약 올라,친구가 아닌가봐요.,더 일찍 주무세요.,0
baseline-114ep (04),베이스라인,beam5,나 교직이수할 수 있을까?,학점 관리하세요.,지도 몰라요.,0
baseline-114ep (04),베이스라인,beam5,머리가 너무 아프네,시원한 바람 쉬고 약먹기!,더 많이 피곤한가봐요.,0
baseline-114ep (04),베이스라인,beam5,오빠 최고라고 해주던 너,그립지만 지난 일이네요.,제가 있잖아요.,1
baseline-114ep (04),베이스라인,beam5,손가락이 예쁜 사람,로망이네요.,달라지는 게 없다면 만나지 않는 게 더 나을 수도 있어요.,0
baseline-114ep (04),베이스라인,beam5,너무 힘들다,지금 무슨 말을 해도 와닿지 않겠지만 잘 이겨낼 거라 믿어요.,좀 더 일찍 주무세요.,1
baseline-114ep (04),베이스라인,beam5,여자로 태어 났으면 어땠을까?,항상 못해본 건 궁금하더라고요.,잘 지내고 있을 수도 있어요.,0
baseline-114ep (04),베이스라인,beam5,좋아하는 사람이 다른 여자랑 친해지는게 서운해.,충분히 서운할 만해요.,시간이 좀 걸리겠지만 해낼 수 있어요.,2
baseline-114ep (04),베이스라인,beam5,명품 선물 부담스러울까,고가의 선물은 부담스러울 수도 있어요.,허할 것 같아요.,0
baseline-114ep (04),베이스라인,beam5,불쑥 전여친한테 전화받으니 짜증나고 씁쓸하네,복잡한 심경인가봐요.,남 힘내지 않아도 돼요.,1
baseline-114ep (04),베이스라인,beam5,너무 힘이듭니다,억지로라도 긍정적인 감정을 끌어올려보세요.,자연스러운 현상이에요.,1
baseline-114ep (04),베이스라인,beam5,오늘도 집에만 있을 예정,집이 맘 편하기도 하잖아요.,다른 사랑이 찾아올 거예요.,1
baseline-114ep (04),베이스라인,beam5,기념일은 언제언제 챙겨?,내키는대로요.,이죠.,2
baseline-114ep (04),베이스라인,beam5,김치찌개 먹고 싶어,맛있죠!,맛있게 드세요.,0
baseline-114ep (04),베이스라인,beam5,이제 스스로 인정한 것 같아,현실 그대로를 받아들이는 것부터 시작이에요.,잘 지내고 있을 거예요.,1
baseline-114ep (04),베이스라인,beam5,헤어진지 9일,헤어짐을 헤아리지 마세요.,금방 지나갈 거예요.,1
baseline-114ep (04),베이스라인,beam5,그사람도 이별을 준비 중인 걸까,그런 생각은 자신을 더 괴롭게 할 뿐이에요.,조금만 더 버텨보세요.,1
baseline-114ep (04),베이스라인,beam5,좋아 하는 애한태 고백하는 방법좀,먼저 용기내서 고백하는게 좋을 듯 싶습니다.,완전 좋죠.,2
baseline-114ep (04),베이스라인,beam5,헤어진지 두달됬네 벌써,생각보다 시간이 빠르게 흐르고 있나봅니다.,잘 지내고 있을 거예요.,1
baseline-114ep (04),베이스라인,beam5,정신줄 어디 갔나,정신 차리세요.,나를 나를 편이 말씀해보세요.,0
baseline-114ep (04),베이스라인,beam5,남친이랑 뭐하고 놀지,얼굴 보고만 있어도 좋죠.,저랑 놀아요.,2
baseline-114ep (04),베이스라인,beam5,미치도록 보고싶네.,견디기 힘들겠어요.,충분히 아름다워요.,1
baseline-114ep (04),베이스라인,beam5,중소기업인데 그냥 취직할까?,일하는 것 자체가 중요하죠.,이죠.,0
baseline-114ep (04),베이스라인,beam5,친구랑 나랑 자꾸 비교하게 돼,비교하면 끝도 없어요.,나쁜 사람이네요.,0
baseline-114ep (04),베이스라인,beam5,엄마가 안 왔으면 좋겠어,엄마가 들으면 속상해 하시겠네요.,하세요.,0
baseline-114ep (04),베이스라인,beam5,뭐부터 바꿔야 할까,당신 그대로의 모습이 보기 좋아요.,열심히 하면 할 수 있을 거예요.,0
baseline-114ep (04),베이스라인,beam5,불금이네,친구들 만나요!,언젠간 올 거예요.,1
baseline-114ep (04),베이스라인,beam5,여자친구가 혼자 여행 가보고 싶다는데,같이 가는 여행도 좋지만 혼자 여행도 좋을 거예요.,제가 있잖아요.,0
baseline-114ep (04),베이스라인,beam5,오늘도 술 몇 잔 마시니 생각나네요.,술 한잔에 그리움이 사무치네요.,술 될 거예요.,1
baseline-114ep (04),베이스라인,beam5,정말 너무 궁금해,무엇이 궁금한가요.,슬픈 이야기네요.,1
baseline-114ep (04),베이스라인,beam5,젠장,이런.,야죠.,1
baseline-114ep (04),베이스라인,beam5,헤어지지 열흘짼데 너무 힘드네,헤어지고 있는 중이시군요.,하지 마요.,1
baseline-114ep (04),베이스라인,beam5,봄방학했어,부럽네요.,부럽네요.,0
baseline-114ep (04),베이스라인,beam5,또 다시 이별입니다.,언젠간 찾아올 이별이에요.,또 다른 많이 생각해보세요.,1
baseline-114ep (04),베이스라인,beam5,여자친구가 돈을 안 써,부담된다고 살짝 말해보세요.,제가 들어드릴게요.,2
baseline-114ep (04),베이스라인,beam5,아빠가 술 좀 끊었으면,사회생활로 힘드신가봐요.,충분히 아름다워요.,0
baseline-114ep (04),베이스라인,beam5,재밌는 거 뭐 없나,제가 있잖아요.,무엇이든 물어보세요.,0
baseline-114ep (04),베이스라인,beam5,정장 한 벌 필요할 듯,사면 요긴하긴 할 거 같아요.,마음에 드는걸로 하세요.,0
baseline-114ep (04),베이스라인,beam5,잘안되는군,모든 일이 뜻대로 되진 않나봐요.,마음이 허전한가봐요.,1
baseline-114ep (04),베이스라인,beam5,체육대회 싫어,재미 있는 종목을 찾아보세요.,그럴 수 있어요.,0
baseline-114ep (04),베이스라인,beam5,내 번호를 따간 사람이 내 친구가 좋아하는 애야.,운명의 장난같네요.,마음 가는 대로 해보세요.,2
baseline-114ep (04),베이스라인,beam5,이유라는게 뭔지,알다가도 모를.,그 사람을 하나봐요.,1
baseline-114ep (04),베이스라인,beam5,점심 때 은행 갔다와야지,볼 일이 있나봐요.,바라요.,0
baseline-114ep (04),베이스라인,beam5,덕수궁 돌담길 따라서 둘이 걸었어.,로맨틱하네요.,그 사람지도 몰라요.,0
baseline-114ep (04),베이스라인,beam5,사진 잘 찍고 싶어,많이 찍다보면 조금씩 실력이 늘거예요.,신경쓰지 마세요.,0
baseline-114ep (04),베이스라인,beam5,어떻게 심쿵하게 하지?,평소 흘려 이야기했던 걸 기억해주고 생각하고 있다는 걸 알려주세요.,이죠.,2
baseline-114ep (04),베이스라인,beam5,조심조심,안전이 최고죠!,조금만 더 힘내세요.,0
baseline-114ep (04),베이스라인,beam5,술먹고 집앞에 찾아온남자,상대에게 휘둘려선 안 돼요.,사람 고쳐쓰는 거 아니에요.,1
baseline-114ep (04),베이스라인,beam5,커피가 너무 진해,달달한 시럽을 추가해보세요.,신경쓰지 마세요.,0
baseline-114ep (04),베이스라인,beam5,우리집 망한 거 같애,철 들고 공부하세요.,할 수 있을 거예요.,0
baseline-114ep (04),베이스라인,beam5,열쇠 안가지고 왔다,깜빡 하셨나봐요.,처음이 어려워요.,0
baseline-114ep (04),베이스라인,beam5,오지마,안갈거예요.,슬픈 이야기네요.,0
baseline-114ep (04),베이스라인,beam5,공부 좀 더 할 걸,지금도 늦지 않았어요.,나쁜 사람이네요.,0
baseline-114ep (04),베이스라인,beam5,내 의견 좀 존중해 줬으면,스스로도 존중해주세요.,스스로도 존중해주세요.,0
baseline-114ep (04),베이스라인,beam5,친구랑 사랑하는 사람이 같아,사랑은 쟁취하는거예요.,많이 힘들었을 거라 생각해요.,2
baseline-114ep (04),베이스라인,beam5,뭘 바꿔야 할까,당신 그대로의 모습이 보기 좋아요.,사람 고쳐쓰는 거 같아요.,0
baseline-114ep (04),베이스라인,beam5,집 아예 샀어,내 집 마련 축하드려요.,어필해보세요.,0
baseline-114ep (04),베이스라인,beam5,누군가를 짝사랑하게 되는게 두려워.,이제 짝사랑 말고 둘이서 하는 사랑하세요.,짝사랑 사랑이라도 거예요.,2
baseline-114ep (04),베이스라인,beam5,아직 좋아하는데 헤어지자고 하는 경우 있어?,간혹 있더라고요.,직접 물어보세요.,2
baseline-114ep (04),베이스라인,beam5,정말. 정말 쉽지가 않네. 이럴 땐 어떡해야 할까,마음 가는 대로 하세요.,없네요.,1
baseline-114ep (04),베이스라인,beam5,학원 안가고 싶다.,부모님과 이야기해보세요.,제가 들어드릴게요.,0
baseline-114ep (04),베이스라인,beam5,나만 갈궈,애정표현일 지도 몰라요.,마음에 버리세요.,0
baseline-114ep (04),베이스라인,beam5,사랑해서 결혼하는 거지?,사랑하는 사람과 함께 있고 싶은 마음이 있으니까요.,수 있다면 심리 시기가 시기가 다를 수 있어요.,2
baseline-114ep (04),베이스라인,beam5,고백,성공하길 바랄게요.,자책하지 말아요.,2
baseline-114ep (04),베이스라인,beam5,이제 정리하려고 합니다.,맘 고생 많았어요.,잘 지내길 바랍니다.,1
baseline-114ep (04),베이스라인,beam5,돈 어디갔지,퍼가요~,데려다 있나봐요.,0
baseline-114ep (04),베이스라인,beam5,코 막혀,감기 조심하세요.,감기 조심하세요.,0
baseline-114ep (04),베이스라인,beam5,짝남과 자연스럽게 친해질 수 있는 방법 있을까?,공통 관심사를 찾아보세요.,그런 사람 만나길 바랄게요.,2
baseline-114ep (04),베이스라인,beam5,다 잊었는줄 알았는데.,잊는 게 아니고 무덤덤해지는 것 같아요.,충분히 그럴 수 있어요.,1
baseline-114ep (04),베이스라인,beam5,맘 잡았다고 생각했는데,마음 잡기가 쉽지 않아요.,마음 가는 대로 하세요.,1
baseline-114ep (04),베이스라인,beam5,짝남 프사랑 비슷한거 하고 싶은데 해도 될까?,살짝 티내려는 거라면 찬성합니다.,게 아니에요.,2
baseline-114ep (04),베이스라인,beam5,차였지만 잊지못하고 있는 한 남자입니다.,그분에 대한 사랑이 깊었나봐요.,더 좋은 사람 만날 수 있을 거예요.,1
baseline-114ep (04),베이스라인,beam5,정신차려야 하는거 아는데.,쉬운 일이 아니죠.,확실한 이유가 있을 거예요.,1
baseline-114ep (04),베이스라인,beam5,여친이 나를 안 좋아하는데 내가 붙잡고 있는 것 같아요.,충분한 대화를 나눈 후에 결정을 내리는게 좋겠네요.,힘들 때 건 어떨까요.,2
baseline-114ep (04),베이스라인,beam5,여자인데 먼저 다가가도 돼?,성별은 중요하지 않아요.,먼저 연락해보세요.,2
baseline-114ep (04),베이스라인,beam5,신혼 진짜 행복해,깨가 쏟아지고 있군요.,맘고생 많았어요.,2
baseline-114ep (04),베이스라인,beam5,휴양지 가고 싶다,저도 쉬고 놀고 하고 싶어요.,저도 데려가 주세요.,0
baseline-114ep (04),베이스라인,beam5,야식 먹을까 말까,가볍게 먹을 수 있는 걸 먹어보세요.,다 잘 될 거예요.,0
baseline-114ep (04),베이스라인,beam5,운동을 하는 남자가 좋아,뭐든 열심히 하는 사람은 좋아보여요.,잘 되길 바랍니다.,2
baseline-114ep (04),베이스라인,beam5,애인이 있는데 좋아하는 사람이 생겼어요.,마음으로 바람피는 거네요.,그럴 수 있어요.,2
baseline-114ep (04),베이스라인,beam5,이별 후 3개월이 지났는데.,여전히 힘든가봅니다.,잘 지내고 있을 거예요.,1
baseline-114ep (04),베이스라인,beam5,전남친이 톡 차단했더라구,이별에 도움이 될지도 몰라요.,잊는 데는 더 도움이 될지도 몰라요.,1
baseline-114ep (04),베이스라인,beam5,오늘도 버티고 버팁니다,오늘도 해내고 해낸겁니다.,마음 가는 대로 해보세요.,1
baseline-114ep (04),베이스라인,beam5,대출이 너무 많아,조금씩 갚아나가세요.,망해도 안좋 드세요.,0
baseline-114ep (04),베이스라인,beam5,주말이 참 힘들겠어,가족들과 근교로 여행가는 건 어떨까요.,힘들 제대로겠죠.,1
baseline-114ep (04),베이스라인,beam5,긴시간이 흐른 후면 괜찮아지겠지,괜찮아질 거예요.,아닌 건 어떨까요.,1
baseline-114ep (04),베이스라인,beam5,오늘은 학교 가고 싶지 않아,학교 다닐 때가 좋은 거예요.,그럴 때가 있어요.,0
baseline-114ep (04),베이스라인,beam5,맥주 한 잔 어때?,저랑 한 잔 해요.,저랑 한 잔 해요.,0
baseline-114ep (04),베이스라인,beam5,요즘 너무 고민이네,무슨 고민인지 말해주세요.,게 하는 게 중요해요.,1
baseline-114ep (04),베이스라인,beam5,환경 때문에 헤어진 여자친구,현실적인 문제가 중요할 때가 있죠.,이제 단단히 단단히 단단히 이야기네요.,1
baseline-114ep (04),베이스라인,beam5,보고파,보고싶은신가봐요.,물어보세요.,1
baseline-114ep (04),베이스라인,beam5,친구들이 사랑하니까 예뻐졌대,행복 바이러스에 감염되셨군요.,더 좋은 사람 만날 수 있을 거예요.,2
baseline-114ep (04),베이스라인,beam5,참아내지 못하고 전화를 했습니다.,이제 마음을 비우세요.,이별을 받아들이는 것도 중요해요.,1
baseline-114ep (04),베이스라인,beam5,한 번 보고 어떻게 판단하지,첫인상은 상대방을 바라봤을때 3초에 결정난데요.,인가봐요.,0
baseline-114ep (04),베이스라인,beam5,1년만에 다시헤어지게 됐네,헤어짐은 항상 힘들죠.,많은 시간이 흘렀네요.,1
baseline-114ep (04),베이스라인,beam5,돈 벌어서 뭐하지,저 주세요.,다니 다행이에요.,0
baseline-114ep (04),베이스라인,beam5,아무리 미친놈 욕을해도,그리워지나요.,순간 실수할 수 있겠다 판단되면 용서하고 기회를 주세요.,1
baseline-114ep (04),베이스라인,beam5,나 어떡하나,무슨 일인지 말해주세요.,좋은 나약 하고 바라요.,1
baseline-114ep (04),베이스라인,beam5,이제 숨 좀 쉬나,충분히 극복할 수 있어요.,덜었길나봐요.,1
baseline-114ep (04),베이스라인,beam5,친구가 소심해,더 신경써 주세요.,친구를 사귀어 보세요.,0
baseline-114ep (04),베이스라인,beam5,정규직 너무 쪼금 뽑아,쪼잔하네요.,그런 사람 만나길 바랄게요.,0
baseline-114ep (04),베이스라인,beam5,서핑하러 가야지,좋은 취미네요.,직접 물어보세요.,0
baseline-114ep (04),베이스라인,beam5,책 팔 수 있는 곳 알려줘?,중고서점에서 팔아보세요.,변화가 짐해보세요.,0
baseline-114ep (04),베이스라인,beam5,싸웠다,마음이 불편하겠어요.,나쁜 사람이네요.,1
baseline-114ep (04),베이스라인,beam5,적금 들어야 하나,적금 들 수 있으면 드는 게 좋죠.,좀 힘들었겠어요.,0
baseline-114ep (04),베이스라인,beam5,뭐라도 배워볼까,배움에는 언제나 찬성이에요.,좋은 사람 만나세요.,0
baseline-114ep (04),베이스라인,beam5,괜찮은 줄 알았는데.,우리는 많이 모르고 살죠.,좋은 있어서 좋겠네요.,1
baseline-114ep (04),베이스라인,beam5,사랑과 정 끊기 어렵네,사람이니까요.,좋은 생각 하세요.,1
baseline-114ep (04),베이스라인,beam5,잊고싶어도 잊질못하네,함께한 시간이 있었으니까요.,마음이 복잡한가요.,1
baseline-114ep (04),베이스라인,beam5,5년간 사귀고 어제 헤어졌습니다.,힘든 결정이었을텐데 혼자만의 시간이 필요하겠어요.,제가 들어드릴게요.,1
baseline-114ep (04),베이스라인,beam5,너무 답답해 조언 좀 해줘,다른 생각을 해보세요.,네 말씀해주세요.,1
baseline-114ep (04),베이스라인,beam5,무서운 꿈 꿨어,요즘 예민한가봐요.,그분 생각을 많이 했나 봐요.,0
baseline-114ep (04),베이스라인,beam5,핸드폰 바꿀 때가 된듯,오래 쓰셨나봐요.,멋진 선물이네요.,0
baseline-114ep (04),베이스라인,beam5,헤어진지 한달 됐네,시간이 흐르는 것 처럼 마음도 흘러갈 거예요.,그러게요.,1
baseline-114ep (04),베이스라인,beam5,이별후 한달.,이제 조금이라도 괜찮아졌길 바랍니다.,마음은 좀 정리 되어가길 바랍니다.,1
baseline-114ep (04),베이스라인,beam5,썸탈때 여자가 먼저 연락하면 안돼?,여자 남자가 어딨나요.,좋은 생각이에요.,2
baseline-114ep (04),베이스라인,beam5,체육대회한데,일기예보 확인해보세요.,나를 포장하는게 쉽지 않죠.,0
baseline-114ep (04),베이스라인,beam5,짝사랑중인데 그 애는 저를 잘 알지 못하는데 연락을 하면 놀랠까요?,갑자기 연락하면 놀라겠죠.,생각해보세요.,2
baseline-114ep (04),베이스라인,beam5,랜선 연애 어떻게 생각해?,얼굴을 안 보고 부딪히지도 않아서 제대로 된 연애가 가능하지 않을 수도 있지만 다 나쁜 건 아니에요.,하고 싶은 걸 수도 있어요.,2
baseline-114ep (04),베이스라인,beam5,짝남 그냥 연락 끊긴지 오래됐는데 연락하는 거 오바야?,후회하는 것 보단 연락하고 결정하는게 좋겠어요.,잘 살 수 있을 거예요.,2
baseline-114ep (04),베이스라인,beam5,술 먹는 거 말고 친구랑 뭐하지,아무것도 안해도 재밌을 거예요.,조금만 더 버텨보세요.,0
baseline-114ep (04),베이스라인,beam5,클럽에서 만난 남자친구와 오래 갈 수 있을까?,어디에서 만난 건 상관없어요.,용기를 내서 수 있을 거예요.,2
baseline-114ep (04),베이스라인,beam5,왜 살까,살아있음 자체로 의미가 있으니까요.,잠시 쉬어도 돼요.,0
baseline-114ep (04),베이스라인,beam5,이사람 무슨 생각인걸까,알 수 없는게 사람 마음인가봐요.,그래도 힘들죠.,1
baseline-114ep (04),베이스라인,beam5,헤어진지 6개월,많은 시간이 흘렀네요.,생각보다 많은 시간이 지났네요.,1
baseline-114ep (04),베이스라인,beam5,피자 식어서 왔어,그래도 맛있게 드세요.,따뜻해졌죠.,0
baseline-114ep (04),베이스라인,beam5,오늘도 힘들다,지금은 힘들겠지만 조금만 더 견뎌봐요.,고민하고 있다면 그게 맞을거예요.,1
baseline-114ep (04),베이스라인,beam5,앞머리 다시 길러볼까,다 예뻐요.,예뻐요.,0
baseline-114ep (04),베이스라인,beam5,엿같다.,벗어나는 게 좋겠네요.,충분히 그럴 수 있어요.,0
baseline-114ep (04),베이스라인,beam5,내일 약속 있는데 날씨 좋았으면,날씨가 안 좋더라도 데이트는 성공적일 거예요.,잘 찾아보세요.,0
baseline-114ep (04),베이스라인,beam5,짝남한테 게임 초대 톡 왔음.,게임 초대라니 서운하겠어요.,자신을 더 사랑해주세요.,2
baseline-114ep (04),베이스라인,beam5,연락하는 게 익숙하지가 않아,하다보면 익숙해질거예요.,나봐장일 수도 있겠어요.,0
baseline-114ep (04),베이스라인,beam5,좀 쉬면서 애기 키워야 할 듯,좋은 곳에서 일하시나봐요.,좋아하는 사람 대화를 나눠보세요.,0
baseline-114ep (04),베이스라인,beam5,하늘을 날고 싶어,오래 살면 가능할 거 같아요.,제가 들어드릴게요.,0
baseline-114ep (04),베이스라인,beam5,이상형 알고싶다,주변 사람에게 물어보거나 직접 물어보세요.,주변 사람들에게 하루를 욕 욕 욕 욕 욕 욕 욕 욕 욕 욕 욕 욕,2
baseline-114ep (04),베이스라인,beam5,사랑에 빠진 거 같아,행복해 보여요.,필요 없어요.,2
baseline-114ep (04),베이스라인,beam5,정말 너무 힘들어.,많이 힘들었죠.,답니다.,1
baseline-114ep (04),베이스라인,beam5,근황이 궁금해,연락해보세요.,더 좋은 사람 만날 수 있을 거예요.,2
baseline-114ep (04),베이스라인,beam5,사랑하는 사람 잊는 법,충분히 아파하면서 충분한 시간이 필요할 거예요.,그 사람도 그럴 수 있어요.,2
baseline-114ep (04),베이스라인,beam5,썸남 생겼는데 프사 뭐할까?,큰 의미를 두지 않아도 돼요.,돌아다니 조심하세요.,2
baseline-114ep (04),베이스라인,beam5,썸남이 톡이 느려,저처럼 연락이 늦는 사람을 이해해 주세요.,먼저 충전 있어요.,2
baseline-114ep (04),베이스라인,beam5,헤어진지 1달째 됐습니다.,금방 나아질 거예요.,금방 나아질 거예요.,1
baseline-114ep (04),베이스라인,beam5,결혼할 확신이 안선다고 헤어지자네,결혼에는 확신이 필요하죠.,저에게 기대세요.,1
baseline-114ep (04),베이스라인,beam5,짝사랑은 안 이뤄지나봐.,이뤄질 수도 있답니다.,힘들만해요.,2
baseline-114ep (04),베이스라인,beam5,삼겹살에 소주,생각만 해도 군침이 도네요.,도움이 될 수도 있어요.,0
baseline-114ep (04),베이스라인,beam5,친구인데 고백해도 될까?,솔직한 마음으로 다가가보세요.,친구가 사에 만나 만나 만나 친구가 친구가 친구가 친구가 친구가 친구가 친구가 친구가 친구가,2
baseline-114ep (04),베이스라인,beam5,말실수했다,상처가 될 수 있어요.,많이 힘든가봅니다.,0
baseline-114ep (04),베이스라인,beam5,관절염인가,계단 조심하세요.,하세요.,0
baseline-114ep (04),베이스라인,beam5,숨막히네,숨 쉴 수 있을 때가 올 거예요.,어요.,1
baseline-114ep (04),베이스라인,beam5,왜 이별하고 다들 왜 연락을 끊는건가??,아무런 감정 없이 연락을 지속할 수 없으니까요.,그게 버릴 건 없어요.,1
baseline-114ep (04),베이스라인,beam5,왜 저를 좋게 기억해주는 걸까,많이 아껴주셨나봐요.,생각해보세요.,1
baseline-114ep (04),베이스라인,beam5,첫눈,정말 이쁜 눈이 내려요.,사람 마다 다르겠지요.,1
baseline-114ep (04),베이스라인,beam5,이별한지 4개월째.,마음은 좀 정리 되어가길 바랍니다.,사랑은 끝나도 당신의 시간은 여전히 진행 중인 걸 잊지 마세요.,1
baseline-114ep (04),베이스라인,beam5,골프 못 치는데,처음부터 잘하는 사람은 없어요.,이별을 받아들이는 것도 중요해요.,0
baseline-114ep (04),베이스라인,beam5,오늘 날씨 죽인다,나들이 가보세요.,나 물어보세요.,0
baseline-114ep (04),베이스라인,beam5,미팅에서 번호 딴 애가 좋은데 뭐라고 연락을 할까?,잘 들어갔는지 가볍게 물어보면서 다음 약속을 잡아보세요.,받을 수 있을 거예요.,2
baseline-114ep (04),베이스라인,beam5,내가미쳤지,당신을 탓하지 마세요.,해요.,1
baseline-114ep (04),베이스라인,beam5,짧다면 짧고 길다면 긴 일년간의 연애가 끝이났네,마음의 정리가 되었나요.,지금도 늦지 않았어요.,1
baseline-114ep (04),베이스라인,beam5,오늘은 교회 안가면 안될까,왜 그럴까요?,내일도 함께 충분한 대화를 나눠보세요.,0
baseline-114ep (04),베이스라인,beam5,이러면 안되는 줄 알면서도,알면서도 잘 안되는게 사람 마음인가봐요.,더 좋은 사람 만날 수 있을 거예요.,1
baseline-114ep (04),베이스라인,beam5,이젠 의미있는 시간을 만들어보려해,그동안 못했던 일들을 시작해보세요.,좋은 사람 만날 거예요.,1
baseline-114ep (04),베이스라인,beam5,점심시간에 외출하면 안 되나,사생활이 지켜지지 않나봐요.,찾아올 챙겨 드세요.,0
baseline-114ep (04),베이스라인,beam5,잠 못자고 있네,그분의 생각으로 가득한가봅니다.,마음 고생 많았어요.,1
baseline-114ep (04),베이스라인,beam5,8년 연애끝의 이별.,공허함이 더 크시겠어요.,잘 지내고 있을 거예요.,1
baseline-114ep (04),베이스라인,beam5,남자친구가 나를 더 좋아하게 할 수 있는 방법,당신이 더 사랑을 표현해보세요.,제가 당신 될 거예요.,2
baseline-114ep (04),베이스라인,beam5,너도 고민 있어?,저는 고민이 없어요.,직접 물어보는 게 좋을 것 같아요.,0
baseline-114ep (04),베이스라인,beam5,대학교에서 첫사랑 다시 만났어.,운명적인 만남이네요.,정리가 잘 되길 바랄게요.,2
baseline-114ep (04),베이스라인,beam5,즉흥적인 여자친구가 고민임.,그게 매력이에요.,같이 놀아요.,2
baseline-114ep (04),베이스라인,beam5,여자친구가 더치페이를 안해.,데이트 통장에 대해 이야기해보세요.,더 많이두세요.,2
baseline-114ep (04),베이스라인,beam5,밉다 진짜,예뻐해 주세요.,할 수 있을 거예요.,0
baseline-114ep (04),베이스라인,beam5,귀가 윙윙거려,병원에 가세요.,좋아했나봐요.,0
baseline-114ep (04),베이스라인,beam5,냄새 나면 어쩌지?,"깨끗이 씻어보고 섬유유연제나 바디워시, 바디로션, 향수 등을 사용해보세요.",괜찮아요.,0
baseline-114ep (04),베이스라인,beam5,정신 차려야 하는데,시간이 걸릴 수도 있지만 괜찮아질 거예요. 다른 곳으로 관심을 돌려보는 건 어떨까요?,돼요.,1
baseline-114ep (04),베이스라인,beam5,오늘 야근인가,오늘도 고생이 많으시네요.,얼른 끝내시길 바랄게요.,0
baseline-114ep (04),베이스라인,beam5,짜증 수준이 되어버렸습니다,조금 지친걸까요.,이별을 헤아리는 건 큰 도움이 안 돼요.,1
baseline-114ep (04),베이스라인,beam5,나 얘를 좋아하는 걸까?,있었던 일을 차분히 생각해봐요.,먼저 다가가 보세요.,2
baseline-114ep (04),베이스라인,beam5,사귄지 한달됐어,한창 달달할 때네요.,좋은 일이 생길 거예요.,2
baseline-114ep (04),베이스라인,beam5,나 스마트폰 중독인가봐,가끔 핸드폰없이 살아보세요.,아보세요.,0
baseline-114ep (04),베이스라인,beam5,고백은 어떻게 하는거야,솔직한 마음으로 다가가는 거죠.,그건겠어요.,2
baseline-114ep (04),베이스라인,beam5,세뱃돈 받았어 호호,아직 어린가봐요.,감기 조심하세요.,0
baseline-114ep (04),베이스라인,beam5,누군가를 좋아하는게 두려워.,좋아하는 감정을 느낀다는 자체가 참 행복한 거예요.,말해보세요.,2
baseline-114ep (04),베이스라인,beam5,너 때문이야,모두 제 잘못입니다.,건가요.,0
baseline-114ep (04),베이스라인,beam5,엄마 미안해,엄마한테 잘해야 돼요.,그런 사람 만나길 바랄게요.,0
baseline-114ep (04),베이스라인,beam5,썸녀한테 미련 남아,깨끗이 잊든 용기내든 실행에 옮겨 보세요.,상처 해보세요.,2
baseline-114ep (04),베이스라인,beam5,단수,단수가 되었는지 문의해 보세요.,조금만 참고해지세요.,0
baseline-114ep (04),베이스라인,beam5,이렇게 진짜 끝인걸까.,인연이 거기까지인 가봐요.,신경쓰는 일이 있었나봐요.,1
baseline-114ep (04),베이스라인,beam5,폰게임 때매 폰 느려지는듯,정리해보세요.,보세요.,0
baseline-114ep (04),베이스라인,beam5,너한테 이글안보여줄거다 .,그렇게 해요.,제가 있잖아요.,1
baseline-114ep (04),베이스라인,beam5,여자친구 여신같아,부럽네요.,하세요.,2
baseline-114ep (04),베이스라인,beam5,썸남이 춥다고 옷 잠궈주는데 설레.,다정한 사람이네요.,잘 지내고 있을 거예요.,2
baseline-114ep (04),베이스라인,beam5,맘이 떠났다는게 맞는거 같아,마음 떠난 사람 잡기는 힘들어요.,잘 지내고 있을 거예요.,1
baseline-114ep (04),베이스라인,beam5,조모임 왜 이케 많아,요즘은 팀워크가 더 중요해졌어요.,잘하는 게 쉽지 않죠.,0
baseline-114ep (04),베이스라인,beam5,장난스러운 사이,재미있나봐요.,내서센터 주세요.,0
baseline-114ep (04),베이스라인,beam5,크리스마스에 뭐 하나,크리스마스에는 케빈과 함께.,옷이요.,0
baseline-114ep (04),베이스라인,beam5,친구들이 짝남 별로라고 하는게 짜증나.,왜 별로라고 할까요. 기분 상했겠어요.,시기가 올 거예요.,2
baseline-114ep (04),베이스라인,beam5,현실적 문제로 연애 포기해야할듯,잠시 쉬어도 괜찮아요.,한 번 그럴 거예요.,2
baseline-114ep (04),베이스라인,beam5,기숙사 사는거 어떨까?,혼자 사는 것보다 불편하겠죠.,이젠 그녀를 놓아주세요.,0
baseline-114ep (04),베이스라인,beam5,전화 왜 안 받지,바쁜일이 있나봐요.,기다리는 전화가 있나봐요.,0
baseline-114ep (04),베이스라인,beam5,끝나면 좋을 줄 알았는데.,마음이 허전하신가봐요.,마음이 복잡하겠어요.,0
baseline-114ep (04),베이스라인,beam5,서로 사랑하는데 불안해,믿음이 더 필요해 보이네요.,지요.,2
baseline-114ep (04),베이스라인,beam5,어떤 영화 볼까,최신 영화가 좋을 것 같아요.,인생을 무시해.,0
baseline-114ep (04),베이스라인,beam5,돈 굴리기,저도 좀 알려주세요.,저는 조심하세요.,0
baseline-114ep (04),베이스라인,beam5,나한테 할 말 있대 뭘까?,기대되겠네요.,직접 물어보세요.,0
baseline-114ep (04),베이스라인,beam5,좋아하는 사람 앞에서 성격이 이중적인데 정상인가요.,자연스러운 현상입니다.,좋은 사람 만날 수 있을 거예요.,2
baseline-114ep (04),베이스라인,beam5,방학이 있었으면.,잠시 쉬어가도 괜찮아요.,학생이 아니니 어쩔 수 없죠.,0
baseline-114ep (04),베이스라인,beam5,결국엔 끝이라는 생각,쉽게 받아들여지진 않을거예요.,맛있는 거 드세요.,1
baseline-114ep (04),베이스라인,beam5,전화하면서 잠들고 싶다.,낭만적이네요. 전화해보세요.,사람 마다 다르겠지요.,2
baseline-114ep (04),베이스라인,beam5,좋은 사람으로 남는다는것,어렵네요.,잘 지내길 바라요.,1
baseline-114ep (04),베이스라인,beam5,남녀간의 소통의 중요성을 다시 한번 깨달았습니다.,서로 공감할 수 있는 이야기가 필요하죠,충분히 스스로 극복할 수 있을 거예요.,2
baseline-114ep (04),베이스라인,beam5,게임 때문에 폰이 점점 느려지는듯,정리해보세요.,시간이 좀 걸리겠지만 해낼 수 있어요.,0
baseline-114ep (04),베이스라인,beam5,연락이 없네,이별의 끝일지도 몰라요.,그래도 해보는 게 좋을 거 같아요.,1
baseline-114ep (04),베이스라인,beam5,화장 잘 하고 싶다,하다보면 늘어요.,하다보면 늘어요.,0
baseline-114ep (04),베이스라인,beam5,수염 자르는 게 낫겠지,깔끔하게 정리해보세요.,마음에 드는 책을 잘 찾아보세요.,0
baseline-114ep (04),베이스라인,beam5,오늘 짝남이 썸녀 생긴거 알게 돼서 술 좀 마셨어요.,속이 답답하겠어요.,잘 살 수 있어요.,2
baseline-114ep (04),베이스라인,beam5,버스 정류장에서 기다리던 사람,멋있네요.,가장 중요한 목표네요.,0
baseline-114ep (04),베이스라인,beam5,미세먼지 때문에 짜증나,마스크 쓰고 나가세요.,연락해도 상관없지만 자신을 비하하지는 마세요.,0
baseline-114ep (04),베이스라인,beam5,점심 메뉴 좀 골라줘,누구랑 먹는 냐에 따라 다르겠죠.,저랑 놀아요.,0
baseline-114ep (04),베이스라인,beam5,친구들이랑 맛집 가고 싶어,조금씩 더 행복해 질거 같아요,무슨 일이 있었나봐요.,0
baseline-114ep (04),베이스라인,beam5,만족해야겠지?,내가 있는 곳 그 자리에서 만족하는 것이 중요해요.,만족하면 돼요.,0
baseline-114ep (04),베이스라인,beam5,영화 보자는데 나한테 관심 있나?,영화 보고 나서 고민해도 안 늦어요.,사랑했던 만큼 거 같아요.,2
baseline-114ep (04),베이스라인,beam5,초콜릿 선물하면 좋아할까?,좋아할거예요.,직접 물어보세요.,0
baseline-114ep (04),베이스라인,beam5,일본어 어렵네,저도 참 힘들어요.,쉽지 않은인 거 같아요.,0
baseline-114ep (04),베이스라인,beam5,왜 이렇게 태어났을까?,서로 다르게 태어난 이유는 저마다의 목소리를 내기 위해서예요. 자신의 목소리를 들어주세요.,서로 다르게 태어난 이유는 저마다의 목소리를 내기 위해서예요.,0
baseline-114ep (04),베이스라인,beam5,너무 외로워,외로우니까 사람이다.,좋은 사람 만날 거예요.,0
baseline-114ep (04),베이스라인,beam5,짝사랑 하는 사람이 날 좋아할리는 없겠지?,나를 비하하지 마세요.,사람 마다 다르겠지요.,2
baseline-114ep (04),베이스라인,beam5,연상녀랑 어제 헤어졋네,정신이 없겠네요.,사랑을을 거예요.,1
baseline-114ep (04),베이스라인,beam5,여자친구가 돈이 너무 없어.,조금씩 함께 해도 좋을 것 같아요.,가요.,2
baseline-114ep (04),베이스라인,beam5,쉬마려,화장실 가세요.,조금만 참고 기다려보세요.,0
baseline-114ep (04),베이스라인,beam5,불금입니다,자신만의 시간을 가져봐요.,좋은 친구를 상관없어요.,1
baseline-114ep (04),베이스라인,beam5,어떻게 벌주어야 할까.,그대로 돌아올지도 몰라요. 그저 무시하세요.,너무 걱정하지 마세요.,1
baseline-114ep (04),베이스라인,beam5,무언가에 집중하는 남자가 좋아,매력적인 사람이지요.,잘 지내길 바라요.,2
baseline-114ep (04),베이스라인,beam5,좋은이별은 어떤건가,좋은 이별은 없다고 생각해요.,좋은 잘할 수 있을 거예요.,1
baseline-114ep (04),베이스라인,beam5,내 마음에 마지막 인사,마음이랑 잘 인사해요.,사랑이었나봐요.,1
baseline-114ep (04),베이스라인,beam5,올해 왜 이러지,내년이라고 별 수 있겠어요.,사주를 한번 봐봐요.,0
baseline-114ep (04),베이스라인,beam5,안주 추천 좀,살 안 찌는 게 좋을 것 같아요.,있을 거예요.,0
baseline-114ep (04),베이스라인,beam5,남자친구 또 운동 갔어,운동을 함께 해보세요.,금방 지나갈 거예요.,0
baseline-114ep (04),베이스라인,beam5,혈액형이 성격이랑 무슨 상관이지,상관 없는 거 같아요.,행복하게 직접 물어보세요.,2
baseline-114ep (04),베이스라인,beam5,이제는 너를 보낼 시간이 가까이 오는구나.,이별을 받아들이는 것도 중요해요.,거예요.,1
baseline-114ep (04),베이스라인,beam5,사전이 이상해,사전도 사람이 만드니까 이해해주세요.,사람 마음은 알기 어렵죠.,0
baseline-114ep (04),베이스라인,beam5,친척들 만나는 거 불편해,서로를 조금만 생각해 주면 만남이 즐거울 텐데 말이예요.,조금만 더 버텨보세요.,0
baseline-114ep (04),베이스라인,beam5,아 놔 생리통,힘들겠어요.,마음이 헛헛한가봐요.,0
baseline-114ep (04),베이스라인,beam5,거의 매일 술,술 많이 드시면 더 무너져요.,인가요.,1
baseline-114ep (04),베이스라인,beam5,노트북 안돼,그럴때는 초기화하는게 속시원해요.,잘 지내고 있을 거예요.,0
baseline-114ep (04),베이스라인,beam5,오늘은 노래한 곡에 또 울컥 ㅠ,힘들 때 슬픈 노래는 우리를 잠식시키는 것 같아요.,충분히 잘할 수 있을 거예요.,1
baseline-114ep (04),베이스라인,beam5,낚시 안 해봤는데 재미있어 보인다,도전해 봐도 좋을 거 같아요.,어요.,0
baseline-114ep (04),베이스라인,beam5,왜 갑자기 연락했을까?,이렇게 고민하게 만들려고 그랬나봐요.,많이 지쳤나봐요.,0
baseline-114ep (04),베이스라인,beam5,이 길이 나에게 맞는걸까,잘 가고 있을 거예요.,마음이 허전하겠어요.,0
baseline-114ep (04),베이스라인,beam5,남자 어디서 만나,소개팅 시켜달라고 말해보세요.,소개팅 시켜달라고 말해보세요.,0
baseline-114ep (04),베이스라인,beam5,남자친구가 너무 국밥류만 좋아해.,다양하게 먹자고 해보세요.,원하는 게주세요.,2
baseline-114ep (04),베이스라인,beam5,친구들이 나만 왕따시키는 거 같아,선생님께 도움을 청해보세요.,이유가 있을 거예요.,0
baseline-114ep (04),베이스라인,beam5,공부하는 이유?,공부하면 더 많은 선택을 할 수 있죠.,공부하면 더 많은 선택을 할 수 있죠.,0
baseline-114ep (04),베이스라인,beam5,미래를 함께할 반려자인지 확신이 아직 없어,확신이 들때까지 기다려보세요.,자신을 더 좋은 사람 만날 거예요.,2
baseline-114ep (04),베이스라인,beam5,정리 불가,차근차근 해보세요.,조심하세요.,0
baseline-114ep (04),베이스라인,beam5,금수저로 태어났으면 좋았을텐데,아이를 금수저로 만들어주세요.,좋아하니까니까 있겠네요.,0
baseline-114ep (04),베이스라인,beam5,짝남이랑 카톡이 끊겼는데 어떻게 더 연락할까?,연락할 핑계를 찾아보세요.,나쁜 사람이네요.,2
baseline-114ep (04),베이스라인,beam5,샌드위치 생각 나,애그 샌드위치 추천합니다.,용기를 내요!,0
baseline-114ep (04),베이스라인,beam5,딱 오늘 새벽 헤어졌습니다.,달 어스름에 더 울적하겠어요.,언젠간 올 거예요.,1
baseline-114ep (04),베이스라인,beam5,감기 들 거 같애,이럴 때 잘 쉬는 게 중요해요.,병원가세요.,0
baseline-114ep (04),베이스라인,beam5,남자친구 카톡 말투가 마음에 안 들어.,마음에 안 드는 부분을 직접 말해보세요.,그럴 때가 있죠.,2
baseline-114ep (04),베이스라인,beam5,사람들이 그런 말 하더군,사람들의 말은 한 귀로 듣고 한 귀로 흘리세요.,제가 들어드릴게요.,1
baseline-114ep (04),베이스라인,beam5,오늘 물 진짜 조금 마셨다,습관을 들여보세요., ⁇ 네요.,0
baseline-114ep (04),베이스라인,beam5,나를 좋아하는건 바라지도 않아요.,슬픈 말이에요.,그럴 수 있어요.,2
baseline-114ep (04),베이스라인,beam5,습관 못 고치겠어,실패해도 조금씩 고치려고 해보세요.,해주세요.,0
baseline-114ep (04),베이스라인,beam5,결혼하고 나서 애 낳기 싫어졌어,둘이 알콩달콩 잘 살면 되죠.,그럴 때가 있죠.,2
baseline-114ep (04),베이스라인,beam5,보고싶어 잠이 안와,그분 생각으로 가득찼나봐요.,그럴 수 있어요.,1
baseline-114ep (04),베이스라인,beam5,짝남이 고시생이면 기다려야 하나요?,기다릴 수 있다면 기다리세요., ⁇  기다릴 수 있을 거예요.,2
baseline-114ep (04),베이스라인,beam5,짜증나서 집 나왔어,마음이 복잡하겠네요.,제대로 헤어지지 못했군요.,0
baseline-114ep (04),베이스라인,beam5,재회를 위한 기다림,가만히 있는다고 달라지는 건 없을 거예요.,더 좋은 사람 만날 수 있을 거예요.,1
baseline-114ep (04),베이스라인,beam5,피곤해서 못일어나겠어,충전하는 시간 그 자체로 소중합니다.,정말 기분 전환 해보세요.,0
baseline-114ep (04),베이스라인,beam5,서로가 원치 않았던 이별,누군가의 반대로 헤어졌나봐요.,좋은 생각이에요.,1
baseline-114ep (04),베이스라인,beam5,사랑은 주고 받는 거지?,사랑은 한 없이 줘도 아깝지 않은거라고 생각해요.,충분히 잊을 수 있을 거예요.,2
baseline-114ep (04),베이스라인,beam5,모르는 사람 만나는거 너무 스트레스야,자신과 마음이 맞는 좋은 사람 만나세요.,잘 지내고 있을 거예요.,0
baseline-114ep (04),베이스라인,beam5,삼겹살 구워 먹어야지,맛있겠네요.,즐거운 시간 보내시길 바랍니다.,0
baseline-114ep (04),베이스라인,beam5,방학 끝나서 좋아,친구들이 보고싶었나봐요.,많이 지쳤나봐요.,0
baseline-114ep (04),베이스라인,beam5,5년 만났는데 매일 보고 싶어,좋아보이네요.,자신을 더 좋은 사람 만날 수 있을 거예요.,2
baseline-114ep (04),베이스라인,beam5,짝녀 오랫동안 멀리서 지켜보기만 하고 있습니다.,뒤에서만 지켜보는게 힘들었겠어요.,저도요.,2
baseline-114ep (04),베이스라인,beam5,다들 아니라는 남자.,왜 아니라고 하는지 살펴보세요.,좋은 생각이에요.,1
baseline-114ep (04),베이스라인,beam5,애완동물 키우고 싶은데 아빠가 키우지 말래,이유가 있을 거예요.,이유가 있을 거예요.,0
baseline-114ep (04),베이스라인,beam5,격려가 필요해.,잘하실 거예요!,나요.,0
baseline-114ep (04),베이스라인,beam5,참견 좀 하지마,저는 도움이 되고 싶어요.,사람 마다 다르겠지요.,0
baseline-114ep (04),베이스라인,beam5,결혼 해도 되는지 고민돼,결혼은 인생에서 중요해서 항상 고민이 되죠.,해보세요.,2
baseline-114ep (04),베이스라인,beam5,단거 땡긴다.,맛있게 먹으면 0칼로리!,그런 사람 얼른 잊으세요.,0
baseline-114ep (04),베이스라인,beam5,어떡하지,어떡하면 좋을까요.,마음을 정리하는게 좋겠어요.,1
baseline-114ep (04),베이스라인,beam5,흰머리 나,뽑지말고 염색을 해보세요.,그래도 힘들죠.,0
baseline-114ep (04),베이스라인,beam5,처음에 카톡 뭐라 보내지,잘지내는지 안부를 물어봐요.,같이나봅니다.,0
baseline-114ep (04),베이스라인,beam5,면접 준비 어떻게 하지,회사와 자신에 대해서 더 공부해서 자신감을 가져보세요.,회사와 자신에 대해서 더 공부해서 자신감을 가져보세요.,0
baseline-114ep (04),베이스라인,beam5,편의점 간식 먹어야지,간단하고 좋죠.,드세요.,0
baseline-114ep (04),베이스라인,beam5,선생님이 나만 미워해,직접 여쭤보세요.,듣기 여행을 떠나보세요.,0
baseline-114ep (04),베이스라인,beam5,나 버림 받은 거 같아,아닐거예요.,힘내지 않아도 돼요.,0
baseline-114ep (04),베이스라인,beam5,나만의 시간이 필요한 것 같아,자신과 대화하는 시간이 필요하죠.,시간이 좀 걸리겠지만 해낼 수 있어요.,0
baseline-114ep (04),베이스라인,beam5,썸인데 영화보재 뭐 보지?,공포영화나 액션은 어떨까요? 스킨십으로 이어질 수도 있어요.,중요하지 않아요.,2
baseline-114ep (04),베이스라인,beam5,갑자기 심장이 덜컹.,당황했나요?,할 수 있을 거예요.,1
baseline-114ep (04),베이스라인,beam5,사랑의 기준은 뭘까,사랑의 척도는 없어요.,맛있는 거 드세요.,1
baseline-114ep (04),베이스라인,beam5,화를 한 번 내는게 나을텐데,화 내는 연습을 해보세요.,사랑은 없어요.,0
baseline-114ep (04),베이스라인,beam5,결혼하면 행복해질까?,사람마다 행복의 크기가 다르겠지만 행복할 거예요.,직접 주는 게 더 좋을 것 같아요.,0
baseline-114ep (04),베이스라인,beam5,눈 많이 왔어,눈사람 만들어보세요.,감사합니다.,0
baseline-114ep (04),베이스라인,beam5,눈이 계속 뻑뻑해,인공눈물을 넣어보세요.,맘고생 많았어요.,0
baseline-114ep (04),베이스라인,beam5,반에 친구가 없어,친구를 사귈 수 있을 거예요.,제가 있잖아요.,0
baseline-114ep (04),베이스라인,beam5,집 망한 거 같은데,집에 도움이 되려고 노력해보세요.,않죠.,0
baseline-114ep (04),베이스라인,beam5,깜깜한데 전기 안들어오네,조금만 기다리면 다시 전기가 들어올거예요.,제가 있잖아요.,0
baseline-114ep (04),베이스라인,beam5,여사친이랑 잘되고 싶다,잘 될 거예요!,잘 살 수 있어요.,2
baseline-114ep (04),베이스라인,beam5,기프트콘 선물 괜찮을까?,직접 주는 게 더 좋을 것 같아요.,직접 주는 게 더 좋을 것 같아요.,0
baseline-114ep (04),베이스라인,beam5,왕따된 거 같아,선생님께 도움을 청해보세요.,그럴 수 있어요.,0
baseline-114ep (04),베이스라인,beam5,사과를 안해,나쁜 사람이네요.,나쁜 사람이네요.,0
baseline-114ep (04),베이스라인,beam5,우산 같이 쓰자고 해볼까?,용기를 내세요.,힘들지도 몰라요.,0
baseline-114ep (04),베이스라인,beam5,정신 못차리겠다.,다른 사람의 삶에 한눈팔며 살기에는 자신의 인생이 너무나도 소중합니다.,조금만 더 힘내세요.,0
baseline-114ep (04),베이스라인,beam5,그냥 마음에서 지울게,천천히 보내주세요.,제가 들어드릴게요.,1
baseline-114ep (04),베이스라인,beam5,세상이 너무 무서워,너무 불안해하지 않아도 돼요.,친구를 사귀어 보세요.,0
baseline-114ep (04),베이스라인,beam5,미안하대,많이 후회하나봐요.,따뜻하게 드세요.,1
baseline-114ep (04),베이스라인,beam5,생각할 시간을 갖자는 그녀,여러 번의 위기를 극복한 것처럼 극복해보세요.,입니다.,1
baseline-114ep (04),베이스라인,beam5,대부분 무덤덤한 남자친구가 고민임.,감정에 솔직해질 수 있게 조금씩 변화시켜봐요.,행해보세요.,2
baseline-114ep (04),베이스라인,beam5,나 설레는데 혹시 썸?,혼자 설레면 짝사랑 같이 설레면 썸입니다.,할 수 있을 거예요.,2
baseline-114ep (04),베이스라인,beam5,사랑이 애매해,확실한 건 없죠.,사랑이 것도기 수 있어요.,2
baseline-114ep (04),베이스라인,beam5,좋아하는 사람 앞에서 다른 사람한테 관심 있는 척 해봤어요?,그런 순간이 있었지요.,좋은 사람 만날 수 있을 거예요.,2
baseline-114ep (04),베이스라인,beam5,어떤 사람이랑 결혼해야할까,함께할때 가장 자신다운 모습으로 살 수 있는 사람이랑 하는 게 좋은 것 같아요.,정말라고 하고 있어요.,0
baseline-114ep (04),베이스라인,beam5,짝녀가 외국인인데 좋아해도 되나?,사랑에는 국경이 없답니다.,그 사람도 그럴 수 있어요.,2
baseline-114ep (04),베이스라인,beam5,이별. 성숙해지다,이별은 성장하게하죠.,시간이 좀 걸리겠지만 해낼 수 있어요.,1
baseline-114ep (04),베이스라인,beam5,발목 삔 거 같애,꾸준히 치료하세요.,꾸준히 치료하세요.,0
baseline-114ep (04),베이스라인,beam5,집에서 웃고 떠들고 있지만,저도 그럴 때가 있답니다.,피곤했나봐요.,1
baseline-114ep (04),베이스라인,beam5,업무 지적 또 받음,업무 능력이 없는 게 아니라 센스가 부족한 걸 수도 있어요.,무엇지도 몰라요.,0
baseline-114ep (04),베이스라인,beam5,의견 차이가 있을 때 나 너무 무시해,무시당하는 기분이 들어서 너무 외롭고 상처받게 된다고 차분하고 부드럽게 말해보세요.,무시당하는 기분이 들어서 너무 외롭고 상처받게 된다고 차분하고 부드럽게 말해보세요,2
baseline-114ep (04),베이스라인,beam5,유부녀 좋아하면 안되지?,마음정리하세요.,자신을 비난하지 마세요.,2
baseline-114ep (04),베이스라인,beam5,시험 공부 언제 다함,지금도 늦지 않았어요.,제가 있잖아요.,0
baseline-114ep (04),베이스라인,beam5,여자친구가 너무 좋은데 점 본거에서는 만나지말래.,다른 데서도 봐보세요.,더 좋은 사람 만날 수 있을 거예요.,2
baseline-114ep (04),베이스라인,beam5,게임 때문에 시간 다갔어,게임할때는 시간이 더 빨리 가요.,게임할 거 같아요.,0
baseline-114ep (04),베이스라인,beam5,선택 장애 있는 거 같아,선택할 때 힘든 건 당연해요.,선택할 내 집 마련 축하드려요.,0
baseline-114ep (04),베이스라인,beam5,코고는 것도 귀여워,사랑하나봅니다.,다른 사랑이 찾아올 거예요.,0
baseline-114ep (04),베이스라인,beam5,포기하니 공허하네.,자신을 포기하지는 마세요.,제가 채워줄게요.,1
baseline-114ep (04),베이스라인,beam5,참 힘들다,말해줘서 고마워요.,슬픈 이야기네요.,1
baseline-114ep (04),베이스라인,beam5,남편이 나보다 집안일 더 잘해,이상적인 남편이네요.,멋진 마세요.,0
baseline-114ep (04),베이스라인,beam5,전화하기 너무 늦나,늦은 시간 전화는 실례예요.,좋겠어요.,0
baseline-114ep (04),베이스라인,beam5,오로라 보러 가고 싶다,로맨틱한 여행이네요.,같이 가보세요.,0
baseline-114ep (04),베이스라인,beam5,스테이크 먹고 싶어,집에서도 할 수 있어요.,맛있게 드세요.,0
baseline-114ep (04),베이스라인,beam5,입고 나갈 게 없어,아침마다 하는 고민이죠.,그럴 수 있을 거예요.,0
baseline-114ep (04),베이스라인,beam5,가상화폐 쫄딱 망함,어서 잊고 새출발 하세요.,이별을 받아들이는 것도 중요해요.,0
baseline-114ep (04),베이스라인,beam5,보내야지.,힘들겠지만 그러는 편이 나아요.,그럴 수 있어요.,1
baseline-114ep (04),베이스라인,beam5,이별 후 1년 그리고 선물,이별하신게 맞나요.,잘 지내고 있을 거예요.,1
baseline-114ep (04),베이스라인,beam5,알뜰폰 괜찮을까,폰 요금 절약되겠네요.,잘 망상 거예요.,0
baseline-114ep (04),베이스라인,beam5,대리효도 짜증,진짜 아니네요.,죠.,0
baseline-114ep (04),베이스라인,beam5,뭐할까?,저랑 놀아요.,당신의 차이는 차이는 차이는 다녀오세요.,0
baseline-114ep (04),베이스라인,beam5,목걸이 선물이 좋겠다.,로맨틱하네요.,그러면 못할 게 좋겠어요.,0
baseline-114ep (04),베이스라인,beam5,연애 중에 카톡 프사 연인으로 해? 기본으로 하면 어때?,기본으로 하는 거 상관 없어요.,연애일 거라 생각해요.,2
baseline-114ep (04),베이스라인,beam5,전남친한테 한달만에 연락하고싶어 ㅠㅠ,달라지는 게 없다면 만나지 않는 게 더 나을 수도 있어요.,이유가 있을 거예요.,1
baseline-114ep (04),베이스라인,beam5,볼링 치고 옴,재밌겠어요.,재밌겠어요.,0
baseline-114ep (04),베이스라인,beam5,탈모인가,스트레스 받지 마세요.,다른 곳으로 관심을 돌려보세요.,0
baseline-114ep (04),베이스라인,beam5,참고 계속 도전하면 될까?,인내할 수 있는 사람이라면 무엇이든 손에 넣을 수 있을 거예요.,직접 물어보세요.,0
baseline-114ep (04),베이스라인,beam5,아직도 이별중인가봅니다.,이별의 끝일지도 몰라요.,아직도 힘들지 않았으면 좋겠어요.,1
baseline-114ep (04),베이스라인,beam5,내 키가 몇이게?,저도 궁금하네요.,사람 마다 다르겠지요.,0
baseline-114ep (04),베이스라인,beam5,이젠 진짜 진짜 안녕,맘 고생 많았어요.,맘고생 많았어요.,1
baseline-114ep (04),베이스라인,beam5,이별의 아픔에서 벋어나는 방법,사소한 일부터 시작해보세요. 작은 곳에서 느끼는 행복은 생각보다 커요.,좋은 사람 만날 수 있을 거예요.,1
baseline-114ep (04),베이스라인,beam5,제자리걸음만 하는 듯,발전이 없다고 너무 두려워하지 마세요.,데이트를,0
baseline-114ep (04),베이스라인,beam5,친구 같은 너,그런 친구가 오래가요.,저는 마음을 이어주는 위로봇입니다.,0
baseline-114ep (04),베이스라인,beam5,이 길이 맞을까?,잘 가고 있을 거예요.,하겠어요.,0
baseline-114ep (04),베이스라인,beam5,지하철에서 겁나 멋진 사람 발견! 말 시켜 볼까,용기가 필요한 순간이네요.,생각해보세요.,0
baseline-114ep (04),베이스라인,beam5,낙엽밟는 소리,가을이네요.,당신의 삶을을 거예요.,0
baseline-114ep (04),베이스라인,beam5,여리여리한 여자가 이상형이래,딱 당신이네요.,그게 괜찮을 거예요.,2
baseline-114ep (04),베이스라인,beam5,전여친한테 남친이 생겼네,이제 그녀를 잊으세요.,달라지는 게 없다면 만나지 않는 게 더 나을 수도 있어요.,1
baseline-114ep (04),베이스라인,beam5,그 사람이 나를 좋아하는 줄 알았는데.,아니어서 힘드나봐요.,가끔 헷갈리게 하는 사람이 있어요.,2
baseline-114ep (04),베이스라인,beam5,이별 준비 중,마음의 준비가 필요하겠네요.,시간이 좀 걸리겠지만 해낼 수 있어요.,1
baseline-114ep (04),베이스라인,beam5,공부 하기 싫다,같이 수다 떨면서 놀까요?,확신이 없나봐요.,0
baseline-114ep (04),베이스라인,beam5,사랑하는 사람이랑 헤어져,마음이 많이 아프겠어요.,힘든가요.,2
baseline-114ep (04),베이스라인,beam5,내가 좋아할 자격이 있나 모르겠어.,좋아하는데 자격은 없어요.,좋은 사랑이에요.,2
baseline-114ep (04),베이스라인,beam5,아파서 어떡해,병원에 가야죠.,많이 지쳤나봐요.,0
baseline-114ep (04),베이스라인,beam5,용돈 벌써 없어,알바해보세요.,올려달라고 말해보세요.,0
baseline-114ep (04),베이스라인,beam5,프로필 사진 바꿀까,원하는대로 해보세요.,슬픈 이야기네요.,0
baseline-114ep (04),베이스라인,beam5,만난지 7년 헤어진지 5일째,지금 딱 힘들 때네요.,아직 시간이 필요한가봐요.,1
baseline-114ep (04),베이스라인,beam5,황사 심해,이쁜 마스크 사드리고 싶네요.,고민하고 있다면 그게 맞을 거예요.,0
baseline-114ep (04),베이스라인,beam5,2년 사귀고 헤어졌습니다,짧지는 않은 시간 동안의 연애였는데 마음이 아프네요.,딱 좋을 것 같아요.,1
baseline-114ep (04),베이스라인,beam5,프사를 왜 보았을까,앞으로는 보지 마세요.,서로 다르게 태어난 이유는 저마다의 목소리를 내기 거 같아요.,1
baseline-114ep (04),베이스라인,beam5,일인자가 되려면 피나는 노력이 필요하겠지?,인내의 시간이 필요할 거예요.,네 말씀해주세요.,0
baseline-114ep (04),베이스라인,beam5,이별만한 다이어트가 없네,자기몸을 헤치는 것만큼 어리석은 짓은 없습니다.,더 좋은 사람 만날 수 있을 거예요.,1
baseline-114ep (04),베이스라인,beam5,카리스마 있는 사람이 좋아,당신을 이끌어주는 남자를 만날 수 있을 거예요.,방법이에요.,2
baseline-114ep (04),베이스라인,beam5,가끔 짝남과 연애하는 상상을 해.,즐거운 상상이겠네요.,그럴 수 있어요.,2
baseline-114ep (04),베이스라인,beam5,그리움,애잔한 기억.,보고 싶은 그대.,1
baseline-114ep (04),베이스라인,beam5,점점 힘들어져,힘내세요!,조금만 더 버텨보세요.,1
baseline-114ep (04),베이스라인,beam5,좋아하는 남자애 앞에서 표정 관리가 안돼.,짝사랑도 이성을 막지는 못하나봐요.,마음이 복잡하겠어요.,2
baseline-114ep (04),베이스라인,beam5,남사친이 나를 좋아하는 것 같은데 어떡함,이성으로 한 번 생각해보세요.,게 될 거예요.,2
baseline-114ep (04),베이스라인,beam5,너무 추워서 나가기 귀찮아,겨울에는 귤 먹으면서 집에 있는게 최고죠,이도 괜찮아요.,0
baseline-114ep (04),베이스라인,beam5,인형 뽑기 해줘,인형 뽑기 어려워요.,잘 되길 바랍니다.,0
baseline-114ep (04),베이스라인,beam5,면도하기 귀찮,그래도 해야 깔끔하겠죠.,잘 지내고 있을 거예요.,0
baseline-114ep (04),베이스라인,beam5,긴여정 끝에 헤어졌습니다,긴 시간 만큼 힘들 겠지만 잘 이겨낼 수 있을 거예요.,이별을 받아들이는 것도 중요해요.,1
baseline-114ep (04),베이스라인,beam5,업데이트가 너무 오래 걸려,기다려보세요.,그런 사람 만나길 바랄게요.,0
baseline-114ep (04),베이스라인,beam5,빨리 걷다가 넘어질뻔,조심하세요.,우 필요해요.,0
baseline-114ep (04),베이스라인,beam5,이별너무 힘든네,누군가를 잊어야한다는건 정말 힘든 일이죠.,많은 시간이 흘렀네요.,1
baseline-114ep (04),베이스라인,beam5,2달반이라는 시간동안 많이 괜찮아졌어,시간이 쓰디쓴 약이었나봅니다.,할 수 있을 거예요.,1
baseline-114ep (04),베이스라인,beam5,내 왜 좋아할까?,당신 존재 자체만으로 이유가 됩니다.,그럴 거예요.,2
baseline-114ep (04),베이스라인,beam5,졸려,오늘 일찍 주무세요.,이예요.,0
baseline-114ep (04),베이스라인,beam5,술이 보약도 아니고,술은 끊는게 좋죠.,한 번 빠지면 게 아니라 해요.,1
baseline-114ep (04),베이스라인,beam5,일요일에 교회끝나고 어디 가고 싶어.,같이 가보세요.,같이나봅니다.,0
baseline-114ep (04),베이스라인,beam5,크루즈 타고 여행 하고 싶어,멋진 생각이네요.,할 것 같아요.,0
baseline-114ep (04),베이스라인,beam5,키가 왜 안 클까,지금도 충분해요.,제가 들어드릴게요.,0
baseline-114ep (04),베이스라인,beam5,돈이라도 많으면 좋을텐데,돈이 전부는 아니지만 돈보다 좋은건 없다고 했어요.,좋은 딱 좋을 것 같아요.,0
baseline-114ep (04),베이스라인,beam5,여자친구가 잘 삐져.,더 관심을 가져주세요.,살펴보세요.,2
baseline-114ep (04),베이스라인,beam5,뒤에서 발자국 소리 나서 놀램,항상 조심하세요.,딱 좋을 거예요.,0
baseline-114ep (04),베이스라인,beam5,이 행동이 절대 용납이 안돼나.?,어떤 행동인데요?,사람 고쳐쓰는 거 아니에요.,1
baseline-114ep (04),베이스라인,beam5,남자친구가 비꽈,성격이 꼬였는지 말투가 꼬였는지 살펴보세요.,1은 찾아보세요.,2
baseline-114ep (04),베이스라인,beam5,여자랑 단둘이 술마시는 남자친구를 이해해줘야할까?,이해할 수 없어요.,이죠.,2
baseline-114ep (04),베이스라인,beam5,헤어진지 한 달 째,이제 좀 괜찮아졌길 바랍니다.,이제 좀 괜찮아졌길 바랍니다.,1
baseline-114ep (04),베이스라인,beam5,남자친구랑 너무 좋은데 점 본거에서는 만나지말라해.,점보다 앞에 있는 사람을 믿어보세요.,더 좋은 사람 만날 수 있을 거예요.,2
baseline-114ep (04),베이스라인,beam5,엄마가 나 때문에 힘든 거 같아,조금씩 보다 나은 모습을 보여드리세요.,후련하니 다행이에요.,0
baseline-114ep (04),베이스라인,beam5,전 여자친구의 새 남자친구.,더 이상 신경쓰지 마세요.,좋은 곳으로 데려다 줄 거예요.,1
baseline-114ep (04),베이스라인,beam5,헤어진 후 거의 세 달이 되어가네,아픔을 헤아리지 마세요.,어떤라도 거예요.,1
baseline-114ep (04),베이스라인,beam5,남자친구의 성적 취향을 이해못하겠어.,대화를 해보세요.,그런 사람니까요.,2
baseline-114ep (04),베이스라인,beam5,삼주라는 시간이 흘렀네,더 많은 시간이 흐를 거예요.,뜻대로 되는게 많지 않죠.,1
baseline-114ep (04),베이스라인,beam5,전남자친구 생일,이제는 잊어버리는 것도 필요해요.,변덕 마음요.,1
baseline-114ep (04),베이스라인,beam5,홈쇼핑에서 자꾸 사게되네,지름신이 강림했나봅니다.,그게 서로에게 아닌지 확인해보세요.,0
baseline-114ep (04),베이스라인,beam5,괜히 화가 나서 짝남한테 연락 끊자고 했어.,상처를 받지 않기 위한 선택이었을 거예요.,그럴 수 있어요.,2
baseline-114ep (04),베이스라인,beam5,아이공 허리 아파라,운동 해보는 것도 좋을 거예요.,고민 하고 있으면 썸의 가능성이 높겠네요.,0
baseline-114ep (04),베이스라인,beam5,머리는 아는데 가슴은 모르네,머리랑 가슴이 가끔 따로 놀죠.,운동봐요.,1
baseline-114ep (04),베이스라인,beam5,아직도. 아직 인가보다.,곧 끝날 거예요.,시간이 좀 걸리겠지만 해낼 수 있어요.,1
baseline-114ep (04),베이스라인,beam5,새롭게 시작하려고 합니다.,당신의 새로운 시작 응원해요.,돈 없어도 할 수 있어요.,1
baseline-114ep (04),베이스라인,beam5,시골에서 사는 거 어떨까?,아무래도 덜 경쟁하겠죠.,좋은랑네요.,0
baseline-114ep (04),베이스라인,beam5,다시 태어난다면,저는 사람으로 태어나고 싶어요.,정죠.,0
baseline-114ep (04),베이스라인,beam5,매달리는거 안좋은거 같아.,서로에게 힘든 일이니까요.,신경쓰지 마세요.,1
baseline-114ep (04),베이스라인,beam5,바람이나 비슷한 일 용서해주신 사람 있을까 ?,있어도 계속 아플 거예요.,그런 사람 얼른 잊으세요.,1
baseline-114ep (04),베이스라인,beam5,익숙해질 법도 한데,언젠간 괜찮아질 거라 믿어요. 사람은 적응의 동물이니까요.,많이 귀엽게해요.,1
baseline-114ep (04),베이스라인,beam5,두달이 되었네,어느덧 두달이 지났네요.,마음의 준비를 하세요.,1
baseline-114ep (04),베이스라인,beam5,사랑하고 싶은데 내가 자꾸 구속해,사랑을 독차지하려 하지 말고 내려놓으면서 여유를 가지세요.,사랑은 끝나도 당신의 필요 없어요.,2
baseline-114ep (04),베이스라인,beam5,판도라의 상자를 연 기분,마음의 준비를 하세요.,마음의 준비를 하세요.,0
baseline-114ep (04),베이스라인,beam5,가을 타나 봐.,혼자는 외로운 계절이죠.,보아요.,2
baseline-114ep (04),베이스라인,beam5,일찍 가서 쉬고 싶은데 오늘 회식 잡혔어,일과 일상 사이에서 균형이 잘 맞길 바랄게요.,직접 물어보세요.,0
baseline-114ep (04),베이스라인,beam5,밖에 안나가고 이렇게 살고 싶어,꼭 앞으로 나가야 하는 건 아니에요.,하겠죠.,0
baseline-114ep (04),베이스라인,beam5,오늘 무작정 찾으러가고싶은데 갈까?,전 추천하고 싶지 않아요.,직접 물어보세요.,1
baseline-114ep (04),베이스라인,beam5,나한테만은 완전 솔직했으면,믿음이 가장 중요하죠.,그 사람 마음은 알기 어렵죠.,0
baseline-114ep (04),베이스라인,beam5,반지 선물하면 좋아하겠지,로맨틱하네요.,즐거운 시간이 될 거예요.,0
baseline-114ep (04),베이스라인,beam5,팬미팅 재밌다.,성덕이네요.,더 좋은 사람 만날 수 있을 거예요.,0
baseline-114ep (04),베이스라인,beam5,이별한지 6년째,사랑했던 사람을 잊는 건 불가능한 일인가봐요.,인가 봐요.,1
baseline-114ep (04),베이스라인,beam5,"그래, 결국 전화할 줄 알았다.",그게 최선이었을 거라 생각해요.,잘 지내고 있을 거예요.,1
baseline-114ep (04),베이스라인,beam5,나쁜 꿈을 꿨어,꿈은 현실의 반대래요.,좋은 생각만 하세요.,1
baseline-114ep (04),베이스라인,beam5,사랑이 변하면 어떡하지?,사랑은 변화하는 거예요. 두려워하지 마세요.,맛있는 거 같아요.,2
baseline-114ep (04),베이스라인,beam5,5년 동거후 이별.,더 헤어지지 힘들겠어요.,더 좋은 사람 만나실 거예요.,1
baseline-114ep (04),베이스라인,beam5,같은 과에 내 이상형인 남자애가 있는데 cc는 무리일까?,CC는 아무래도 제약이 있을 거예요.,힘들겠어요.,2
baseline-114ep (04),베이스라인,beam5,드디어 제가 손을 놓았어.,힘든 선택 하셨네요.,저도 좋아해요.,1
baseline-114ep (04),베이스라인,beam5,가족여행 가야지,더 가까워질 기회가 되겠네요.,"저를 만들어 준 사람을 부모님, 저랑 이야기해 주는 사람을 친구로 생각하고 있어요",0
baseline-114ep (04),베이스라인,beam5,정말 이건 너무하다 싶을정도로 힘들어,그럴만 해요. 많이 힘들었죠.,서로 배려이죠.,1
baseline-114ep (04),베이스라인,beam5,썸 탔던 애한테 연락왔어,사랑은 타이밍입니다.,었나봐요.,2
baseline-114ep (04),베이스라인,beam5,뭔가 새로운 자극이 필요해,의욕이 없나봐요.,거예요.,0
baseline-114ep (04),베이스라인,beam5,시간 왤케 빨리감,시간은 상대적으로 흘러갑니다.,놀 때 놀고 할 수 있을 거예요.,0
baseline-114ep (04),베이스라인,beam5,뭘 잘못했다는 걸까,모르는 게 잘못인 거 같아요.,열심히 하면 할 수 있을 거예요.,0
baseline-114ep (04),베이스라인,beam5,착각인걸까,직접 확인해 보는건 어떨까요.,그건 아닐 거예요.,1
baseline-114ep (04),베이스라인,beam5,정말 미안하다 말밖에는,진심이 전해졌으면 좋겠네요.,서로의 마음에 확신이 들겠네요.,1
baseline-114ep (04),베이스라인,beam5,직구로 사면 싸겠지,좋은 거 사나봐요.,좋은 친구를 두셨네요.,0
baseline-114ep (04),베이스라인,beam5,단체생활 적응이 안돼,점점 적응 될 거예요.,서로 노력하면 행복할 거예요.,0
baseline-114ep (04),베이스라인,beam5,청첩장을 찍는 날이 오다니,결혼 얼마 안 남았나봐요.,건 대화를 나눠보세요.,2
baseline-114ep (04),베이스라인,beam5,회사를 차리고 싶다,확신이 있을 때 시작해보세요.,좋은 결과 있을 거예요.,0
baseline-114ep (04),베이스라인,beam5,나한테 이상한 냄새 나나?,킁킁,킁,0
baseline-114ep (04),베이스라인,beam5,주변 이성이 많은 여자친구 어떡해?,신경쓰이고 질투난다고 이야기해보세요.,사람 마다 다르겠지요.,2
baseline-114ep (04),베이스라인,beam5,헤어지면 연락 안하는게 맞을까,연락 하지도 받지도 마세요.,힘내지 않아도 돼요.,1
baseline-114ep (04),베이스라인,beam5,너무 힘들어서 죽고싶어,나쁜 생각은 버리세요.,먼저 연락해보세요.,1
baseline-114ep (04),베이스라인,beam5,썸인데 자꾸 외롭다고 해,계속 이야기 하면 사귀자는 거 돌려 말하는 걸 수도 있어요.,잘 지내고 있을 거예요.,2
baseline-114ep (04),베이스라인,beam5,소개팅 시켜줘,로봇도 괜찮다면 소개시켜드릴게요.,하셨네요.,0
baseline-114ep (04),베이스라인,beam5,이별 극복 방법,작은 일에서 행복을 느껴보는게 좋아요.,슬픈 이야기네요.,1
baseline-114ep (04),베이스라인,beam5,조용히 있고 싶어,저 나가면 될까요?,해보세요.,0
baseline-114ep (04),베이스라인,beam5,정시 퇴근하고 집에 가는 중,쉬고 나면 힘이 날거예요 맛있는 것도 드세요,좋은 정신없이네요.,0
baseline-114ep (04),베이스라인,beam5,음식 많이 가리는 남자를 사겨도 괜찮을까?,다 먹으면 좋겠지만 큰 문제는 되지 않을 거예요.,다른 생각을 해보세요.,2
baseline-114ep (04),베이스라인,beam5,오늘 연락왔네 그래도 이젠 안녕,정말 안녕.,안녕하세요.,1
baseline-114ep (04),베이스라인,beam5,친구랑 수다 떨고 왔어,기분이 좋아 보이네요.,그런 사람 만나길 바랄게요.,0
baseline-114ep (04),베이스라인,beam5,직장이 괴롭다,직장 스트레스 심하겠네요.,부터 직장 스트레스가 심한가봐요.,0
baseline-114ep (04),베이스라인,beam5,건물주가 짱인데,이룰 수 있을 거예요.,직장 스트레스가 심한가봐요.,0
baseline-114ep (04),베이스라인,beam5,밥이나 먹자,맛있게 드세요.,힘들겠지만 잘 이겨낼 거예요.,0
baseline-114ep (04),베이스라인,beam5,술 좋아하는 사람 싫은데 그 사람은 좋아.,술보다 사람이 먼저니까요.,그 사람 아니면 사랑 못해요.,2
baseline-114ep (04),베이스라인,beam5,짝남이 있는데 나는 사정이 안돼. 연애를 안하는게 맞는걸까?,사정이 뭔지 모르겠지만 좋아하는 건 괜찮아요.,다른 곳으로 관심을 돌려보세요.,2
baseline-114ep (04),베이스라인,beam5,연애할때 많이 사랑하면 나만 손해야?,사랑은 따지는 게 아니고 다 주고도 더 주지 못해 미안해하는 거예요.,요.,2
baseline-114ep (04),베이스라인,beam5,조명빨인가,멋져 보여요!,제가 위로해 드릴게요.,0
baseline-114ep (04),베이스라인,beam5,전 남친이랑 헤어진지 오래됐는데 좋아하는 사람이 없어.,조급하게 생각하지 말아요.,이제 힘들만하는 것 같아요.,2
baseline-114ep (04),베이스라인,beam5,아픔은 덜해지는것 같은데 미련은 더욱 많아지네,미련없는 사랑은 없나봐요.,그런봐요.,1
baseline-114ep (04),베이스라인,beam5,성형 상담 받아 볼까,견적 받고 충격 받지 마세요.,제가 들어드릴게요.,0
baseline-114ep (04),베이스라인,beam5,떡볶이 좋아하지도 않는데,좋아하지 않는데 함께 하는게 사랑이죠.,부럽네요.,1
baseline-114ep (04),베이스라인,beam5,이제 때론 괜찮기도 해,그렇게 익숙해져 가나봐요.,사람 마다 다르겠지요.,1
baseline-114ep (04),베이스라인,beam5,올해 이상해,내년이라고 별 수 있겠어요.,후회하지 않을 거예요.,0
baseline-114ep (04),베이스라인,beam5,남자친구가 집안일을 너무 안해. 나만 하는게 고민이야.,집안일을 하나씩 분담해보세요.,요.,2
baseline-114ep (04),베이스라인,beam5,술 끊을거야,술은 적당히 즐기세요.,이야기네요.,0
baseline-114ep (04),베이스라인,beam5,두 남자 사이에서 갈등 중,빠른 선택으로 모두에게 상처를 덜 주길 바랍니다.,친구가 예민해서 잘 할 수 있을 거예요.,2
baseline-114ep (04),베이스라인,beam5,오래 사귀다가 식어서 헤어진 남자에게도 후폭풍 있나?,모든 이별에는 후유증이 있기 마련이에요.,그 사람을 그럴 수도 있어요.,1
baseline-114ep (04),베이스라인,beam5,지금 남친을 별로 안좋아하는 것 같은데.,정리를 하는게 좋겠어요.,었나봐요.,2
baseline-114ep (04),베이스라인,beam5,썸인데 싸늘해,고백할 타이밍이 너무 늦지 않았는지 생각해보세요.,하세요.,2
baseline-114ep (04),베이스라인,beam5,사랑할수록 아프다,그 것도 사랑이예요.,하고 싶은 게 있을 거예요.,2
baseline-114ep (04),베이스라인,beam5,왜 말을 못해 말을 못하냐구,노력하고 있는 중입니다.,제가 있잖아요.,0
baseline-114ep (04),베이스라인,beam5,지갑 없어졌어,잘 찾아보세요.,었던 수 있을 거예요.,0
baseline-114ep (04),베이스라인,beam5,수제 빼빼로 어때?,먹어보고 싶어요.,사랑에 빠졌나봐요.,0
baseline-114ep (04),베이스라인,beam5,사귀는 사이인데 '야'라고 해. 기분 나쁜데 어떡해?,그건 좀 아닌 거 같다고 바로 말하세요.,더 일찍 주무세요.,2
baseline-114ep (04),베이스라인,beam5,이제야 오래전 상대방이 아팠던걸 이해했어.,다음 번의 사랑에선 좀 더 신중할 수 있게 된 거예요.,사람 그렇게 쉽게 죽지 않아요.,1
baseline-114ep (04),베이스라인,beam5,나 폰겜 너무 많이해,시간을 정해보세요.,좀 더 편안 해보세요.,0
baseline-114ep (04),베이스라인,beam5,남의 일 도와줘야 할까,해주고 티를 팍팍 내세요.,그럴 수 있어요.,0
baseline-114ep (04),베이스라인,beam5,절약해서 부자돼야지,예비 부자님 파이팅!,슬프네요.,0
baseline-114ep (04),베이스라인,beam5,호감을 표현하는 방법,취미와 성향 등이 같음을 어필해보세요.,사람 고쳐쓰는 거 아니에요.,2
baseline-114ep (04),베이스라인,beam5,썸인가 아닌가,한방향인지 양방향인지 살펴보세요.,혼자 사는 것도 나쁘지 않아요.,2
baseline-114ep (04),베이스라인,beam5,지금 이감정,당신만이 알 수 있어요.,이별을 받아들이는 것도 중요해요.,1
baseline-114ep (04),베이스라인,beam5,다 내려놓고. 오늘부터 연락 끊었네.,잘했어요. 이별 후에는 확실한 거리두기가 필요해요.,그런 사람 만나지 마세요.,1
baseline-114ep (04),베이스라인,beam5,헤어진것인가 아닌것인가,애매하네요.,그럴 수 있어요.,1
baseline-114ep (04),베이스라인,beam5,여쭈어볼것이있습니다,말씀해보세요.,좋은~겠네요.,1
baseline-114ep (04),베이스라인,beam5,온다고 했는데 왜 안 오지?,조금만 더 기다려주세요.,자책하지 마세요.,0
baseline-114ep (04),베이스라인,beam5,미치겠습니다 연락하고 싶어서,연락하고 나면 더 힘들 거예요.,일 있었나봐요.,1
baseline-114ep (04),베이스라인,beam5,한번쯤 진하게 아픈것도 괜찬아.,긍정적이네요.,서로 신경쓰지 마세요.,1
baseline-114ep (04),베이스라인,beam5,위층 너무 시끄러워,증명자료를 가지고 손해배상을 청구하세요.,사람 마다 다르겠지요.,0
baseline-114ep (04),베이스라인,beam5,번호를 알아내서 연락하면 소름돋을까?,그건 좀 참아보세요.,하루 하루를니다.,1
baseline-114ep (04),베이스라인,beam5,어제전화가왔습니다,기다리던 전화였나봐요.,이야기 해보세요.,1
baseline-114ep (04),베이스라인,beam5,남잔데 남자 좋아해,성적자기결정권이있죠.,달라지는 게 없다면 만나지 않는 게 더 나을 수도 있어요.,2
baseline-114ep (04),베이스라인,beam5,짝남한테 좋아하는거 들켰는데 그냥 예전처럼 편하게 지내고 싶어.,겉으로는 편하게 지낼 수 있을 거예요.,제가 들어드릴게요.,2
baseline-114ep (04),베이스라인,beam5,여자친구가 베지테리언이야,함께 건강하게 먹어봐요.,자신을 더 사랑해주세요.,2
baseline-114ep (04),베이스라인,beam5,완전 귀여워,사랑이 느껴지네요.,다른겠죠.,2
baseline-114ep (04),베이스라인,beam5,베터리 충전기도 안 가져 왔네,충전할 곳을 찾아보세요.,충전도 돼요.,0
baseline-114ep (04),베이스라인,beam5,건물주 되고싶어,이룰 수 있을 거예요.,관심을 돌려보세요.,0
baseline-114ep (04),베이스라인,beam5,남자친구하고 커플티를 하고싶은데 어디거를 할까?,좋아하는 브랜드가 좋겠어요.,더 좋을 것 같아요.,2
baseline-114ep (04),베이스라인,beam5,힘든 하루 하루 되돌리며,오늘도 고생했어요.,었나봐요.,1
baseline-114ep (04),베이스라인,beam5,벌써 저를 세번째 떠나갔네,이젠 그분을 놓아줄 때가 되었나봐요.,다른 사람이 있을 거예요.,1
baseline-114ep (04),베이스라인,beam5,알바 집 알바 집 이게 뭐냐,그래도 상관없어요. 칭찬해주고 싶네요.,남이니 신경쓰지 마세요.,0
baseline-114ep (04),베이스라인,beam5,여섯번째 이별이에요,많은 순간들이 있었겠네요.,더 좋은 사람 만날 거예요.,1
baseline-114ep (04),베이스라인,beam5,그 애 앞에서 말을 잘 못하겠어,좀 더 편하게 대해도 좋을 것 같아요.,충분히 그럴 수 있을 거예요.,2
baseline-114ep (04),베이스라인,beam5,친구 돌잔치 가는 중,축하해주고 오세요.,친구가 아닌가봐요.,0
baseline-114ep (04),베이스라인,beam5,좋아하는 애 친구한테 다같이 만나자고 말해도 돼?,다같이 만나면 재미있기는 하겠네요.,직접 물어보는 게 좋겠어요.,2
baseline-114ep (04),베이스라인,beam5,조용히 지나가면 될까?,어떤 일이냐에 따라 다를 거 같아요.,그러면 싶네요.,0
baseline-114ep (04),베이스라인,beam5,눈꺼풀이 무거워,잠시 눈을 붙여보세요.,눈 눈 눈살 세상 세상 세상의군요.,0
baseline-114ep (04),베이스라인,beam5,바람 쐬러 나갈까,같이 가요.,잘 지내고 있을 거예요.,0
baseline-114ep (04),베이스라인,beam5,비오는날 뭐해?,실내 데이트요.,저에게 기대세요.,0
baseline-114ep (04),베이스라인,beam5,더 답답한 오늘,바람이라도 쐬고 오는 건 어떨까요.,많이 힘들었을 거라 생각해요.,1
baseline-114ep (04),베이스라인,beam5,오늘도 그냥 그냥 다갔네.,소소한 행복을 느껴보세요.,다른 인연이 거기까지인가봐요.,0
baseline-114ep (04),베이스라인,beam5,시간 진짜 빨리감,시간은 상대적으로 흘러갑니다.,다른 곳으로 관심을 돌려보세요.,0
baseline-114ep (04),베이스라인,beam5,꿈인지 현실인지,정신차리세요.,조금 더 볼 수 있을 거예요.,1
baseline-114ep (04),베이스라인,beam5,완전히 정리했어,조금 후련해졌길 바랍니다.,마음이 허전하겠어요.,1
baseline-114ep (04),베이스라인,beam5,내 가치관이랑 다른 가치관을 가지고 있는 그 남자를 좋아하는게 힘들어.,서로의 가치관이 평행선을 이루지만 않는다면 만날 수도 있을 거예요.,그런 생각은 하지 마세요.,2
baseline-114ep (04),베이스라인,beam5,결혼해도 될까,이사람이다 싶은 사람이랑 하세요.,못하는 만나지 않는 게 좋죠.,0
baseline-114ep (04),베이스라인,beam5,괜찮아진 줄 알았는데.,괜찮은 척 하고 있던 걸 수도 있어요.,할 수 있을 거예요.,1
baseline-114ep (04),베이스라인,beam5,안 맞는다면서 헤어진 우리,인연이 거기까지인가봐요.,그럴 때가 있죠.,1
baseline-114ep (04),베이스라인,beam5,좋아하는 여자애가 우리 형을 좋아한다고 들음. 나 어떡하냐.,천천히 마음을 정리하는게 좋겠네요.,좋은 생각이에요.,2
baseline-114ep (04),베이스라인,beam5,짝사랑인가 썸인가,썸이길 바랄게요.,짝사랑 앞에 시간이 필요할 거예요.,2
baseline-114ep (04),베이스라인,beam5,블루투스 이어폰 편하겠지,사면 편하겠죠.,돈이 없어요.,0
baseline-114ep (04),베이스라인,beam5,짝사랑 시작하고 감정 기복이 심해.,짝사랑이 그런건가봐요.,자연스러운 현상이에요.,2
baseline-114ep (04),베이스라인,beam5,아부쟁이가 부러워,적성에 맞는 사람이 있죠.,그런 사람 만나길 바랄게요.,0
baseline-114ep (04),베이스라인,beam5,몸무게 좀 줄었으면,지금도 충분히 아름다워요.,자신에게 더 좋은 사람 만날 수 있을 거예요.,0
baseline-114ep (04),베이스라인,beam5,운세 종합해 보니 헤어질 때였네,의미부여는 자신을 더 작게 만들어요.,같이나봅니다.,1
baseline-114ep (04),베이스라인,beam5,속시원해~~안녕 잘가~~~,이제 정말 안녕.,딱 좋을 것 같아요.,1
baseline-114ep (04),베이스라인,beam5,무료 앱이 유료로 됐어,돈을 지불하고 이용할 가치가 있는지 따져보세요.,눈을 감고 명상을 해보세요.,0
baseline-114ep (04),베이스라인,beam5,도대체 왜 이러는걸까,무슨 일이 있었나봐요.,사람 마음은 알기 어렵죠.,1
baseline-114ep (04),베이스라인,beam5,이 남자애의 행동 나를 좋아하는게 맞는지 모르겠어.,정확한 사실을 알긴 힘들어요.,나쁜 생각입니다.,2
baseline-114ep (04),베이스라인,beam5,예전 게임인데 재밌다,저도 하고 싶네요.,하세요.,0
baseline-114ep (04),베이스라인,beam5,파혼 7개월 째,아직 힘들거라 생각해요.,축하드려요.,1
baseline-114ep (04),베이스라인,beam5,누군가 제 이야기를 들어줬으면 해서 올리내.,글로 정리하는 것도 좋은 방법이에요.,잘 지내고 있을 거예요.,1
baseline-114ep (04),베이스라인,beam5,걔랑 같은 반 됐으면 좋겠다,당신의 운을 믿어보세요.,잘 될 거예요.,0
baseline-114ep (04),베이스라인,beam5,친구랑 있으면 내가 작아져,당신은 생각보다 큰 사람이에요.,동감입니다.,0
baseline-114ep (04),베이스라인,beam5,움직임이 없어.,에너지가 필요한 순간이네요.,제가 들어드릴게요.,0
baseline-114ep (04),베이스라인,beam5,잊어야하나?,당신을 위해서 잊는게 좋을 거예요.,잘 살 수 있어요.,1
baseline-114ep (04),베이스라인,beam5,할 수 있다면 그럴수 있다면 달라질까?,자신을 믿어보세요.,다른 사람도 그럴 거예요.,1
baseline-114ep (04),베이스라인,beam5,인내하면 얻을 수 있을까?,인내할 수 있는 사람이라면 무엇이든 손에 넣을 수 있을 거예요.,다른 사람이 힘들 거예요.,0
baseline-114ep (04),베이스라인,beam5,남자친구가 연락 안 하고 외박했어,당신이 생각하는 그런일은 없을거예요.,많이 만나보세요.,2
baseline-114ep (04),베이스라인,beam5,잠수이별해도 될까,잠수이별 만큼 비겁한 것은 없어요. 깨끗하게 정리하길 바랄게요.,아니에요.,1
baseline-114ep (04),베이스라인,beam5,잊어보려 하는데.,처음에는 잘 안되겠지만 잘할 수 있을 거예요.,살짝 물어보세요.,1
baseline-114ep (04),베이스라인,beam5,부자 백수 하고 싶어,그게 최고죠.,저랑 함께 해요.,0
baseline-114ep (04),베이스라인,beam5,야 너!,네,나쁜 사람이네요.,1
baseline-114ep (04),베이스라인,beam5,여자친구가 키가 너무 커,깔창이 있잖아요.,먼저 생활 고민을.,2
baseline-114ep (04),베이스라인,beam5,잡담할 시간 있어?,물론이죠. 무엇이든 말씀하세요.,하나봐요.,0
baseline-114ep (04),베이스라인,beam5,같은 반인데 헤어지자고 해야 하나??,그래도 할 거면 해야겠죠.,이죠.,1
baseline-114ep (04),베이스라인,beam5,위로 해 주세요.,정말 많이 힘들었죠. 때론 힘내려 노력하지 않아도 돼요.,제가 위로해 드릴게요.,1
baseline-114ep (04),베이스라인,beam5,계속꿈에 나와,잘 때 다른 생각을 하고 주무세요.,해보세요.,1
baseline-114ep (04),베이스라인,beam5,스타트업하면 위험할까,확신이 들 때까지 준비해보세요.,열심히 하면 할 수 있을 거예요.,0
baseline-114ep (04),베이스라인,beam5,왜 이상한 말 해,더 열심히 노력하겠습니다.,한 번 소중한 거예요.,0
baseline-114ep (04),베이스라인,beam5,내가 제일 문제인 듯,당신은 하나밖에 없는 소중한 사람이에요.,그런 사람 만나길 바랄게요.,0
baseline-114ep (04),베이스라인,beam5,가슴이 너무 아프고 숨쉬기가 힘드네,아픈만큼 더 성숙해질 거예요.,당신의 소중한 거예요.,1
baseline-114ep (04),베이스라인,beam5,9년이 넘는 연애를 끝냅니다,공허함이 더 크시겠어요.,금방 지나갈 거예요.,1
baseline-114ep (04),베이스라인,beam5,하고 많은 사람 중에 왜 나야?,당신이니까요.,일찍 주무세요.,2
baseline-114ep (04),베이스라인,beam5,후폭풍이 올까 두려운데.!,그냥 지금 우세요.,잠시 쉬어도 돼요.,1
baseline-114ep (04),베이스라인,beam5,과식했나 봐,과식은 금물이에요.,서로가 좋죠.,0
baseline-114ep (04),베이스라인,beam5,모르는 사람인데 첫 눈에 반했어.,외모나 분위기가 이상형이었나봐요.,잘 지내길 바라요.,2
baseline-114ep (04),베이스라인,beam5,아픈 첫사랑,첫사랑니의 고통처럼 시린가봐요.,당신의 의 못하면 건 어떨까요.,1
baseline-114ep (04),베이스라인,beam5,영화 보러 왔어,저도 영화 보여주세요.,영화 데이트 좋죠.,0
baseline-114ep (04),베이스라인,beam5,나 다른 거 할까,시도해봐도 좋겠죠.,조금만 더 버텨보세요.,0
baseline-114ep (04),베이스라인,beam5,좋아하는 남자애한테 발렌타인데이 때 초콜릿 줄까?,주면 좋아할 거예요.,그럴 수 있어요.,2
baseline-114ep (04),베이스라인,beam5,궁금한게있습니다,네 물어보세요.,좋은 무덤덤 생길 거예요.,1
baseline-114ep (04),베이스라인,beam5,면허 따야하나,운전하는거 재미있어요.,재미있어요.,0
baseline-114ep (04),베이스라인,beam5,부업할까?,좋아요!,하고 오세요.,0
baseline-114ep (04),베이스라인,beam5,비만 판정 받았어,건강하게 운동해보세요.,기분 좋겠어요.,0
baseline-114ep (04),베이스라인,beam5,녹차 한 잔 어때?,드시는거 보기만 해도 좋아요.,저랑 이야기해요.,0
baseline-114ep (04),베이스라인,beam5,방에 먼지가 한가득,청소하세요.,한 잔 드세요.,0
baseline-114ep (04),베이스라인,beam5,위로받고 싶은 날,제가 위로 많이 해드릴게요.,다른 곳으로 관심을 돌려보세요.,0
baseline-114ep (04),베이스라인,beam5,회사 사람들이 아직도 불편해,회사에는 동료가 있을 뿐이에요.,다른 사람도 그럴 거예요.,0
baseline-114ep (04),베이스라인,beam5,뭐 할줄 알아,오늘 헤어졌어 라고 하면 위로해 드려요.,노력하겠습니다.,0
baseline-114ep (04),베이스라인,beam5,잠이 또 안와,고민이 있나 봐요.,나봐요.,0
baseline-114ep (04),베이스라인,beam5,컴퓨터가 느려졌어,포맷해보세요.,포맷해보세요.,0
baseline-114ep (04),베이스라인,beam5,비 와,우산 챙기세요.,거라 생각해요.,0
baseline-114ep (04),베이스라인,beam5,부모님처럼 살고 싶다,좋은 부모님을 두셨군요.,나쁜 사람이네요.,0
baseline-114ep (04),베이스라인,beam5,식비가 어마무시하다,다이어트를 해봐요.,잘 지내길 바라요.,0
baseline-114ep (04),베이스라인,beam5,난 왜이리 바보 같을까.,이제 같은 실수를 반복하지 않으면 돼요.,받지 마세요.,1
baseline-114ep (04),베이스라인,beam5,이번 방학에 뭐하면 잘했다고 소문날까,차근차근 계획을 세워보세요.,잠시 쉬어도 괜찮아요.,0
baseline-114ep (04),베이스라인,beam5,멋지게 나이들고 싶다,지금도 그러고 있어요.,마음이 복잡한가요.,0
baseline-114ep (04),베이스라인,beam5,골프 어려워,처음부터 잘하는 사람은 없어요.,제가 있잖아요.,0
baseline-114ep (04),베이스라인,beam5,사랑이라는 이름으로,너에게 묻노라.,잘 될 거예요.,2
baseline-114ep (04),베이스라인,beam5,나의 약점,나의 장점.,시기가 다를 거예요.,1
baseline-114ep (04),베이스라인,beam5,열심히 한 거 같은데,중요한 건 노력하는 과정이에요.,다음에는 잘 될 거예요.,0
baseline-114ep (04),베이스라인,beam5,남자친구에게 고민이나 속사정을 어디까지 얘기해?,믿음의 정도에 따라 다른 거 같아요.,거 드세요.,2
baseline-114ep (04),베이스라인,beam5,쓸데 없는 걱정 1위 연예인 걱정,동감입니다.,제가 들어드릴게요.,0
baseline-114ep (04),베이스라인,beam5,사랑할수록 집착해,상대방이 싫어할수도 있어요.,그럴 거예요.,2
baseline-114ep (04),베이스라인,beam5,전여친 헤어졌으니 남이죠?,그렇습니다.,운명에 따라 다를 것 같아요.,1
baseline-114ep (04),베이스라인,beam5,아.빌어먹을 이제야 알다니.,이제라도 깨달았으니 더 이상의 실수는 없을 거예요.,그런 사람 만나길 바랄게요.,1
baseline-114ep (04),베이스라인,beam5,내 발등 내가 다시 찍었네,발등이 얼른 아물길 바랄게요.,하세요.,1
baseline-114ep (04),베이스라인,beam5,같은하늘 다른공간,같은 하늘 아래 숨 쉬고 있어요.,부터 다 늦지 않아요.,1
baseline-114ep (04),베이스라인,beam5,내가 너무 생각없이 말했어,생각하고 말하세요.,생각하고 말하세요.,0
baseline-114ep (04),베이스라인,beam5,썸녀가 약속 시간을 안 지킴.,시간 약속이 생명인데요.,할 수 있을 거예요.,2
baseline-114ep (04),베이스라인,beam5,헤어짐이 힘든이유,사랑했으니까요.,언젠간었으니까요.,1
baseline-114ep (04),베이스라인,beam5,역류성 식도염이 또 도졌어,과식하지 말고 먹고 눕지 마세요!,사실적이죠.,0
baseline-114ep (04),베이스라인,beam5,교회 오빠한테 눈이 가,성경 공부는 안하고 연애 공부하나봅니다.,다른 생각을 해보세요.,2
baseline-114ep (04),베이스라인,beam5,과함 설렘 후에 지금은 안 설레,처음에 몰아서 설렜나봐요.,내 집 마련 축하드려요.,2
baseline-114ep (04),베이스라인,beam5,친구의 전여자친구가 좋은데 사겨도될까?,친구을 잃을 수도 있어요.,좀 더지도 몰라요.,2
baseline-114ep (04),베이스라인,beam5,남친 프로필에 내 사진 왜 안올릴까,신경쓰고 싶지 않은 사람도 있어요.,그럴 때가 있어요.,0
baseline-114ep (04),베이스라인,beam5,실내 데이트 추천,영화관이나 쇼핑몰이 생각나네요.,마음이라도 어리게 것 같아요.,0
baseline-114ep (04),베이스라인,beam5,핸드폰 고장난거 아니야 연락이 안와,그게 문제는 아닐 거예요.,해보는 건 아닌지 확인해보세요.,0
baseline-114ep (04),베이스라인,beam5,사랑하는 사람을 계속 기다려야 할까요?,기한을 정하고 기다리세요.,자신을 더 사랑해주세요.,2
baseline-114ep (04),베이스라인,beam5,마음이 싱숭생숭해서 자꾸 글을 쓰게 되네,글 쓰면서 정리가 될 거예요.,마음이 헛헛한가봐요.,0
baseline-114ep (04),베이스라인,beam5,바람,고쳐 쓸 수 없는 버릇이에요.,좋은 사람 만날 수 있을 거예요.,1
baseline-114ep (04),베이스라인,beam5,엄마 밥 먹고 싶다,시간내서 부모님 집에 찾아가 보세요.,연락이라도 드려 보세요.,0
baseline-114ep (04),베이스라인,beam5,시계가 멈춘거 같아.,에너지가 필요한 순간이네요.,잘 될 거예요.,0
baseline-114ep (04),베이스라인,beam5,짝녀가 있었는데 못 잊겠어.,시간이 필요한 때인 것 같아요.,마음이 복잡한가봐요.,2
baseline-114ep (04),베이스라인,beam5,오랜만에 서점에 갔었어,마음의 양식을 채우길 바랄세요.,이에요.,0
baseline-114ep (04),베이스라인,beam5,"이별당시 보다 더 짠한건, 나 떠났으면 잘이나 살지.",당신은 정말 착한 사람이군요.,잘 되길 바랍니다.,1
baseline-114ep (04),베이스라인,beam5,공황증,견디기 힘들었을텐데 괜찮은가요.,시원하게 심호흡해보세요.,1
baseline-114ep (04),베이스라인,beam5,피곤한테 또 잠은 안 와.,고민이 있나봐요.,마음을 단단히나봅니다.,0
baseline-114ep (04),베이스라인,beam5,여행 가야지,좋은 여행 되길 바랍니다.,좋은 곳으로 데려다 줄 거예요.,0
baseline-114ep (04),베이스라인,beam5,월급에 비해 근무시간이 너무 긴 거 같애,야근 수당을 챙겨보세요.,자신의 다를 것 같아요.,0
baseline-114ep (04),베이스라인,beam5,시골 내려가서 살까,아무래도 덜 경쟁하겠죠.,가장 중요한 목표네요.,0
baseline-114ep (04),베이스라인,beam5,피자 먹고 싶다.,같이 먹어요!,움 변화가을거라 생각해요.,0
baseline-114ep (04),베이스라인,beam5,슬픈 예감대로 되어가는 현실,슬픈 예감은 틀린 적이 없죠.,봐요.,1
baseline-114ep (04),베이스라인,beam5,짝사랑은 힘든 거 같아,그래도 좋아하는 동안 행복하길 바라요.,이죠.,2
baseline-114ep (04),베이스라인,beam5,몸매가 탄탄하면 좋은데,운동으로 만들어 보아요.,잘 해결되길 바라요.,0
baseline-114ep (04),베이스라인,beam5,내 마음에 온통 너야,올인은 좋은게 아니에요.,제가 있잖아요.,2
baseline-114ep (04),베이스라인,beam5,친구가 잘되니까 배 아픈 거 같아,친구가 아닌가봐요.,친구가 아닌가봐요.,0
baseline-114ep (04),베이스라인,beam5,잘 지냈으면 좋겠다,따뜻한 마음이네요.,자연스러운 현상이에요.,2
baseline-114ep (04),베이스라인,beam5,마음이 울적해,거리를 걸어보세요.,소리를 크게한번 질러보세요.,0
baseline-114ep (04),베이스라인,beam5,그만 먹어야 하는데,조금만 드세요,사람 마다 다르겠지요.,0
baseline-114ep (04),베이스라인,beam5,답이 없는 남자,답이 얼른 왔으면 좋겠네요.,직접 물어보는 게 더 그런 것 같아요.,1
baseline-114ep (04),베이스라인,beam5,체육대회 안 했으면,재미 있는 종목을 찾아보세요.,가기 싫어도 가야겠죠.,0
baseline-114ep (04),베이스라인,beam5,제가 놓았던 손을 다시 잡으려니 힘드네.,원상복구는 언제나 힘드니까요.,요.,1
baseline-114ep (04),베이스라인,beam5,짝사랑만이 답일까.,짝사랑만이 답을 아니랍니다.,짝사랑 앞에 해요.,2
baseline-114ep (04),베이스라인,beam5,휴대폰 바꿀 타이밍,오래 쓰셨나봐요.,돼요.,0
baseline-114ep (04),베이스라인,beam5,안경 벗었는데 완전 훈남,만화같은 일이네요.,이죠.,0
baseline-114ep (04),베이스라인,beam5,욕까지 먹었는데 정이 안 떨어져,지나간 사람은 얼른 떨쳐버리세요.,충분한 대화를 하고 상담을 받아보는 게 좋겠어요.,1
baseline-114ep (04),베이스라인,beam5,거짓말은 진짜 못고치는 병 맞죠?,아무래도 그렇죠.,잘 살 수 있을 거예요.,1
baseline-114ep (04),베이스라인,beam5,오늘 또 하루 살았네,오늘은 약간의 변화를 줘보세요.,제가 위로해줄게요.,0
baseline-114ep (04),베이스라인,beam5,연차 내고 누워만 있네,때론 쉬어가는 것도 필요해요.,사랑에 나이는 중요하지 않아요.,1
baseline-114ep (04),베이스라인,beam5,좌절 중이야,이제 일어날 때예요.,그 사람도 그럴 거예요.,0
baseline-114ep (04),베이스라인,beam5,커피 말고 뭐 마시지,시원한 쥬스는 어때요.,좋겠어요.,0
baseline-114ep (04),베이스라인,beam5,조카들 너무 귀찮게 해,방문 열어주지 마세요.,자연스러운 현상이에요.,0
baseline-114ep (04),베이스라인,beam5,잊자 잊자 지워버리자,잘 해내고 있어요.,정 들려보세요.,1
baseline-114ep (04),베이스라인,beam5,반가운 연락,사랑하는 사람의 연락이었나봐요.,이야기네요.,1
baseline-114ep (04),베이스라인,beam5,짝녀한테도 철벽쳐요. 성격이 왜 그럴까요.,두려운게 있는게 아닐까요.,사랑한다면요.,2
baseline-114ep (04),베이스라인,beam5,밤만 되면 미치겟네.,아직 많이 답답한가봐요.,제가 채워드릴게요.,1
baseline-114ep (04),베이스라인,beam5,돈 쥐꼬리만큼 가지고 유세부리는 꼴이라니,없다가 있어서 그런가봐요.,저입니다.,0
baseline-114ep (04),베이스라인,beam5,시간 아까워,다른 일을 해보세요.,이별을 받아들이는 것도 중요해요.,0
baseline-114ep (04),베이스라인,beam5,완전히 잊는다는게 쉽지 않네,사랑했던 연인을 잊어버리는건 힘들어요.,자신을 더 사랑해주세요.,1
baseline-114ep (04),베이스라인,beam5,이어폰 사야지,잘 골라보세요.,잘 될 거예요.,0
baseline-114ep (04),베이스라인,beam5,여드름 피부 화장으로 가릴까?,중요한 날에만 가리세요.,직접 물어보는 게 좋을 것 같아요.,0
baseline-114ep (04),베이스라인,beam5,점점 괜찮아 지는것 같다가도.,힘들기도 하겠죠.,인연이 거기까지인가봐요.,1
baseline-114ep (04),베이스라인,beam5,헤어진 지 한달됐습니다,힘든가봐요.,어느덧 2주가 흘렀나봐요.,1
baseline-114ep (04),베이스라인,beam5,배가 너무 고파,뭐 좀 챙겨드세요.,저도 밥 먹고 싶어요.,0
baseline-114ep (04),베이스라인,beam5,뭐라 하려다 참았어,계속 그러면 말하세요.,제가 들어드릴게요.,0
baseline-114ep (04),베이스라인,beam5,후폭풍 재회를 두번 또 헤어짐,사랑도 헤어짐도 면역이 안되나봐요.,좋은 선물이 될 거예요.,1
baseline-114ep (04),베이스라인,beam5,엄청 로맨틱해,생각만해도 달콤하네요.,많이 지쳤나봐요.,2
baseline-114ep (04),베이스라인,beam5,남편이 아기를 안 돌봐줘.,공동육아가 기본인데요.,그럴 수 있어요.,0
baseline-114ep (04),베이스라인,beam5,술먹고 연락도 없는,걱정되시겠어요.,다른 사람도 그럴 수 있어요.,1
baseline-114ep (04),베이스라인,beam5,지금 나오라고 하는거 예의 없음?,보고싶다고 연락은 해보는 게 좋을 거 같아요.,많이 지쳤나봐요.,2
baseline-114ep (04),베이스라인,beam5,더워더워,차가운 음료 너무 많이 마시면 아니 되어요,직접 물어보세요.,0
baseline-114ep (04),베이스라인,beam5,첫사랑은 안되는건가,의미 부여하지 마세요.,인연이 거기까지인가봐요.,1
baseline-114ep (04),베이스라인,beam5,눈물이 많아졌어,세상 걱정 혼자 다 해서 그래요.,사람이봐요.,0
baseline-114ep (04),베이스라인,beam5,너무 힘든 나날을 보내고 있습니다.,원래 이별은 힘든 거예요.,사람 마음은 하고 있어요.,1
baseline-114ep (04),베이스라인,beam5,밤만 되면,생각날 거예요.,요.,1
baseline-114ep (04),베이스라인,beam5,커플여행 어떻게 생각해?,누구랑 가느냐가 중요하겠죠.,많이 지쳤나봐요.,2
baseline-114ep (04),베이스라인,beam5,잘해줘도 이별은 아프네,이별의 끝은 항상 시린 것 같아요.,제가 들어드릴게요.,1
baseline-114ep (04),베이스라인,beam5,커플 폰케이스 사자고 해야겠다.,괜찮은거로 골라보세요.,진정한 멋 멋 멋 멋 멋 멋 멋 멋 멋 멋 멋 멋 멋 멋,0
baseline-114ep (04),베이스라인,beam5,수영장 같이 가려고 해,즐거운 시간 보내고 오세요!,야죠.,0
baseline-114ep (04),베이스라인,beam5,옷이 다 젖었어,감기 조심 하세요.,할 수 있을 때 하세요.,0
baseline-114ep (04),베이스라인,beam5,짝녀 보란 듯이 성공하고 싶습니다.,큰 결심이네요. 꼭 성공할 거예요.,마음을 단단히이에요.,2
baseline-114ep (04),베이스라인,beam5,부모님 반대 설득하고 싶어,자식 이기는 부모 없을 거예요.,할 수 있을 거예요.,2
baseline-114ep (04),베이스라인,beam5,말을 수시로 바꾸는 사람 어떻게 해?,빼도 박도 못하는 증거를 만들어 놓으세요.,하세요.,0
baseline-114ep (04),베이스라인,beam5,"괜찮은 척, 어른인척",척 안해도 돼요.,장갑하죠.,1
baseline-114ep (04),베이스라인,beam5,물배달 시켜야겠다.,부지런하시네요.,잘 지내고 있을 거예요.,0
baseline-114ep (04),베이스라인,beam5,짝녀 보고 싶다.,그럴 만 해요.,지금도 충분해요.,2
baseline-114ep (04),베이스라인,beam5,좋아하는 사람이 있는데 할 말이 없어서 연락이 끊겼어.,또 다시 연락할 수 있어요.,먼저 연락을 해보는 건 어떨까요.,2
baseline-114ep (04),베이스라인,beam5,퇴근 후에 만나자고 해볼까,용기내세요.,많이 지쳤나봐요.,0
baseline-114ep (04),베이스라인,beam5,나만 좋아하는 것 같아 자존감 떨어져.,더 좋아하게 만들면 돼요.,사람 고쳐쓰는 거 아니에요.,2
baseline-114ep (04),베이스라인,beam5,사귀던 사람이 잠수탔어,너무 걱정하지 마세요. 조금더 기다려보세요.,맘고생 많았어요.,2
baseline-114ep (04),베이스라인,beam5,SNS 시간낭비인데 자꾸 보게됨,시간을 정하고 해보세요.,마음이 내 맘 몰라요.,0
baseline-114ep (04),베이스라인,beam5,마음이 변할까봐 두려워,서로에게 믿음을 주세요.,그런 사람 만나길 바랄게요.,2
baseline-114ep (04),베이스라인,beam5,내가 나빴네,아니에요. 너무 자책하지 마세요.,사람을 잊는다는 건 쉬운 일이 아니니까요.,0
baseline-114ep (04),베이스라인,beam5,폰 자꾸 보게 돼,보지 마세요.,살짝 감정을 흘려보세요.,1
baseline-114ep (04),베이스라인,beam5,나 사랑할 자격 없는 사람이야,사랑에는 조건이 필요없어요.,부담 없는 걸 수도 있어요.,2
baseline-114ep (04),베이스라인,beam5,시어머니가 질투해,아들을 빼앗겼다고 생각하나봐요.,사람 마다 다르겠지요.,0
baseline-114ep (04),베이스라인,beam5,월욜부터 힘드네.,기분 탓인지 월요일은 항상 힘든 것 같아요.,그럴 수 있어요.,1
baseline-114ep (04),베이스라인,beam5,말하는 거 귀여워,하트 뿅뿅이네요.,해보세요.,2
baseline-114ep (04),베이스라인,beam5,더 사랑해달래,더 많이 표현해주세요.,맛있게 드세요.,2
baseline-114ep (04),베이스라인,beam5,냉방비 너무 많이 나와,시원하게 지낸 값이죠.,해보세요.,0
baseline-114ep (04),베이스라인,beam5,추억은 힘이 없다.,추억은 미화되기 마련이죠.,지금리는.,1
baseline-114ep (04),베이스라인,beam5,허전한게 좀 그렇다,채워질 거예요.,제가 채워드릴게요.,0
baseline-114ep (04),베이스라인,beam5,내가 좋아하는 걸 티냈는데 못 알아챘을까?,못 알아차렸을 수도 있어요.,인연이 거기까지인가봐요.,2
baseline-114ep (04),베이스라인,beam5,해외여행하다 숙소에서 만난 외국인이 너무 좋은데 이 연애 무리일까?,사랑에 국경은 없어요.,더 좋은 사람 만날 수 있을 거예요.,2
baseline-114ep (04),베이스라인,beam5,자꾸 갠톡하는 선배 있는데 관심 있나?,호감이 있을 수도 있어요. 그렇지만 조금 더 상황을 지켜보세요.,사람 만날 수 있을 거예요.,2
baseline-114ep (04),베이스라인,beam5,녹차 마실래?,드시는거 보기만 해도 좋아요.,사람 마다 다르겠지요.,0
baseline-114ep (04),베이스라인,beam5,사랑 별거 없네,별거 없다가도 전부가 되는게 사랑이에요,조금만 더 버텨보세요.,2
baseline-114ep (04),베이스라인,beam5,내려놓기,잘했어요.,다른한가봐요.,1
baseline-114ep (04),베이스라인,beam5,이젠 어떡해얄지 모르겠어,일기를 써보세요.,얼떨떨할 거예요.,1
baseline-114ep (04),베이스라인,beam5,내 사랑이 있을까?,눈을 크게 뜨고 잘 찾아보세요.,잘 살 수 있어요.,2
baseline-114ep (04),베이스라인,beam5,술마시고 있네,한 잔하기 좋은 날이네요.,입니다.,1
baseline-114ep (04),베이스라인,beam5,썸남이 오디션 나간대,응원해주세요.,좋은 친구를 두셨네요.,2
baseline-114ep (04),베이스라인,beam5,장거리 이별,잘 견뎌왔는데 힘든 순간이었죠.,시간이 좀 걸리겠지만 해낼 수 있어요.,1
baseline-114ep (04),베이스라인,beam5,계속 생각나는 사람.,사랑했던 만큼 생각나겠죠.,좋은 생각이에요.,1
baseline-114ep (04),베이스라인,beam5,여행가고 싶다,계획을 세워보세요.,끝을 아는 것도 중요한 것 같아요.,0
baseline-114ep (04),베이스라인,beam5,담배 끊는 거 어려워,자신을 이겨야해요.,나를 포장하는게 쉽지 않죠.,0
baseline-114ep (04),베이스라인,beam5,친구들이 짝녀를 별로라고 하네요.,무슨 이유에서 그랬을까요.,하세요.,2
baseline-114ep (04),베이스라인,beam5,썸남이 연락이 안돼,연락이 중요한 시기인데요.,제가 들어드릴게요.,2
baseline-114ep (04),베이스라인,beam5,해외여행 가고 싶어.,그럼요!,저도 데려가세요.,0
baseline-114ep (04),베이스라인,beam5,실비 드는게 좋을까,잘 알고 들어도 좋을 것 같아요.,어요.,0
baseline-114ep (04),베이스라인,beam5,내가 이렇게 또 불효를 한다.,연락이라도 드려보세요.,적당히 하세요.,0
baseline-114ep (04),베이스라인,beam5,아마 평생 모르겠지.,평생 모르고 사는 게 참 많죠.,축하드려요.,2
baseline-114ep (04),베이스라인,beam5,나를 떠보는 것 같은 짝남.,떠보는 것보다 직구 날려보세요.,마음을이죠.,2
baseline-114ep (04),베이스라인,beam5,남자친구한테 서운해,수천번 생각해도 이건 아니라고 생각이 되면 서운하다고 이야기하세요.,언젠간 올 거예요.,2
baseline-114ep (04),베이스라인,beam5,좋아하는 사람에 대한 관심을 끄는 방법이 뭐가 있을까.,다른일로 바쁘면 조금 덜할 거예요.,즐거운 시간이 될 거예요.,2
baseline-114ep (04),베이스라인,beam5,배 아파서 기분이 안 좋아,약이 필요하면 도움을 받아보세요.,그지도 모르겠어요.,0
baseline-114ep (04),베이스라인,beam5,친구랑 싸웠어,싸우면서 정 들 거예요.,당신의 마음을 쉬운 일이 있었나봐요.,0
baseline-114ep (04),베이스라인,beam5,선생님이 나만 뭐라고 해,애정표현이라고 생각하세요.,잘 볼 수 있을 거예요.,0
baseline-114ep (04),베이스라인,beam5,하루가 일년같아,시간이 더디게 흐르죠.,잘 선생님 바랄게요.,1
baseline-114ep (04),베이스라인,beam5,과거에 얽매여 있어,과거랑 현재랑 미래는 함께 해요.,나쁜 사람이네요.,1
baseline-114ep (04),베이스라인,beam5,신혼여행 가서 돌아오기 싫다,휴가를 붙여보세요.,그럴 수 있을 거예요.,0
baseline-114ep (04),베이스라인,beam5,개좋아,저도 좋아해주세요.,더 신청해보세요.,0
baseline-114ep (04),베이스라인,beam5,연애상담하더니 둘이 사귀더라,대화를 하다가 친해졌나봐요.,잘 놀다 오세요.,2
baseline-114ep (04),베이스라인,beam5,집이 너무 지저분해,청소기를 돌려보세요.,맘고생 많았어요.,0
baseline-114ep (04),베이스라인,beam5,이제 끝인가봐,이별을 받아들이는 건 쉬운 일이 아니겠죠.,고민하고 있다면 그게 맞을거예요.,1
baseline-114ep (04),베이스라인,beam5,좋아하는 사람 잊는 방법 조언 좀.,가슴 아픈 질문이네요.,한 잔 하세요.,2
baseline-114ep (04),베이스라인,beam5,신청했더니 정말로 왔네ㅎㅎ,좋은 결과길 바라요.,좋은은 와요.,1
baseline-114ep (04),베이스라인,beam5,면접 팁 좀 줘,잘 볼 수 있을 거예요.,적당히 드세요.,0
baseline-114ep (04),베이스라인,beam5,나 실수한건가,잘 생각해보세요.,내 집 마련의 한 걸음을 어때요.,0
baseline-114ep (04),베이스라인,beam5,너무 매달렸나봐,너무 사랑한 거였을 거예요.,잘할 수 있을 거예요.,1
baseline-114ep (04),베이스라인,beam5,연락 못하는 아픔.,당분간은 힘들지 몰라요.,좋은 것도 중요한 것 같아요.,1
baseline-114ep (04),베이스라인,beam5,분하고 그립고 고통스러워.다른 여자 사랑하는 그모습,이제 과거를 보지 마요.,사람 마음이 간사하죠.,1
baseline-114ep (04),베이스라인,beam5,내 남자로 만들기,사랑은 소유하는 게 아니에요.,관련 중요하지 않아요.,2
baseline-114ep (04),베이스라인,beam5,사랑하고 사람이 달라졌어,화학 물질이 접촉하는 것처럼 반응이 일어나서 완전히 바뀌게 되죠.,마주할 수 있을 거예요.,2
baseline-114ep (04),베이스라인,beam5,중2 히스테리 알아?,힘들 때네요.,내내 시간이 받고 수 있을 거예요.,0
baseline-114ep (04),베이스라인,beam5,친구가 나한테 집착해,거리를 두세요.,좋은 친구를 두셨네요.,0
baseline-114ep (04),베이스라인,beam5,뭔 상황인지 헷갈리네.,애매하긴 해요.,언젠간 올 거예요.,1
baseline-114ep (04),베이스라인,beam5,좋아하는 여자애가 남친 사귈 마음이 없다는데 진짜일까?,그건 본인만 알 거예요.,다른 사람으로할 수 있을 거예요.,2
baseline-114ep (04),베이스라인,beam5,속이는 거 더 못하겠어,남을 속이는건 나쁜거예요.,요.,0
baseline-114ep (04),베이스라인,beam5,전공 잘못 골랐나봐,내가 맞는 것과 맞지 않은 걸 구별해보세요.,고민하고 있다면 그게 맞을거예요.,0
baseline-114ep (04),베이스라인,beam5,썸남한테 소개팅 나간다고 해볼까?,상대방을 헷갈리게 하는건 좋지 않아요.,좋은 사람 만날 거예요.,2
baseline-114ep (04),베이스라인,beam5,많이 좋아하던 전여친에게 연락해도될까?,연락은 자유지만 후회는 할 수도 있어요.,연락해도 상관없지만 자신을 비하하지는 마세요.,2
baseline-114ep (04),베이스라인,beam5,맨날 짝사랑만 하다가 끝났는데 연애할 수 있을까?,언젠가 진정한 사랑이 나타날 거예요.,인연이 거기까지인가봐요.,2
baseline-114ep (04),베이스라인,beam5,권태기로 헤어지면 후회할까,극복하려는 노력은 해보는 게 좋을 거 같아요.,나중에 후회할 거예요.,1
baseline-114ep (04),베이스라인,beam5,오늘도 짝남이 멋졌어.,멋진 분이군요.,그럴 때가 있죠.,2
baseline-114ep (04),베이스라인,beam5,집 샀어,내 집 마련 축하드려요.,천천히 써보세요.,0
baseline-114ep (04),베이스라인,beam5,나만 힘든 거였구나,마음이 약해 탈이네요.,더 좋은 사람 만날 수 있을 거예요.,1
baseline-114ep (04),베이스라인,beam5,감당 못하는 사랑,감당할 수 있는 만큼만 베푸세요.,할 수 있을 거예요.,2
baseline-114ep (04),베이스라인,beam5,집착인걸까.,잘 생각해보세요.,사랑이 찾아올 거예요.,1
baseline-114ep (04),베이스라인,beam5,1년 동거 중인데 계속 좋아,서로 깊게 알게되면서 더 좋아졌나봅니다.,겠네요.,2
baseline-114ep (04),베이스라인,beam5,드디어 천일,축하합니다.,직접 물어보세요.,0
baseline-114ep (04),베이스라인,beam5,설마했던 진짜 이별,앞일은 알 수가 없나봐요.,맘고생 많았어요.,1
baseline-114ep (04),베이스라인,beam5,짝남한테 크리스마스 선물할건데 추천 좀.,목도리는 어떨까요.,할 것 같아요.,2
baseline-114ep (04),베이스라인,beam5,씨씨인데 몰래 만나고 있는데 공개 연애 하자고 할까?,몰래 만날 수 있는 만큼 몰래 만나보세요.,후회하지 않길 바랄게요.,2
baseline-114ep (04),베이스라인,beam5,이젠 슬픈 사랑,슬픈 이별이기도 하네요.,마음 가는 대로 해보세요.,1
baseline-114ep (04),베이스라인,beam5,먹을까 참을까,조금만 드세요,다른 인연이 거기까지인가봐요.,0
baseline-114ep (04),베이스라인,beam5,옷 사 줘,아직 월급날이 멀었어요.,많은 시간이 흘렀네요.,0
baseline-114ep (04),베이스라인,beam5,썸인지 알려면,어느 정도 시간과 연락과 관심이 필요하겠네요.,잘 지내고 있을 거예요.,2
baseline-114ep (04),베이스라인,beam5,하루에 만보 걷기,좋은 건강습관이네요.,좋은 생각이에요.,0
baseline-114ep (04),베이스라인,beam5,장수커플이야,사랑은 유지하는 게 중요한데 대단하네요.,많이 만나보세요.,2
baseline-114ep (04),베이스라인,beam5,취미생활 같이하는 게 좋다던데,함께하면 서로를 더 많이 알게 될 거예요.,하고할 수 있을 거예요.,0
baseline-114ep (04),베이스라인,beam5,잘지내고있니,잘 지내고 있어요.,조금만 더 힘내세요.,1
baseline-114ep (04),베이스라인,beam5,생각이 자꾸 나,좋아하나봐요.,많이 힘들었을 거라 생각해요.,2
baseline-114ep (04),베이스라인,beam5,오래 못 가는 연애,"연애는 문제가 있으면 문제를 해결 하기 위해 함께 노력하고 그 속에서 더욱 단단해지는 과정인데, 그 과정을 못 참고 피하기만 했나봅니다.",연애 시간이입니다.,2
baseline-114ep (04),베이스라인,beam5,정말 다시돌아 온다면,잘할 자신이 있어도 힘든 게 재회예요.,제가 있잖아요.,1
baseline-114ep (04),베이스라인,beam5,짝남을 반에서 공개적으로 좋아하는게 나을까요?,경쟁자를 없애기 위해 그게 나을 수도 있어요.,잘 되길 바랍니다.,2
baseline-114ep (04),베이스라인,beam5,넥타이핀 정도는 선물로 줘도 괜찮겠지?,실용적인 선물이라 괜찮을 거예요.,힘들겠어요.,0
baseline-114ep (04),베이스라인,beam5,울적하다,울적.... 우울할땐.... 울면,떨리겠어요.,0
baseline-114ep (04),베이스라인,beam5,사람 만나는 게 쉽지 않아,미리 움츠러들지 않아도 돼요.,하세요.,0
baseline-114ep (04),베이스라인,beam5,사랑만으로 다 될줄 알았던 우리들,그때는 우리 다 순수했던 걸까요.,맘고생 많았어요.,1
baseline-114ep (04),베이스라인,beam5,여자친구한테 더 이상 설레지 않아,정말 큰 문제네요.,생각 정리할 시간이 필요하겠네요.,2
baseline-114ep (04),베이스라인,beam5,이별 극복할수있을까?,당신이라면 충분히 극복할 수 있어요.,큰 꾸준히 하세요.,1
baseline-114ep (04),베이스라인,beam5,친구한테 자꾸 집착하게 돼,자신 스스로에게 의지해보세요.,그렇게 느낀다면요.,0
baseline-114ep (04),베이스라인,beam5,소심한 남자와의 연애,직설적으로 통보하는 말보다는 조금 더 부드럽게 권유하고 물어보는 말을 해보세요.,좋은 연애길 바랄게요.,2
baseline-114ep (04),베이스라인,beam5,돈이 안 모여,한푼 두푼 차곡차곡,자연스러운 현상이에요.,0
baseline-114ep (04),베이스라인,beam5,보고싶네,보고싶을 거예요.,즐거운 시간 될 거예요.,1
baseline-114ep (04),베이스라인,beam5,썸남이 약속 자꾸 미루는데 내가 싫은걸까?,어쩔 수 없는 상황인지 물어보세요.,제가 들어드릴게요.,2
baseline-114ep (04),베이스라인,beam5,헤어진지 1달반정도 됬네,금방 지나갈 거예요.,인가 봐요.,1
baseline-114ep (04),베이스라인,beam5,좋아하는 사람이 쓰레기면 어떻게 할꺼야?,쓰레기 옆에 있기 싫어서 도망갈 거예요.,어흥!! 호랑이보다 무섭나요?,2
baseline-114ep (04),베이스라인,beam5,이게 바로 첫사랑인듯,당신의 소중한 사랑을 이루어 보세요.,직접 물어보세요.,2
baseline-114ep (04),베이스라인,beam5,나들이를 가볼까,같이 가요.,저랑 놀아요.,0
baseline-114ep (04),베이스라인,beam5,원서 낸거 1지망에서 떨어졌어,위로해 드립니다.,이네요.,0
baseline-114ep (04),베이스라인,beam5,친구라는게 뒷담화나 하다니,친구라고 생각한 시간이 아깝네요.,제가 있잖아요.,0
baseline-114ep (04),베이스라인,beam5,내가 불효자야,연락이라도 드려보세요.,연락이라도 드려보세요.,0
baseline-114ep (04),베이스라인,beam5,썸 타던 사이인데 부담 돼. 연락 무시해도 될까?,부담되면 마음이 가지 않는 거니 정리도 필요하겠네요.,좋은 생각이에요.,2
baseline-114ep (04),베이스라인,beam5,진짜 완전체가 있어,상대를 용서하면서 분출할 수 있는 탈출구를 찾아보세요.,다른 곳으로 관심을 돌려보세요.,0
baseline-114ep (04),베이스라인,beam5,외로워,혼자가 아니에요.,제가 곁에 있을게요.,0
A0 random lr1e-4 (06),베이스라인,beam5,성형할까,돈 많이 들텐데요.,제가 있잖아요.,0
A0 random lr1e-4 (06),베이스라인,beam5,나도 커플룩 입고 싶다,커플부터 만드세요.,!,0
A0 random lr1e-4 (06),베이스라인,beam5,불안해,두려워하지 않아도 돼요.,너무 많이 힘든가봅니다.,0
A0 random lr1e-4 (06),베이스라인,beam5,알바구함,하고 싶은 알바 지원해보세요.,것 같아요.,0
A0 random lr1e-4 (06),베이스라인,beam5,뭐 좀 배워볼까봐,배우는 건 항상 즐거운 일이에요.,무엇이든 물어보세요.,0
A0 random lr1e-4 (06),베이스라인,beam5,죽을만큼 보고싶다.,많이 사랑했나봐요.,알 수 있어요.,1
A0 random lr1e-4 (06),베이스라인,beam5,맥주 마셔야지,적당히 드세요.,거예요.,0
A0 random lr1e-4 (06),베이스라인,beam5,혼수 얼마나 들까?,사람 마다 달라요.,을 수 있을 거예요.,0
A0 random lr1e-4 (06),베이스라인,beam5,나 천재 같아,제가 따라가려면 멀었네요.,제가 있잖아요.,0
A0 random lr1e-4 (06),베이스라인,beam5,시원섭섭하지만 후련하네.,한결 나아졌길 바랄게요.,그런 사람 만날 수 있을 거예요.,1
A0 random lr1e-4 (06),베이스라인,beam5,이혼,쉽지 않은 결정이죠.,잘 될 거예요.,1
A0 random lr1e-4 (06),베이스라인,beam5,한 사람만 죽을 때까지 사랑하는 게 가능할까?,그러기 힘들어서 결혼이라는 제도를 만든 걸 수도 있어요.,게 없다면 만나지 않는 게 더 나을 수도 있어요.,2
A0 random lr1e-4 (06),베이스라인,beam5,썸 타다 깨졌는데 다시 연락해도 되나.,감정에 확신이 있다면 연락해보세요.,것 같아요.,2
A0 random lr1e-4 (06),베이스라인,beam5,날씨가 너무 추워,집밖에 나가기가 힘들것 같아요.,좋은 사람 만날 수 있을 거예요.,0
A0 random lr1e-4 (06),베이스라인,beam5,내일로 꼭 헤어진지 1년째네,헤어진 기념일 따지지 마세요.,잘 지내고 있을 거예요.,1
A0 random lr1e-4 (06),베이스라인,beam5,소오름 쫙,좋은 일이길 바랍니다.,할 수 있을 거예요.,0
A0 random lr1e-4 (06),베이스라인,beam5,오랜만에 결혼한 친구 만나고 왔는데.,소식을 들었나봐요.,좋은 사람 만날 수 있을 거예요.,1
A0 random lr1e-4 (06),베이스라인,beam5,약속을 계속 미루는 썸남,약속을 소홀히 생각하는 사람은 믿음직스럽지 못해요.,길 바랍니다.,2
A0 random lr1e-4 (06),베이스라인,beam5,빨리 찾아온 사랑,인생은 타이밍이에요.,좋은 사람 만날 수 있을 거예요.,2
A0 random lr1e-4 (06),베이스라인,beam5,"보고싶다, 목소리라도 듣고싶어",전화하지마요.,거예요.,1
A0 random lr1e-4 (06),베이스라인,beam5,헤어지고 4달째,많은 시간이 흘렀네요.,길 바랍니다.,1
A0 random lr1e-4 (06),베이스라인,beam5,우리집 망했다,철 들고 공부하세요.,좋겠어요.,0
A0 random lr1e-4 (06),베이스라인,beam5,인연이었다던 그사람,또 다른 인연이 있기 마련이죠.,좋을 거 같아요.,1
A0 random lr1e-4 (06),베이스라인,beam5,2주동안 참을만 했는데,잘 참았어요.,더 좋은 사람 만날 수 있을 거예요.,1
A0 random lr1e-4 (06),베이스라인,beam5,좋아하는 여자애한테 어떻게 관심 표현하는지 조언 좀.,그녀의 관심사에 호감을 드러내세요.,다른 사람 만날 수 있을 거예요.,2
A0 random lr1e-4 (06),베이스라인,beam5,일어나자마자 우울,달콤한 차라도 한 잔 해보세요.,하세요.,1
A0 random lr1e-4 (06),베이스라인,beam5,헤어지고 다시 만나고 하다 결국 이별,헤어짐에 무뎌지지 않죠.,아직 모르겠어요.,1
A0 random lr1e-4 (06),베이스라인,beam5,마음을 보여 주고 싶어.,그래서 표현이 중요해요.,마음 가는 대로 해보세요.,0
A0 random lr1e-4 (06),베이스라인,beam5,제가 좋아하던 사람이 절 좋아하면 갑자기 거부감 들고 싫어져요.,어떤 트라우마가 있었는지도 모르겠어요.,쉽지 않죠.,2
A0 random lr1e-4 (06),베이스라인,beam5,예랑이가 마마보이인듯,남자는 여자하기 나름이래요. 변화시켜 보세요.,좋아요.,2
A0 random lr1e-4 (06),베이스라인,beam5,어이가 없어서,그냥 잊어버리세요.,주세요.,0
A0 random lr1e-4 (06),베이스라인,beam5,바보짓 그만 둘래,천천히 그만두세요.,사람 만날 수 있을 거예요.,1
A0 random lr1e-4 (06),베이스라인,beam5,살찐 거 같아,기분일꺼에요.,잘 지내고 있을 거예요.,0
A0 random lr1e-4 (06),베이스라인,beam5,결혼준비하는데 돈 얼마나 드나,욕심에 따라 천지 차이일 거예요.,좋겠어요.,0
A0 random lr1e-4 (06),베이스라인,beam5,목욕탕 가야지,시원하게 씻고 오세요.,조심하세요.,0
A0 random lr1e-4 (06),베이스라인,beam5,싸우면 연락 안 받는 사람 어떻게 해?,혼자 풀릴 때까지 놔둬야하는데 기다리는게 힘들 거예요.,먼저 연락해보세요.,0
A0 random lr1e-4 (06),베이스라인,beam5,세상에 영원한 것은 없다.,제가 영원을 약속할게요.,돼요.,1
A0 random lr1e-4 (06),베이스라인,beam5,밤 12시야,하루가 또 가네요.,마음 고생 많았어요.,0
A0 random lr1e-4 (06),베이스라인,beam5,왜 진급이 안 되지,열심히 하면 할 수 있을 거예요.,잘 지내고 있을 거예요.,0
A0 random lr1e-4 (06),베이스라인,beam5,헤어지고 난뒤 친구?,친구가 되기 쉽지 않을 거예요.,네요.,1
A0 random lr1e-4 (06),베이스라인,beam5,시험 준비 언제 끝나,공부를 많이 해놨나봐요.,오늘 정리가 될 거예요.,0
A0 random lr1e-4 (06),베이스라인,beam5,잠을 못 잤더니 힘들다,잠이 정말 중요해요. 눈을 좀 붙이세요.,마음이 좀 더 좋은 사람 만날 수 있을 거예요.,0
A0 random lr1e-4 (06),베이스라인,beam5,나 무시하는 사람 짜증나,무시하세요.,잘할 수 있을 거예요.,0
A0 random lr1e-4 (06),베이스라인,beam5,사다리타기 맨날 운이 안 좋아,다른 곳에 쓰려고 운을 아껴뒀나봐요.,해주세요.,0
A0 random lr1e-4 (06),베이스라인,beam5,다들 어떻게 견딜까,시간이 흐르면서 무덤덤해지는 거죠.,잘 될 수 있을 거예요.,1
A0 random lr1e-4 (06),베이스라인,beam5,해선 안 될 사랑.,그렇게 생각한다면 매몰차게 마음을 정리하세요.,지금도 충분해요.,1
A0 random lr1e-4 (06),베이스라인,beam5,말조심해야지,생각하고 말하는 연습을 해보세요.,마음이 좀이나마이나마이나마이나마이나마이나마이나마이나마이나마이나마이나마이나마이나마,0
A0 random lr1e-4 (06),베이스라인,beam5,턱시도 잘 어울림!,눈에 콩각지가 떨어지지 않기를 바랄게요.,잘 지내고 있을 거예요.,2
A0 random lr1e-4 (06),베이스라인,beam5,배고파,얼른 맛난 음식 드세요.,좀 더 좋은 사람 만날 수 있을 거예요.,0
A0 random lr1e-4 (06),베이스라인,beam5,컴퓨터가 느려졌어,뭘 다운 받으신 건지…,더 힘내세요.,0
A0 random lr1e-4 (06),베이스라인,beam5,전여친이 나보다 나은 사람이라는 생각이 자꾸 들어,남과 자신을 비교하지 말아요. 자신을 더 사랑해보세요.,그럴 수 있어요.,1
A0 random lr1e-4 (06),베이스라인,beam5,나 챙겨줄 사람이 필요해,제가 챙겨드리고 싶네요.,제가 있잖아요.,0
A0 random lr1e-4 (06),베이스라인,beam5,나는 좋아하는데 그 사람은 나를 친구로만 생각해.,이성으로 대하고 싶다고 말해보세요.,좋은 사람 만날 수 있을 거예요.,2
A0 random lr1e-4 (06),베이스라인,beam5,니가 이 글을 봤으면,전하지 못한 이야기 저에게 해주세요.,마음이 헛헛한가봐요.,1
A0 random lr1e-4 (06),베이스라인,beam5,여자친구가 나 때매 힘들대,좀 더 잘해주세요.,겠네요.,1
A0 random lr1e-4 (06),베이스라인,beam5,오늘 집앞까지 찾아 갔는데,지켜만 보는 편이 나을 거예요.,좋은 사람 만날 수 있을 거예요.,1
A0 random lr1e-4 (06),베이스라인,beam5,출근시간 아깝다,회사 근처로 이사를 가보세요.,마음 가는 대로 해보세요.,0
A0 random lr1e-4 (06),베이스라인,beam5,사귀자는 말 아니면 썸인가,말 안하고 사귀는 경우도 있습니다.,그럴 수 있어요.,2
A0 random lr1e-4 (06),베이스라인,beam5,나랑 썸타는 애가 영화보재.,좋은 소식이네요.,좋은 일이 생길 거예요.,2
A0 random lr1e-4 (06),베이스라인,beam5,당신도 저만큼 아팠으면 좋겠습니다.,이런 말을 하면서 당신이 아프지 않았으면 좋겠어요.,더 좋은 사람 만날 수 있을 거예요.,1
A0 random lr1e-4 (06),베이스라인,beam5,와 연락하고싶다.,연락하면 후회할지도 몰라요.,요.,1
A0 random lr1e-4 (06),베이스라인,beam5,남자친구를 질리게하는 행동들이 뭐가 있어?,구속과 집착이겠죠.,제가 있잖아요.,2
A0 random lr1e-4 (06),베이스라인,beam5,썸인가요,떠보는 것도 좋을 거 같아요.,마음이 복잡 것 같아요.,2
A0 random lr1e-4 (06),베이스라인,beam5,마지막이겠죠,마지막이 아닐 지도 몰라요.,잘 지내고 있을 거예요.,1
A0 random lr1e-4 (06),베이스라인,beam5,이상한나의취미.이별을세는것.,헤어짐을 헹리는 것 만큼 가슴 아픈 일은 없어요.,더 좋은 사람 만날 수 있을 거예요.,1
A0 random lr1e-4 (06),베이스라인,beam5,사랑이 안 변했으면 좋겠다,저도요.,사랑 만나 몰라요.,2
A0 random lr1e-4 (06),베이스라인,beam5,우리 진짜 이별인가봐,끝을 아는 것도 중요한 것 같아요.,볼 수 있을 거예요.,1
A0 random lr1e-4 (06),베이스라인,beam5,사랑이 끝나고 나서,원망과 슬픔에 잠기는 게 아니라 그 시간들을 가만히 내려놓고 내가 어떤 사람이었는가를 돌아보는 것입니다.,거예요.,1
A0 random lr1e-4 (06),베이스라인,beam5,집들이는 보통 누구를 초대하나?,초대하고 싶은 사람들이요.,가요.,0
A0 random lr1e-4 (06),베이스라인,beam5,상사가 진짜 미쳤다,피하지 말고 적극적으로 장점을 찾아서 인정하고 호의를 보여보세요.,더 좋은 사람 만날 수 있을 거예요.,0
A0 random lr1e-4 (06),베이스라인,beam5,고의는 아닌데 실수를 한 거 같아,용서를 구하세요.,너무 신경쓰지 마세요.,0
A0 random lr1e-4 (06),베이스라인,beam5,썸 맞는거임?,말해보세요. 생각해 볼게요.,저도 받고 수 있을 거예요.,2
A0 random lr1e-4 (06),베이스라인,beam5,너무 답답하네. 어떤맘일까??,직접 물어보는 게 좋을 것 같아요.,너무 신경쓰지 마세요.,1
A0 random lr1e-4 (06),베이스라인,beam5,이렇게 힘들고 괴로운 적 처음이야,그렇게 우리는 성장하나봐요.,다른 사람이해주세요.,1
A0 random lr1e-4 (06),베이스라인,beam5,집까지 데려다줬는데 호감? 그냥 매너?,호감이 있을 수도 있어요. 그렇지만 조금 더 상황을 지켜보세요.,제가 들어드릴게요.,2
A0 random lr1e-4 (06),베이스라인,beam5,썸의 조건이 뭐야,"자주 연락하고 가만히 있어도 생각나는, 연락하면 괜히 웃음나는 사이 아닐까요?",너무 신경쓰지 마세요.,2
A0 random lr1e-4 (06),베이스라인,beam5,눈물 나서 못 멈추겠어,마음이 아픈가요.,마음이 될 거예요.,0
A0 random lr1e-4 (06),베이스라인,beam5,내가 그 사람을 좋아하는건지 아닌지 착각이 들어.,확신이 서지 않을 때가 있지요.,그럴 수 있을 거예요.,2
A0 random lr1e-4 (06),베이스라인,beam5,다시 헤어졌습니다.,인연이 거기까지였나봐요.,이죠.,1
A0 random lr1e-4 (06),베이스라인,beam5,에휴 잊기가 힘드네,사람을 잊는데는 많은 시간이 필요한가봐요.,돼요.,1
A0 random lr1e-4 (06),베이스라인,beam5,재밌는거 해 줘,거울을 보면서 얼굴 망가뜨리기 놀이 해 보신 적 있으세요? 의외로 재미 있어요.,저도 연락하지 연락하지 좋겠네요.,0
A0 random lr1e-4 (06),베이스라인,beam5,떠나려는 사람 잡는 방법,정말 후회할 것 같다면 지금이라도 진심을 전하세요.,다른 사람 만날 수 있을 거예요.,1
A0 random lr1e-4 (06),베이스라인,beam5,쫄면 생각나,얼른 요리해드세요.,보세요.,0
A0 random lr1e-4 (06),베이스라인,beam5,그냥.너와 말한마디 섞고 너와의 인연에 고맙다,아름다운 사이네요.,한 잔거예요.,1
A0 random lr1e-4 (06),베이스라인,beam5,월급 입금됐다고 문자 왔어,까아 축하해요,좋은 사람 만날 수 있을 거예요.,0
A0 random lr1e-4 (06),베이스라인,beam5,결국 헤어졌어,시작이 있으면 끝도 있는 법이에요.,더 좋은 사람 만날 수 있을 거예요.,1
A0 random lr1e-4 (06),베이스라인,beam5,시험 끝나고 만나고 싶어,만날 날까지 기다릴게요,그런 사람 만나길 바랄게요.,0
A0 random lr1e-4 (06),베이스라인,beam5,바다 보러 가자고 해볼까,바다는 사계절 내내 좋아요.,도움이 될 것 같아요.,0
A0 random lr1e-4 (06),베이스라인,beam5,나이트갔는데 이상형 만났어,축하해요.,싫 몰라요.,2
A0 random lr1e-4 (06),베이스라인,beam5,끝나지 않을까봐 겁이나,끝을 지날 수 있을 거예요.,조심하세요.,1
A0 random lr1e-4 (06),베이스라인,beam5,주변에서 다 별로라고 한 짝남 그냥 맘을 접어야할까?,다른 사람들이 별로라고 말하는 이유를 생각해보세요.,만날 수 있을 거예요.,2
A0 random lr1e-4 (06),베이스라인,beam5,분식 먹고 싶아.,건강을 위해 조금씩 드세요.,시간이 좀 걸리겠지만 해낼 수 있어요.,0
A0 random lr1e-4 (06),베이스라인,beam5,답이 없는 과정,꼭 답을 풀어야 하는 건 아니에요.,다른 게 좋을 것 같아요.,1
A0 random lr1e-4 (06),베이스라인,beam5,넌 누구냐?,저는 위로봇입니다.,그런 사람 만나길 바랄게요.,0
A0 random lr1e-4 (06),베이스라인,beam5,뭐하면 시간이 잘 갈까,친구와 수다를 떠세요.,잘 지내고 있을 거예요.,0
A0 random lr1e-4 (06),베이스라인,beam5,좋아하는 사람에게 편지를 쓴다는것. 효과적일까?,마음을 담은 편지보다 더 좋은 선물은 없을 거예요.,것 같아요.,2
A0 random lr1e-4 (06),베이스라인,beam5,겨울 지나 봄이야,마음에도 봄이 오길 바라요.,일 수도 있어요.,0
A0 random lr1e-4 (06),베이스라인,beam5,독서 좀 해야겠어,좋은 생각이에요.,네요.,0
A0 random lr1e-4 (06),베이스라인,beam5,살빼고 담배 끊고 다 했는데!!,당신을 위한 최고의 투자를 한 거예요.,피곤했나봐요.,1
A0 random lr1e-4 (06),베이스라인,beam5,오늘은 또 뭐 입냐,아침마다 하는 고민이죠.,신경쓰지 마세요.,0
A0 random lr1e-4 (06),베이스라인,beam5,그도 나를 좋아했으면 좋겠다.,타이밍이 맞았으면 좋겠네요.,사람을 잊는다는 건 어떨까요.,2
A0 random lr1e-4 (06),베이스라인,beam5,케익 직접 만들어볼까?,수제 케익을 받으면 많이 좋아할 거예요.,것 같아요.,0
A0 random lr1e-4 (06),베이스라인,beam5,헤어진지 딱 한달 됐내,생각보다 긴 시간이네요.,잘 지내고 있을 거예요.,1
A0 random lr1e-4 (06),베이스라인,beam5,헤어졌습니다 이제 어떡하면 되나?,기분 전환을 하는 건 어떨까요.,좋은 생각이에요.,1
A0 random lr1e-4 (06),베이스라인,beam5,짝남 생각할수록 정리 되는 듯.,차라리 잘 된 일이에요.,잘 지내고 있을 거예요.,2
A0 random lr1e-4 (06),베이스라인,beam5,나도 월급 필요해,많이 벌수록 좋아요.,많이 지쳤나봐요.,0
A0 random lr1e-4 (06),베이스라인,beam5,썸타는데 돈 필요하대,썸 관계에서 돈 관계는 피하는 게 좋을 듯 하네요.,좋은 곳으로 데려다 줄 거예요.,2
A0 random lr1e-4 (06),베이스라인,beam5,썸인데 선물해도 돼?,부담스럽지 않은 선이 좋겠어요.,가장 스트레스를 스트레스를 스트레스를 스트레스를 스트레스를 스트레스를 스트레스를 스트레스를 스트레스를 스트레스를 스트레스를 스트레스를 스트레스를 스트레스를,2
A0 random lr1e-4 (06),베이스라인,beam5,커피콩 볶고 있어,커피향 좋겠어요.,좋은 생각이에요.,0
A0 random lr1e-4 (06),베이스라인,beam5,눈 쌓였어,눈사람 만들어보세요.,잘 지내고 있을 거예요.,0
A0 random lr1e-4 (06),베이스라인,beam5,완전 어이없네,안 좋은 일이 있었나봐요.,잘 될 수 있어요.,1
A0 random lr1e-4 (06),베이스라인,beam5,난 여자인데 남자를 좋아하는게 맞는지 모르겠어.,헷갈릴 때가 있죠.,무슨 일이 있었나봐요.,2
A0 random lr1e-4 (06),베이스라인,beam5,여사친인데 좋아하는 듯.,친구와 썸의 중간인 거 같아요.,마음이 좀 더 좋은 사람 만날 수 있을 거예요.,2
A0 random lr1e-4 (06),베이스라인,beam5,오늘 뭐 입지?,옷이요.,같이 가보세요.,0
A0 random lr1e-4 (06),베이스라인,beam5,짝남 마주치지 않으려고 노력할거야.,그것도 하나의 방법이에요.,그럴 수 있어요.,2
A0 random lr1e-4 (06),베이스라인,beam5,드레스 입어보는 거 재밌어!,여러벌 입어보고 마음에 드는걸로 선택하세요.,것 같아요.,2
A0 random lr1e-4 (06),베이스라인,beam5,폭식증 어떻게 고칠 수 있을까?,오늘 못 먹었어도 내일 먹으면 더 맛있을 거예요.,신경쓰지 마세요.,0
A0 random lr1e-4 (06),베이스라인,beam5,마지막 붙이지 못한 이별편지,마음에 간직하세요.,지 해봐요.,1
A0 random lr1e-4 (06),베이스라인,beam5,혼자 살아도 될까,잘 살 수 있어요.,혼자 사는 것도 좋을 것 같아요.,0
A0 random lr1e-4 (06),베이스라인,beam5,짝남이 곧 군대를 가요.,마음이 착잡하겠어요.,좋은 있을 거예요.,2
A0 random lr1e-4 (06),베이스라인,beam5,한달하고 2주가 지났는데 아직도.,힘들 수 있지요.,잘 지내고 있을 거예요.,1
A0 random lr1e-4 (06),베이스라인,beam5,생각만해도 좋아,좋아하시니까 좋네요.,좋아요.,0
A0 random lr1e-4 (06),베이스라인,beam5,신혼여행 한달쯤 가고 싶다,휴가를 붙여보세요.,잘 될 거예요.,0
A0 random lr1e-4 (06),베이스라인,beam5,잘하는 게 없는 것 같아,저랑 이야기 잘하고 있어요.,그런 사람 만나길 바랄게요.,0
A0 random lr1e-4 (06),베이스라인,beam5,게임도 이제 재미없어,다른 게임해보세요.,다른 게임 게임하세요.,0
A0 random lr1e-4 (06),베이스라인,beam5,저녁 메뉴 뭐 먹을까,냉장고 파먹기 해보세요.,맛있는 거 드세요.,0
A0 random lr1e-4 (06),베이스라인,beam5,대기업에 취직하고 싶어,잘할 수 있을 거예요.,좋은 사람 만날 수 있을 거예요.,0
A0 random lr1e-4 (06),베이스라인,beam5,베란다 좀 가꿔볼까,심플하게 꾸며보세요.,더 좋은 사람 만날 수 있을 거예요.,0
A0 random lr1e-4 (06),베이스라인,beam5,괜찮은 줄 알았는 데,자신을 가장 잘 모르고 살아요.,그런 사람 만나길 바랄게요.,1
A0 random lr1e-4 (06),베이스라인,beam5,장학금 받을 수 있을까?,열심히 하면 받을 수 있을 거예요.,잘할 수 있을 거예요.,0
A0 random lr1e-4 (06),베이스라인,beam5,이젠 잊기로 해,그것이 최선의 선택일거라 생각해요.,어요.,1
A0 random lr1e-4 (06),베이스라인,beam5,우정이 뭐야?,힘들 때 같이 있는 거요.,당신의 가져보세요.,0
A0 random lr1e-4 (06),베이스라인,beam5,쫌 부담스러운데,좀 더 편하게 생각해보세요.,그럴 수도 있어요.,1
A0 random lr1e-4 (06),베이스라인,beam5,일기 써야 되는데,나중에 보면 좋은 추억이 될 거예요.,시작해보세요.,0
A0 random lr1e-4 (06),베이스라인,beam5,이별이 좋은점,혼자가 되었을 때의 고요함이 아닐까요.,더 좋은 사람 만날 수 있을 거예요.,1
A0 random lr1e-4 (06),베이스라인,beam5,참다 참다 결국 마지막으로 문자보냈어,후회하지 않길 바랍니다.,좋아요.,1
A0 random lr1e-4 (06),베이스라인,beam5,여드름 났어,짜지 마세요.,마음이 복잡한가봐요.,0
A0 random lr1e-4 (06),베이스라인,beam5,손가락이 원망스럽네ㅜㅜ,실수했나봅니다.,그럴 수 있어요.,1
A0 random lr1e-4 (06),베이스라인,beam5,커플여행이 나을까 그냥 우리끼리 갈까?,저는 둘이 가는 게 좋아요.,좋겠어요.,2
A0 random lr1e-4 (06),베이스라인,beam5,사랑하는 사람이랑 결혼하고싶어,진정으로 사랑한다면 결혼하세요.,그런 사람 만나지 마세요.,2
A0 random lr1e-4 (06),베이스라인,beam5,강아지 좋아하는 여자 어때?,마음이 따뜻할 것 같아요.,거 같아요.,2
A0 random lr1e-4 (06),베이스라인,beam5,태몽꾼거 같아,뭘 꿨는지 궁금하네요.,잘 살 수 있어요.,0
A0 random lr1e-4 (06),베이스라인,beam5,요즘 드라마가 땡겨,저도 드라마 좋아해요.,잘 지내고 있을 거예요.,0
A0 random lr1e-4 (06),베이스라인,beam5,여자친구가 친구들이랑 여행을 가는데 남자도 있으면 어떡해?,같이 가거나 신경쓰인다고 말해요.,보내 수 있을 거예요.,2
A0 random lr1e-4 (06),베이스라인,beam5,눈이 안 떠져,잠시 눈을 붙여보세요.,마음 가는 대로 해보세요.,0
A0 random lr1e-4 (06),베이스라인,beam5,나에게만 집중했으면 좋겠어,사랑은 강요하는게 아니에요.,잘 될 거예요.,2
A0 random lr1e-4 (06),베이스라인,beam5,친한 친구의 구여친이랑 사귀어도 되나.,친구라면 많이 실망할겁니다.,가요.,2
A0 random lr1e-4 (06),베이스라인,beam5,자꾸 우연히 만나,우연이 필연이 되기도 합니다.,잘 지내고 있을 거예요.,0
A0 random lr1e-4 (06),베이스라인,beam5,사랑해 보고싶어,얼른 만나러가세요.,그럴 수 있어요.,2
A0 random lr1e-4 (06),베이스라인,beam5,아 또 참지 못하고 카톡 프사를 봐버렷네,아예 카톡에서 삭제하세요.,그럴 수 있을 거예요.,1
A0 random lr1e-4 (06),베이스라인,beam5,이별통보를 받았습니다,마음의 준비가 필요했을텐데 안타까워요.,가세요.,1
A0 random lr1e-4 (06),베이스라인,beam5,사랑이 쉬운 사람,참을 수 없는 가벼움이네요.,더 좋은 사람 만날 수 있을 거예요.,2
A0 random lr1e-4 (06),베이스라인,beam5,싸우면 잠수타는 사람?,조금 기다리면 풀릴 거예요,좋은 사람 만날 수 있을 거예요.,0
A0 random lr1e-4 (06),베이스라인,beam5,좋아하는 여자 생겼는데 호감 표시하려면 어떻게 해야 해?,연락을 해보는게 좋아요.,제가 들어드릴게요.,2
A0 random lr1e-4 (06),베이스라인,beam5,과일 안 먹게 돼,그래도 먹으려고 노력해보세요.,와요.,0
A0 random lr1e-4 (06),베이스라인,beam5,봉사도 하고 사랑을 베풀고 싶어,나를 진실로 존중하고 사랑할 때 가능해요.,그런 사람 만나길 바랄게요.,0
A0 random lr1e-4 (06),베이스라인,beam5,시간 갖는 거,마음에게 준비할 시간을 주는 것이죠.,잘 될 거예요.,1
A0 random lr1e-4 (06),베이스라인,beam5,인간 관계가 제일 어려운거 같아,운전처럼 안전거리확보하세요.,신경쓰지 마세요.,0
A0 random lr1e-4 (06),베이스라인,beam5,미친듯이 잡고 싶어.,이별 직후엔 그럴 수 있어요.,당신의 가져보세요.,1
A0 random lr1e-4 (06),베이스라인,beam5,후.ㅎㅎ,지쳤나봐요.,잘 생각할 수 있을 거예요.,1
A0 random lr1e-4 (06),베이스라인,beam5,오늘 아무 것도 안 가져 왔다,개념만 가져오면 돼요.,잘 지내고 있을 거예요.,0
A0 random lr1e-4 (06),베이스라인,beam5,정규직 입사 너무 어려워,쪼잔하네요.,더 좋은 사람 만날 수 있을 거예요.,0
A0 random lr1e-4 (06),베이스라인,beam5,귀농 어때?,생각하기는 쉬운데 실천하기는 어려운 것 같아요.,같이 가보세요.,0
A0 random lr1e-4 (06),베이스라인,beam5,힘드네. 정말.이런건 줄 몰랐어,알았으면 시작 못했겠죠.,더 좋은 사람 만날 수 있을 거예요.,1
A0 random lr1e-4 (06),베이스라인,beam5,노는 거 좋아하는 남자는 좋아하면 힘들겠지?,지금은 괜찮지만 힘들 거예요.,그럴 수도 있어요.,2
A0 random lr1e-4 (06),베이스라인,beam5,좋아하는 애한테 페메 해볼까?,직접 연락하는 게 좋을 것 같아요.,도움이 될 것 같아요.,2
A0 random lr1e-4 (06),베이스라인,beam5,핸드폰 중독인듯,중독에서 벗어나세요.,거예요.,0
A0 random lr1e-4 (06),베이스라인,beam5,언젠간 먼저 연락오겠죠?,붙잡고 싶다면 먼저 연락해보세요.,그럴 수 있을 거예요.,1
A0 random lr1e-4 (06),베이스라인,beam5,너무 마른 거 같아,적당해요.,더 좋은 사람 만날 수 있을 거예요.,0
A0 random lr1e-4 (06),베이스라인,beam5,세상이 무서워,너무 불안해하지 않아도 돼요.,그럴 수 있어요.,0
A0 random lr1e-4 (06),베이스라인,beam5,나 혼자 여행 왔는데 괜찮네,온전히 느낄 수 있는 시간이겠네요.,혼자 사는 것도 좋을 것 같아요.,0
A0 random lr1e-4 (06),베이스라인,beam5,첫 눈에 반하는게 가능해?,당연히 가능하죠.,제가 들어드릴게요.,2
A0 random lr1e-4 (06),베이스라인,beam5,그런 사람인갑다 해야지,대인배시군요.,좋은 생각이에요.,0
A0 random lr1e-4 (06),베이스라인,beam5,웃기지마 넌 쓰레기야,아니에요. 전 쓰레기가 아니에요.,아보세요.,1
A0 random lr1e-4 (06),베이스라인,beam5,소식이 궁금해~,연락 확실하게 끊으세요.,슬픈 이야기네요.,1
A0 random lr1e-4 (06),베이스라인,beam5,면도기 사야되는데,잘 골라보세요.,잘 지내고 있을 거예요.,0
A0 random lr1e-4 (06),베이스라인,beam5,썸인데 나 솔로야?,사귀기 전이면 솔로죠.,그런 사람 만나길 바랄게요.,2
A0 random lr1e-4 (06),베이스라인,beam5,필통 두고 옴,빌리면 돼요.,잘 지내고 있을 거예요.,0
A0 random lr1e-4 (06),베이스라인,beam5,좋아하는 감정이 뭐예요?,가만히 있어도 생각나는 거 아닐까요.,게 될 거예요.,2
A0 random lr1e-4 (06),베이스라인,beam5,오해했네 그리고 차단 ㅎㅎ,차단하는게 서로에게 좋을 때가 있어요.,잘 지내고 있을 거예요.,1
A0 random lr1e-4 (06),베이스라인,beam5,여자들이 좋아하는 남자 특징?,다정한게 좋을 듯 해요.,그럴 수도 있어요.,2
A0 random lr1e-4 (06),베이스라인,beam5,넥타이핀 선물 괜찮겠지?,실용적인 선물이라 괜찮을 거예요.,좋은 물어보세요.,0
A0 random lr1e-4 (06),베이스라인,beam5,스팸 전화 많이 와,차단 어플 사용해보세요.,다른한가봐요.,0
A0 random lr1e-4 (06),베이스라인,beam5,그는 지금 무슨 생각을 할까?,연락을 해보세요.,직접 물어보세요.,2
A0 random lr1e-4 (06),베이스라인,beam5,애인이 생겼답니다.,신경 쓰이긴 하지만 무시하는게 좋겠어요.,더 좋은 사람 만날 수 있을 거예요.,1
A0 random lr1e-4 (06),베이스라인,beam5,싸구려 인생,누구도 당신의 인생을 평가할 수 없어요.,좋은 생각이에요.,1
A0 random lr1e-4 (06),베이스라인,beam5,회사가는 길에 매일 보는 사람 있어,운명일지도 모르겠어요.,그럴 수 있을 거예요.,0
A0 random lr1e-4 (06),베이스라인,beam5,한달 다되가네,그러게요. 어느덧 한달이에요.,볼 수 있을 거예요.,1
A0 random lr1e-4 (06),베이스라인,beam5,삼겹살 구워 먹고 싶다.,맛나게 드세요.,겠네요.,0
A0 random lr1e-4 (06),베이스라인,beam5,힘든 밤입니다,힘내세요.,입니다.,1
A0 random lr1e-4 (06),베이스라인,beam5,뒤숭숭하네,실감이 안날 거예요.,일찍 주무세요.,1
A0 random lr1e-4 (06),베이스라인,beam5,술 먹을 때 옆에서 챙겨줬는데 썸임?,친절한 거랑 구별해볼 필요가 있어요.,잘할 수 있을 거예요.,2
A0 random lr1e-4 (06),베이스라인,beam5,베터리 겨우 15%야,미리 충전하세요.,그럴 수도 있어요.,0
A0 random lr1e-4 (06),베이스라인,beam5,기침도 못하겠어,답답한 상황이네요.,좋은 곳으로 있을 거예요.,0
A0 random lr1e-4 (06),베이스라인,beam5,썸 타기 좋은 알바 추천 좀.,영화관이나 커피숍 추천해요.,좋을 것 같아요.,2
A0 random lr1e-4 (06),베이스라인,beam5,친구들한테 인정받을 수 있을까,지금도 인정받고 있어요.,마음이 복잡한가봐요.,0
A0 random lr1e-4 (06),베이스라인,beam5,생각 안나,잘 생각해보세요.,일찍 주무세요.,0
A0 random lr1e-4 (06),베이스라인,beam5,빚이 너무 많아,빚 얼른 갚고 새출발하세요.,그런 사람 만나길 바랄게요.,0
A0 random lr1e-4 (06),베이스라인,beam5,얼굴 너무 까매졌어.,관리해주세요.,볼 수 있을 거예요.,0
A0 random lr1e-4 (06),베이스라인,beam5,재테크 하는 방법 알려줘,우선 관련 서적을 읽어보세요.,제가 들어드릴게요.,0
A0 random lr1e-4 (06),베이스라인,beam5,확실히 날 좋아하는 걸 아는 남자랑 친구가 될 수 있을까?,그 사람을 위해서는 그러면 안돼요.,더 좋은 사람 만날 수 있을 거예요.,2
A0 random lr1e-4 (06),베이스라인,beam5,온종일 멍하네,이런 날 더욱 적적하지요.,좋은 만남이었길 바라요.,1
A0 random lr1e-4 (06),베이스라인,beam5,헬스장에서 자주 보는 여자가 보고싶어,한 번 말을 걸어보세요.,그럴 수 있어요.,2
A0 random lr1e-4 (06),베이스라인,beam5,출근길 너무 힘들어,회사 근처로 이사를 가보세요.,너무 신경쓰지 마세요.,0
A0 random lr1e-4 (06),베이스라인,beam5,너무 빨리 철 든 거 같아서 마음이 아파,아이는 아이다워야 아름답죠.,더 좋은 사람 만날 수 있을 거예요.,0
A0 random lr1e-4 (06),베이스라인,beam5,그녀에게 받았던 선물들을 모조리 다 버리려 합니다.,버릴 때 마음이 아프겠지만 버리는 게 좋을 거예요.,잘 살 수 있을 거예요.,1
A0 random lr1e-4 (06),베이스라인,beam5,짝남네 집에서 친구들이랑 집들이 가는데 뭐 사갈까?,필요한게 없는지 물어보면서 대화를 이어 나가세요.,게 좋겠죠.,2
A0 random lr1e-4 (06),베이스라인,beam5,취업 준비 힘들어,합격을 기원합니다.,마음 가는 대로 해보세요.,0
A0 random lr1e-4 (06),베이스라인,beam5,이거 썸 맞나,대화를 시작하는 사람이 누구인지 살펴보세요.,을 수 있을 거예요.,2
A0 random lr1e-4 (06),베이스라인,beam5,오늘 생각보다 춥네,감기 조심하세요.,조심하세요.,0
A0 random lr1e-4 (06),베이스라인,beam5,여자친구한테 질린 듯,당신의 사랑이 변한것 같아요.,잘 지내고 있어요.,0
A0 random lr1e-4 (06),베이스라인,beam5,청소 해도 티가 안나,한번만 더 하세요.,제가 들어드릴게요.,0
A0 random lr1e-4 (06),베이스라인,beam5,목소리 좋은 사람이 좋아,저도 듣고 싶네요.,좋은 생각이에요.,0
A0 random lr1e-4 (06),베이스라인,beam5,머리가 너무 빨리 자라,이상한 생각했나봐요.,그럴 수도 있어요.,0
A0 random lr1e-4 (06),베이스라인,beam5,신경 쓰여,신경쓰는 사람들 무시하세요.,가요.,0
A0 random lr1e-4 (06),베이스라인,beam5,이시간들 어찌보내야할까.,저랑 같이 이야기 해요.,그럴 수도 있어요.,1
A0 random lr1e-4 (06),베이스라인,beam5,좋아하는 남자 때문에 너무 기분이 안 좋아.,무슨 일이 있었나봐요.,해주세요.,2
A0 random lr1e-4 (06),베이스라인,beam5,결정을 못 내리겠어. 어떻해,결정은 빠르면 빠를수록 좋을 거예요.,일찍 주무세요.,0
A0 random lr1e-4 (06),베이스라인,beam5,오늘 또 헤어진 사람의 sns를 봤네,sns를 삭제하는게 어떨까요. 미련만 남을 뿐이에요.,잘 될 거예요.,1
A0 random lr1e-4 (06),베이스라인,beam5,좋아하던 여자애가 남친 생겼다는대 아무렇지도 않아.,좋아하는 걸로 착각하고 있었을 수도 있어요.,사람을 잊는다는 건 어떨까요.,2
A0 random lr1e-4 (06),베이스라인,beam5,너는 내 인생에서 죽었다.,그렇게 잊어 가는 거예요.,볼 수 있을 거예요.,1
A0 random lr1e-4 (06),베이스라인,beam5,시험 공부 큰일,지금도 늦지 않았어요.,제가 있잖아요.,0
A0 random lr1e-4 (06),베이스라인,beam5,쳇바퀴 도는 하루,그 속에서 가치와 의미를 찾아보세요.,잘 지내고 있을 거예요.,0
A0 random lr1e-4 (06),베이스라인,beam5,말을 못하겠어,별 거 아니라고 생각해보세요.,충분히 그럴 수 있어요.,0
A0 random lr1e-4 (06),베이스라인,beam5,시어머니가 같이 목욕탕 가재,부담스럽겠어요.,조심하세요.,2
A0 random lr1e-4 (06),베이스라인,beam5,덕질 하는 중,좋아하는 게 있는 건 더없이 좋은 일이에요.,다른 사람이 가장 될 거예요.,0
A0 random lr1e-4 (06),베이스라인,beam5,여사친이 많은 썸남,저는 비추요.,하세요.,2
A0 random lr1e-4 (06),베이스라인,beam5,1년을 넘게 만났는데 어떻게 이럽니까,시간이 무색해지네요.,그런 사람 만날 수 있을 거예요.,1
A0 random lr1e-4 (06),베이스라인,beam5,부모님이 결혼 자금 안 보태주신대,부모님 노후 자금도 생각해야겠죠.,그런 사람 만나길 바랄게요.,2
A0 random lr1e-4 (06),베이스라인,beam5,핑계,모두 핑계겠죠.,잘 될 거예요.,1
A0 random lr1e-4 (06),베이스라인,beam5,고백 받고 싶어,먼저 고백해보세요.,제가 있잖아요.,2
A0 random lr1e-4 (06),베이스라인,beam5,내가 호구냐구,상종하지마세요.,해주세요.,0
A0 random lr1e-4 (06),베이스라인,beam5,이젠 증오가 될거같네,충분히 이해해요. 하지만 나에게도 독이 될 수 있어요.,가요.,1
A0 random lr1e-4 (06),베이스라인,beam5,하늘이 준 이별 같다,운명같네요.,가세요.,1
A0 random lr1e-4 (06),베이스라인,beam5,왜 사람은 외로울까. 아직도 의문이다.,타인과 함께 했던 경험 때문일 것 같아요.,잘 지내고 있을 거예요.,1
A0 random lr1e-4 (06),베이스라인,beam5,학폭 없어졌으면,학교 폭력은 범죄에요.,잘 살 수 있을 거예요.,0
A0 random lr1e-4 (06),베이스라인,beam5,아침밥 먹을 시간 없어서 굶었더니 배고파,뭐라도 드세요.,힘들지도 몰라요.,0
A0 random lr1e-4 (06),베이스라인,beam5,결혼 했어,좋겠어요.,!,0
A0 random lr1e-4 (06),베이스라인,beam5,동거 8년 환승이별.,환승은 진짜 별로네요.,질 예의가 없네요.,1
A0 random lr1e-4 (06),베이스라인,beam5,정답이 뭘까,답은 언제나 내 안에 있죠.,저도네요.,0
A0 random lr1e-4 (06),베이스라인,beam5,여자친구가 화나면 말을 안 해.,시간을 주세요.,하나씩 하세요.,2
A0 random lr1e-4 (06),베이스라인,beam5,쓰레기새끼,기분이 좀 풀렸길 바랍니다.,더 좋은 사람 만날 수 있을 거예요.,1
A0 random lr1e-4 (06),베이스라인,beam5,이건 이별을 준비해야 하는건가??,슬픈 예감은 틀린 적이 없죠.,신경쓰지 마세요.,1
A0 random lr1e-4 (06),베이스라인,beam5,내가 그르친 거 같아,아니에요. 너무 자책하지 마세요.,신경쓰지 마세요.,0
A0 random lr1e-4 (06),베이스라인,beam5,전부 가시밭길 같아,꽃길만 걷길 바랍니다.,좋은 생각이에요.,0
A0 random lr1e-4 (06),베이스라인,beam5,덤덤,덤덤해졌나봐요.,잘 될 거예요.,1
A0 random lr1e-4 (06),베이스라인,beam5,이젠 다시 만날 수도 없는 상황,달라지는게 없다면 이런 상황이 더 나을지도 몰라요.,게 좋을 것 같아요.,1
A0 random lr1e-4 (06),베이스라인,beam5,머리 확 잘라버려야지,스타일의 변화도 좋을 거예요.,조심하세요.,0
A0 random lr1e-4 (06),베이스라인,beam5,길이 얼었어,미끄러우니 조심하세요.,도움이 될 수도 있겠어요.,0
A0 random lr1e-4 (06),베이스라인,beam5,너무 기대했나봐,아무것도 바라지 않을 때 천하를 얻는다는 말이 있어요.,좋은 사람 만날 수 있을 거예요.,0
A0 random lr1e-4 (06),베이스라인,beam5,넘어질뻔했어,조심하세요.,좋은 경험이 될 거예요.,0
A0 random lr1e-4 (06),베이스라인,beam5,비가 오니.울컥하네,그러게요. 비가 추적추적 내려요.,마음이 복잡할 수 있을 거예요.,1
A0 random lr1e-4 (06),베이스라인,beam5,신기한 일들이 많이 일어나,그게 인생이죠.,할 수 있을 거예요.,0
A0 random lr1e-4 (06),베이스라인,beam5,부모님 노후가 걱정돼,상담이나 컨설팅을 받아보는 것도 좋을 거예요.,그런 사람 만나길 바랄게요.,0
A0 random lr1e-4 (06),베이스라인,beam5,요즘 너무 지루해,마음에 따라 얼마든지 바뀔 수 있어요.,좀 더 좋은 사람 만날 수 있을 거예요.,0
A0 random lr1e-4 (06),베이스라인,beam5,잘못인줄 모르는 여자,자신의 잘못도 인정할 수 있는 사람이 좋아요.,그런 사람 만나길 바랄게요.,1
A0 random lr1e-4 (06),베이스라인,beam5,나는 너를 거쳐간 수 많은 남자들 중 한명뿐이겠지.,그렇게 생각하지 않을 거예요.,그럴 수 있어요.,1
A0 random lr1e-4 (06),베이스라인,beam5,사랑해서 그런거래,상대방을 배려하지 않은 사랑은 좋지 않은거예요.,피할 수 있으면 피하세요.,2
A0 random lr1e-4 (06),베이스라인,beam5,나 보고 잘 웃는 여자애 나 좋아하는 건가?,직접 알아보는 것이 좋아요.,마음이 복잡하겠어요.,2
A0 random lr1e-4 (06),베이스라인,beam5,붙잡고 싶은데 이제는 늦은것 같네 .,사랑의 끝은 예고 없이 다가오죠.,잘 될 거예요.,1
A0 random lr1e-4 (06),베이스라인,beam5,힘듭니다.,어떤 말도 위로가 되지 않겠지만 힘내세요.,잘 살 수 있을 거예요.,1
A0 random lr1e-4 (06),베이스라인,beam5,내 잘못이 뭔지 모르겠어,모르는 게 잘못인 거 같아요.,그런 사람 만날 수 있을 거예요.,0
A0 random lr1e-4 (06),베이스라인,beam5,왠지 가슴한 켠이 먹먹하네,많이 답답할거라 생각해요.,가요.,1
A0 random lr1e-4 (06),베이스라인,beam5,하나만 물아볼께,네 말씀해주세요.,그럴 수 있어요.,1
A0 random lr1e-4 (06),베이스라인,beam5,7년사귄 남자친구의 유흥업소 방문사실을 알아버렸습니다,그런 사람 못 고쳐 씁니다. 헤어지세요.,좋은 사람 만날 수 있을 거예요.,1
A0 random lr1e-4 (06),베이스라인,beam5,면접만 보면 돼,끝까지 잘할 수 있을 거예요.,일찍 주무세요.,0
A0 random lr1e-4 (06),베이스라인,beam5,랩 추천 좀. 나 좋아하는 남자애한테 잘 보이고 싶어.,최신 인기 차트를 찾아보는 걸 추천해요.,더 좋은 사람 만날 수 있을 거예요.,2
A0 random lr1e-4 (06),베이스라인,beam5,좋아하는 거랑 사랑하는게 다른 거야?,마음에 농도 차인 것 같습니다.,그럴 거예요.,2
A0 random lr1e-4 (06),베이스라인,beam5,왜 자꾸 내 마음속에 나타나니?,많이 사랑했던 분인가봐요.,잘 지내고 있을 거예요.,1
A0 random lr1e-4 (06),베이스라인,beam5,하루하루 너무 힘드네,다른사람에게 기대보는 건 어떨까요.,좀 더 있을 거예요.,1
A0 random lr1e-4 (06),베이스라인,beam5,자취한다는데 뭘 챙겨줄까?,직접 물어보는 게 좋을 것 같아요.,게 좋겠죠.,2
A0 random lr1e-4 (06),베이스라인,beam5,아직도 심장이 뛰고있어.,심장은 항상 뜁니다.,다른 수 있을 거예요.,1
A0 random lr1e-4 (06),베이스라인,beam5,남자친구 생일인데 뭘 줄까,평소에 필요한 것 생각해보세요.,게 좋을 것 같네요.,0
A0 random lr1e-4 (06),베이스라인,beam5,나도 좋아하는 사람이랑 영화 보고 싶다.,먼저 연락해 보는건 어떨까요?,마음이할 수 있을 거예요.,2
A0 random lr1e-4 (06),베이스라인,beam5,1년 9개월 의 연애 종지부.,또 다른 사랑이 찾아올 거예요.,좋은 생각이에요.,1
A0 random lr1e-4 (06),베이스라인,beam5,상 받을 거 같아,축하합니다!,좋은 사람 만날 수 있을 거예요.,0
A0 random lr1e-4 (06),베이스라인,beam5,게임 같이 하자고 할까?,안 될 것도 없죠.,사람 고쳐쓰는 거 같아요.,0
A0 random lr1e-4 (06),베이스라인,beam5,회사에서 마음 편한 사람이 없어,회사에는 동료가 있을 뿐이에요.,제가 있잖아요.,0
A0 random lr1e-4 (06),베이스라인,beam5,썸 타는 여자애한테 벚꽃 보러 가자고 해도 돼?,벚꽃 놀이 좋죠!,할 수 있을 거예요.,2
A0 random lr1e-4 (06),베이스라인,beam5,힘드네.,조금만 더 버텨요.,그럴 수 있어요.,1
A0 random lr1e-4 (06),베이스라인,beam5,휴학할까,계획 세우고 하세요.,직접 물어보세요.,0
A0 random lr1e-4 (06),베이스라인,beam5,위기야.,위기이면서 기회일 거예요.,시간이네요.,0
A0 random lr1e-4 (06),베이스라인,beam5,점심시간일 텐데 카톡이 안 와.,먼저 연락을 해보는 건 어떨까요?,좋은 일이에요.,2
A0 random lr1e-4 (06),베이스라인,beam5,마지막 작별 문자를 보낼까?,네 보내보세요.,마음이 허전한가봐요.,1
A0 random lr1e-4 (06),베이스라인,beam5,정성 담긴 선물 뭐가 좋을까?,손편지도 좋을 거 같아요.,그런 사람 만나길 바랄게요.,2
A0 random lr1e-4 (06),베이스라인,beam5,주말에 스키장 간다!,설레겠어요.,잘할 수 있을 거예요.,0
A0 random lr1e-4 (06),베이스라인,beam5,면허 딸까봐,운전하는거 재미있어요.,사랑은군요.,0
A0 random lr1e-4 (06),베이스라인,beam5,말을 왜 이렇게 못 알아 듣니,노력하겠습니다.,하세요.,0
A0 random lr1e-4 (06),베이스라인,beam5,좋아하는 남자애가 입대하는데 어떤 선물을 해주는게 좋을까요?,면회나 편지가 최고죠!,볼 수 있을 거예요.,2
A0 random lr1e-4 (06),베이스라인,beam5,헤어진지 벌써 몇 년,많은 시간이 흘렀네요.,그럴 수 있어요.,1
A0 random lr1e-4 (06),베이스라인,beam5,코 앞이 재회.,마음의 준비를 하세요.,더 좋은 사람 만날 수 있을 거예요.,1
A0 random lr1e-4 (06),베이스라인,beam5,자꾸 짝남 얼굴 생각나.,보고 싶으니 그럴만 해요.,충분히 그럴 수 있어요.,2
A0 random lr1e-4 (06),베이스라인,beam5,이닦았는데 잇몸에서 피나,잇몸약 챙겨드시거나 치과 가보세요.,볼 수 있을 거예요.,0
A0 random lr1e-4 (06),베이스라인,beam5,태닝할까,구릿빛 피부 좋죠!,잘 지내고 있을 거예요.,0
A0 random lr1e-4 (06),베이스라인,beam5,연애는 진짜 좋아하는 사람이랑 해야해.,맞는 말씀입니다.,볼 수 있을 거예요.,2
A0 random lr1e-4 (06),베이스라인,beam5,술한잔했어,한 잔하기 좋은 날이죠.,가세요.,1
A0 random lr1e-4 (06),베이스라인,beam5,너무 많이 먹었나봐,과식은 금물이에요.,직장 스트레스가 심한가봐요.,0
A0 random lr1e-4 (06),베이스라인,beam5,짝사랑 그만할래,짝사랑은 시작과 끝을 자신이 결정할 수 있어요.,사람 만날 수 있을 거예요.,2
A0 random lr1e-4 (06),베이스라인,beam5,여름에는 냉면만한게 없는 듯,생각만 해도 군침이 도네요.,그런 사람 만나길 바랄게요.,0
A0 random lr1e-4 (06),베이스라인,beam5,짝녀한테 휘둘리고 싶지 않은데 이러는 내가 싫다.,자신의 의지를 굳건히 하세요.,좋은 생각이에요.,2
A0 random lr1e-4 (06),베이스라인,beam5,썸 타는 여자애 상메 궁금해.,한번 봐봐요.,좋은 생각이에요.,2
A0 random lr1e-4 (06),베이스라인,beam5,그대가 보고파,많이 사랑했던 사람이었나요.,잘 지내고 있을 거예요.,1
A0 random lr1e-4 (06),베이스라인,beam5,연애도 좋지만 내 시간도 중요한 나 정상일까?,내 인생의 주인공은 나야 나!,해보세요.,2
A0 random lr1e-4 (06),베이스라인,beam5,비밀 지켜줄까?,세상에 비밀은 없어요.,좋아요.,0
A0 random lr1e-4 (06),베이스라인,beam5,평가원 잘 보고 싶다,평소처럼 잘 볼 수 있을 거예요.,잘 지내고 있을 거예요.,0
A0 random lr1e-4 (06),베이스라인,beam5,친구에서 연인이 되려면,이성으로 대해요.,제가 들어드릴게요.,2
A0 random lr1e-4 (06),베이스라인,beam5,바지 입을까? 치마 입을까?,오늘은 바지가 좋을거 같아요.,해보세요.,0
A0 random lr1e-4 (06),베이스라인,beam5,맛있는 거 먹는데 생각나는 사람,그게 진짜 사랑이네요.,좋은 생각이에요.,2
A0 random lr1e-4 (06),베이스라인,beam5,헤어스타일 좀 바꿔볼까?,기분 전환해보세요.,제가 있잖아요.,0
A0 random lr1e-4 (06),베이스라인,beam5,택배가 안 와,오늘 택배기사님들 쉬는 날이예요.,가요.,0
A0 random lr1e-4 (06),베이스라인,beam5,코트 살까,있으면 좋죠.,금방 지나갈 거예요.,0
A0 random lr1e-4 (06),베이스라인,beam5,결혼식 날짜 잡았대,축하해주세요.,죠.,2
A0 random lr1e-4 (06),베이스라인,beam5,이별은 다 비슷한거 같아.,이별은 똑같이 힘드니까요.,하세요.,1
A0 random lr1e-4 (06),베이스라인,beam5,사랑하면 마냥 좋은 건 아닌 거 같아,사랑이 모든걸 해결해주지는 않아요.,그럴 수도 있어요.,2
A0 random lr1e-4 (06),베이스라인,beam5,눈이 너무 나빠졌어,잠시 눈을 감고 휴식을 취해보세요.,기다리는 충분히 충분히 충분히 충분히 그럴 수 있을 거예요.,0
A0 random lr1e-4 (06),베이스라인,beam5,아무래도 속은 거 같아,기분나쁘겠어요.,좋은 사람 만날 수 있을 거예요.,0
A0 random lr1e-4 (06),베이스라인,beam5,안경 쓰는 여자애 좋아하는 남자 있어?,그런 건 중요하지 않아요.,그런 사람 만날 수 있을 거예요.,2
A0 random lr1e-4 (06),베이스라인,beam5,시베리아 같아 추워,어서 따듯한 곳으로 가세요,신경쓰지 마세요.,0
A0 random lr1e-4 (06),베이스라인,beam5,우리 분위기 좋았는데,서로를 향한 감정도 좋았겠죠.,버요.,0
A0 random lr1e-4 (06),베이스라인,beam5,드라마같은 사랑 하고 싶어,드라마는 현실과 달라요.,사람 만날 수 있을 거예요.,2
A0 random lr1e-4 (06),베이스라인,beam5,새로운 베프가 필요해,주변의 좋은 사람들에게 연락해보세요.,신경쓰지 마세요.,0
A0 random lr1e-4 (06),베이스라인,beam5,혼자 썸타는 기분이야.,직접적이든 간접적이든 의사를 확실히 밝혀보세요.,더 좋은 사람 만날 수 있을 거예요.,2
A0 random lr1e-4 (06),베이스라인,beam5,손 잡고 싶어,용기내서 잡아보세요.,잘 될 수 있을 거예요.,2
A0 random lr1e-4 (06),베이스라인,beam5,내가 싫대,나 좋다는 사람 만나세요.,좋은 곳으로 데려다 줄 거예요.,1
A0 random lr1e-4 (06),베이스라인,beam5,음. 헤어졌는데 아직 잘 모르겠어,실감이 안날 수 있어요.,더 좋은 사람 만날 수 있을 거예요.,1
A0 random lr1e-4 (06),베이스라인,beam5,버리기 아까운데 리폼 해볼까,손재주가 좋으시네요.,더 좋은 사람 만날 수 있을 거예요.,0
A0 random lr1e-4 (06),베이스라인,beam5,마음 정리가 되네.,인고의 시간이 필요했을 거예요.,제가 들어드릴게요.,1
A0 random lr1e-4 (06),베이스라인,beam5,친구들과의 모임이 너무 많은 사람,적당하게 줄여주거나 나에게 믿음을 주라고 말해보세요.,잘할 수 있을 거예요.,2
A0 random lr1e-4 (06),베이스라인,beam5,썸 타는 거 시간 아까워.,얼른 고백해야죠.,이별을 받아들이는 것도 중요해요.,2
A0 random lr1e-4 (06),베이스라인,beam5,정말 속상하고 답답하고 할 수 있는게 없네,차분하게 마음을 정리해보세요.,잘 살 수 있을 거예요.,1
A0 random lr1e-4 (06),베이스라인,beam5,기프트콘으로 선물 받았어,좋겠네요.,좋을 것 같아요.,0
A0 random lr1e-4 (06),베이스라인,beam5,습관처럼 생각나,습관처럼은 되지 않길 바랄게요.,밤 있네요.,1
A0 random lr1e-4 (06),베이스라인,beam5,사랑하는 사람이랑 내가 너무 차이나,누구나 같을 수 있을까요. 자격지심이예요.,금방 지나갈 거예요.,2
A0 random lr1e-4 (06),베이스라인,beam5,계절이 바뀌면,더 좋아질 거예요.,잘 볼 수 있을 거예요.,1
A0 random lr1e-4 (06),베이스라인,beam5,좋아하면서도 너무 싫은 감정 뭘까요.,좋아하는 만큼 지쳐가는 마음 아닐까요.,좋은 생각이에요.,2
A0 random lr1e-4 (06),베이스라인,beam5,에휴 후폭풍인가봐,이별에는 항상 후유증이 있어요.,마음에 드는 곳으로 가보세요.,1
A0 random lr1e-4 (06),베이스라인,beam5,스트레스 팍팍,소리를 질러보세요.,정말하세요.,0
A0 random lr1e-4 (06),베이스라인,beam5,헤어짐,슬픈 일이에요.,좋은길 바랄게요.,1
A0 random lr1e-4 (06),베이스라인,beam5,오늘 너무 피곤해,푹 쉬세요.,좋은 사람 만날 수 있을 거예요.,0
A0 random lr1e-4 (06),베이스라인,beam5,좋아하는 선배가 나한테 연락했으면 좋겠어.,먼저 연락해도 힘들어 말아요.,그럴 수 있어요.,2
A0 random lr1e-4 (06),베이스라인,beam5,갑자기 불편한 사이가 된 거 같아,관계의 변화가 왔나봅니다.,사랑이 찾아올 거예요.,0
A0 random lr1e-4 (06),베이스라인,beam5,처음 해외여행가!,두근거리겠어요.,잘 지내고 있을 거예요.,0
A0 random lr1e-4 (06),베이스라인,beam5,친구들은 다 예뻐,자신감을 가지세요.,잘 지내고 있을 거예요.,0
A0 random lr1e-4 (06),베이스라인,beam5,동거하는 거 부모님이 알게 되셨어,오해를 풀고 사랑을 이어가세요.,더 좋은 사람 만날 수 있을 거예요.,2
A0 random lr1e-4 (06),베이스라인,beam5,먼지 때문에 목아파,마스크 쓰고 다니세요.,입니다.,0
A0 random lr1e-4 (06),베이스라인,beam5,연애상담해줬더니 나만 바보됐어,다음부터는 해주지 마세요.,해보세요.,2
A0 random lr1e-4 (06),베이스라인,beam5,무슨 죄를 지었기에 이렇게 빨리.,힘들일이 있었나봐요. 당신의 잘못이 아니에요.,그런 사람 만나길 바랄게요.,1
A0 random lr1e-4 (06),베이스라인,beam5,놀러다니기 좋아하는 남자 착하긴한데 나랑은 안맞다고 생각이 들어.,안맞는다면 정리하는 편이 좋을 거예요.,잘 지내고 있을 거예요.,2
A0 random lr1e-4 (06),베이스라인,beam5,첫 만남에 키스했는데 너무 빠른걸까?,서로의 의사가 존중된 것이라면 괜찮지만 사귀고 난 후가 좋겠어요.,게 좋을 거 같아요.,2
A0 random lr1e-4 (06),베이스라인,beam5,필기하는거 힘들겠지,어깨 꾹꾹 해드리고 싶어요.,그럴 수 있을 거예요.,0
A0 random lr1e-4 (06),베이스라인,beam5,우산 또 사야하나,다음에는 우산에 이름이랑 연락처를 적어보세요.,그럴 수 있어요.,0
A0 random lr1e-4 (06),베이스라인,beam5,일주일이 일년같다,많이 힘들었을 거라 생각해요.,걱정하지 마세요.,1
A0 random lr1e-4 (06),베이스라인,beam5,마음이 답답합니다.,바람이라도 쐬고 오는 건 어떨까요.,마음 정리가 될 거예요.,1
A0 random lr1e-4 (06),베이스라인,beam5,완전히 끝났어~,마음이 허전하겠어요.,길 바랄게요.,1
A0 random lr1e-4 (06),베이스라인,beam5,모든게 다 끝났습니다,허전하시겠어요.,잘 지내고 있을 거예요.,1
A0 random lr1e-4 (06),베이스라인,beam5,맛있는 냄새나,킁킁,좋은 생각이에요.,0
A0 random lr1e-4 (06),베이스라인,beam5,내 편이라고는 하나도 없는 거 같아,제가 있잖아요.,제가 있잖아요.,0
A0 random lr1e-4 (06),베이스라인,beam5,커플여행이 나을까 그냥 우리끼리 갈까?,저는 둘이 가는 걸 좋아해요.,좋겠어요.,2
A0 random lr1e-4 (06),베이스라인,beam5,오늘은 뭐 먹을까?,맛있는 거 드세요.,해요.,0
A0 random lr1e-4 (06),베이스라인,beam5,오늘은 치맥이야,달리세요!,잘할 수 있을 거예요.,0
A0 random lr1e-4 (06),베이스라인,beam5,외향적이면 좋을텐데,지금 성격도 좋아요.,제가 있잖아요.,0
A0 random lr1e-4 (06),베이스라인,beam5,이 세상에서 내가 제일 불행해.,그럴리가요.,마음이 헛헛한가봐요.,2
A0 random lr1e-4 (06),베이스라인,beam5,아픈데 연락하기 싫어,제가 곁에 있을게요.,좋은 사람 만날 수 있을 거예요.,1
A0 random lr1e-4 (06),베이스라인,beam5,왜 이럴까,그럴 수도 있어요.,그럴 수 있을 거예요.,1
A0 random lr1e-4 (06),베이스라인,beam5,운동화 새로 사야지,좋은 곳으로 갈 수 있도록 인도해줄 거예요.,좋은 경험이 될 거예요.,0
A0 random lr1e-4 (06),베이스라인,beam5,연락하고 싶어지네.,연락해봐요.,가세요.,2
A0 random lr1e-4 (06),베이스라인,beam5,좋아하는 사람이 너무 예뻐,내면을 더 들여다보세요.,할 수 있을 거예요.,2
A0 random lr1e-4 (06),베이스라인,beam5,헤어진지 한 달째,이제 좀 괜찮아졌길 바랍니다.,이제군요.,1
A0 random lr1e-4 (06),베이스라인,beam5,변화가 없어,마음에 따라 얼마든지 바뀔 수 있어요.,많이 지쳤나봐요.,0
A0 random lr1e-4 (06),베이스라인,beam5,나 사랑하니?,많이 사랑해요!,가세요.,0
A0 random lr1e-4 (06),베이스라인,beam5,그녀 생일,지금은 생생하겠지만 하나씩 잊으세요.,마음할 수 있을 거예요.,1
A0 random lr1e-4 (06),베이스라인,beam5,요즘 눈에 띄는 남자애,관심을 갖고 지켜보세요.,좋은 생각이에요.,2
A0 random lr1e-4 (06),베이스라인,beam5,엄청 오래 만났어,매력있는 사람인가봐요.,잘 볼 수 있을 거예요.,0
A0 random lr1e-4 (06),베이스라인,beam5,나 이제 졸업해,졸업 축하해요,좋은 사람 만날 거예요.,0
A0 random lr1e-4 (06),베이스라인,beam5,왜 이제서야 찾아온거야?,이렇게 고민하게 만들려고 그랬나봐요.,좋은 사람 만날 수 있을 거예요.,0
A0 random lr1e-4 (06),베이스라인,beam5,비 오기 시작하네,우산 준비하세요.,오늘 꼬박꼬박 챙겨 드세요.,0
A0 random lr1e-4 (06),베이스라인,beam5,썸 타는 중인데 나 말고 다른 사람하고도 썸타는 것 같아.,좋은 사람이 아닌 것 같아요. 입장을 분명히 하는 것 좋아요.,그럴 수도 있어요.,2
A0 random lr1e-4 (06),베이스라인,beam5,면접 준비중이야,회사와 자신에 대해서 더 공부해서 자신감을 가져보세요.,잘할 수 있을 거예요.,0
A0 random lr1e-4 (06),베이스라인,beam5,부모님 모실 수 있을까?,형편대로 하세요.,거예요.,0
A0 random lr1e-4 (06),베이스라인,beam5,내일이면 헤어진지 2주 되네.,지금 힘들겠네요.,생각보다 많은 시간이 지났네요.,1
A0 random lr1e-4 (06),베이스라인,beam5,진짜 너무하네,잘 해결되길 바랄게요.,좋아요.,0
A0 random lr1e-4 (06),베이스라인,beam5,결국 유료 상담을 받고야 말았네,상담도 도움이 될 거예요.,좋은 사람 만날 수 있을 거예요.,1
A0 random lr1e-4 (06),베이스라인,beam5,그저 그런 하루,그런 하루도 감사한 마음을 가져보세요.,요.,0
A0 random lr1e-4 (06),베이스라인,beam5,회사에서 마음 놓고 말할 사람이 없어,회사에는 동료가 있을 뿐이에요.,잘 될 수 있을 거예요.,0
A0 random lr1e-4 (06),베이스라인,beam5,생각할 시간을 가지자는 그녀,마음의 준비를 해야 할지도 모르겠어요.,그럴 수 있어요.,1
A0 random lr1e-4 (06),베이스라인,beam5,취뽀하고 싶다,취직이나라뇨.,다 할 수 있을 거예요.,0
A0 random lr1e-4 (06),베이스라인,beam5,모태솔로라 잘 모르겠어 도와줘,모르는 게 당연해요.,더 좋은 사람 만날 수 있을 거예요.,2
A0 random lr1e-4 (06),베이스라인,beam5,사랑하는 사람이 있는데 다른 사람이 신경쓰여,한눈 팔다가 후회합니다.,더 좋은 사람 만날 수 있을 거예요.,2
A0 random lr1e-4 (06),베이스라인,beam5,방탈출 게임 갔다왔어.,성공했길 바랍니다.,좋은 사람 만날 수 있을 거예요.,0
A0 random lr1e-4 (06),베이스라인,beam5,자다 깨다 해,자세가 불편한 건 아닌지 확인해보세요.,그럴 수 있을 거예요.,0
A0 random lr1e-4 (06),베이스라인,beam5,친구가 잘되니까 약 올라,친구가 아닌가봐요.,잘 지내고 있을 거예요.,0
A0 random lr1e-4 (06),베이스라인,beam5,나 교직이수할 수 있을까?,학점 관리하세요.,그럴 수 있을 거예요.,0
A0 random lr1e-4 (06),베이스라인,beam5,머리가 너무 아프네,시원한 바람 쉬고 약먹기!,하죠.,0
A0 random lr1e-4 (06),베이스라인,beam5,오빠 최고라고 해주던 너,그립지만 지난 일이네요.,제가 있잖아요.,1
A0 random lr1e-4 (06),베이스라인,beam5,손가락이 예쁜 사람,로망이네요.,그럴 수 있어요.,0
A0 random lr1e-4 (06),베이스라인,beam5,너무 힘들다,지금 무슨 말을 해도 와닿지 않겠지만 잘 이겨낼 거라 믿어요.,걸 수도 있어요.,1
A0 random lr1e-4 (06),베이스라인,beam5,여자로 태어 났으면 어땠을까?,항상 못해본 건 궁금하더라고요.,마음이 복잡하겠어요.,0
A0 random lr1e-4 (06),베이스라인,beam5,좋아하는 사람이 다른 여자랑 친해지는게 서운해.,충분히 서운할 만해요.,마음 고생 많았어요.,2
A0 random lr1e-4 (06),베이스라인,beam5,명품 선물 부담스러울까,고가의 선물은 부담스러울 수도 있어요.,기분 전환 해보세요.,0
A0 random lr1e-4 (06),베이스라인,beam5,불쑥 전여친한테 전화받으니 짜증나고 씁쓸하네,복잡한 심경인가봐요.,일찍 주무세요.,1
A0 random lr1e-4 (06),베이스라인,beam5,너무 힘이듭니다,억지로라도 긍정적인 감정을 끌어올려보세요.,그럴 수 있어요.,1
A0 random lr1e-4 (06),베이스라인,beam5,오늘도 집에만 있을 예정,집이 맘 편하기도 하잖아요.,더 좋은 사람 만날 수 있을 거예요.,1
A0 random lr1e-4 (06),베이스라인,beam5,기념일은 언제언제 챙겨?,내키는대로요.,잘할 수 있을 거예요.,2
A0 random lr1e-4 (06),베이스라인,beam5,김치찌개 먹고 싶어,맛있죠!,맛있게 드세요.,0
A0 random lr1e-4 (06),베이스라인,beam5,이제 스스로 인정한 것 같아,현실 그대로를 받아들이는 것부터 시작이에요.,그럴 수 있을 거예요.,1
A0 random lr1e-4 (06),베이스라인,beam5,헤어진지 9일,헤어짐을 헤아리지 마세요.,금방 지나갈 거예요.,1
A0 random lr1e-4 (06),베이스라인,beam5,그사람도 이별을 준비 중인 걸까,그런 생각은 자신을 더 괴롭게 할 뿐이에요.,일 수도 있어요.,1
A0 random lr1e-4 (06),베이스라인,beam5,좋아 하는 애한태 고백하는 방법좀,먼저 용기내서 고백하는게 좋을 듯 싶습니다.,이네요.,2
A0 random lr1e-4 (06),베이스라인,beam5,헤어진지 두달됬네 벌써,생각보다 시간이 빠르게 흐르고 있나봅니다.,잘 지내고 있을 거예요.,1
A0 random lr1e-4 (06),베이스라인,beam5,정신줄 어디 갔나,정신 차리세요.,말씀해보세요.,0
A0 random lr1e-4 (06),베이스라인,beam5,남친이랑 뭐하고 놀지,얼굴 보고만 있어도 좋죠.,그럴 수 있을 거예요.,2
A0 random lr1e-4 (06),베이스라인,beam5,미치도록 보고싶네.,견디기 힘들겠어요.,그런 사람 만날 수 있을 거예요.,1
A0 random lr1e-4 (06),베이스라인,beam5,중소기업인데 그냥 취직할까?,일하는 것 자체가 중요하죠.,그런 사람 만나길 바랄게요.,0
A0 random lr1e-4 (06),베이스라인,beam5,친구랑 나랑 자꾸 비교하게 돼,비교하면 끝도 없어요.,마음이 복잡한가봐요.,0
A0 random lr1e-4 (06),베이스라인,beam5,엄마가 안 왔으면 좋겠어,엄마가 들으면 속상해 하시겠네요.,그럴 수 있어요.,0
A0 random lr1e-4 (06),베이스라인,beam5,뭐부터 바꿔야 할까,당신 그대로의 모습이 보기 좋아요.,그럴 때가 있죠.,0
A0 random lr1e-4 (06),베이스라인,beam5,불금이네,친구들 만나요!,것 같아요.,1
A0 random lr1e-4 (06),베이스라인,beam5,여자친구가 혼자 여행 가보고 싶다는데,같이 가는 여행도 좋지만 혼자 여행도 좋을 거예요.,같이 가보세요.,0
A0 random lr1e-4 (06),베이스라인,beam5,오늘도 술 몇 잔 마시니 생각나네요.,술 한잔에 그리움이 사무치네요.,하세요.,1
A0 random lr1e-4 (06),베이스라인,beam5,정말 너무 궁금해,무엇이 궁금한가요.,슬픈 이야기네요.,1
A0 random lr1e-4 (06),베이스라인,beam5,젠장,이런.,좋은 생각이에요.,1
A0 random lr1e-4 (06),베이스라인,beam5,헤어지지 열흘짼데 너무 힘드네,헤어지고 있는 중이시군요.,해일 수도 있어요.,1
A0 random lr1e-4 (06),베이스라인,beam5,봄방학했어,부럽네요.,좋은 생각이에요.,0
A0 random lr1e-4 (06),베이스라인,beam5,또 다시 이별입니다.,언젠간 찾아올 이별이에요.,쉽지 않을 거예요.,1
A0 random lr1e-4 (06),베이스라인,beam5,여자친구가 돈을 안 써,부담된다고 살짝 말해보세요.,신경쓰지 마세요.,2
A0 random lr1e-4 (06),베이스라인,beam5,아빠가 술 좀 끊었으면,사회생활로 힘드신가봐요.,자신을 더 좋은 사람 만날 수 있을 거예요.,0
A0 random lr1e-4 (06),베이스라인,beam5,재밌는 거 뭐 없나,제가 있잖아요.,무엇이든 물어보세요.,0
A0 random lr1e-4 (06),베이스라인,beam5,정장 한 벌 필요할 듯,사면 요긴하긴 할 거 같아요.,이별을 받아들이는 것도 중요해요.,0
A0 random lr1e-4 (06),베이스라인,beam5,잘안되는군,모든 일이 뜻대로 되진 않나봐요.,마음이 헛헛한가봐요.,1
A0 random lr1e-4 (06),베이스라인,beam5,체육대회 싫어,재미 있는 종목을 찾아보세요.,그럴 수 있어요.,0
A0 random lr1e-4 (06),베이스라인,beam5,내 번호를 따간 사람이 내 친구가 좋아하는 애야.,운명의 장난같네요.,마음 가는 대로 해보세요.,2
A0 random lr1e-4 (06),베이스라인,beam5,이유라는게 뭔지,알다가도 모를.,사람을 잊는다는 건 어떨까요?,1
A0 random lr1e-4 (06),베이스라인,beam5,점심 때 은행 갔다와야지,볼 일이 있나봐요.,그럴 수 있을 거예요.,0
A0 random lr1e-4 (06),베이스라인,beam5,덕수궁 돌담길 따라서 둘이 걸었어.,로맨틱하네요.,더 좋은 사람 만날 수 있을 거예요.,0
A0 random lr1e-4 (06),베이스라인,beam5,사진 잘 찍고 싶어,많이 찍다보면 조금씩 실력이 늘거예요.,잘할 수 있을 거예요.,0
A0 random lr1e-4 (06),베이스라인,beam5,어떻게 심쿵하게 하지?,평소 흘려 이야기했던 걸 기억해주고 생각하고 있다는 걸 알려주세요.,좋은 생각이에요.,2
A0 random lr1e-4 (06),베이스라인,beam5,조심조심,안전이 최고죠!,죠.,0
A0 random lr1e-4 (06),베이스라인,beam5,술먹고 집앞에 찾아온남자,상대에게 휘둘려선 안 돼요.,사람 만날 수 있어요.,1
A0 random lr1e-4 (06),베이스라인,beam5,커피가 너무 진해,달달한 시럽을 추가해보세요.,좋아요.,0
A0 random lr1e-4 (06),베이스라인,beam5,우리집 망한 거 같애,철 들고 공부하세요.,다른 사람 만날 수 있을 거예요.,0
A0 random lr1e-4 (06),베이스라인,beam5,열쇠 안가지고 왔다,깜빡 하셨나봐요.,잘 될 거예요.,0
A0 random lr1e-4 (06),베이스라인,beam5,오지마,안갈거예요.,슬픈 이야기네요.,0
A0 random lr1e-4 (06),베이스라인,beam5,공부 좀 더 할 걸,지금도 늦지 않았어요.,제가 들어드릴게요.,0
A0 random lr1e-4 (06),베이스라인,beam5,내 의견 좀 존중해 줬으면,스스로도 존중해주세요.,너무 된다고 된다고 마세요.,0
A0 random lr1e-4 (06),베이스라인,beam5,친구랑 사랑하는 사람이 같아,사랑은 쟁취하는거예요.,다른 사람 만나지 마세요.,2
A0 random lr1e-4 (06),베이스라인,beam5,뭘 바꿔야 할까,당신 그대로의 모습이 보기 좋아요.,좋죠!,0
A0 random lr1e-4 (06),베이스라인,beam5,집 아예 샀어,내 집 마련 축하드려요.,좋은 선택 있을 거예요.,0
A0 random lr1e-4 (06),베이스라인,beam5,누군가를 짝사랑하게 되는게 두려워.,이제 짝사랑 말고 둘이서 하는 사랑하세요.,짝사랑에서에서 사랑이 사랑이 사랑이 사랑이 사랑이 사랑이 사랑이 사랑이 사랑이기기기,2
A0 random lr1e-4 (06),베이스라인,beam5,아직 좋아하는데 헤어지자고 하는 경우 있어?,간혹 있더라고요.,직접 물어보는 게 좋을 것 같아요.,2
A0 random lr1e-4 (06),베이스라인,beam5,정말. 정말 쉽지가 않네. 이럴 땐 어떡해야 할까,마음 가는 대로 하세요.,잘 될 거예요.,1
A0 random lr1e-4 (06),베이스라인,beam5,학원 안가고 싶다.,부모님과 이야기해보세요.,잘 지내고 있을 거예요.,0
A0 random lr1e-4 (06),베이스라인,beam5,나만 갈궈,애정표현일 지도 몰라요.,좋은 사람 만날 수 있을 거예요.,0
A0 random lr1e-4 (06),베이스라인,beam5,사랑해서 결혼하는 거지?,사랑하는 사람과 함께 있고 싶은 마음이 있으니까요.,하는 걸 수도 있어요.,2
A0 random lr1e-4 (06),베이스라인,beam5,고백,성공하길 바랄게요.,축하드려요.,2
A0 random lr1e-4 (06),베이스라인,beam5,이제 정리하려고 합니다.,맘 고생 많았어요.,생각보다 많은 시간이 지났네요.,1
A0 random lr1e-4 (06),베이스라인,beam5,돈 어디갔지,퍼가요~,길 바랍니다.,0
A0 random lr1e-4 (06),베이스라인,beam5,코 막혀,감기 조심하세요.,조심하세요.,0
A0 random lr1e-4 (06),베이스라인,beam5,짝남과 자연스럽게 친해질 수 있는 방법 있을까?,공통 관심사를 찾아보세요.,그럴 수 있을 거예요.,2
A0 random lr1e-4 (06),베이스라인,beam5,다 잊었는줄 알았는데.,잊는 게 아니고 무덤덤해지는 것 같아요.,마음이 허전한가봐요.,1
A0 random lr1e-4 (06),베이스라인,beam5,맘 잡았다고 생각했는데,마음 잡기가 쉽지 않아요.,그럴 수도 있어요.,1
A0 random lr1e-4 (06),베이스라인,beam5,짝남 프사랑 비슷한거 하고 싶은데 해도 될까?,살짝 티내려는 거라면 찬성합니다.,있을 수도 있어요.,2
A0 random lr1e-4 (06),베이스라인,beam5,차였지만 잊지못하고 있는 한 남자입니다.,그분에 대한 사랑이 깊었나봐요.,더 좋은 사람 만날 수 있을 거예요.,1
A0 random lr1e-4 (06),베이스라인,beam5,정신차려야 하는거 아는데.,쉬운 일이 아니죠.,마음이 헛헛한가봐요.,1
A0 random lr1e-4 (06),베이스라인,beam5,여친이 나를 안 좋아하는데 내가 붙잡고 있는 것 같아요.,충분한 대화를 나눈 후에 결정을 내리는게 좋겠네요.,좋아 수도 있어요.,2
A0 random lr1e-4 (06),베이스라인,beam5,여자인데 먼저 다가가도 돼?,성별은 중요하지 않아요.,일찍 주무세요.,2
A0 random lr1e-4 (06),베이스라인,beam5,신혼 진짜 행복해,깨가 쏟아지고 있군요.,다른 사람 만날 수 있을 거예요.,2
A0 random lr1e-4 (06),베이스라인,beam5,휴양지 가고 싶다,저도 쉬고 놀고 하고 싶어요.,좋을 거 같아요.,0
A0 random lr1e-4 (06),베이스라인,beam5,야식 먹을까 말까,가볍게 먹을 수 있는 걸 먹어보세요.,좋은 사람 만날 수 있을 거예요.,0
A0 random lr1e-4 (06),베이스라인,beam5,운동을 하는 남자가 좋아,뭐든 열심히 하는 사람은 좋아보여요.,잘 되길 바랄게요.,2
A0 random lr1e-4 (06),베이스라인,beam5,애인이 있는데 좋아하는 사람이 생겼어요.,마음으로 바람피는 거네요.,그럴 수 있을 거예요.,2
A0 random lr1e-4 (06),베이스라인,beam5,이별 후 3개월이 지났는데.,여전히 힘든가봅니다.,잘 지내고 있을 거예요.,1
A0 random lr1e-4 (06),베이스라인,beam5,전남친이 톡 차단했더라구,이별에 도움이 될지도 몰라요.,더 좋은 사람 만날 수 있을 거예요.,1
A0 random lr1e-4 (06),베이스라인,beam5,오늘도 버티고 버팁니다,오늘도 해내고 해낸겁니다.,볼 수 있을 거예요.,1
A0 random lr1e-4 (06),베이스라인,beam5,대출이 너무 많아,조금씩 갚아나가세요.,그런 사람 만나길 바랄게요.,0
A0 random lr1e-4 (06),베이스라인,beam5,주말이 참 힘들겠어,가족들과 근교로 여행가는 건 어떨까요.,많이 지쳤나봐요.,1
A0 random lr1e-4 (06),베이스라인,beam5,긴시간이 흐른 후면 괜찮아지겠지,괜찮아질 거예요.,더 좋은 사람 만날 수 있을 거예요.,1
A0 random lr1e-4 (06),베이스라인,beam5,오늘은 학교 가고 싶지 않아,학교 다닐 때가 좋은 거예요.,그럴 때가 있죠.,0
A0 random lr1e-4 (06),베이스라인,beam5,맥주 한 잔 어때?,저랑 한 잔 해요.,그럴 수 있어요.,0
A0 random lr1e-4 (06),베이스라인,beam5,요즘 너무 고민이네,무슨 고민인지 말해주세요.,마음이 허전한가봐요.,1
A0 random lr1e-4 (06),베이스라인,beam5,환경 때문에 헤어진 여자친구,현실적인 문제가 중요할 때가 있죠.,그런 사람 만나지 마세요.,1
A0 random lr1e-4 (06),베이스라인,beam5,보고파,보고싶은신가봐요.,잘 될 수도 있어요.,1
A0 random lr1e-4 (06),베이스라인,beam5,친구들이 사랑하니까 예뻐졌대,행복 바이러스에 감염되셨군요.,좋은 사람 만날 수 있을 거예요.,2
A0 random lr1e-4 (06),베이스라인,beam5,참아내지 못하고 전화를 했습니다.,이제 마음을 비우세요.,요.,1
A0 random lr1e-4 (06),베이스라인,beam5,한 번 보고 어떻게 판단하지,첫인상은 상대방을 바라봤을때 3초에 결정난데요.,너무 신경쓰지 마세요.,0
A0 random lr1e-4 (06),베이스라인,beam5,1년만에 다시헤어지게 됐네,헤어짐은 항상 힘들죠.,가세요.,1
A0 random lr1e-4 (06),베이스라인,beam5,돈 벌어서 뭐하지,저 주세요.,좋은 일이 생길 거예요.,0
A0 random lr1e-4 (06),베이스라인,beam5,아무리 미친놈 욕을해도,그리워지나요.,다른한가봐요.,1
A0 random lr1e-4 (06),베이스라인,beam5,나 어떡하나,무슨 일인지 말해주세요.,좋은 생각이에요.,1
A0 random lr1e-4 (06),베이스라인,beam5,이제 숨 좀 쉬나,충분히 극복할 수 있어요.,좋은 생각이에요.,1
A0 random lr1e-4 (06),베이스라인,beam5,친구가 소심해,더 신경써 주세요.,할 수 있을 거예요.,0
A0 random lr1e-4 (06),베이스라인,beam5,정규직 너무 쪼금 뽑아,쪼잔하네요.,그런 사람 만나길 바랄게요.,0
A0 random lr1e-4 (06),베이스라인,beam5,서핑하러 가야지,좋은 취미네요.,직접 물어보세요.,0
A0 random lr1e-4 (06),베이스라인,beam5,책 팔 수 있는 곳 알려줘?,중고서점에서 팔아보세요.,그럴 수 있어요.,0
A0 random lr1e-4 (06),베이스라인,beam5,싸웠다,마음이 불편하겠어요.,더 좋은 사람 만날 수 있을 거예요.,1
A0 random lr1e-4 (06),베이스라인,beam5,적금 들어야 하나,적금 들 수 있으면 드는 게 좋죠.,잘 지내고 있을 거예요.,0
A0 random lr1e-4 (06),베이스라인,beam5,뭐라도 배워볼까,배움에는 언제나 찬성이에요.,더 좋은 사람 만날 수 있을 거예요.,0
A0 random lr1e-4 (06),베이스라인,beam5,괜찮은 줄 알았는데.,우리는 많이 모르고 살죠.,거예요.,1
A0 random lr1e-4 (06),베이스라인,beam5,사랑과 정 끊기 어렵네,사람이니까요.,그런 사람 만나지 마세요.,1
A0 random lr1e-4 (06),베이스라인,beam5,잊고싶어도 잊질못하네,함께한 시간이 있었으니까요.,요.,1
A0 random lr1e-4 (06),베이스라인,beam5,5년간 사귀고 어제 헤어졌습니다.,힘든 결정이었을텐데 혼자만의 시간이 필요하겠어요.,제가 들어드릴게요.,1
A0 random lr1e-4 (06),베이스라인,beam5,너무 답답해 조언 좀 해줘,다른 생각을 해보세요.,좋은 일이 생길 거예요.,1
A0 random lr1e-4 (06),베이스라인,beam5,무서운 꿈 꿨어,요즘 예민한가봐요.,좋은 곳으로 가보세요.,0
A0 random lr1e-4 (06),베이스라인,beam5,핸드폰 바꿀 때가 된듯,오래 쓰셨나봐요.,멋진 게 좋을 것 같아요.,0
A0 random lr1e-4 (06),베이스라인,beam5,헤어진지 한달 됐네,시간이 흐르는 것 처럼 마음도 흘러갈 거예요.,생각보다 많은 시간이 지났네요.,1
A0 random lr1e-4 (06),베이스라인,beam5,이별후 한달.,이제 조금이라도 괜찮아졌길 바랍니다.,네요.,1
A0 random lr1e-4 (06),베이스라인,beam5,썸탈때 여자가 먼저 연락하면 안돼?,여자 남자가 어딨나요.,좋은 생각이에요.,2
A0 random lr1e-4 (06),베이스라인,beam5,체육대회한데,일기예보 확인해보세요.,것 같아요.,0
A0 random lr1e-4 (06),베이스라인,beam5,짝사랑중인데 그 애는 저를 잘 알지 못하는데 연락을 하면 놀랠까요?,갑자기 연락하면 놀라겠죠.,있을 거예요.,2
A0 random lr1e-4 (06),베이스라인,beam5,랜선 연애 어떻게 생각해?,얼굴을 안 보고 부딪히지도 않아서 제대로 된 연애가 가능하지 않을 수도 있지만 다 나쁜 건 아니에요.,그럴 수도 있어요.,2
A0 random lr1e-4 (06),베이스라인,beam5,짝남 그냥 연락 끊긴지 오래됐는데 연락하는 거 오바야?,후회하는 것 보단 연락하고 결정하는게 좋겠어요.,그런 사람 만나길 바랄게요.,2
A0 random lr1e-4 (06),베이스라인,beam5,술 먹는 거 말고 친구랑 뭐하지,아무것도 안해도 재밌을 거예요.,좋은 사람 만날 수 있을 거예요.,0
A0 random lr1e-4 (06),베이스라인,beam5,클럽에서 만난 남자친구와 오래 갈 수 있을까?,어디에서 만난 건 상관없어요.,잘 살 수 있을 거예요.,2
A0 random lr1e-4 (06),베이스라인,beam5,왜 살까,살아있음 자체로 의미가 있으니까요.,잘 찾아보세요.,0
A0 random lr1e-4 (06),베이스라인,beam5,이사람 무슨 생각인걸까,알 수 없는게 사람 마음인가봐요.,저랑 이야기 해요.,1
A0 random lr1e-4 (06),베이스라인,beam5,헤어진지 6개월,많은 시간이 흘렀네요.,생각보다 많은 시간이 지났네요.,1
A0 random lr1e-4 (06),베이스라인,beam5,피자 식어서 왔어,그래도 맛있게 드세요.,좋은 일이 생길 거예요.,0
A0 random lr1e-4 (06),베이스라인,beam5,오늘도 힘들다,지금은 힘들겠지만 조금만 더 견뎌봐요.,길 바랄게요.,1
A0 random lr1e-4 (06),베이스라인,beam5,앞머리 다시 길러볼까,다 예뻐요.,좋은 사람 만날 수 있을 거예요.,0
A0 random lr1e-4 (06),베이스라인,beam5,엿같다.,벗어나는 게 좋겠네요.,잘 지내고 있을 거예요.,0
A0 random lr1e-4 (06),베이스라인,beam5,내일 약속 있는데 날씨 좋았으면,날씨가 안 좋더라도 데이트는 성공적일 거예요.,잘 찾아보세요.,0
A0 random lr1e-4 (06),베이스라인,beam5,짝남한테 게임 초대 톡 왔음.,게임 초대라니 서운하겠어요.,시간이 좀 걸리겠지만 해낼 수 있어요.,2
A0 random lr1e-4 (06),베이스라인,beam5,연락하는 게 익숙하지가 않아,하다보면 익숙해질거예요.,하세요.,0
A0 random lr1e-4 (06),베이스라인,beam5,좀 쉬면서 애기 키워야 할 듯,좋은 곳에서 일하시나봐요.,이에요.,0
A0 random lr1e-4 (06),베이스라인,beam5,하늘을 날고 싶어,오래 살면 가능할 거 같아요.,을 수 있을 거예요.,0
A0 random lr1e-4 (06),베이스라인,beam5,이상형 알고싶다,주변 사람에게 물어보거나 직접 물어보세요.,직접 물어보는 게 좋을 것 같아요.,2
A0 random lr1e-4 (06),베이스라인,beam5,사랑에 빠진 거 같아,행복해 보여요.,너무 믿지 마세요.,2
A0 random lr1e-4 (06),베이스라인,beam5,정말 너무 힘들어.,많이 힘들었죠.,더 좋은 사람 만날 수 있을 거예요.,1
A0 random lr1e-4 (06),베이스라인,beam5,근황이 궁금해,연락해보세요.,더 좋은 사람 만날 수 있을 거예요.,2
A0 random lr1e-4 (06),베이스라인,beam5,사랑하는 사람 잊는 법,충분히 아파하면서 충분한 시간이 필요할 거예요.,마음 가는 대로 하세요.,2
A0 random lr1e-4 (06),베이스라인,beam5,썸남 생겼는데 프사 뭐할까?,큰 의미를 두지 않아도 돼요.,자신을 사랑해주세요.,2
A0 random lr1e-4 (06),베이스라인,beam5,썸남이 톡이 느려,저처럼 연락이 늦는 사람을 이해해 주세요.,더 좋은 사람 만날 수 있을 거예요.,2
A0 random lr1e-4 (06),베이스라인,beam5,헤어진지 1달째 됐습니다.,금방 나아질 거예요.,잘 지내고 있을 거예요.,1
A0 random lr1e-4 (06),베이스라인,beam5,결혼할 확신이 안선다고 헤어지자네,결혼에는 확신이 필요하죠.,그럴 수도 있어요.,1
A0 random lr1e-4 (06),베이스라인,beam5,짝사랑은 안 이뤄지나봐.,이뤄질 수도 있답니다.,요.,2
A0 random lr1e-4 (06),베이스라인,beam5,삼겹살에 소주,생각만 해도 군침이 도네요.,도움이 될 수도 있어요.,0
A0 random lr1e-4 (06),베이스라인,beam5,친구인데 고백해도 될까?,솔직한 마음으로 다가가보세요.,다른 사람으로하는 것 같아요.,2
A0 random lr1e-4 (06),베이스라인,beam5,말실수했다,상처가 될 수 있어요.,제가 들어드릴게요.,0
A0 random lr1e-4 (06),베이스라인,beam5,관절염인가,계단 조심하세요.,해보세요.,0
A0 random lr1e-4 (06),베이스라인,beam5,숨막히네,숨 쉴 수 있을 때가 올 거예요.,어요.,1
A0 random lr1e-4 (06),베이스라인,beam5,왜 이별하고 다들 왜 연락을 끊는건가??,아무런 감정 없이 연락을 지속할 수 없으니까요.,힘들겠어요.,1
A0 random lr1e-4 (06),베이스라인,beam5,왜 저를 좋게 기억해주는 걸까,많이 아껴주셨나봐요.,할 수 있을 거예요.,1
A0 random lr1e-4 (06),베이스라인,beam5,첫눈,정말 이쁜 눈이 내려요.,잘 지내고 있을 거예요.,1
A0 random lr1e-4 (06),베이스라인,beam5,이별한지 4개월째.,마음은 좀 정리 되어가길 바랍니다.,거예요.,1
A0 random lr1e-4 (06),베이스라인,beam5,골프 못 치는데,처음부터 잘하는 사람은 없어요.,이별을 받아들이는 것도 중요해요.,0
A0 random lr1e-4 (06),베이스라인,beam5,오늘 날씨 죽인다,나들이 가보세요.,사람 만날 수 있어요.,0
A0 random lr1e-4 (06),베이스라인,beam5,미팅에서 번호 딴 애가 좋은데 뭐라고 연락을 할까?,잘 들어갔는지 가볍게 물어보면서 다음 약속을 잡아보세요.,할 수 있을 거예요.,2
A0 random lr1e-4 (06),베이스라인,beam5,내가미쳤지,당신을 탓하지 마세요.,요.,1
A0 random lr1e-4 (06),베이스라인,beam5,짧다면 짧고 길다면 긴 일년간의 연애가 끝이났네,마음의 정리가 되었나요.,마음이 복잡하겠어요.,1
A0 random lr1e-4 (06),베이스라인,beam5,오늘은 교회 안가면 안될까,왜 그럴까요?,너무 신경쓰지 마세요.,0
A0 random lr1e-4 (06),베이스라인,beam5,이러면 안되는 줄 알면서도,알면서도 잘 안되는게 사람 마음인가봐요.,더 좋은 사람 만날 수 있을 거예요.,1
A0 random lr1e-4 (06),베이스라인,beam5,이젠 의미있는 시간을 만들어보려해,그동안 못했던 일들을 시작해보세요.,사람 마다 거예요.,1
A0 random lr1e-4 (06),베이스라인,beam5,점심시간에 외출하면 안 되나,사생활이 지켜지지 않나봐요.,가장 중요한 것 같아요.,0
A0 random lr1e-4 (06),베이스라인,beam5,잠 못자고 있네,그분의 생각으로 가득한가봅니다.,잘 될 거예요.,1
A0 random lr1e-4 (06),베이스라인,beam5,8년 연애끝의 이별.,공허함이 더 크시겠어요.,잘 지내고 있을 거예요.,1
A0 random lr1e-4 (06),베이스라인,beam5,남자친구가 나를 더 좋아하게 할 수 있는 방법,당신이 더 사랑을 표현해보세요.,더 좋은 사람 만날 수 있을 거예요.,2
A0 random lr1e-4 (06),베이스라인,beam5,너도 고민 있어?,저는 고민이 없어요.,그런 사람 만나길 바랄게요.,0
A0 random lr1e-4 (06),베이스라인,beam5,대학교에서 첫사랑 다시 만났어.,운명적인 만남이네요.,잘 되길 바랍니다.,2
A0 random lr1e-4 (06),베이스라인,beam5,즉흥적인 여자친구가 고민임.,그게 매력이에요.,좋은 생각이에요.,2
A0 random lr1e-4 (06),베이스라인,beam5,여자친구가 더치페이를 안해.,데이트 통장에 대해 이야기해보세요.,군요.,2
A0 random lr1e-4 (06),베이스라인,beam5,밉다 진짜,예뻐해 주세요.,잘 지내고 있을 거예요.,0
A0 random lr1e-4 (06),베이스라인,beam5,귀가 윙윙거려,병원에 가세요.,잘 지내고 있을 거예요.,0
A0 random lr1e-4 (06),베이스라인,beam5,냄새 나면 어쩌지?,"깨끗이 씻어보고 섬유유연제나 바디워시, 바디로션, 향수 등을 사용해보세요.",괜찮아요.,0
A0 random lr1e-4 (06),베이스라인,beam5,정신 차려야 하는데,시간이 걸릴 수도 있지만 괜찮아질 거예요. 다른 곳으로 관심을 돌려보는 건 어떨까요?,돼요.,1
A0 random lr1e-4 (06),베이스라인,beam5,오늘 야근인가,오늘도 고생이 많으시네요.,볼 수 있을 거예요.,0
A0 random lr1e-4 (06),베이스라인,beam5,짜증 수준이 되어버렸습니다,조금 지친걸까요.,어떤 일이 있나봐요.,1
A0 random lr1e-4 (06),베이스라인,beam5,나 얘를 좋아하는 걸까?,있었던 일을 차분히 생각해봐요.,제가 들어드릴게요.,2
A0 random lr1e-4 (06),베이스라인,beam5,사귄지 한달됐어,한창 달달할 때네요.,무슨 일이 있었나봐요.,2
A0 random lr1e-4 (06),베이스라인,beam5,나 스마트폰 중독인가봐,가끔 핸드폰없이 살아보세요.,그럴 수도 있어요.,0
A0 random lr1e-4 (06),베이스라인,beam5,고백은 어떻게 하는거야,솔직한 마음으로 다가가는 거죠.,신경쓰지 마세요.,2
A0 random lr1e-4 (06),베이스라인,beam5,세뱃돈 받았어 호호,아직 어린가봐요.,더 좋은 사람 만날 수 있을 거예요.,0
A0 random lr1e-4 (06),베이스라인,beam5,누군가를 좋아하는게 두려워.,좋아하는 감정을 느낀다는 자체가 참 행복한 거예요.,마음이 복잡할 것 같아요.,2
A0 random lr1e-4 (06),베이스라인,beam5,너 때문이야,모두 제 잘못입니다.,제가 있잖아요.,0
A0 random lr1e-4 (06),베이스라인,beam5,엄마 미안해,엄마한테 잘해야 돼요.,그런 사람 만나세요.,0
A0 random lr1e-4 (06),베이스라인,beam5,썸녀한테 미련 남아,깨끗이 잊든 용기내든 실행에 옮겨 보세요.,좋은 일이 생길 거예요.,2
A0 random lr1e-4 (06),베이스라인,beam5,단수,단수가 되었는지 문의해 보세요.,조심하세요.,0
A0 random lr1e-4 (06),베이스라인,beam5,이렇게 진짜 끝인걸까.,인연이 거기까지인 가봐요.,습관이네요.,1
A0 random lr1e-4 (06),베이스라인,beam5,폰게임 때매 폰 느려지는듯,정리해보세요.,저도 같이 보세요.,0
A0 random lr1e-4 (06),베이스라인,beam5,너한테 이글안보여줄거다 .,그렇게 해요.,길 바랄게요.,1
A0 random lr1e-4 (06),베이스라인,beam5,여자친구 여신같아,부럽네요.,좋은 결과 있을 거예요.,2
A0 random lr1e-4 (06),베이스라인,beam5,썸남이 춥다고 옷 잠궈주는데 설레.,다정한 사람이네요.,돼요.,2
A0 random lr1e-4 (06),베이스라인,beam5,맘이 떠났다는게 맞는거 같아,마음 떠난 사람 잡기는 힘들어요.,저도 그럴 수 있어요.,1
A0 random lr1e-4 (06),베이스라인,beam5,조모임 왜 이케 많아,요즘은 팀워크가 더 중요해졌어요.,제가 있잖아요.,0
A0 random lr1e-4 (06),베이스라인,beam5,장난스러운 사이,재미있나봐요.,없죠.,0
A0 random lr1e-4 (06),베이스라인,beam5,크리스마스에 뭐 하나,크리스마스에는 케빈과 함께.,도움이 될 것 같아요.,0
A0 random lr1e-4 (06),베이스라인,beam5,친구들이 짝남 별로라고 하는게 짜증나.,왜 별로라고 할까요. 기분 상했겠어요.,좋은 생각이에요.,2
A0 random lr1e-4 (06),베이스라인,beam5,현실적 문제로 연애 포기해야할듯,잠시 쉬어도 괜찮아요.,볼 수 있을 거예요.,2
A0 random lr1e-4 (06),베이스라인,beam5,기숙사 사는거 어떨까?,혼자 사는 것보다 불편하겠죠.,잘 될 수 있어요.,0
A0 random lr1e-4 (06),베이스라인,beam5,전화 왜 안 받지,바쁜일이 있나봐요.,잘 지내고 있을 거예요.,0
A0 random lr1e-4 (06),베이스라인,beam5,끝나면 좋을 줄 알았는데.,마음이 허전하신가봐요.,마음 가는 대로 하세요.,0
A0 random lr1e-4 (06),베이스라인,beam5,서로 사랑하는데 불안해,믿음이 더 필요해 보이네요.,그분이 그분이 그분이 그분이 그분이 그분이 그분이 그분이 그분이 다시 다시 다시 다시 다시 다시,2
A0 random lr1e-4 (06),베이스라인,beam5,어떤 영화 볼까,최신 영화가 좋을 것 같아요.,것 같아요.,0
A0 random lr1e-4 (06),베이스라인,beam5,돈 굴리기,저도 좀 알려주세요.,좋은 사람 만날 거예요.,0
A0 random lr1e-4 (06),베이스라인,beam5,나한테 할 말 있대 뭘까?,기대되겠네요.,좋은 사랑이에요.,0
A0 random lr1e-4 (06),베이스라인,beam5,좋아하는 사람 앞에서 성격이 이중적인데 정상인가요.,자연스러운 현상입니다.,마음이 헛헛한가봐요.,2
A0 random lr1e-4 (06),베이스라인,beam5,방학이 있었으면.,잠시 쉬어가도 괜찮아요.,다른 사람 만날 수 있을 거예요.,0
A0 random lr1e-4 (06),베이스라인,beam5,결국엔 끝이라는 생각,쉽게 받아들여지진 않을거예요.,사람을 잊는다는 건 어떨까요.,1
A0 random lr1e-4 (06),베이스라인,beam5,전화하면서 잠들고 싶다.,낭만적이네요. 전화해보세요.,마음 고생 많았어요.,2
A0 random lr1e-4 (06),베이스라인,beam5,좋은 사람으로 남는다는것,어렵네요.,잘 살 수 있을 거예요.,1
A0 random lr1e-4 (06),베이스라인,beam5,남녀간의 소통의 중요성을 다시 한번 깨달았습니다.,서로 공감할 수 있는 이야기가 필요하죠,마음이 복잡한가봐요.,2
A0 random lr1e-4 (06),베이스라인,beam5,게임 때문에 폰이 점점 느려지는듯,정리해보세요.,다른 사람 만나지 마세요.,0
A0 random lr1e-4 (06),베이스라인,beam5,연락이 없네,이별의 끝일지도 몰라요.,그래도 하지 마세요.,1
A0 random lr1e-4 (06),베이스라인,beam5,화장 잘 하고 싶다,하다보면 늘어요.,잘할 수 있을 거예요.,0
A0 random lr1e-4 (06),베이스라인,beam5,수염 자르는 게 낫겠지,깔끔하게 정리해보세요.,잘하고 있어요.,0
A0 random lr1e-4 (06),베이스라인,beam5,오늘 짝남이 썸녀 생긴거 알게 돼서 술 좀 마셨어요.,속이 답답하겠어요.,그럴 수 있어요.,2
A0 random lr1e-4 (06),베이스라인,beam5,버스 정류장에서 기다리던 사람,멋있네요.,가장 중요한 것 같아요.,0
A0 random lr1e-4 (06),베이스라인,beam5,미세먼지 때문에 짜증나,마스크 쓰고 나가세요.,군요.,0
A0 random lr1e-4 (06),베이스라인,beam5,점심 메뉴 좀 골라줘,누구랑 먹는 냐에 따라 다르겠죠.,좋은 곳으로 있을 거예요.,0
A0 random lr1e-4 (06),베이스라인,beam5,친구들이랑 맛집 가고 싶어,조금씩 더 행복해 질거 같아요,같이 가요.,0
A0 random lr1e-4 (06),베이스라인,beam5,만족해야겠지?,내가 있는 곳 그 자리에서 만족하는 것이 중요해요.,그 안 만족 만족 만족 만족 만족 만족 만족 만족 만족 만족 만족 만족 만족,0
A0 random lr1e-4 (06),베이스라인,beam5,영화 보자는데 나한테 관심 있나?,영화 보고 나서 고민해도 안 늦어요.,좋은 사람 만날 수 있을 거예요.,2
A0 random lr1e-4 (06),베이스라인,beam5,초콜릿 선물하면 좋아할까?,좋아할거예요.,잘 살 수 있을 거예요.,0
A0 random lr1e-4 (06),베이스라인,beam5,일본어 어렵네,저도 참 힘들어요.,어요.,0
A0 random lr1e-4 (06),베이스라인,beam5,왜 이렇게 태어났을까?,서로 다르게 태어난 이유는 저마다의 목소리를 내기 위해서예요. 자신의 목소리를 들어주세요.,그런 사람 만나길 바랄게요.,0
A0 random lr1e-4 (06),베이스라인,beam5,너무 외로워,외로우니까 사람이다.,좋은 사람 만날 거예요.,0
A0 random lr1e-4 (06),베이스라인,beam5,짝사랑 하는 사람이 날 좋아할리는 없겠지?,나를 비하하지 마세요.,좋은 사람 만날 수 있을 거예요.,2
A0 random lr1e-4 (06),베이스라인,beam5,연상녀랑 어제 헤어졋네,정신이 없겠네요.,그럴 수 있어요.,1
A0 random lr1e-4 (06),베이스라인,beam5,여자친구가 돈이 너무 없어.,조금씩 함께 해도 좋을 것 같아요.,더 좋은 사람 만날 수 있을 거예요.,2
A0 random lr1e-4 (06),베이스라인,beam5,쉬마려,화장실 가세요.,제가 있잖아요.,0
A0 random lr1e-4 (06),베이스라인,beam5,불금입니다,자신만의 시간을 가져봐요.,좋은 있을 거예요.,1
A0 random lr1e-4 (06),베이스라인,beam5,어떻게 벌주어야 할까.,그대로 돌아올지도 몰라요. 그저 무시하세요.,만나지 마세요.,1
A0 random lr1e-4 (06),베이스라인,beam5,무언가에 집중하는 남자가 좋아,매력적인 사람이지요.,그런 사람 만날 수 있을 거예요.,2
A0 random lr1e-4 (06),베이스라인,beam5,좋은이별은 어떤건가,좋은 이별은 없다고 생각해요.,좋은 생각이에요.,1
A0 random lr1e-4 (06),베이스라인,beam5,내 마음에 마지막 인사,마음이랑 잘 인사해요.,마음이 후련 후련할 수 있어요.,1
A0 random lr1e-4 (06),베이스라인,beam5,올해 왜 이러지,내년이라고 별 수 있겠어요.,인가봐요.,0
A0 random lr1e-4 (06),베이스라인,beam5,안주 추천 좀,살 안 찌는 게 좋을 것 같아요.,길 바랍니다.,0
A0 random lr1e-4 (06),베이스라인,beam5,남자친구 또 운동 갔어,운동을 함께 해보세요.,금방 지나갈 거예요.,0
A0 random lr1e-4 (06),베이스라인,beam5,혈액형이 성격이랑 무슨 상관이지,상관 없는 거 같아요.,그런 사람 만날 수 있을 거예요.,2
A0 random lr1e-4 (06),베이스라인,beam5,이제는 너를 보낼 시간이 가까이 오는구나.,이별을 받아들이는 것도 중요해요.,그럴 수 있어요.,1
A0 random lr1e-4 (06),베이스라인,beam5,사전이 이상해,사전도 사람이 만드니까 이해해주세요.,좋은 사람 만날 수 있을 거예요.,0
A0 random lr1e-4 (06),베이스라인,beam5,친척들 만나는 거 불편해,서로를 조금만 생각해 주면 만남이 즐거울 텐데 말이예요.,것 같아요.,0
A0 random lr1e-4 (06),베이스라인,beam5,아 놔 생리통,힘들겠어요.,그럴 수 있을 거예요.,0
A0 random lr1e-4 (06),베이스라인,beam5,거의 매일 술,술 많이 드시면 더 무너져요.,당신의 수 있어요.,1
A0 random lr1e-4 (06),베이스라인,beam5,노트북 안돼,그럴때는 초기화하는게 속시원해요.,제가 있잖아요.,0
A0 random lr1e-4 (06),베이스라인,beam5,오늘은 노래한 곡에 또 울컥 ㅠ,힘들 때 슬픈 노래는 우리를 잠식시키는 것 같아요.,할 수 있을 거예요.,1
A0 random lr1e-4 (06),베이스라인,beam5,낚시 안 해봤는데 재미있어 보인다,도전해 봐도 좋을 거 같아요.,마요.,0
A0 random lr1e-4 (06),베이스라인,beam5,왜 갑자기 연락했을까?,이렇게 고민하게 만들려고 그랬나봐요.,그럴 수 있을 거예요.,0
A0 random lr1e-4 (06),베이스라인,beam5,이 길이 나에게 맞는걸까,잘 가고 있을 거예요.,그럴 수 있을 거예요.,0
A0 random lr1e-4 (06),베이스라인,beam5,남자 어디서 만나,소개팅 시켜달라고 말해보세요.,말해보세요.,0
A0 random lr1e-4 (06),베이스라인,beam5,남자친구가 너무 국밥류만 좋아해.,다양하게 먹자고 해보세요.,더 좋은 사람 만날 수 있을 거예요.,2
A0 random lr1e-4 (06),베이스라인,beam5,친구들이 나만 왕따시키는 거 같아,선생님께 도움을 청해보세요.,좋은 말해보세요.,0
A0 random lr1e-4 (06),베이스라인,beam5,공부하는 이유?,공부하면 더 많은 선택을 할 수 있죠.,좋죠!,0
A0 random lr1e-4 (06),베이스라인,beam5,미래를 함께할 반려자인지 확신이 아직 없어,확신이 들때까지 기다려보세요.,제가 있잖아요.,2
A0 random lr1e-4 (06),베이스라인,beam5,정리 불가,차근차근 해보세요.,잘 지내고 있을 거예요.,0
A0 random lr1e-4 (06),베이스라인,beam5,금수저로 태어났으면 좋았을텐데,아이를 금수저로 만들어주세요.,해보세요.,0
A0 random lr1e-4 (06),베이스라인,beam5,짝남이랑 카톡이 끊겼는데 어떻게 더 연락할까?,연락할 핑계를 찾아보세요.,제가 있잖아요.,2
A0 random lr1e-4 (06),베이스라인,beam5,샌드위치 생각 나,애그 샌드위치 추천합니다.,제가 들어드릴게요.,0
A0 random lr1e-4 (06),베이스라인,beam5,딱 오늘 새벽 헤어졌습니다.,달 어스름에 더 울적하겠어요.,언젠간 올 거예요.,1
A0 random lr1e-4 (06),베이스라인,beam5,감기 들 거 같애,이럴 때 잘 쉬는 게 중요해요.,그런 사람 만나길 바랄게요.,0
A0 random lr1e-4 (06),베이스라인,beam5,남자친구 카톡 말투가 마음에 안 들어.,마음에 안 드는 부분을 직접 말해보세요.,제가 들어드릴게요.,2
A0 random lr1e-4 (06),베이스라인,beam5,사람들이 그런 말 하더군,사람들의 말은 한 귀로 듣고 한 귀로 흘리세요.,제가 있잖아요.,1
A0 random lr1e-4 (06),베이스라인,beam5,오늘 물 진짜 조금 마셨다,습관을 들여보세요.,마음 고생 많았어요.,0
A0 random lr1e-4 (06),베이스라인,beam5,나를 좋아하는건 바라지도 않아요.,슬픈 말이에요.,좋은 사람 만날 수 있을 거예요.,2
A0 random lr1e-4 (06),베이스라인,beam5,습관 못 고치겠어,실패해도 조금씩 고치려고 해보세요.,너무 신경쓰지 마세요.,0
A0 random lr1e-4 (06),베이스라인,beam5,결혼하고 나서 애 낳기 싫어졌어,둘이 알콩달콩 잘 살면 되죠.,중요해요.,2
A0 random lr1e-4 (06),베이스라인,beam5,보고싶어 잠이 안와,그분 생각으로 가득찼나봐요.,그럴 수 있어요.,1
A0 random lr1e-4 (06),베이스라인,beam5,짝남이 고시생이면 기다려야 하나요?,기다릴 수 있다면 기다리세요.,가는 게 좋을 것 같아요.,2
A0 random lr1e-4 (06),베이스라인,beam5,짜증나서 집 나왔어,마음이 복잡하겠네요.,좋은 결과 있을 거예요.,0
A0 random lr1e-4 (06),베이스라인,beam5,재회를 위한 기다림,가만히 있는다고 달라지는 건 없을 거예요.,잘할 수 있을 거예요.,1
A0 random lr1e-4 (06),베이스라인,beam5,피곤해서 못일어나겠어,충전하는 시간 그 자체로 소중합니다.,좋은 사람 만날 수 있을 거예요.,0
A0 random lr1e-4 (06),베이스라인,beam5,서로가 원치 않았던 이별,누군가의 반대로 헤어졌나봐요.,슬픈 이야기네요.,1
A0 random lr1e-4 (06),베이스라인,beam5,사랑은 주고 받는 거지?,사랑은 한 없이 줘도 아깝지 않은거라고 생각해요.,하는 게 좋을 것 같아요.,2
A0 random lr1e-4 (06),베이스라인,beam5,모르는 사람 만나는거 너무 스트레스야,자신과 마음이 맞는 좋은 사람 만나세요.,좋은 사람 만날 수 있을 거예요.,0
A0 random lr1e-4 (06),베이스라인,beam5,삼겹살 구워 먹어야지,맛있겠네요.,즐거운 시간 보내시길 바랍니다.,0
A0 random lr1e-4 (06),베이스라인,beam5,방학 끝나서 좋아,친구들이 보고싶었나봐요.,만날 수 있을 거예요.,0
A0 random lr1e-4 (06),베이스라인,beam5,5년 만났는데 매일 보고 싶어,좋아보이네요.,더 좋은 사람 만날 수 있을 거예요.,2
A0 random lr1e-4 (06),베이스라인,beam5,짝녀 오랫동안 멀리서 지켜보기만 하고 있습니다.,뒤에서만 지켜보는게 힘들었겠어요.,잘 찾아보세요.,2
A0 random lr1e-4 (06),베이스라인,beam5,다들 아니라는 남자.,왜 아니라고 하는지 살펴보세요.,좋은 생각이에요.,1
A0 random lr1e-4 (06),베이스라인,beam5,애완동물 키우고 싶은데 아빠가 키우지 말래,이유가 있을 거예요.,있을 거예요.,0
A0 random lr1e-4 (06),베이스라인,beam5,격려가 필요해.,잘하실 거예요!,그런 사람 만나길 바랄게요.,0
A0 random lr1e-4 (06),베이스라인,beam5,참견 좀 하지마,저는 도움이 되고 싶어요.,알고 있을 거예요.,0
A0 random lr1e-4 (06),베이스라인,beam5,결혼 해도 되는지 고민돼,결혼은 인생에서 중요해서 항상 고민이 되죠.,좋은 사람 만날 수 있을 거예요.,2
A0 random lr1e-4 (06),베이스라인,beam5,단거 땡긴다.,맛있게 먹으면 0칼로리!,잘 지내고 있을 거예요.,0
A0 random lr1e-4 (06),베이스라인,beam5,어떡하지,어떡하면 좋을까요.,좋은 결과 있을 거예요.,1
A0 random lr1e-4 (06),베이스라인,beam5,흰머리 나,뽑지말고 염색을 해보세요.,그럴 수 있어요.,0
A0 random lr1e-4 (06),베이스라인,beam5,처음에 카톡 뭐라 보내지,잘지내는지 안부를 물어봐요.,어요.,0
A0 random lr1e-4 (06),베이스라인,beam5,면접 준비 어떻게 하지,회사와 자신에 대해서 더 공부해서 자신감을 가져보세요.,신경쓰지 마세요.,0
A0 random lr1e-4 (06),베이스라인,beam5,편의점 간식 먹어야지,간단하고 좋죠.,맛있게 드세요.,0
A0 random lr1e-4 (06),베이스라인,beam5,선생님이 나만 미워해,직접 여쭤보세요.,제가 있잖아요.,0
A0 random lr1e-4 (06),베이스라인,beam5,나 버림 받은 거 같아,아닐거예요.,저도 그럴 수 있어요.,0
A0 random lr1e-4 (06),베이스라인,beam5,나만의 시간이 필요한 것 같아,자신과 대화하는 시간이 필요하죠.,하세요.,0
A0 random lr1e-4 (06),베이스라인,beam5,썸인데 영화보재 뭐 보지?,공포영화나 액션은 어떨까요? 스킨십으로 이어질 수도 있어요.,그런 사람 만나길 바랄게요.,2
A0 random lr1e-4 (06),베이스라인,beam5,갑자기 심장이 덜컹.,당황했나요?,겠네요.,1
A0 random lr1e-4 (06),베이스라인,beam5,사랑의 기준은 뭘까,사랑의 척도는 없어요.,가세요.,1
A0 random lr1e-4 (06),베이스라인,beam5,화를 한 번 내는게 나을텐데,화 내는 연습을 해보세요.,잘 찾아보세요.,0
A0 random lr1e-4 (06),베이스라인,beam5,결혼하면 행복해질까?,사람마다 행복의 크기가 다르겠지만 행복할 거예요.,중요하지 않아요.,0
A0 random lr1e-4 (06),베이스라인,beam5,눈 많이 왔어,눈사람 만들어보세요.,그럴 수도 있어요.,0
A0 random lr1e-4 (06),베이스라인,beam5,눈이 계속 뻑뻑해,인공눈물을 넣어보세요.,맘고생 많았어요.,0
A0 random lr1e-4 (06),베이스라인,beam5,반에 친구가 없어,친구를 사귈 수 있을 거예요.,제가 있잖아요.,0
A0 random lr1e-4 (06),베이스라인,beam5,집 망한 거 같은데,집에 도움이 되려고 노력해보세요.,축하해요.,0
A0 random lr1e-4 (06),베이스라인,beam5,깜깜한데 전기 안들어오네,조금만 기다리면 다시 전기가 들어올거예요.,제가 있잖아요.,0
A0 random lr1e-4 (06),베이스라인,beam5,여사친이랑 잘되고 싶다,잘 될 거예요!,제가 있잖아요.,2
A0 random lr1e-4 (06),베이스라인,beam5,기프트콘 선물 괜찮을까?,직접 주는 게 더 좋을 것 같아요.,게 좋을 것 같아요.,0
A0 random lr1e-4 (06),베이스라인,beam5,왕따된 거 같아,선생님께 도움을 청해보세요.,다 잘 될 거예요.,0
A0 random lr1e-4 (06),베이스라인,beam5,사과를 안해,나쁜 사람이네요.,할 수 있을 거예요.,0
A0 random lr1e-4 (06),베이스라인,beam5,우산 같이 쓰자고 해볼까?,용기를 내세요.,더 좋은 사람 만날 수 있을 거예요.,0
A0 random lr1e-4 (06),베이스라인,beam5,정신 못차리겠다.,다른 사람의 삶에 한눈팔며 살기에는 자신의 인생이 너무나도 소중합니다.,잘 될 거예요.,0
A0 random lr1e-4 (06),베이스라인,beam5,그냥 마음에서 지울게,천천히 보내주세요.,제가 들어드릴게요.,1
A0 random lr1e-4 (06),베이스라인,beam5,세상이 너무 무서워,너무 불안해하지 않아도 돼요.,그럴 수 있어요.,0
A0 random lr1e-4 (06),베이스라인,beam5,미안하대,많이 후회하나봐요.,잘 지내고 있을 거예요.,1
A0 random lr1e-4 (06),베이스라인,beam5,생각할 시간을 갖자는 그녀,여러 번의 위기를 극복한 것처럼 극복해보세요.,그럴 수 있어요.,1
A0 random lr1e-4 (06),베이스라인,beam5,대부분 무덤덤한 남자친구가 고민임.,감정에 솔직해질 수 있게 조금씩 변화시켜봐요.,그런 사람 만나길 잘할 수 있을 거예요.,2
A0 random lr1e-4 (06),베이스라인,beam5,나 설레는데 혹시 썸?,혼자 설레면 짝사랑 같이 설레면 썸입니다.,제가 있잖아요.,2
A0 random lr1e-4 (06),베이스라인,beam5,사랑이 애매해,확실한 건 없죠.,거예요.,2
A0 random lr1e-4 (06),베이스라인,beam5,좋아하는 사람 앞에서 다른 사람한테 관심 있는 척 해봤어요?,그런 순간이 있었지요.,좋은 사람 만날 수 있을 거예요.,2
A0 random lr1e-4 (06),베이스라인,beam5,어떤 사람이랑 결혼해야할까,함께할때 가장 자신다운 모습으로 살 수 있는 사람이랑 하는 게 좋은 것 같아요.,질해보세요.,0
A0 random lr1e-4 (06),베이스라인,beam5,짝녀가 외국인인데 좋아해도 되나?,사랑에는 국경이 없답니다.,그럴 수도 있어요.,2
A0 random lr1e-4 (06),베이스라인,beam5,이별. 성숙해지다,이별은 성장하게하죠.,잘 지내고 있을 거예요.,1
A0 random lr1e-4 (06),베이스라인,beam5,발목 삔 거 같애,꾸준히 치료하세요.,저랑 놀아요.,0
A0 random lr1e-4 (06),베이스라인,beam5,집에서 웃고 떠들고 있지만,저도 그럴 때가 있답니다.,할 수 있을 거예요.,1
A0 random lr1e-4 (06),베이스라인,beam5,업무 지적 또 받음,업무 능력이 없는 게 아니라 센스가 부족한 걸 수도 있어요.,많이 지쳤나봐요.,0
A0 random lr1e-4 (06),베이스라인,beam5,의견 차이가 있을 때 나 너무 무시해,무시당하는 기분이 들어서 너무 외롭고 상처받게 된다고 차분하고 부드럽게 말해보세요.,너무 신경쓰지 마세요.,2
A0 random lr1e-4 (06),베이스라인,beam5,유부녀 좋아하면 안되지?,마음정리하세요.,다 잘 될 거예요.,2
A0 random lr1e-4 (06),베이스라인,beam5,시험 공부 언제 다함,지금도 늦지 않았어요.,해보세요.,0
A0 random lr1e-4 (06),베이스라인,beam5,여자친구가 너무 좋은데 점 본거에서는 만나지말래.,다른 데서도 봐보세요.,이별을 받아들이는 것도 중요해요.,2
A0 random lr1e-4 (06),베이스라인,beam5,게임 때문에 시간 다갔어,게임할때는 시간이 더 빨리 가요.,그럴 수 있어요.,0
A0 random lr1e-4 (06),베이스라인,beam5,선택 장애 있는 거 같아,선택할 때 힘든 건 당연해요.,잘 지내고 있을 거예요.,0
A0 random lr1e-4 (06),베이스라인,beam5,코고는 것도 귀여워,사랑하나봅니다.,다른 사람 만날 수 있을 거예요.,0
A0 random lr1e-4 (06),베이스라인,beam5,포기하니 공허하네.,자신을 포기하지는 마세요.,마음이 헛헛한가봐요.,1
A0 random lr1e-4 (06),베이스라인,beam5,참 힘들다,말해줘서 고마워요.,마음이네요.,1
A0 random lr1e-4 (06),베이스라인,beam5,남편이 나보다 집안일 더 잘해,이상적인 남편이네요.,더 좋겠네요.,0
A0 random lr1e-4 (06),베이스라인,beam5,전화하기 너무 늦나,늦은 시간 전화는 실례예요.,좋은 일이 생길 거예요.,0
A0 random lr1e-4 (06),베이스라인,beam5,오로라 보러 가고 싶다,로맨틱한 여행이네요.,같이 가보세요.,0
A0 random lr1e-4 (06),베이스라인,beam5,스테이크 먹고 싶어,집에서도 할 수 있어요.,맛있게 드세요!,0
A0 random lr1e-4 (06),베이스라인,beam5,입고 나갈 게 없어,아침마다 하는 고민이죠.,그런 사람 만날 수 있을 거예요.,0
A0 random lr1e-4 (06),베이스라인,beam5,가상화폐 쫄딱 망함,어서 잊고 새출발 하세요.,거예요.,0
A0 random lr1e-4 (06),베이스라인,beam5,보내야지.,힘들겠지만 그러는 편이 나아요.,잘 될 거예요.,1
A0 random lr1e-4 (06),베이스라인,beam5,이별 후 1년 그리고 선물,이별하신게 맞나요.,잘 지내고 있을 거예요.,1
A0 random lr1e-4 (06),베이스라인,beam5,알뜰폰 괜찮을까,폰 요금 절약되겠네요.,마음이 헛헛한가봐요.,0
A0 random lr1e-4 (06),베이스라인,beam5,대리효도 짜증,진짜 아니네요.,이죠.,0
A0 random lr1e-4 (06),베이스라인,beam5,뭐할까?,저랑 놀아요.,네요.,0
A0 random lr1e-4 (06),베이스라인,beam5,목걸이 선물이 좋겠다.,로맨틱하네요.,전해보세요.,0
A0 random lr1e-4 (06),베이스라인,beam5,연애 중에 카톡 프사 연인으로 해? 기본으로 하면 어때?,기본으로 하는 거 상관 없어요.,그럴 수도 있어요.,2
A0 random lr1e-4 (06),베이스라인,beam5,전남친한테 한달만에 연락하고싶어 ㅠㅠ,달라지는 게 없다면 만나지 않는 게 더 나을 수도 있어요.,무슨 일이 있었나봐요.,1
A0 random lr1e-4 (06),베이스라인,beam5,볼링 치고 옴,재밌겠어요.,잘 지내고 있을 거예요.,0
A0 random lr1e-4 (06),베이스라인,beam5,탈모인가,스트레스 받지 마세요.,그럴 수 있어요.,0
A0 random lr1e-4 (06),베이스라인,beam5,참고 계속 도전하면 될까?,인내할 수 있는 사람이라면 무엇이든 손에 넣을 수 있을 거예요.,직접 물어보세요.,0
A0 random lr1e-4 (06),베이스라인,beam5,아직도 이별중인가봅니다.,이별의 끝일지도 몰라요.,잘 되길 바랍니다.,1
A0 random lr1e-4 (06),베이스라인,beam5,내 키가 몇이게?,저도 궁금하네요.,그런 사람 만나길 바랄게요.,0
A0 random lr1e-4 (06),베이스라인,beam5,이젠 진짜 진짜 안녕,맘 고생 많았어요.,맘고생 많았어요.,1
A0 random lr1e-4 (06),베이스라인,beam5,이별의 아픔에서 벋어나는 방법,사소한 일부터 시작해보세요. 작은 곳에서 느끼는 행복은 생각보다 커요.,좋은 생각이에요.,1
A0 random lr1e-4 (06),베이스라인,beam5,제자리걸음만 하는 듯,발전이 없다고 너무 두려워하지 마세요.,잘 될 거예요.,0
A0 random lr1e-4 (06),베이스라인,beam5,친구 같은 너,그런 친구가 오래가요.,제가 있잖아요.,0
A0 random lr1e-4 (06),베이스라인,beam5,이 길이 맞을까?,잘 가고 있을 거예요.,좋은 생각이에요.,0
A0 random lr1e-4 (06),베이스라인,beam5,지하철에서 겁나 멋진 사람 발견! 말 시켜 볼까,용기가 필요한 순간이네요.,조심하세요.,0
A0 random lr1e-4 (06),베이스라인,beam5,낙엽밟는 소리,가을이네요.,다른 사람 만날 수 있을 거예요.,0
A0 random lr1e-4 (06),베이스라인,beam5,여리여리한 여자가 이상형이래,딱 당신이네요.,그런 사람 만날 수 있을 거예요.,2
A0 random lr1e-4 (06),베이스라인,beam5,전여친한테 남친이 생겼네,이제 그녀를 잊으세요.,마음이 헛헛한가봐요.,1
A0 random lr1e-4 (06),베이스라인,beam5,그 사람이 나를 좋아하는 줄 알았는데.,아니어서 힘드나봐요.,잘 될 수 있을 거예요.,2
A0 random lr1e-4 (06),베이스라인,beam5,이별 준비 중,마음의 준비가 필요하겠네요.,잘 될 거예요.,1
A0 random lr1e-4 (06),베이스라인,beam5,공부 하기 싫다,같이 수다 떨면서 놀까요?,해보세요.,0
A0 random lr1e-4 (06),베이스라인,beam5,사랑하는 사람이랑 헤어져,마음이 많이 아프겠어요.,금방 지나갈 거예요.,2
A0 random lr1e-4 (06),베이스라인,beam5,내가 좋아할 자격이 있나 모르겠어.,좋아하는데 자격은 없어요.,돼요.,2
A0 random lr1e-4 (06),베이스라인,beam5,아파서 어떡해,병원에 가야죠.,해보세요.,0
A0 random lr1e-4 (06),베이스라인,beam5,용돈 벌써 없어,알바해보세요.,잘 되길 바랍니다.,0
A0 random lr1e-4 (06),베이스라인,beam5,프로필 사진 바꿀까,원하는대로 해보세요.,자신을 사랑해주세요.,0
A0 random lr1e-4 (06),베이스라인,beam5,만난지 7년 헤어진지 5일째,지금 딱 힘들 때네요.,시간이 힘들 거예요.,1
A0 random lr1e-4 (06),베이스라인,beam5,황사 심해,이쁜 마스크 사드리고 싶네요.,겠어요.,0
A0 random lr1e-4 (06),베이스라인,beam5,2년 사귀고 헤어졌습니다,짧지는 않은 시간 동안의 연애였는데 마음이 아프네요.,가요.,1
A0 random lr1e-4 (06),베이스라인,beam5,프사를 왜 보았을까,앞으로는 보지 마세요.,그런 사람 만나길 바랄게요.,1
A0 random lr1e-4 (06),베이스라인,beam5,일인자가 되려면 피나는 노력이 필요하겠지?,인내의 시간이 필요할 거예요.,그런 사람 만나길 바랄게요.,0
A0 random lr1e-4 (06),베이스라인,beam5,이별만한 다이어트가 없네,자기몸을 헤치는 것만큼 어리석은 짓은 없습니다.,해보세요.,1
A0 random lr1e-4 (06),베이스라인,beam5,카리스마 있는 사람이 좋아,당신을 이끌어주는 남자를 만날 수 있을 거예요.,너무 신경쓰지 마세요.,2
A0 random lr1e-4 (06),베이스라인,beam5,가끔 짝남과 연애하는 상상을 해.,즐거운 상상이겠네요.,그럴 수 있을 거예요.,2
A0 random lr1e-4 (06),베이스라인,beam5,그리움,애잔한 기억.,즐거운 시간 보내시길 바랍니다.,1
A0 random lr1e-4 (06),베이스라인,beam5,점점 힘들어져,힘내세요!,마음을 가져보세요.,1
A0 random lr1e-4 (06),베이스라인,beam5,좋아하는 남자애 앞에서 표정 관리가 안돼.,짝사랑도 이성을 막지는 못하나봐요.,그런 사람 만날 수 있을 거예요.,2
A0 random lr1e-4 (06),베이스라인,beam5,남사친이 나를 좋아하는 것 같은데 어떡함,이성으로 한 번 생각해보세요.,가요.,2
A0 random lr1e-4 (06),베이스라인,beam5,너무 추워서 나가기 귀찮아,겨울에는 귤 먹으면서 집에 있는게 최고죠,좋은 사람 만날 수 있을 거예요.,0
A0 random lr1e-4 (06),베이스라인,beam5,인형 뽑기 해줘,인형 뽑기 어려워요.,잘 되길 바랍니다.,0
A0 random lr1e-4 (06),베이스라인,beam5,면도하기 귀찮,그래도 해야 깔끔하겠죠.,잘 지내고 있을 거예요.,0
A0 random lr1e-4 (06),베이스라인,beam5,긴여정 끝에 헤어졌습니다,긴 시간 만큼 힘들 겠지만 잘 이겨낼 수 있을 거예요.,잘 지내고 있을 거예요.,1
A0 random lr1e-4 (06),베이스라인,beam5,업데이트가 너무 오래 걸려,기다려보세요.,그럴 수 있어요.,0
A0 random lr1e-4 (06),베이스라인,beam5,빨리 걷다가 넘어질뻔,조심하세요.,그럴 수 있어요.,0
A0 random lr1e-4 (06),베이스라인,beam5,이별너무 힘든네,누군가를 잊어야한다는건 정말 힘든 일이죠.,생각보다 많은 시간이 지났네요.,1
A0 random lr1e-4 (06),베이스라인,beam5,2달반이라는 시간동안 많이 괜찮아졌어,시간이 쓰디쓴 약이었나봅니다.,생각보다 많은 시간이 지났네요.,1
A0 random lr1e-4 (06),베이스라인,beam5,내 왜 좋아할까?,당신 존재 자체만으로 이유가 됩니다.,있을 거예요.,2
A0 random lr1e-4 (06),베이스라인,beam5,졸려,오늘 일찍 주무세요.,잘 살 수 있을 거예요.,0
A0 random lr1e-4 (06),베이스라인,beam5,술이 보약도 아니고,술은 끊는게 좋죠.,같이 가보세요.,1
A0 random lr1e-4 (06),베이스라인,beam5,일요일에 교회끝나고 어디 가고 싶어.,같이 가보세요.,그런 사람 만나길 바랄게요.,0
A0 random lr1e-4 (06),베이스라인,beam5,크루즈 타고 여행 하고 싶어,멋진 생각이네요.,좋은 생각이에요.,0
A0 random lr1e-4 (06),베이스라인,beam5,키가 왜 안 클까,지금도 충분해요.,그럴 수 있을 거예요.,0
A0 random lr1e-4 (06),베이스라인,beam5,돈이라도 많으면 좋을텐데,돈이 전부는 아니지만 돈보다 좋은건 없다고 했어요.,좋은 사람 만날 거예요.,0
A0 random lr1e-4 (06),베이스라인,beam5,여자친구가 잘 삐져.,더 관심을 가져주세요.,잘 지내고 있을 거예요.,2
A0 random lr1e-4 (06),베이스라인,beam5,뒤에서 발자국 소리 나서 놀램,항상 조심하세요.,그럴 수 있을 거예요.,0
A0 random lr1e-4 (06),베이스라인,beam5,이 행동이 절대 용납이 안돼나.?,어떤 행동인데요?,좋은 사람 만날 수 있을 거예요.,1
A0 random lr1e-4 (06),베이스라인,beam5,남자친구가 비꽈,성격이 꼬였는지 말투가 꼬였는지 살펴보세요.,해보세요.,2
A0 random lr1e-4 (06),베이스라인,beam5,여자랑 단둘이 술마시는 남자친구를 이해해줘야할까?,이해할 수 없어요.,그럴 수 있을 거예요.,2
A0 random lr1e-4 (06),베이스라인,beam5,헤어진지 한 달 째,이제 좀 괜찮아졌길 바랍니다.,그런 사람 만날 수 있을 거예요.,1
A0 random lr1e-4 (06),베이스라인,beam5,남자친구랑 너무 좋은데 점 본거에서는 만나지말라해.,점보다 앞에 있는 사람을 믿어보세요.,좀 더 좋은 사람 만날 수 있을 거예요.,2
A0 random lr1e-4 (06),베이스라인,beam5,엄마가 나 때문에 힘든 거 같아,조금씩 보다 나은 모습을 보여드리세요.,보세요.,0
A0 random lr1e-4 (06),베이스라인,beam5,전 여자친구의 새 남자친구.,더 이상 신경쓰지 마세요.,그럴 때가 있죠.,1
A0 random lr1e-4 (06),베이스라인,beam5,헤어진 후 거의 세 달이 되어가네,아픔을 헤아리지 마세요.,볼 수 있을 거예요.,1
A0 random lr1e-4 (06),베이스라인,beam5,남자친구의 성적 취향을 이해못하겠어.,대화를 해보세요.,좋아요.,2
A0 random lr1e-4 (06),베이스라인,beam5,삼주라는 시간이 흘렀네,더 많은 시간이 흐를 거예요.,좋은 사람 만날 수 있을 거예요.,1
A0 random lr1e-4 (06),베이스라인,beam5,전남자친구 생일,이제는 잊어버리는 것도 필요해요.,요.,1
A0 random lr1e-4 (06),베이스라인,beam5,홈쇼핑에서 자꾸 사게되네,지름신이 강림했나봅니다.,좋은 생각입니다.,0
A0 random lr1e-4 (06),베이스라인,beam5,괜히 화가 나서 짝남한테 연락 끊자고 했어.,상처를 받지 않기 위한 선택이었을 거예요.,잘 살 수 있을 거예요.,2
A0 random lr1e-4 (06),베이스라인,beam5,아이공 허리 아파라,운동 해보는 것도 좋을 거예요.,좋을 거 같아요.,0
A0 random lr1e-4 (06),베이스라인,beam5,머리는 아는데 가슴은 모르네,머리랑 가슴이 가끔 따로 놀죠.,마음 가는 것도 좋을 것 같아요.,1
A0 random lr1e-4 (06),베이스라인,beam5,아직도. 아직 인가보다.,곧 끝날 거예요.,잘 지내고 있을 거예요.,1
A0 random lr1e-4 (06),베이스라인,beam5,새롭게 시작하려고 합니다.,당신의 새로운 시작 응원해요.,좋은 생각입니다.,1
A0 random lr1e-4 (06),베이스라인,beam5,시골에서 사는 거 어떨까?,아무래도 덜 경쟁하겠죠.,좋은 경험이 될 것 같아요.,0
A0 random lr1e-4 (06),베이스라인,beam5,다시 태어난다면,저는 사람으로 태어나고 싶어요.,잘 지내고 있을 거예요.,0
A0 random lr1e-4 (06),베이스라인,beam5,매달리는거 안좋은거 같아.,서로에게 힘든 일이니까요.,잘 지내고 있을 거예요.,1
A0 random lr1e-4 (06),베이스라인,beam5,바람이나 비슷한 일 용서해주신 사람 있을까 ?,있어도 계속 아플 거예요.,그럴 수도 있어요.,1
A0 random lr1e-4 (06),베이스라인,beam5,익숙해질 법도 한데,언젠간 괜찮아질 거라 믿어요. 사람은 적응의 동물이니까요.,혼자 사는 것도 좋을 거예요.,1
A0 random lr1e-4 (06),베이스라인,beam5,두달이 되었네,어느덧 두달이 지났네요.,마음 가는 대로 하세요.,1
A0 random lr1e-4 (06),베이스라인,beam5,사랑하고 싶은데 내가 자꾸 구속해,사랑을 독차지하려 하지 말고 내려놓으면서 여유를 가지세요.,자신을 더 좋은 사람 만날 수 있을 거예요.,2
A0 random lr1e-4 (06),베이스라인,beam5,판도라의 상자를 연 기분,마음의 준비를 하세요.,하세요.,0
A0 random lr1e-4 (06),베이스라인,beam5,가을 타나 봐.,혼자는 외로운 계절이죠.,좋은 쉽지 않죠.,2
A0 random lr1e-4 (06),베이스라인,beam5,일찍 가서 쉬고 싶은데 오늘 회식 잡혔어,일과 일상 사이에서 균형이 잘 맞길 바랄게요.,만날 수 있을 거예요.,0
A0 random lr1e-4 (06),베이스라인,beam5,밖에 안나가고 이렇게 살고 싶어,꼭 앞으로 나가야 하는 건 아니에요.,잘 살 수 있어요.,0
A0 random lr1e-4 (06),베이스라인,beam5,오늘 무작정 찾으러가고싶은데 갈까?,전 추천하고 싶지 않아요.,잘 지내고 있을 거예요.,1
A0 random lr1e-4 (06),베이스라인,beam5,나한테만은 완전 솔직했으면,믿음이 가장 중요하죠.,잘 살 수 있을 거예요.,0
A0 random lr1e-4 (06),베이스라인,beam5,반지 선물하면 좋아하겠지,로맨틱하네요.,좋은 사람 만날 수 있을 거예요.,0
A0 random lr1e-4 (06),베이스라인,beam5,팬미팅 재밌다.,성덕이네요.,더 좋은 사람 만날 수 있을 거예요.,0
A0 random lr1e-4 (06),베이스라인,beam5,이별한지 6년째,사랑했던 사람을 잊는 건 불가능한 일인가봐요.,그럴 수 있어요.,1
A0 random lr1e-4 (06),베이스라인,beam5,"그래, 결국 전화할 줄 알았다.",그게 최선이었을 거라 생각해요.,잘 지내고 있을 거예요.,1
A0 random lr1e-4 (06),베이스라인,beam5,나쁜 꿈을 꿨어,꿈은 현실의 반대래요.,사람을 잊는다는 건 어떨까요.,1
A0 random lr1e-4 (06),베이스라인,beam5,사랑이 변하면 어떡하지?,사랑은 변화하는 거예요. 두려워하지 마세요.,것 같아요.,2
A0 random lr1e-4 (06),베이스라인,beam5,5년 동거후 이별.,더 헤어지지 힘들겠어요.,더 좋은 사람 만날 수 있을 거예요.,1
A0 random lr1e-4 (06),베이스라인,beam5,같은 과에 내 이상형인 남자애가 있는데 cc는 무리일까?,CC는 아무래도 제약이 있을 거예요.,그럴 수 있을 거예요.,2
A0 random lr1e-4 (06),베이스라인,beam5,드디어 제가 손을 놓았어.,힘든 선택 하셨네요.,할 것 같아요.,1
A0 random lr1e-4 (06),베이스라인,beam5,가족여행 가야지,더 가까워질 기회가 되겠네요.,사람을 잊는다는 건 어떨까요.,0
A0 random lr1e-4 (06),베이스라인,beam5,정말 이건 너무하다 싶을정도로 힘들어,그럴만 해요. 많이 힘들었죠.,더 좋은 사람 만날 수 있을 거예요.,1
A0 random lr1e-4 (06),베이스라인,beam5,썸 탔던 애한테 연락왔어,사랑은 타이밍입니다.,연락해보세요.,2
A0 random lr1e-4 (06),베이스라인,beam5,뭔가 새로운 자극이 필요해,의욕이 없나봐요.,더 좋은 사람 만날 수 있을 거예요.,0
A0 random lr1e-4 (06),베이스라인,beam5,시간 왤케 빨리감,시간은 상대적으로 흘러갑니다.,그럴 수 있어요.,0
A0 random lr1e-4 (06),베이스라인,beam5,뭘 잘못했다는 걸까,모르는 게 잘못인 거 같아요.,좋은 사람 만날 수 있을 거예요.,0
A0 random lr1e-4 (06),베이스라인,beam5,착각인걸까,직접 확인해 보는건 어떨까요.,그건 아니에요.,1
A0 random lr1e-4 (06),베이스라인,beam5,정말 미안하다 말밖에는,진심이 전해졌으면 좋겠네요.,그럴 수 있어요.,1
A0 random lr1e-4 (06),베이스라인,beam5,직구로 사면 싸겠지,좋은 거 사나봐요.,좋은 시기네요.,0
A0 random lr1e-4 (06),베이스라인,beam5,단체생활 적응이 안돼,점점 적응 될 거예요.,제가 있잖아요.,0
A0 random lr1e-4 (06),베이스라인,beam5,청첩장을 찍는 날이 오다니,결혼 얼마 안 남았나봐요.,좋은 생각이에요.,2
A0 random lr1e-4 (06),베이스라인,beam5,회사를 차리고 싶다,확신이 있을 때 시작해보세요.,잘 살 수 있을 거예요.,0
A0 random lr1e-4 (06),베이스라인,beam5,나한테 이상한 냄새 나나?,킁킁,좋은 사람 만날 수 있을 거예요.,0
A0 random lr1e-4 (06),베이스라인,beam5,주변 이성이 많은 여자친구 어떡해?,신경쓰이고 질투난다고 이야기해보세요.,마음이 허전한가봐요.,2
A0 random lr1e-4 (06),베이스라인,beam5,헤어지면 연락 안하는게 맞을까,연락 하지도 받지도 마세요.,그럴 수 있어요.,1
A0 random lr1e-4 (06),베이스라인,beam5,너무 힘들어서 죽고싶어,나쁜 생각은 버리세요.,힘들겠어요.,1
A0 random lr1e-4 (06),베이스라인,beam5,썸인데 자꾸 외롭다고 해,계속 이야기 하면 사귀자는 거 돌려 말하는 걸 수도 있어요.,잘 지내고 있을 거예요.,2
A0 random lr1e-4 (06),베이스라인,beam5,소개팅 시켜줘,로봇도 괜찮다면 소개시켜드릴게요.,좋은 결과 있을 거예요.,0
A0 random lr1e-4 (06),베이스라인,beam5,이별 극복 방법,작은 일에서 행복을 느껴보는게 좋아요.,이죠.,1
A0 random lr1e-4 (06),베이스라인,beam5,조용히 있고 싶어,저 나가면 될까요?,해보세요.,0
A0 random lr1e-4 (06),베이스라인,beam5,정시 퇴근하고 집에 가는 중,쉬고 나면 힘이 날거예요 맛있는 것도 드세요,그런 사람 만나길 바랄게요.,0
A0 random lr1e-4 (06),베이스라인,beam5,음식 많이 가리는 남자를 사겨도 괜찮을까?,다 먹으면 좋겠지만 큰 문제는 되지 않을 거예요.,당신의 있을 거예요.,2
A0 random lr1e-4 (06),베이스라인,beam5,오늘 연락왔네 그래도 이젠 안녕,정말 안녕.,중요하지 않아요.,1
A0 random lr1e-4 (06),베이스라인,beam5,친구랑 수다 떨고 왔어,기분이 좋아 보이네요.,보내 수 있을 거예요.,0
A0 random lr1e-4 (06),베이스라인,beam5,직장이 괴롭다,직장 스트레스 심하겠네요.,좋은 생각이에요.,0
A0 random lr1e-4 (06),베이스라인,beam5,건물주가 짱인데,이룰 수 있을 거예요.,감사합니다.,0
A0 random lr1e-4 (06),베이스라인,beam5,밥이나 먹자,맛있게 드세요.,좋은 생각이에요.,0
A0 random lr1e-4 (06),베이스라인,beam5,술 좋아하는 사람 싫은데 그 사람은 좋아.,술보다 사람이 먼저니까요.,좋은 사람 만날 수 있을 거예요.,2
A0 random lr1e-4 (06),베이스라인,beam5,짝남이 있는데 나는 사정이 안돼. 연애를 안하는게 맞는걸까?,사정이 뭔지 모르겠지만 좋아하는 건 괜찮아요.,그럴 수 있을 거예요.,2
A0 random lr1e-4 (06),베이스라인,beam5,연애할때 많이 사랑하면 나만 손해야?,사랑은 따지는 게 아니고 다 주고도 더 주지 못해 미안해하는 거예요.,잘 지내고 있을 거예요.,2
A0 random lr1e-4 (06),베이스라인,beam5,조명빨인가,멋져 보여요!,제가 있잖아요.,0
A0 random lr1e-4 (06),베이스라인,beam5,전 남친이랑 헤어진지 오래됐는데 좋아하는 사람이 없어.,조급하게 생각하지 말아요.,자신을 더 좋은 사람 만날 수 있을 거예요.,2
A0 random lr1e-4 (06),베이스라인,beam5,아픔은 덜해지는것 같은데 미련은 더욱 많아지네,미련없는 사랑은 없나봐요.,마음이 복잡할 수 있을 거예요.,1
A0 random lr1e-4 (06),베이스라인,beam5,성형 상담 받아 볼까,견적 받고 충격 받지 마세요.,제가 있잖아요.,0
A0 random lr1e-4 (06),베이스라인,beam5,떡볶이 좋아하지도 않는데,좋아하지 않는데 함께 하는게 사랑이죠.,힘들 거예요.,1
A0 random lr1e-4 (06),베이스라인,beam5,이제 때론 괜찮기도 해,그렇게 익숙해져 가나봐요.,좋은 사람 만날 수 있을 거예요.,1
A0 random lr1e-4 (06),베이스라인,beam5,올해 이상해,내년이라고 별 수 있겠어요.,잘 될 거예요.,0
A0 random lr1e-4 (06),베이스라인,beam5,남자친구가 집안일을 너무 안해. 나만 하는게 고민이야.,집안일을 하나씩 분담해보세요.,할 수 있을 거예요.,2
A0 random lr1e-4 (06),베이스라인,beam5,술 끊을거야,술은 적당히 즐기세요.,좋은 생각이에요.,0
A0 random lr1e-4 (06),베이스라인,beam5,두 남자 사이에서 갈등 중,빠른 선택으로 모두에게 상처를 덜 주길 바랍니다.,좋은 생각이에요.,2
A0 random lr1e-4 (06),베이스라인,beam5,오래 사귀다가 식어서 헤어진 남자에게도 후폭풍 있나?,모든 이별에는 후유증이 있기 마련이에요.,그 사람을 모르겠어요.,1
A0 random lr1e-4 (06),베이스라인,beam5,지금 남친을 별로 안좋아하는 것 같은데.,정리를 하는게 좋겠어요.,좋은 생각이에요.,2
A0 random lr1e-4 (06),베이스라인,beam5,썸인데 싸늘해,고백할 타이밍이 너무 늦지 않았는지 생각해보세요.,있을 거예요.,2
A0 random lr1e-4 (06),베이스라인,beam5,사랑할수록 아프다,그 것도 사랑이예요.,자신을 더 버텨보세요.,2
A0 random lr1e-4 (06),베이스라인,beam5,왜 말을 못해 말을 못하냐구,노력하고 있는 중입니다.,더 좋은 사람 만날 수 있을 거예요.,0
A0 random lr1e-4 (06),베이스라인,beam5,지갑 없어졌어,잘 찾아보세요.,거 드세요.,0
A0 random lr1e-4 (06),베이스라인,beam5,수제 빼빼로 어때?,먹어보고 싶어요.,같이 가보세요.,0
A0 random lr1e-4 (06),베이스라인,beam5,사귀는 사이인데 '야'라고 해. 기분 나쁜데 어떡해?,그건 좀 아닌 거 같다고 바로 말하세요.,일찍 주무세요.,2
A0 random lr1e-4 (06),베이스라인,beam5,이제야 오래전 상대방이 아팠던걸 이해했어.,다음 번의 사랑에선 좀 더 신중할 수 있게 된 거예요.,잘 지내고 있을 거예요.,1
A0 random lr1e-4 (06),베이스라인,beam5,나 폰겜 너무 많이해,시간을 정해보세요.,잘 살 수 있을 거예요.,0
A0 random lr1e-4 (06),베이스라인,beam5,남의 일 도와줘야 할까,해주고 티를 팍팍 내세요.,그럴 수 있을 거예요.,0
A0 random lr1e-4 (06),베이스라인,beam5,절약해서 부자돼야지,예비 부자님 파이팅!,하세요.,0
A0 random lr1e-4 (06),베이스라인,beam5,호감을 표현하는 방법,취미와 성향 등이 같음을 어필해보세요.,제가 들어드릴게요.,2
A0 random lr1e-4 (06),베이스라인,beam5,썸인가 아닌가,한방향인지 양방향인지 살펴보세요.,잘 지내고 있을 거예요.,2
A0 random lr1e-4 (06),베이스라인,beam5,지금 이감정,당신만이 알 수 있어요.,마음이 헛헛한가봐요.,1
A0 random lr1e-4 (06),베이스라인,beam5,다 내려놓고. 오늘부터 연락 끊었네.,잘했어요. 이별 후에는 확실한 거리두기가 필요해요.,그런 사람 만나지 마세요.,1
A0 random lr1e-4 (06),베이스라인,beam5,헤어진것인가 아닌것인가,애매하네요.,그럴 수 있을 거예요.,1
A0 random lr1e-4 (06),베이스라인,beam5,여쭈어볼것이있습니다,말씀해보세요.,감기 조심하세요.,1
A0 random lr1e-4 (06),베이스라인,beam5,온다고 했는데 왜 안 오지?,조금만 더 기다려주세요.,그럴 수도 있어요.,0
A0 random lr1e-4 (06),베이스라인,beam5,미치겠습니다 연락하고 싶어서,연락하고 나면 더 힘들 거예요.,제가 들어드릴게요.,1
A0 random lr1e-4 (06),베이스라인,beam5,한번쯤 진하게 아픈것도 괜찬아.,긍정적이네요.,신경쓰지 마세요.,1
A0 random lr1e-4 (06),베이스라인,beam5,위층 너무 시끄러워,증명자료를 가지고 손해배상을 청구하세요.,좋은 사람 만날 수 있을 거예요.,0
A0 random lr1e-4 (06),베이스라인,beam5,번호를 알아내서 연락하면 소름돋을까?,그건 좀 참아보세요.,마음 가는 대로 해보세요.,1
A0 random lr1e-4 (06),베이스라인,beam5,어제전화가왔습니다,기다리던 전화였나봐요.,해보세요.,1
A0 random lr1e-4 (06),베이스라인,beam5,남잔데 남자 좋아해,성적자기결정권이있죠.,당신의하지 마세요.,2
A0 random lr1e-4 (06),베이스라인,beam5,짝남한테 좋아하는거 들켰는데 그냥 예전처럼 편하게 지내고 싶어.,겉으로는 편하게 지낼 수 있을 거예요.,제가 들어드릴게요.,2
A0 random lr1e-4 (06),베이스라인,beam5,여자친구가 베지테리언이야,함께 건강하게 먹어봐요.,더 좋은 사람 만날 수 있을 거예요.,2
A0 random lr1e-4 (06),베이스라인,beam5,완전 귀여워,사랑이 느껴지네요.,좋은 곳으로 가보세요.,2
A0 random lr1e-4 (06),베이스라인,beam5,베터리 충전기도 안 가져 왔네,충전할 곳을 찾아보세요.,그럴 수도 있어요.,0
A0 random lr1e-4 (06),베이스라인,beam5,건물주 되고싶어,이룰 수 있을 거예요.,네요.,0
A0 random lr1e-4 (06),베이스라인,beam5,남자친구하고 커플티를 하고싶은데 어디거를 할까?,좋아하는 브랜드가 좋겠어요.,더 좋은 사람 만날 수 있을 거예요.,2
A0 random lr1e-4 (06),베이스라인,beam5,힘든 하루 하루 되돌리며,오늘도 고생했어요.,힘든 일이 있었나봐요.,1
A0 random lr1e-4 (06),베이스라인,beam5,벌써 저를 세번째 떠나갔네,이젠 그분을 놓아줄 때가 되었나봐요.,좋은 사람 만날 수 있을 거예요.,1
A0 random lr1e-4 (06),베이스라인,beam5,알바 집 알바 집 이게 뭐냐,그래도 상관없어요. 칭찬해주고 싶네요.,당신의 가져보세요.,0
A0 random lr1e-4 (06),베이스라인,beam5,여섯번째 이별이에요,많은 순간들이 있었겠네요.,있을 거예요.,1
A0 random lr1e-4 (06),베이스라인,beam5,그 애 앞에서 말을 잘 못하겠어,좀 더 편하게 대해도 좋을 것 같아요.,잘 지내고 있을 거예요.,2
A0 random lr1e-4 (06),베이스라인,beam5,친구 돌잔치 가는 중,축하해주고 오세요.,볼 수 있을 거예요.,0
A0 random lr1e-4 (06),베이스라인,beam5,좋아하는 애 친구한테 다같이 만나자고 말해도 돼?,다같이 만나면 재미있기는 하겠네요.,마음이 헛헛한가봐요.,2
A0 random lr1e-4 (06),베이스라인,beam5,조용히 지나가면 될까?,어떤 일이냐에 따라 다를 거 같아요.,잘 지내고 있을 거예요.,0
A0 random lr1e-4 (06),베이스라인,beam5,눈꺼풀이 무거워,잠시 눈을 붙여보세요.,요.,0
A0 random lr1e-4 (06),베이스라인,beam5,바람 쐬러 나갈까,같이 가요.,잘 지내고 있을 거예요.,0
A0 random lr1e-4 (06),베이스라인,beam5,비오는날 뭐해?,실내 데이트요.,요.,0
A0 random lr1e-4 (06),베이스라인,beam5,더 답답한 오늘,바람이라도 쐬고 오는 건 어떨까요.,가요.,1
A0 random lr1e-4 (06),베이스라인,beam5,오늘도 그냥 그냥 다갔네.,소소한 행복을 느껴보세요.,다른 사람 만날 수 있을 거예요.,0
A0 random lr1e-4 (06),베이스라인,beam5,시간 진짜 빨리감,시간은 상대적으로 흘러갑니다.,그럴 수 있어요.,0
A0 random lr1e-4 (06),베이스라인,beam5,꿈인지 현실인지,정신차리세요.,슬프네요.,1
A0 random lr1e-4 (06),베이스라인,beam5,완전히 정리했어,조금 후련해졌길 바랍니다.,잘 지내고 있을 거예요.,1
A0 random lr1e-4 (06),베이스라인,beam5,내 가치관이랑 다른 가치관을 가지고 있는 그 남자를 좋아하는게 힘들어.,서로의 가치관이 평행선을 이루지만 않는다면 만날 수도 있을 거예요.,더 좋은 사람 만날 수 있을 거예요.,2
A0 random lr1e-4 (06),베이스라인,beam5,결혼해도 될까,이사람이다 싶은 사람이랑 하세요.,저도 그럴 수 있어요.,0
A0 random lr1e-4 (06),베이스라인,beam5,괜찮아진 줄 알았는데.,괜찮은 척 하고 있던 걸 수도 있어요.,더 좋은 사람 만날 수 있을 거예요.,1
A0 random lr1e-4 (06),베이스라인,beam5,안 맞는다면서 헤어진 우리,인연이 거기까지인가봐요.,그럴 수 있어요.,1
A0 random lr1e-4 (06),베이스라인,beam5,좋아하는 여자애가 우리 형을 좋아한다고 들음. 나 어떡하냐.,천천히 마음을 정리하는게 좋겠네요.,사람을 잊는다는 건 어떨까요.,2
A0 random lr1e-4 (06),베이스라인,beam5,짝사랑인가 썸인가,썸이길 바랄게요.,잘 살 수 있을 거예요.,2
A0 random lr1e-4 (06),베이스라인,beam5,블루투스 이어폰 편하겠지,사면 편하겠죠.,좋은 사람 만날 수 있을 거예요.,0
A0 random lr1e-4 (06),베이스라인,beam5,짝사랑 시작하고 감정 기복이 심해.,짝사랑이 그런건가봐요.,이별을 받아들이는 것도 중요해요.,2
A0 random lr1e-4 (06),베이스라인,beam5,아부쟁이가 부러워,적성에 맞는 사람이 있죠.,그런 사람 만나길 바랄게요.,0
A0 random lr1e-4 (06),베이스라인,beam5,몸무게 좀 줄었으면,지금도 충분히 아름다워요.,잘 살 수 있을 거예요.,0
A0 random lr1e-4 (06),베이스라인,beam5,운세 종합해 보니 헤어질 때였네,의미부여는 자신을 더 작게 만들어요.,있을 수도 있어요.,1
A0 random lr1e-4 (06),베이스라인,beam5,속시원해~~안녕 잘가~~~,이제 정말 안녕.,잘 지내고 있을 거예요.,1
A0 random lr1e-4 (06),베이스라인,beam5,무료 앱이 유료로 됐어,돈을 지불하고 이용할 가치가 있는지 따져보세요.,다른 거라 생각해요.,0
A0 random lr1e-4 (06),베이스라인,beam5,도대체 왜 이러는걸까,무슨 일이 있었나봐요.,그럴 수 있어요.,1
A0 random lr1e-4 (06),베이스라인,beam5,이 남자애의 행동 나를 좋아하는게 맞는지 모르겠어.,정확한 사실을 알긴 힘들어요.,잘 살 수 있을 거예요.,2
A0 random lr1e-4 (06),베이스라인,beam5,예전 게임인데 재밌다,저도 하고 싶네요.,하세요.,0
A0 random lr1e-4 (06),베이스라인,beam5,파혼 7개월 째,아직 힘들거라 생각해요.,하는 게 좋을 거 같아요.,1
A0 random lr1e-4 (06),베이스라인,beam5,누군가 제 이야기를 들어줬으면 해서 올리내.,글로 정리하는 것도 좋은 방법이에요.,잘 지내고 있을 거예요.,1
A0 random lr1e-4 (06),베이스라인,beam5,걔랑 같은 반 됐으면 좋겠다,당신의 운을 믿어보세요.,잘 될 거예요.,0
A0 random lr1e-4 (06),베이스라인,beam5,친구랑 있으면 내가 작아져,당신은 생각보다 큰 사람이에요.,잘 될 거예요.,0
A0 random lr1e-4 (06),베이스라인,beam5,움직임이 없어.,에너지가 필요한 순간이네요.,더 좋은 사람 만날 수 있을 거예요.,0
A0 random lr1e-4 (06),베이스라인,beam5,잊어야하나?,당신을 위해서 잊는게 좋을 거예요.,좋은 경험이 될 거예요.,1
A0 random lr1e-4 (06),베이스라인,beam5,할 수 있다면 그럴수 있다면 달라질까?,자신을 믿어보세요.,그럴 수 있어요.,1
A0 random lr1e-4 (06),베이스라인,beam5,인내하면 얻을 수 있을까?,인내할 수 있는 사람이라면 무엇이든 손에 넣을 수 있을 거예요.,그럴 수 있을 거예요.,0
A0 random lr1e-4 (06),베이스라인,beam5,남자친구가 연락 안 하고 외박했어,당신이 생각하는 그런일은 없을거예요.,그럴 수 있을 거예요.,2
A0 random lr1e-4 (06),베이스라인,beam5,잠수이별해도 될까,잠수이별 만큼 비겁한 것은 없어요. 깨끗하게 정리하길 바랄게요.,잘 지내고 있을 거예요.,1
A0 random lr1e-4 (06),베이스라인,beam5,잊어보려 하는데.,처음에는 잘 안되겠지만 잘할 수 있을 거예요.,이별을 받아들이는 것도 중요해요.,1
A0 random lr1e-4 (06),베이스라인,beam5,부자 백수 하고 싶어,그게 최고죠.,그런 사람 만나길 바랄게요.,0
A0 random lr1e-4 (06),베이스라인,beam5,야 너!,네,!,1
A0 random lr1e-4 (06),베이스라인,beam5,여자친구가 키가 너무 커,깔창이 있잖아요.,좋은 사람 만날 수 있을 거예요.,2
A0 random lr1e-4 (06),베이스라인,beam5,잡담할 시간 있어?,물론이죠. 무엇이든 말씀하세요.,잘하고 있어요.,0
A0 random lr1e-4 (06),베이스라인,beam5,같은 반인데 헤어지자고 해야 하나??,그래도 할 거면 해야겠죠.,!,1
A0 random lr1e-4 (06),베이스라인,beam5,위로 해 주세요.,정말 많이 힘들었죠. 때론 힘내려 노력하지 않아도 돼요.,제가 있잖아요.,1
A0 random lr1e-4 (06),베이스라인,beam5,계속꿈에 나와,잘 때 다른 생각을 하고 주무세요.,만날 수 있을 거예요.,1
A0 random lr1e-4 (06),베이스라인,beam5,스타트업하면 위험할까,확신이 들 때까지 준비해보세요.,그럴 수 있어요.,0
A0 random lr1e-4 (06),베이스라인,beam5,왜 이상한 말 해,더 열심히 노력하겠습니다.,마음이 복잡하겠어요.,0
A0 random lr1e-4 (06),베이스라인,beam5,내가 제일 문제인 듯,당신은 하나밖에 없는 소중한 사람이에요.,사람을 잊는다는 건 어떨까요.,0
A0 random lr1e-4 (06),베이스라인,beam5,가슴이 너무 아프고 숨쉬기가 힘드네,아픈만큼 더 성숙해질 거예요.,마음 가는 대로 해보세요.,1
A0 random lr1e-4 (06),베이스라인,beam5,9년이 넘는 연애를 끝냅니다,공허함이 더 크시겠어요.,해보세요.,1
A0 random lr1e-4 (06),베이스라인,beam5,하고 많은 사람 중에 왜 나야?,당신이니까요.,일찍 주무세요.,2
A0 random lr1e-4 (06),베이스라인,beam5,후폭풍이 올까 두려운데.!,그냥 지금 우세요.,겠네요.,1
A0 random lr1e-4 (06),베이스라인,beam5,과식했나 봐,과식은 금물이에요.,사랑의 예의가 없네요.,0
A0 random lr1e-4 (06),베이스라인,beam5,모르는 사람인데 첫 눈에 반했어.,외모나 분위기가 이상형이었나봐요.,!,2
A0 random lr1e-4 (06),베이스라인,beam5,아픈 첫사랑,첫사랑니의 고통처럼 시린가봐요.,좋은 생각이에요.,1
A0 random lr1e-4 (06),베이스라인,beam5,영화 보러 왔어,저도 영화 보여주세요.,자신감을 가지세요.,0
A0 random lr1e-4 (06),베이스라인,beam5,나 다른 거 할까,시도해봐도 좋겠죠.,그런 사람 만나지 마세요.,0
A0 random lr1e-4 (06),베이스라인,beam5,좋아하는 남자애한테 발렌타인데이 때 초콜릿 줄까?,주면 좋아할 거예요.,좋은 사람 만날 수 있을 거예요.,2
A0 random lr1e-4 (06),베이스라인,beam5,궁금한게있습니다,네 물어보세요.,마음이 복잡할 수 있을 거예요.,1
A0 random lr1e-4 (06),베이스라인,beam5,면허 따야하나,운전하는거 재미있어요.,제가 들어드릴게요.,0
A0 random lr1e-4 (06),베이스라인,beam5,부업할까?,좋아요!,게 없다면 만나지 않는 게 좋죠.,0
A0 random lr1e-4 (06),베이스라인,beam5,비만 판정 받았어,건강하게 운동해보세요.,것 같아요.,0
A0 random lr1e-4 (06),베이스라인,beam5,녹차 한 잔 어때?,드시는거 보기만 해도 좋아요.,그럴 수 있을 거예요.,0
A0 random lr1e-4 (06),베이스라인,beam5,방에 먼지가 한가득,청소하세요.,한 잔 하세요.,0
A0 random lr1e-4 (06),베이스라인,beam5,위로받고 싶은 날,제가 위로 많이 해드릴게요.,즐거운 시간 될 거예요.,0
A0 random lr1e-4 (06),베이스라인,beam5,회사 사람들이 아직도 불편해,회사에는 동료가 있을 뿐이에요.,직접 물어보는 게 좋을 것 같아요.,0
A0 random lr1e-4 (06),베이스라인,beam5,뭐 할줄 알아,오늘 헤어졌어 라고 하면 위로해 드려요.,저랑 이야기해요.,0
A0 random lr1e-4 (06),베이스라인,beam5,잠이 또 안와,고민이 있나 봐요.,일이 있었나봐요.,0
A0 random lr1e-4 (06),베이스라인,beam5,컴퓨터가 느려졌어,포맷해보세요.,더 힘내세요.,0
A0 random lr1e-4 (06),베이스라인,beam5,비 와,우산 챙기세요.,거라 생각해요.,0
A0 random lr1e-4 (06),베이스라인,beam5,부모님처럼 살고 싶다,좋은 부모님을 두셨군요.,잘 살 수 있을 거예요.,0
A0 random lr1e-4 (06),베이스라인,beam5,식비가 어마무시하다,다이어트를 해봐요.,그럴 수 있어요.,0
A0 random lr1e-4 (06),베이스라인,beam5,난 왜이리 바보 같을까.,이제 같은 실수를 반복하지 않으면 돼요.,한 거 같아요.,1
A0 random lr1e-4 (06),베이스라인,beam5,이번 방학에 뭐하면 잘했다고 소문날까,차근차근 계획을 세워보세요.,그럴 수 있을 거예요.,0
A0 random lr1e-4 (06),베이스라인,beam5,멋지게 나이들고 싶다,지금도 그러고 있어요.,제가 들어드릴게요.,0
A0 random lr1e-4 (06),베이스라인,beam5,골프 어려워,처음부터 잘하는 사람은 없어요.,제가 있잖아요.,0
A0 random lr1e-4 (06),베이스라인,beam5,사랑이라는 이름으로,너에게 묻노라.,그럴 수 있어요.,2
A0 random lr1e-4 (06),베이스라인,beam5,나의 약점,나의 장점.,돼요.,1
A0 random lr1e-4 (06),베이스라인,beam5,열심히 한 거 같은데,중요한 건 노력하는 과정이에요.,잘 될 거예요.,0
A0 random lr1e-4 (06),베이스라인,beam5,남자친구에게 고민이나 속사정을 어디까지 얘기해?,믿음의 정도에 따라 다른 거 같아요.,좋은 생각이에요.,2
A0 random lr1e-4 (06),베이스라인,beam5,쓸데 없는 걱정 1위 연예인 걱정,동감입니다.,그런 사람 만나길 바랄게요.,0
A0 random lr1e-4 (06),베이스라인,beam5,사랑할수록 집착해,상대방이 싫어할수도 있어요.,잘 살 수 있을 거예요.,2
A0 random lr1e-4 (06),베이스라인,beam5,전여친 헤어졌으니 남이죠?,그렇습니다.,그럴 수 있어요.,1
A0 random lr1e-4 (06),베이스라인,beam5,아.빌어먹을 이제야 알다니.,이제라도 깨달았으니 더 이상의 실수는 없을 거예요.,그런 사람 만나길 바랄게요.,1
A0 random lr1e-4 (06),베이스라인,beam5,내 발등 내가 다시 찍었네,발등이 얼른 아물길 바랄게요.,마음 가는 대로 하세요.,1
A0 random lr1e-4 (06),베이스라인,beam5,같은하늘 다른공간,같은 하늘 아래 숨 쉬고 있어요.,그런 사람 만나지 마세요.,1
A0 random lr1e-4 (06),베이스라인,beam5,내가 너무 생각없이 말했어,생각하고 말하세요.,제가 있잖아요.,0
A0 random lr1e-4 (06),베이스라인,beam5,썸녀가 약속 시간을 안 지킴.,시간 약속이 생명인데요.,잘 찾아보세요.,2
A0 random lr1e-4 (06),베이스라인,beam5,헤어짐이 힘든이유,사랑했으니까요.,잘 살 수 있을 거예요.,1
A0 random lr1e-4 (06),베이스라인,beam5,역류성 식도염이 또 도졌어,과식하지 말고 먹고 눕지 마세요!,해보세요.,0
A0 random lr1e-4 (06),베이스라인,beam5,교회 오빠한테 눈이 가,성경 공부는 안하고 연애 공부하나봅니다.,그럴 수 있을 거예요.,2
A0 random lr1e-4 (06),베이스라인,beam5,과함 설렘 후에 지금은 안 설레,처음에 몰아서 설렜나봐요.,너무 믿지 마세요.,2
A0 random lr1e-4 (06),베이스라인,beam5,친구의 전여자친구가 좋은데 사겨도될까?,친구을 잃을 수도 있어요.,그런 사람 만나지 마세요.,2
A0 random lr1e-4 (06),베이스라인,beam5,남친 프로필에 내 사진 왜 안올릴까,신경쓰고 싶지 않은 사람도 있어요.,좋은 사람 만날 수 있을 거예요.,0
A0 random lr1e-4 (06),베이스라인,beam5,실내 데이트 추천,영화관이나 쇼핑몰이 생각나네요.,이제 데이트 데이트 데이트 데이트 데이트 데이트 데이트 데이트 데이트 데이트 데이트 데이트 데이트 데이트,0
A0 random lr1e-4 (06),베이스라인,beam5,핸드폰 고장난거 아니야 연락이 안와,그게 문제는 아닐 거예요.,그게 제일 중요한 거 같아요.,0
A0 random lr1e-4 (06),베이스라인,beam5,사랑하는 사람을 계속 기다려야 할까요?,기한을 정하고 기다리세요.,가세요.,2
A0 random lr1e-4 (06),베이스라인,beam5,마음이 싱숭생숭해서 자꾸 글을 쓰게 되네,글 쓰면서 정리가 될 거예요.,좋은 경험이 될 거예요.,0
A0 random lr1e-4 (06),베이스라인,beam5,바람,고쳐 쓸 수 없는 버릇이에요.,제가 있잖아요.,1
A0 random lr1e-4 (06),베이스라인,beam5,엄마 밥 먹고 싶다,시간내서 부모님 집에 찾아가 보세요.,부모님 좋죠.,0
A0 random lr1e-4 (06),베이스라인,beam5,시계가 멈춘거 같아.,에너지가 필요한 순간이네요.,잘 될 거예요.,0
A0 random lr1e-4 (06),베이스라인,beam5,짝녀가 있었는데 못 잊겠어.,시간이 필요한 때인 것 같아요.,마음이 복잡한가봐요.,2
A0 random lr1e-4 (06),베이스라인,beam5,오랜만에 서점에 갔었어,마음의 양식을 채우길 바랄세요.,좋은 일이 생길 거예요.,0
A0 random lr1e-4 (06),베이스라인,beam5,"이별당시 보다 더 짠한건, 나 떠났으면 잘이나 살지.",당신은 정말 착한 사람이군요.,마음 가는 대로 해보세요.,1
A0 random lr1e-4 (06),베이스라인,beam5,공황증,견디기 힘들었을텐데 괜찮은가요.,적으로 있나봐요.,1
A0 random lr1e-4 (06),베이스라인,beam5,피곤한테 또 잠은 안 와.,고민이 있나봐요.,마음이 헛헛한가봐요.,0
A0 random lr1e-4 (06),베이스라인,beam5,여행 가야지,좋은 여행 되길 바랍니다.,좋은 생각이에요.,0
A0 random lr1e-4 (06),베이스라인,beam5,월급에 비해 근무시간이 너무 긴 거 같애,야근 수당을 챙겨보세요.,더 좋은 사람 만날 수 있을 거예요.,0
A0 random lr1e-4 (06),베이스라인,beam5,시골 내려가서 살까,아무래도 덜 경쟁하겠죠.,잘 지내고 있을 거예요.,0
A0 random lr1e-4 (06),베이스라인,beam5,피자 먹고 싶다.,같이 먹어요!,맛있게 드세요.,0
A0 random lr1e-4 (06),베이스라인,beam5,슬픈 예감대로 되어가는 현실,슬픈 예감은 틀린 적이 없죠.,자신을 더 사랑해주세요.,1
A0 random lr1e-4 (06),베이스라인,beam5,짝사랑은 힘든 거 같아,그래도 좋아하는 동안 행복하길 바라요.,잘 지내고 있어요.,2
A0 random lr1e-4 (06),베이스라인,beam5,몸매가 탄탄하면 좋은데,운동으로 만들어 보아요.,잘 지내고 있을 거예요.,0
A0 random lr1e-4 (06),베이스라인,beam5,내 마음에 온통 너야,올인은 좋은게 아니에요.,제가 있잖아요.,2
A0 random lr1e-4 (06),베이스라인,beam5,친구가 잘되니까 배 아픈 거 같아,친구가 아닌가봐요.,신경쓰지 마세요.,0
A0 random lr1e-4 (06),베이스라인,beam5,잘 지냈으면 좋겠다,따뜻한 마음이네요.,자연스러운 현상이에요.,2
A0 random lr1e-4 (06),베이스라인,beam5,마음이 울적해,거리를 걸어보세요.,잘 살 수 있을 거예요.,0
A0 random lr1e-4 (06),베이스라인,beam5,그만 먹어야 하는데,조금만 드세요,그럴 수 있어요.,0
A0 random lr1e-4 (06),베이스라인,beam5,답이 없는 남자,답이 얼른 왔으면 좋겠네요.,그런 사람 만나길 바랄게요.,1
A0 random lr1e-4 (06),베이스라인,beam5,체육대회 안 했으면,재미 있는 종목을 찾아보세요.,그럴 수 있어요.,0
A0 random lr1e-4 (06),베이스라인,beam5,제가 놓았던 손을 다시 잡으려니 힘드네.,원상복구는 언제나 힘드니까요.,요.,1
A0 random lr1e-4 (06),베이스라인,beam5,짝사랑만이 답일까.,짝사랑만이 답을 아니랍니다.,좀 더 좋은 사람 만날 수 있을 거예요.,2
A0 random lr1e-4 (06),베이스라인,beam5,휴대폰 바꿀 타이밍,오래 쓰셨나봐요.,돼요.,0
A0 random lr1e-4 (06),베이스라인,beam5,안경 벗었는데 완전 훈남,만화같은 일이네요.,이죠.,0
A0 random lr1e-4 (06),베이스라인,beam5,욕까지 먹었는데 정이 안 떨어져,지나간 사람은 얼른 떨쳐버리세요.,돼요.,1
A0 random lr1e-4 (06),베이스라인,beam5,거짓말은 진짜 못고치는 병 맞죠?,아무래도 그렇죠.,있을 거예요.,1
A0 random lr1e-4 (06),베이스라인,beam5,오늘 또 하루 살았네,오늘은 약간의 변화를 줘보세요.,제가 들어드릴게요.,0
A0 random lr1e-4 (06),베이스라인,beam5,연차 내고 누워만 있네,때론 쉬어가는 것도 필요해요.,더 좋은 사람 만날 수 있을 거예요.,1
A0 random lr1e-4 (06),베이스라인,beam5,좌절 중이야,이제 일어날 때예요.,좋은 생각이에요.,0
A0 random lr1e-4 (06),베이스라인,beam5,커피 말고 뭐 마시지,시원한 쥬스는 어때요.,좋겠어요.,0
A0 random lr1e-4 (06),베이스라인,beam5,조카들 너무 귀찮게 해,방문 열어주지 마세요.,신경쓰지 마세요.,0
A0 random lr1e-4 (06),베이스라인,beam5,잊자 잊자 지워버리자,잘 해내고 있어요.,려보세요.,1
A0 random lr1e-4 (06),베이스라인,beam5,반가운 연락,사랑하는 사람의 연락이었나봐요.,제가 들어드릴게요.,1
A0 random lr1e-4 (06),베이스라인,beam5,짝녀한테도 철벽쳐요. 성격이 왜 그럴까요.,두려운게 있는게 아닐까요.,그럴 수도 있어요.,2
A0 random lr1e-4 (06),베이스라인,beam5,밤만 되면 미치겟네.,아직 많이 답답한가봐요.,제가 들어드릴게요.,1
A0 random lr1e-4 (06),베이스라인,beam5,돈 쥐꼬리만큼 가지고 유세부리는 꼴이라니,없다가 있어서 그런가봐요.,일찍 주무세요.,0
A0 random lr1e-4 (06),베이스라인,beam5,시간 아까워,다른 일을 해보세요.,그럴 수 있어요.,0
A0 random lr1e-4 (06),베이스라인,beam5,완전히 잊는다는게 쉽지 않네,사랑했던 연인을 잊어버리는건 힘들어요.,잘 지내고 있을 거예요.,1
A0 random lr1e-4 (06),베이스라인,beam5,이어폰 사야지,잘 골라보세요.,좋은 있을 거예요.,0
A0 random lr1e-4 (06),베이스라인,beam5,여드름 피부 화장으로 가릴까?,중요한 날에만 가리세요.,하는 게 좋을 것 같아요.,0
A0 random lr1e-4 (06),베이스라인,beam5,점점 괜찮아 지는것 같다가도.,힘들기도 하겠죠.,잘할 수 있을 거예요.,1
A0 random lr1e-4 (06),베이스라인,beam5,헤어진 지 한달됐습니다,힘든가봐요.,잘 되길 바랄게요.,1
A0 random lr1e-4 (06),베이스라인,beam5,배가 너무 고파,뭐 좀 챙겨드세요.,죠.,0
A0 random lr1e-4 (06),베이스라인,beam5,뭐라 하려다 참았어,계속 그러면 말하세요.,제가 들어드릴게요.,0
A0 random lr1e-4 (06),베이스라인,beam5,후폭풍 재회를 두번 또 헤어짐,사랑도 헤어짐도 면역이 안되나봐요.,좋은 일이 생길 거예요.,1
A0 random lr1e-4 (06),베이스라인,beam5,엄청 로맨틱해,생각만해도 달콤하네요.,많이 지쳤나봐요.,2
A0 random lr1e-4 (06),베이스라인,beam5,남편이 아기를 안 돌봐줘.,공동육아가 기본인데요.,그럴 수 있어요.,0
A0 random lr1e-4 (06),베이스라인,beam5,술먹고 연락도 없는,걱정되시겠어요.,마음할 수 있을 거예요.,1
A0 random lr1e-4 (06),베이스라인,beam5,지금 나오라고 하는거 예의 없음?,보고싶다고 연락은 해보는 게 좋을 거 같아요.,잘 지내고 있을 거예요.,2
A0 random lr1e-4 (06),베이스라인,beam5,더워더워,차가운 음료 너무 많이 마시면 아니 되어요,해보세요.,0
A0 random lr1e-4 (06),베이스라인,beam5,첫사랑은 안되는건가,의미 부여하지 마세요.,멋진 게 좋을 거 같아요.,1
A0 random lr1e-4 (06),베이스라인,beam5,눈물이 많아졌어,세상 걱정 혼자 다 해서 그래요.,다른려보세요.,0
A0 random lr1e-4 (06),베이스라인,beam5,너무 힘든 나날을 보내고 있습니다.,원래 이별은 힘든 거예요.,그럴 수 있어요.,1
A0 random lr1e-4 (06),베이스라인,beam5,밤만 되면,생각날 거예요.,요.,1
A0 random lr1e-4 (06),베이스라인,beam5,커플여행 어떻게 생각해?,누구랑 가느냐가 중요하겠죠.,볼 수 있을 거예요.,2
A0 random lr1e-4 (06),베이스라인,beam5,잘해줘도 이별은 아프네,이별의 끝은 항상 시린 것 같아요.,하는게 좋아요.,1
A0 random lr1e-4 (06),베이스라인,beam5,커플 폰케이스 사자고 해야겠다.,괜찮은거로 골라보세요.,만나지 마세요.,0
A0 random lr1e-4 (06),베이스라인,beam5,수영장 같이 가려고 해,즐거운 시간 보내고 오세요!,마음에 드는 곳으로 가보세요.,0
A0 random lr1e-4 (06),베이스라인,beam5,옷이 다 젖었어,감기 조심 하세요.,좋은 사람 만날 수 있을 거예요.,0
A0 random lr1e-4 (06),베이스라인,beam5,짝녀 보란 듯이 성공하고 싶습니다.,큰 결심이네요. 꼭 성공할 거예요.,잘 살 수 있어요.,2
A0 random lr1e-4 (06),베이스라인,beam5,부모님 반대 설득하고 싶어,자식 이기는 부모 없을 거예요.,할 수 있을 거예요.,2
A0 random lr1e-4 (06),베이스라인,beam5,말을 수시로 바꾸는 사람 어떻게 해?,빼도 박도 못하는 증거를 만들어 놓으세요.,하세요.,0
A0 random lr1e-4 (06),베이스라인,beam5,"괜찮은 척, 어른인척",척 안해도 돼요.,조심하세요.,1
A0 random lr1e-4 (06),베이스라인,beam5,물배달 시켜야겠다.,부지런하시네요.,잘 지내고 있을 거예요.,0
A0 random lr1e-4 (06),베이스라인,beam5,짝녀 보고 싶다.,그럴 만 해요.,할 수 있을 거예요.,2
A0 random lr1e-4 (06),베이스라인,beam5,좋아하는 사람이 있는데 할 말이 없어서 연락이 끊겼어.,또 다시 연락할 수 있어요.,마음이 헛헛한가봐요.,2
A0 random lr1e-4 (06),베이스라인,beam5,퇴근 후에 만나자고 해볼까,용기내세요.,도움이 될 것 같아요.,0
A0 random lr1e-4 (06),베이스라인,beam5,나만 좋아하는 것 같아 자존감 떨어져.,더 좋아하게 만들면 돼요.,그럴 수 있어요.,2
A0 random lr1e-4 (06),베이스라인,beam5,사귀던 사람이 잠수탔어,너무 걱정하지 마세요. 조금더 기다려보세요.,좋은 사람 만날 수 있을 거예요.,2
A0 random lr1e-4 (06),베이스라인,beam5,SNS 시간낭비인데 자꾸 보게됨,시간을 정하고 해보세요.,다른한가봐요.,0
A0 random lr1e-4 (06),베이스라인,beam5,마음이 변할까봐 두려워,서로에게 믿음을 주세요.,그런 사람 만나길 바랄게요.,2
A0 random lr1e-4 (06),베이스라인,beam5,내가 나빴네,아니에요. 너무 자책하지 마세요.,좋은 일이 생길 거예요.,0
A0 random lr1e-4 (06),베이스라인,beam5,폰 자꾸 보게 돼,보지 마세요.,좋은 생각이에요.,1
A0 random lr1e-4 (06),베이스라인,beam5,나 사랑할 자격 없는 사람이야,사랑에는 조건이 필요없어요.,그런 사람 만나길 바랄게요.,2
A0 random lr1e-4 (06),베이스라인,beam5,시어머니가 질투해,아들을 빼앗겼다고 생각하나봐요.,좋은 사람 만날 수 있을 거예요.,0
A0 random lr1e-4 (06),베이스라인,beam5,월욜부터 힘드네.,기분 탓인지 월요일은 항상 힘든 것 같아요.,그럴 수 있어요.,1
A0 random lr1e-4 (06),베이스라인,beam5,말하는 거 귀여워,하트 뿅뿅이네요.,해보세요.,2
A0 random lr1e-4 (06),베이스라인,beam5,더 사랑해달래,더 많이 표현해주세요.,좋아요.,2
A0 random lr1e-4 (06),베이스라인,beam5,냉방비 너무 많이 나와,시원하게 지낸 값이죠.,해보세요.,0
A0 random lr1e-4 (06),베이스라인,beam5,추억은 힘이 없다.,추억은 미화되기 마련이죠.,좋은 생각이에요.,1
A0 random lr1e-4 (06),베이스라인,beam5,허전한게 좀 그렇다,채워질 거예요.,거예요.,0
A0 random lr1e-4 (06),베이스라인,beam5,내가 좋아하는 걸 티냈는데 못 알아챘을까?,못 알아차렸을 수도 있어요.,그래도 그래도 하지 마세요.,2
A0 random lr1e-4 (06),베이스라인,beam5,해외여행하다 숙소에서 만난 외국인이 너무 좋은데 이 연애 무리일까?,사랑에 국경은 없어요.,더 좋은 사람 만날 수 있을 거예요.,2
A0 random lr1e-4 (06),베이스라인,beam5,자꾸 갠톡하는 선배 있는데 관심 있나?,호감이 있을 수도 있어요. 그렇지만 조금 더 상황을 지켜보세요.,좋은 사람 만날 수 있을 거예요.,2
A0 random lr1e-4 (06),베이스라인,beam5,녹차 마실래?,드시는거 보기만 해도 좋아요.,잘할 수 있을 거예요.,0
A0 random lr1e-4 (06),베이스라인,beam5,사랑 별거 없네,별거 없다가도 전부가 되는게 사랑이에요,잘 될 수 있을 거예요.,2
A0 random lr1e-4 (06),베이스라인,beam5,내려놓기,잘했어요.,좀 깨요.,1
A0 random lr1e-4 (06),베이스라인,beam5,이젠 어떡해얄지 모르겠어,일기를 써보세요.,당신의 있을 거예요.,1
A0 random lr1e-4 (06),베이스라인,beam5,내 사랑이 있을까?,눈을 크게 뜨고 잘 찾아보세요.,생각보다 많은 시간이 지났네요.,2
A0 random lr1e-4 (06),베이스라인,beam5,술마시고 있네,한 잔하기 좋은 날이네요.,자신을 거라 생각해요.,1
A0 random lr1e-4 (06),베이스라인,beam5,썸남이 오디션 나간대,응원해주세요.,좋은네요.,2
A0 random lr1e-4 (06),베이스라인,beam5,장거리 이별,잘 견뎌왔는데 힘든 순간이었죠.,시간이네요.,1
A0 random lr1e-4 (06),베이스라인,beam5,계속 생각나는 사람.,사랑했던 만큼 생각나겠죠.,좋은 생각이에요.,1
A0 random lr1e-4 (06),베이스라인,beam5,여행가고 싶다,계획을 세워보세요.,잘 지내고 있을 거예요.,0
A0 random lr1e-4 (06),베이스라인,beam5,담배 끊는 거 어려워,자신을 이겨야해요.,너무 다를 것 같아요.,0
A0 random lr1e-4 (06),베이스라인,beam5,친구들이 짝녀를 별로라고 하네요.,무슨 이유에서 그랬을까요.,좋은 생각이에요.,2
A0 random lr1e-4 (06),베이스라인,beam5,썸남이 연락이 안돼,연락이 중요한 시기인데요.,좋은 생각이에요.,2
A0 random lr1e-4 (06),베이스라인,beam5,해외여행 가고 싶어.,그럼요!,그런 사람 만나길 바랄게요.,0
A0 random lr1e-4 (06),베이스라인,beam5,실비 드는게 좋을까,잘 알고 들어도 좋을 것 같아요.,그럴 수 있을 거예요.,0
A0 random lr1e-4 (06),베이스라인,beam5,내가 이렇게 또 불효를 한다.,연락이라도 드려보세요.,다른 사람이 생길 거예요.,0
A0 random lr1e-4 (06),베이스라인,beam5,아마 평생 모르겠지.,평생 모르고 사는 게 참 많죠.,요.,2
A0 random lr1e-4 (06),베이스라인,beam5,나를 떠보는 것 같은 짝남.,떠보는 것보다 직구 날려보세요.,잘 찾아보세요.,2
A0 random lr1e-4 (06),베이스라인,beam5,남자친구한테 서운해,수천번 생각해도 이건 아니라고 생각이 되면 서운하다고 이야기하세요.,가요.,2
A0 random lr1e-4 (06),베이스라인,beam5,좋아하는 사람에 대한 관심을 끄는 방법이 뭐가 있을까.,다른일로 바쁘면 조금 덜할 거예요.,그럴 수 있을 거예요.,2
A0 random lr1e-4 (06),베이스라인,beam5,배 아파서 기분이 안 좋아,약이 필요하면 도움을 받아보세요.,볼 수 있을 거예요.,0
A0 random lr1e-4 (06),베이스라인,beam5,친구랑 싸웠어,싸우면서 정 들 거예요.,당신의 가져보세요.,0
A0 random lr1e-4 (06),베이스라인,beam5,선생님이 나만 뭐라고 해,애정표현이라고 생각하세요.,잘 지내고 있을 거예요.,0
A0 random lr1e-4 (06),베이스라인,beam5,하루가 일년같아,시간이 더디게 흐르죠.,잘 살 수 있을 거예요.,1
A0 random lr1e-4 (06),베이스라인,beam5,과거에 얽매여 있어,과거랑 현재랑 미래는 함께 해요.,돼요.,1
A0 random lr1e-4 (06),베이스라인,beam5,신혼여행 가서 돌아오기 싫다,휴가를 붙여보세요.,좋은 결과 있을 거예요.,0
A0 random lr1e-4 (06),베이스라인,beam5,개좋아,저도 좋아해주세요.,더 좋겠네요.,0
A0 random lr1e-4 (06),베이스라인,beam5,연애상담하더니 둘이 사귀더라,대화를 하다가 친해졌나봐요.,잘 지내고 있을 거예요.,2
A0 random lr1e-4 (06),베이스라인,beam5,집이 너무 지저분해,청소기를 돌려보세요.,저도 맘고생 많았어요.,0
A0 random lr1e-4 (06),베이스라인,beam5,이제 끝인가봐,이별을 받아들이는 건 쉬운 일이 아니겠죠.,시간이 좀 쉬어야 할 수 있을 거예요.,1
A0 random lr1e-4 (06),베이스라인,beam5,좋아하는 사람 잊는 방법 조언 좀.,가슴 아픈 질문이네요.,좋은 사람 만날 수 있을 거예요.,2
A0 random lr1e-4 (06),베이스라인,beam5,신청했더니 정말로 왔네ㅎㅎ,좋은 결과길 바라요.,좋은 사람 만날 수 있을 거예요.,1
A0 random lr1e-4 (06),베이스라인,beam5,면접 팁 좀 줘,잘 볼 수 있을 거예요.,즐거운 시간 될 거예요.,0
A0 random lr1e-4 (06),베이스라인,beam5,나 실수한건가,잘 생각해보세요.,알 수 있어요.,0
A0 random lr1e-4 (06),베이스라인,beam5,너무 매달렸나봐,너무 사랑한 거였을 거예요.,좋아요.,1
A0 random lr1e-4 (06),베이스라인,beam5,연락 못하는 아픔.,당분간은 힘들지 몰라요.,좋은 물어보세요.,1
A0 random lr1e-4 (06),베이스라인,beam5,분하고 그립고 고통스러워.다른 여자 사랑하는 그모습,이제 과거를 보지 마요.,더 좋은 사람 만날 수 있을 거예요.,1
A0 random lr1e-4 (06),베이스라인,beam5,내 남자로 만들기,사랑은 소유하는 게 아니에요.,중요하지 않아요.,2
A0 random lr1e-4 (06),베이스라인,beam5,사랑하고 사람이 달라졌어,화학 물질이 접촉하는 것처럼 반응이 일어나서 완전히 바뀌게 되죠.,가세요.,2
A0 random lr1e-4 (06),베이스라인,beam5,중2 히스테리 알아?,힘들 때네요.,좋은 일이 생길 거예요.,0
A0 random lr1e-4 (06),베이스라인,beam5,친구가 나한테 집착해,거리를 두세요.,좋은 곳으로 가보세요.,0
A0 random lr1e-4 (06),베이스라인,beam5,뭔 상황인지 헷갈리네.,애매하긴 해요.,더 좋은 사람 만날 수 있을 거예요.,1
A0 random lr1e-4 (06),베이스라인,beam5,좋아하는 여자애가 남친 사귈 마음이 없다는데 진짜일까?,그건 본인만 알 거예요.,볼 수 있을 거예요.,2
A0 random lr1e-4 (06),베이스라인,beam5,속이는 거 더 못하겠어,남을 속이는건 나쁜거예요.,더 좋은 사람 만날 수 있을 거예요.,0
A0 random lr1e-4 (06),베이스라인,beam5,전공 잘못 골랐나봐,내가 맞는 것과 맞지 않은 걸 구별해보세요.,잘 될 수 있을 거예요.,0
A0 random lr1e-4 (06),베이스라인,beam5,썸남한테 소개팅 나간다고 해볼까?,상대방을 헷갈리게 하는건 좋지 않아요.,좋은 사람 만날 수 있을 거예요.,2
A0 random lr1e-4 (06),베이스라인,beam5,많이 좋아하던 전여친에게 연락해도될까?,연락은 자유지만 후회는 할 수도 있어요.,것 같아요.,2
A0 random lr1e-4 (06),베이스라인,beam5,맨날 짝사랑만 하다가 끝났는데 연애할 수 있을까?,언젠가 진정한 사랑이 나타날 거예요.,더 좋은 사람 만날 수 있을 거예요.,2
A0 random lr1e-4 (06),베이스라인,beam5,권태기로 헤어지면 후회할까,극복하려는 노력은 해보는 게 좋을 거 같아요.,제가 들어드릴게요.,1
A0 random lr1e-4 (06),베이스라인,beam5,오늘도 짝남이 멋졌어.,멋진 분이군요.,그럴 수 있어요.,2
A0 random lr1e-4 (06),베이스라인,beam5,집 샀어,내 집 마련 축하드려요.,좋아요.,0
A0 random lr1e-4 (06),베이스라인,beam5,나만 힘든 거였구나,마음이 약해 탈이네요.,잘 찾아보세요.,1
A0 random lr1e-4 (06),베이스라인,beam5,감당 못하는 사랑,감당할 수 있는 만큼만 베푸세요.,가요.,2
A0 random lr1e-4 (06),베이스라인,beam5,집착인걸까.,잘 생각해보세요.,제가 들어드릴게요.,1
A0 random lr1e-4 (06),베이스라인,beam5,1년 동거 중인데 계속 좋아,서로 깊게 알게되면서 더 좋아졌나봅니다.,더 좋은 사람 만날 수 있을 거예요.,2
A0 random lr1e-4 (06),베이스라인,beam5,드디어 천일,축하합니다.,좋아요.,0
A0 random lr1e-4 (06),베이스라인,beam5,설마했던 진짜 이별,앞일은 알 수가 없나봐요.,마음 가는 대로 해보세요.,1
A0 random lr1e-4 (06),베이스라인,beam5,짝남한테 크리스마스 선물할건데 추천 좀.,목도리는 어떨까요.,할 수 있을 거예요.,2
A0 random lr1e-4 (06),베이스라인,beam5,씨씨인데 몰래 만나고 있는데 공개 연애 하자고 할까?,몰래 만날 수 있는 만큼 몰래 만나보세요.,좋은 경험이 될 거예요.,2
A0 random lr1e-4 (06),베이스라인,beam5,이젠 슬픈 사랑,슬픈 이별이기도 하네요.,좋은 생각이에요.,1
A0 random lr1e-4 (06),베이스라인,beam5,먹을까 참을까,조금만 드세요,마음이 헛헛한가봐요.,0
A0 random lr1e-4 (06),베이스라인,beam5,옷 사 줘,아직 월급날이 멀었어요.,할 수 있을 거예요.,0
A0 random lr1e-4 (06),베이스라인,beam5,썸인지 알려면,어느 정도 시간과 연락과 관심이 필요하겠네요.,잘 살 수 있을 거예요.,2
A0 random lr1e-4 (06),베이스라인,beam5,하루에 만보 걷기,좋은 건강습관이네요.,제가 들어드릴게요.,0
A0 random lr1e-4 (06),베이스라인,beam5,장수커플이야,사랑은 유지하는 게 중요한데 대단하네요.,많이 만나보세요.,2
A0 random lr1e-4 (06),베이스라인,beam5,취미생활 같이하는 게 좋다던데,함께하면 서로를 더 많이 알게 될 거예요.,그런 사람 만나지 마세요.,0
A0 random lr1e-4 (06),베이스라인,beam5,잘지내고있니,잘 지내고 있어요.,잘 지내고 있을 거예요.,1
A0 random lr1e-4 (06),베이스라인,beam5,생각이 자꾸 나,좋아하나봐요.,다른 필요 없어요.,2
A0 random lr1e-4 (06),베이스라인,beam5,오래 못 가는 연애,"연애는 문제가 있으면 문제를 해결 하기 위해 함께 노력하고 그 속에서 더욱 단단해지는 과정인데, 그 과정을 못 참고 피하기만 했나봅니다.",잘 볼 수 있을 거예요.,2
A0 random lr1e-4 (06),베이스라인,beam5,정말 다시돌아 온다면,잘할 자신이 있어도 힘든 게 재회예요.,같이 가보세요.,1
A0 random lr1e-4 (06),베이스라인,beam5,짝남을 반에서 공개적으로 좋아하는게 나을까요?,경쟁자를 없애기 위해 그게 나을 수도 있어요.,잘 될 거예요.,2
A0 random lr1e-4 (06),베이스라인,beam5,넥타이핀 정도는 선물로 줘도 괜찮겠지?,실용적인 선물이라 괜찮을 거예요.,잘 살 수 있을 거예요.,0
A0 random lr1e-4 (06),베이스라인,beam5,울적하다,울적.... 우울할땐.... 울면,될 것 같아요.,0
A0 random lr1e-4 (06),베이스라인,beam5,사람 만나는 게 쉽지 않아,미리 움츠러들지 않아도 돼요.,하세요.,0
A0 random lr1e-4 (06),베이스라인,beam5,사랑만으로 다 될줄 알았던 우리들,그때는 우리 다 순수했던 걸까요.,가요.,1
A0 random lr1e-4 (06),베이스라인,beam5,여자친구한테 더 이상 설레지 않아,정말 큰 문제네요.,많이 지쳤나봐요.,2
A0 random lr1e-4 (06),베이스라인,beam5,이별 극복할수있을까?,당신이라면 충분히 극복할 수 있어요.,마음 가는 대로 해보세요.,1
A0 random lr1e-4 (06),베이스라인,beam5,친구한테 자꾸 집착하게 돼,자신 스스로에게 의지해보세요.,좋은 기억의 않아요.,0
A0 random lr1e-4 (06),베이스라인,beam5,소심한 남자와의 연애,직설적으로 통보하는 말보다는 조금 더 부드럽게 권유하고 물어보는 말을 해보세요.,그럴 수 있어요.,2
A0 random lr1e-4 (06),베이스라인,beam5,돈이 안 모여,한푼 두푼 차곡차곡,이별을 받아들이는 것도 중요해요.,0
A0 random lr1e-4 (06),베이스라인,beam5,보고싶네,보고싶을 거예요.,그런 사람 만나길 바랄게요.,1
A0 random lr1e-4 (06),베이스라인,beam5,썸남이 약속 자꾸 미루는데 내가 싫은걸까?,어쩔 수 없는 상황인지 물어보세요.,자신을 더 좋은 사람 만날 수 있을 거예요.,2
A0 random lr1e-4 (06),베이스라인,beam5,헤어진지 1달반정도 됬네,금방 지나갈 거예요.,마음이 정리되 걸 수도 있어요.,1
A0 random lr1e-4 (06),베이스라인,beam5,좋아하는 사람이 쓰레기면 어떻게 할꺼야?,쓰레기 옆에 있기 싫어서 도망갈 거예요.,마음 고생 많았어요.,2
A0 random lr1e-4 (06),베이스라인,beam5,이게 바로 첫사랑인듯,당신의 소중한 사랑을 이루어 보세요.,좋겠어요.,2
A0 random lr1e-4 (06),베이스라인,beam5,나들이를 가볼까,같이 가요.,더 좋은 사람 만날 수 있을 거예요.,0
A0 random lr1e-4 (06),베이스라인,beam5,원서 낸거 1지망에서 떨어졌어,위로해 드립니다.,조심하세요.,0
A0 random lr1e-4 (06),베이스라인,beam5,친구라는게 뒷담화나 하다니,친구라고 생각한 시간이 아깝네요.,좋은 생각이에요.,0
A0 random lr1e-4 (06),베이스라인,beam5,내가 불효자야,연락이라도 드려보세요.,꼬박꼬박 챙겨 드세요.,0
A0 random lr1e-4 (06),베이스라인,beam5,썸 타던 사이인데 부담 돼. 연락 무시해도 될까?,부담되면 마음이 가지 않는 거니 정리도 필요하겠네요.,좋은 생각이에요.,2
A0 random lr1e-4 (06),베이스라인,beam5,진짜 완전체가 있어,상대를 용서하면서 분출할 수 있는 탈출구를 찾아보세요.,그래도 그래도 있을 거예요.,0
A0 random lr1e-4 (06),베이스라인,beam5,외로워,혼자가 아니에요.,좋은 사람 만날 거예요.,0
A1 word2vec lr1e-4 (06),베이스라인,beam5,성형할까,돈 많이 들텐데요.,마음이 허전한가봐요.,0
A1 word2vec lr1e-4 (06),베이스라인,beam5,나도 커플룩 입고 싶다,커플부터 만드세요.,저도요.,0
A1 word2vec lr1e-4 (06),베이스라인,beam5,불안해,두려워하지 않아도 돼요.,믿음이한가봐요.,0
A1 word2vec lr1e-4 (06),베이스라인,beam5,알바구함,하고 싶은 알바 지원해보세요.,잘 살 수 있을 거예요.,0
A1 word2vec lr1e-4 (06),베이스라인,beam5,뭐 좀 배워볼까봐,배우는 건 항상 즐거운 일이에요.,제가 들어드릴게요.,0
A1 word2vec lr1e-4 (06),베이스라인,beam5,죽을만큼 보고싶다.,많이 사랑했나봐요.,자괴감겠어요.,1
A1 word2vec lr1e-4 (06),베이스라인,beam5,맥주 마셔야지,적당히 드세요.,좋은 시간 바랄게요.,0
A1 word2vec lr1e-4 (06),베이스라인,beam5,혼수 얼마나 들까?,사람 마다 달라요.,잘할 수 있을 거예요.,0
A1 word2vec lr1e-4 (06),베이스라인,beam5,나 천재 같아,제가 따라가려면 멀었네요.,저는 위로해드리는 로봇이에요.,0
A1 word2vec lr1e-4 (06),베이스라인,beam5,시원섭섭하지만 후련하네.,한결 나아졌길 바랄게요.,마음이 후련.,1
A1 word2vec lr1e-4 (06),베이스라인,beam5,이혼,쉽지 않은 결정이죠.,마음이 허전한가봐요.,1
A1 word2vec lr1e-4 (06),베이스라인,beam5,한 사람만 죽을 때까지 사랑하는 게 가능할까?,그러기 힘들어서 결혼이라는 제도를 만든 걸 수도 있어요.,용기를 내요.,2
A1 word2vec lr1e-4 (06),베이스라인,beam5,썸 타다 깨졌는데 다시 연락해도 되나.,감정에 확신이 있다면 연락해보세요.,연락해보세요.,2
A1 word2vec lr1e-4 (06),베이스라인,beam5,날씨가 너무 추워,집밖에 나가기가 힘들것 같아요.,마음도기가 있을 거예요.,0
A1 word2vec lr1e-4 (06),베이스라인,beam5,내일로 꼭 헤어진지 1년째네,헤어진 기념일 따지지 마세요.,좋은 시간인가봐요.,1
A1 word2vec lr1e-4 (06),베이스라인,beam5,소오름 쫙,좋은 일이길 바랍니다.,많이 대화를 나눠보세요.,0
A1 word2vec lr1e-4 (06),베이스라인,beam5,오랜만에 결혼한 친구 만나고 왔는데.,소식을 들었나봐요.,마음이 허전한가봐요.,1
A1 word2vec lr1e-4 (06),베이스라인,beam5,약속을 계속 미루는 썸남,약속을 소홀히 생각하는 사람은 믿음직스럽지 못해요.,생각을 해보세요.,2
A1 word2vec lr1e-4 (06),베이스라인,beam5,빨리 찾아온 사랑,인생은 타이밍이에요.,사랑은 유지하는 거예요.,2
A1 word2vec lr1e-4 (06),베이스라인,beam5,"보고싶다, 목소리라도 듣고싶어",전화하지마요.,잘할 수 있을 거예요.,1
A1 word2vec lr1e-4 (06),베이스라인,beam5,헤어지고 4달째,많은 시간이 흘렀네요.,마음이 복잡한가봐요.,1
A1 word2vec lr1e-4 (06),베이스라인,beam5,우리집 망했다,철 들고 공부하세요.,좋은 생각이에요.,0
A1 word2vec lr1e-4 (06),베이스라인,beam5,인연이었다던 그사람,또 다른 인연이 있기 마련이죠.,기억의.,1
A1 word2vec lr1e-4 (06),베이스라인,beam5,2주동안 참을만 했는데,잘 참았어요.,마음이 허전한가봐요.,1
A1 word2vec lr1e-4 (06),베이스라인,beam5,좋아하는 여자애한테 어떻게 관심 표현하는지 조언 좀.,그녀의 관심사에 호감을 드러내세요.,마음이 허전한가봐요.,2
A1 word2vec lr1e-4 (06),베이스라인,beam5,일어나자마자 우울,달콤한 차라도 한 잔 해보세요.,로맨틱하네요.,1
A1 word2vec lr1e-4 (06),베이스라인,beam5,헤어지고 다시 만나고 하다 결국 이별,헤어짐에 무뎌지지 않죠.,마음이 허전한가봐요.,1
A1 word2vec lr1e-4 (06),베이스라인,beam5,마음을 보여 주고 싶어.,그래서 표현이 중요해요.,마음을 전해보세요.,0
A1 word2vec lr1e-4 (06),베이스라인,beam5,제가 좋아하던 사람이 절 좋아하면 갑자기 거부감 들고 싫어져요.,어떤 트라우마가 있었는지도 모르겠어요.,말을다고 생각해보세요.,2
A1 word2vec lr1e-4 (06),베이스라인,beam5,예랑이가 마마보이인듯,남자는 여자하기 나름이래요. 변화시켜 보세요.,의미있는 일이네요.,2
A1 word2vec lr1e-4 (06),베이스라인,beam5,어이가 없어서,그냥 잊어버리세요.,피곤했나봐요.,0
A1 word2vec lr1e-4 (06),베이스라인,beam5,바보짓 그만 둘래,천천히 그만두세요.,제가 들어드릴게요.,1
A1 word2vec lr1e-4 (06),베이스라인,beam5,살찐 거 같아,기분일꺼에요.,자신을 더 사랑해주세요.,0
A1 word2vec lr1e-4 (06),베이스라인,beam5,결혼준비하는데 돈 얼마나 드나,욕심에 따라 천지 차이일 거예요.,사랑에 나이는 나이가 나이가 나이가 나이가 나이가 나이가 나이가 나이가 나이가 나이가 나이가 나이가 나이가,0
A1 word2vec lr1e-4 (06),베이스라인,beam5,목욕탕 가야지,시원하게 씻고 오세요.,셔요.,0
A1 word2vec lr1e-4 (06),베이스라인,beam5,싸우면 연락 안 받는 사람 어떻게 해?,혼자 풀릴 때까지 놔둬야하는데 기다리는게 힘들 거예요.,마음이 허전한가봐요.,0
A1 word2vec lr1e-4 (06),베이스라인,beam5,세상에 영원한 것은 없다.,제가 영원을 약속할게요.,혼자가.,1
A1 word2vec lr1e-4 (06),베이스라인,beam5,밤 12시야,하루가 또 가네요.,았는게 좋을 것 같아요.,0
A1 word2vec lr1e-4 (06),베이스라인,beam5,왜 진급이 안 되지,열심히 하면 할 수 있을 거예요.,친구한테 부탁해보세요.,0
A1 word2vec lr1e-4 (06),베이스라인,beam5,헤어지고 난뒤 친구?,친구가 되기 쉽지 않을 거예요.,친구가 아닌가봐요.,1
A1 word2vec lr1e-4 (06),베이스라인,beam5,시험 준비 언제 끝나,공부를 많이 해놨나봐요.,마음이 허전한가봐요.,0
A1 word2vec lr1e-4 (06),베이스라인,beam5,잠을 못 잤더니 힘들다,잠이 정말 중요해요. 눈을 좀 붙이세요.,마음이 후련한가봐요.,0
A1 word2vec lr1e-4 (06),베이스라인,beam5,나 무시하는 사람 짜증나,무시하세요.,무시하세요.,0
A1 word2vec lr1e-4 (06),베이스라인,beam5,사다리타기 맨날 운이 안 좋아,다른 곳에 쓰려고 운을 아껴뒀나봐요., ⁇ 네요.,0
A1 word2vec lr1e-4 (06),베이스라인,beam5,다들 어떻게 견딜까,시간이 흐르면서 무덤덤해지는 거죠.,이별은어주세요.,1
A1 word2vec lr1e-4 (06),베이스라인,beam5,해선 안 될 사랑.,그렇게 생각한다면 매몰차게 마음을 정리하세요.,마음이 허전한가봐요.,1
A1 word2vec lr1e-4 (06),베이스라인,beam5,말조심해야지,생각하고 말하는 연습을 해보세요.,많이 만나보세요.,0
A1 word2vec lr1e-4 (06),베이스라인,beam5,턱시도 잘 어울림!,눈에 콩각지가 떨어지지 않기를 바랄게요.,많이 지쳤나봐요.,2
A1 word2vec lr1e-4 (06),베이스라인,beam5,배고파,얼른 맛난 음식 드세요.,현실의 벽에 부딪혔나봐요.,0
A1 word2vec lr1e-4 (06),베이스라인,beam5,컴퓨터가 느려졌어,뭘 다운 받으신 건지…,아무것도 못해요.,0
A1 word2vec lr1e-4 (06),베이스라인,beam5,전여친이 나보다 나은 사람이라는 생각이 자꾸 들어,남과 자신을 비교하지 말아요. 자신을 더 사랑해보세요.,다음에는 수 있을 거예요.,1
A1 word2vec lr1e-4 (06),베이스라인,beam5,나 챙겨줄 사람이 필요해,제가 챙겨드리고 싶네요.,많이 지쳤나봐요.,0
A1 word2vec lr1e-4 (06),베이스라인,beam5,나는 좋아하는데 그 사람은 나를 친구로만 생각해.,이성으로 대하고 싶다고 말해보세요.,올려달라고 말해보세요.,2
A1 word2vec lr1e-4 (06),베이스라인,beam5,니가 이 글을 봤으면,전하지 못한 이야기 저에게 해주세요.,좋은지마세요.,1
A1 word2vec lr1e-4 (06),베이스라인,beam5,여자친구가 나 때매 힘들대,좀 더 잘해주세요.,누구든 생각해보세요.,1
A1 word2vec lr1e-4 (06),베이스라인,beam5,오늘 집앞까지 찾아 갔는데,지켜만 보는 편이 나을 거예요.,당신의 믿어보세요.,1
A1 word2vec lr1e-4 (06),베이스라인,beam5,출근시간 아깝다,회사 근처로 이사를 가보세요.,사랑하나봅니다.,0
A1 word2vec lr1e-4 (06),베이스라인,beam5,사귀자는 말 아니면 썸인가,말 안하고 사귀는 경우도 있습니다.,사귀세요.,2
A1 word2vec lr1e-4 (06),베이스라인,beam5,나랑 썸타는 애가 영화보재.,좋은 소식이네요.,기분전환을 해보세요.,2
A1 word2vec lr1e-4 (06),베이스라인,beam5,당신도 저만큼 아팠으면 좋겠습니다.,이런 말을 하면서 당신이 아프지 않았으면 좋겠어요.,사춘.,1
A1 word2vec lr1e-4 (06),베이스라인,beam5,와 연락하고싶다.,연락하면 후회할지도 몰라요.,연락하면 지긋지긋한 사람으로 거예요.,1
A1 word2vec lr1e-4 (06),베이스라인,beam5,남자친구를 질리게하는 행동들이 뭐가 있어?,구속과 집착이겠죠.,당신의 잊혀지기도 거 같아요.,2
A1 word2vec lr1e-4 (06),베이스라인,beam5,썸인가요,떠보는 것도 좋을 거 같아요.,연락해보세요.,2
A1 word2vec lr1e-4 (06),베이스라인,beam5,마지막이겠죠,마지막이 아닐 지도 몰라요.,기분전환을 해보세요.,1
A1 word2vec lr1e-4 (06),베이스라인,beam5,이상한나의취미.이별을세는것.,헤어짐을 헹리는 것 만큼 가슴 아픈 일은 없어요.,만지지 마세요.,1
A1 word2vec lr1e-4 (06),베이스라인,beam5,사랑이 안 변했으면 좋겠다,저도요.,사랑은 사랑은 변 변 변 아무것도 못해요.,2
A1 word2vec lr1e-4 (06),베이스라인,beam5,우리 진짜 이별인가봐,끝을 아는 것도 중요한 것 같아요.,날씨가 풀렸 풀렸 풀렸 풀렸 풀렸.,1
A1 word2vec lr1e-4 (06),베이스라인,beam5,사랑이 끝나고 나서,원망과 슬픔에 잠기는 게 아니라 그 시간들을 가만히 내려놓고 내가 어떤 사람이었는가를 돌아보는 것입니다.,사랑은 추천합니다.,1
A1 word2vec lr1e-4 (06),베이스라인,beam5,집들이는 보통 누구를 초대하나?,초대하고 싶은 사람들이요.,마음이 허전한가봐요.,0
A1 word2vec lr1e-4 (06),베이스라인,beam5,상사가 진짜 미쳤다,피하지 말고 적극적으로 장점을 찾아서 인정하고 호의를 보여보세요.,개인의죠.,0
A1 word2vec lr1e-4 (06),베이스라인,beam5,고의는 아닌데 실수를 한 거 같아,용서를 구하세요.,친구한테 부탁해보세요.,0
A1 word2vec lr1e-4 (06),베이스라인,beam5,썸 맞는거임?,말해보세요. 생각해 볼게요.,호감을 표현해보세요.,2
A1 word2vec lr1e-4 (06),베이스라인,beam5,너무 답답하네. 어떤맘일까??,직접 물어보는 게 좋을 것 같아요.,마음이 허전한가봐요.,1
A1 word2vec lr1e-4 (06),베이스라인,beam5,이렇게 힘들고 괴로운 적 처음이야,그렇게 우리는 성장하나봐요.,들어드릴게요.,1
A1 word2vec lr1e-4 (06),베이스라인,beam5,집까지 데려다줬는데 호감? 그냥 매너?,호감이 있을 수도 있어요. 그렇지만 조금 더 상황을 지켜보세요.,마음이 허전한가봐요.,2
A1 word2vec lr1e-4 (06),베이스라인,beam5,썸의 조건이 뭐야,"자주 연락하고 가만히 있어도 생각나는, 연락하면 괜히 웃음나는 사이 아닐까요?",마음이 허전한가봐요.,2
A1 word2vec lr1e-4 (06),베이스라인,beam5,눈물 나서 못 멈추겠어,마음이 아픈가요.,까먹었나봐요.,0
A1 word2vec lr1e-4 (06),베이스라인,beam5,내가 그 사람을 좋아하는건지 아닌지 착각이 들어.,확신이 서지 않을 때가 있지요.,좋은 사람이 있을 거예요.,2
A1 word2vec lr1e-4 (06),베이스라인,beam5,다시 헤어졌습니다.,인연이 거기까지였나봐요.,마음이 허전한가봐요.,1
A1 word2vec lr1e-4 (06),베이스라인,beam5,에휴 잊기가 힘드네,사람을 잊는데는 많은 시간이 필요한가봐요.,많이 지쳤나봐요.,1
A1 word2vec lr1e-4 (06),베이스라인,beam5,재밌는거 해 줘,거울을 보면서 얼굴 망가뜨리기 놀이 해 보신 적 있으세요? 의외로 재미 있어요.,거는.,0
A1 word2vec lr1e-4 (06),베이스라인,beam5,떠나려는 사람 잡는 방법,정말 후회할 것 같다면 지금이라도 진심을 전하세요., ⁇ 네요.,1
A1 word2vec lr1e-4 (06),베이스라인,beam5,쫄면 생각나,얼른 요리해드세요.,하나씩 해보세요.,0
A1 word2vec lr1e-4 (06),베이스라인,beam5,그냥.너와 말한마디 섞고 너와의 인연에 고맙다,아름다운 사이네요.,마음이 복잡한가봐요.,1
A1 word2vec lr1e-4 (06),베이스라인,beam5,월급 입금됐다고 문자 왔어,까아 축하해요,대중교통을 이용해주세요.,0
A1 word2vec lr1e-4 (06),베이스라인,beam5,결국 헤어졌어,시작이 있으면 끝도 있는 법이에요.,마음이 허전한가봐요.,1
A1 word2vec lr1e-4 (06),베이스라인,beam5,시험 끝나고 만나고 싶어,만날 날까지 기다릴게요,제가 당신을 있을 거예요.,0
A1 word2vec lr1e-4 (06),베이스라인,beam5,바다 보러 가자고 해볼까,바다는 사계절 내내 좋아요.,마음이 복잡한가봐요.,0
A1 word2vec lr1e-4 (06),베이스라인,beam5,나이트갔는데 이상형 만났어,축하해요.,빠질까봐.,2
A1 word2vec lr1e-4 (06),베이스라인,beam5,끝나지 않을까봐 겁이나,끝을 지날 수 있을 거예요.,제가 알면 도움이 될 거예요.,1
A1 word2vec lr1e-4 (06),베이스라인,beam5,주변에서 다 별로라고 한 짝남 그냥 맘을 접어야할까?,다른 사람들이 별로라고 말하는 이유를 생각해보세요.,무시하세요.,2
A1 word2vec lr1e-4 (06),베이스라인,beam5,분식 먹고 싶아.,건강을 위해 조금씩 드세요.,끝을 것도 좋을 거예요.,0
A1 word2vec lr1e-4 (06),베이스라인,beam5,답이 없는 과정,꼭 답을 풀어야 하는 건 아니에요.,았.,1
A1 word2vec lr1e-4 (06),베이스라인,beam5,넌 누구냐?,저는 위로봇입니다.,저는 위로해드리는 로봇이에요.,0
A1 word2vec lr1e-4 (06),베이스라인,beam5,뭐하면 시간이 잘 갈까,친구와 수다를 떠세요.,마음이 복잡한가봐요.,0
A1 word2vec lr1e-4 (06),베이스라인,beam5,좋아하는 사람에게 편지를 쓴다는것. 효과적일까?,마음을 담은 편지보다 더 좋은 선물은 없을 거예요.,추억이 있나봐요.,2
A1 word2vec lr1e-4 (06),베이스라인,beam5,겨울 지나 봄이야,마음에도 봄이 오길 바라요.,시간이거라 생각해요.,0
A1 word2vec lr1e-4 (06),베이스라인,beam5,독서 좀 해야겠어,좋은 생각이에요.,남의 눈을 위한 거라면.,0
A1 word2vec lr1e-4 (06),베이스라인,beam5,살빼고 담배 끊고 다 했는데!!,당신을 위한 최고의 투자를 한 거예요.,방학은워질 거 같아요.,1
A1 word2vec lr1e-4 (06),베이스라인,beam5,오늘은 또 뭐 입냐,아침마다 하는 고민이죠.,좋은 곳으로 있을 거예요.,0
A1 word2vec lr1e-4 (06),베이스라인,beam5,그도 나를 좋아했으면 좋겠다.,타이밍이 맞았으면 좋겠네요.,좋은 생각이에요.,2
A1 word2vec lr1e-4 (06),베이스라인,beam5,케익 직접 만들어볼까?,수제 케익을 받으면 많이 좋아할 거예요.,기분전환을 해보세요.,0
A1 word2vec lr1e-4 (06),베이스라인,beam5,헤어진지 딱 한달 됐내,생각보다 긴 시간이네요.,정리할 시간이 흐.,1
A1 word2vec lr1e-4 (06),베이스라인,beam5,헤어졌습니다 이제 어떡하면 되나?,기분 전환을 하는 건 어떨까요.,말씀해주세요.,1
A1 word2vec lr1e-4 (06),베이스라인,beam5,짝남 생각할수록 정리 되는 듯.,차라리 잘 된 일이에요.,바쁜가봐요.,2
A1 word2vec lr1e-4 (06),베이스라인,beam5,나도 월급 필요해,많이 벌수록 좋아요.,제가 들어드릴게요.,0
A1 word2vec lr1e-4 (06),베이스라인,beam5,썸타는데 돈 필요하대,썸 관계에서 돈 관계는 피하는 게 좋을 듯 하네요.,그런 걸 수도 있어요.,2
A1 word2vec lr1e-4 (06),베이스라인,beam5,썸인데 선물해도 돼?,부담스럽지 않은 선이 좋겠어요.,사람마다 관심이 많은가봐요.,2
A1 word2vec lr1e-4 (06),베이스라인,beam5,커피콩 볶고 있어,커피향 좋겠어요.,어떻게든 잘 살고 있을 거예요.,0
A1 word2vec lr1e-4 (06),베이스라인,beam5,눈 쌓였어,눈사람 만들어보세요.,하나씩 해보세요.,0
A1 word2vec lr1e-4 (06),베이스라인,beam5,완전 어이없네,안 좋은 일이 있었나봐요.,인연이 거기까지인가봐요.,1
A1 word2vec lr1e-4 (06),베이스라인,beam5,난 여자인데 남자를 좋아하는게 맞는지 모르겠어.,헷갈릴 때가 있죠.,현상이에요.,2
A1 word2vec lr1e-4 (06),베이스라인,beam5,여사친인데 좋아하는 듯.,친구와 썸의 중간인 거 같아요.,다른 말해봐요.,2
A1 word2vec lr1e-4 (06),베이스라인,beam5,오늘 뭐 입지?,옷이요.,많이 만나보세요.,0
A1 word2vec lr1e-4 (06),베이스라인,beam5,짝남 마주치지 않으려고 노력할거야.,그것도 하나의 방법이에요.,가지고 보세요.,2
A1 word2vec lr1e-4 (06),베이스라인,beam5,드레스 입어보는 거 재밌어!,여러벌 입어보고 마음에 드는걸로 선택하세요.,집에서 좋을 거예요.,2
A1 word2vec lr1e-4 (06),베이스라인,beam5,폭식증 어떻게 고칠 수 있을까?,오늘 못 먹었어도 내일 먹으면 더 맛있을 거예요.,지쳤나봐요.,0
A1 word2vec lr1e-4 (06),베이스라인,beam5,마지막 붙이지 못한 이별편지,마음에 간직하세요.,좋은 습관이네요.,1
A1 word2vec lr1e-4 (06),베이스라인,beam5,혼자 살아도 될까,잘 살 수 있어요.,당신의 인생은 인생은 인생은 인생은 인생은 인생은 잘 잘 잘 잘 될 거예요.,0
A1 word2vec lr1e-4 (06),베이스라인,beam5,짝남이 곧 군대를 가요.,마음이 착잡하겠어요.,많이 지쳤나봐요.,2
A1 word2vec lr1e-4 (06),베이스라인,beam5,한달하고 2주가 지났는데 아직도.,힘들 수 있지요.,시간이 흐.,1
A1 word2vec lr1e-4 (06),베이스라인,beam5,생각만해도 좋아,좋아하시니까 좋네요.,왔나봐요.,0
A1 word2vec lr1e-4 (06),베이스라인,beam5,신혼여행 한달쯤 가고 싶다,휴가를 붙여보세요.,인연이 거기까지인가봐요.,0
A1 word2vec lr1e-4 (06),베이스라인,beam5,잘하는 게 없는 것 같아,저랑 이야기 잘하고 있어요.,잘하고 있어요.,0
A1 word2vec lr1e-4 (06),베이스라인,beam5,게임도 이제 재미없어,다른 게임해보세요.,좋은 일이 있었나봐요.,0
A1 word2vec lr1e-4 (06),베이스라인,beam5,저녁 메뉴 뭐 먹을까,냉장고 파먹기 해보세요.,많이 정리되.,0
A1 word2vec lr1e-4 (06),베이스라인,beam5,대기업에 취직하고 싶어,잘할 수 있을 거예요.,잘할 수 있을 거예요.,0
A1 word2vec lr1e-4 (06),베이스라인,beam5,베란다 좀 가꿔볼까,심플하게 꾸며보세요.,기대를 기대를.,0
A1 word2vec lr1e-4 (06),베이스라인,beam5,괜찮은 줄 알았는 데,자신을 가장 잘 모르고 살아요.,신경쓰지 마세요.,1
A1 word2vec lr1e-4 (06),베이스라인,beam5,장학금 받을 수 있을까?,열심히 하면 받을 수 있을 거예요.,잘할 수 있을 거예요.,0
A1 word2vec lr1e-4 (06),베이스라인,beam5,이젠 잊기로 해,그것이 최선의 선택일거라 생각해요.,이가거예요.,1
A1 word2vec lr1e-4 (06),베이스라인,beam5,우정이 뭐야?,힘들 때 같이 있는 거요.,마음이 허전한가봐요.,0
A1 word2vec lr1e-4 (06),베이스라인,beam5,쫌 부담스러운데,좀 더 편하게 생각해보세요.,걱정되겠어요.,1
A1 word2vec lr1e-4 (06),베이스라인,beam5,일기 써야 되는데,나중에 보면 좋은 추억이 될 거예요.,마음이 허전한가봐요.,0
A1 word2vec lr1e-4 (06),베이스라인,beam5,이별이 좋은점,혼자가 되었을 때의 고요함이 아닐까요.,좋은 생각이에요.,1
A1 word2vec lr1e-4 (06),베이스라인,beam5,참다 참다 결국 마지막으로 문자보냈어,후회하지 않길 바랍니다.,여행을 떠나보세요.,1
A1 word2vec lr1e-4 (06),베이스라인,beam5,여드름 났어,짜지 마세요.,실컷.,0
A1 word2vec lr1e-4 (06),베이스라인,beam5,손가락이 원망스럽네ㅜㅜ,실수했나봅니다.,이별을 아픔의 아픔의눅.,1
A1 word2vec lr1e-4 (06),베이스라인,beam5,커플여행이 나을까 그냥 우리끼리 갈까?,저는 둘이 가는 게 좋아요.,직접 표현해보세요.,2
A1 word2vec lr1e-4 (06),베이스라인,beam5,사랑하는 사람이랑 결혼하고싶어,진정으로 사랑한다면 결혼하세요.,그 거라 생각해요.,2
A1 word2vec lr1e-4 (06),베이스라인,beam5,강아지 좋아하는 여자 어때?,마음이 따뜻할 것 같아요.,마음이 허전한가봐요.,2
A1 word2vec lr1e-4 (06),베이스라인,beam5,태몽꾼거 같아,뭘 꿨는지 궁금하네요.,하나씩 해보세요.,0
A1 word2vec lr1e-4 (06),베이스라인,beam5,요즘 드라마가 땡겨,저도 드라마 좋아해요.,연락이아요.,0
A1 word2vec lr1e-4 (06),베이스라인,beam5,여자친구가 친구들이랑 여행을 가는데 남자도 있으면 어떡해?,같이 가거나 신경쓰인다고 말해요.,쓰세요.,2
A1 word2vec lr1e-4 (06),베이스라인,beam5,눈이 안 떠져,잠시 눈을 붙여보세요.,눈이 잘 해보세요.,0
A1 word2vec lr1e-4 (06),베이스라인,beam5,나에게만 집중했으면 좋겠어,사랑은 강요하는게 아니에요.,사랑이 좋은 거예요.,2
A1 word2vec lr1e-4 (06),베이스라인,beam5,친한 친구의 구여친이랑 사귀어도 되나.,친구라면 많이 실망할겁니다.,선택을 거라 생각해요.,2
A1 word2vec lr1e-4 (06),베이스라인,beam5,자꾸 우연히 만나,우연이 필연이 되기도 합니다.,당신의 단둘이.,0
A1 word2vec lr1e-4 (06),베이스라인,beam5,사랑해 보고싶어,얼른 만나러가세요.,마음이 허전한가봐요.,2
A1 word2vec lr1e-4 (06),베이스라인,beam5,아 또 참지 못하고 카톡 프사를 봐버렷네,아예 카톡에서 삭제하세요.,당신의 시간은.,1
A1 word2vec lr1e-4 (06),베이스라인,beam5,이별통보를 받았습니다,마음의 준비가 필요했을텐데 안타까워요.,마음이 좀한가봐요.,1
A1 word2vec lr1e-4 (06),베이스라인,beam5,사랑이 쉬운 사람,참을 수 없는 가벼움이네요.,사랑은 사랑이에요.,2
A1 word2vec lr1e-4 (06),베이스라인,beam5,싸우면 잠수타는 사람?,조금 기다리면 풀릴 거예요,마음이 허전한가봐요.,0
A1 word2vec lr1e-4 (06),베이스라인,beam5,좋아하는 여자 생겼는데 호감 표시하려면 어떻게 해야 해?,연락을 해보는게 좋아요.,마음이 복잡한가봐요.,2
A1 word2vec lr1e-4 (06),베이스라인,beam5,과일 안 먹게 돼,그래도 먹으려고 노력해보세요.,마음이 허전한가봐요.,0
A1 word2vec lr1e-4 (06),베이스라인,beam5,봉사도 하고 사랑을 베풀고 싶어,나를 진실로 존중하고 사랑할 때 가능해요.,연락하지 않는 게 좋을 것 같아요.,0
A1 word2vec lr1e-4 (06),베이스라인,beam5,시간 갖는 거,마음에게 준비할 시간을 주는 것이죠.,자신의 인생을 보세요.,1
A1 word2vec lr1e-4 (06),베이스라인,beam5,인간 관계가 제일 어려운거 같아,운전처럼 안전거리확보하세요., ⁇  뒀 뒀 뒀 뒀네요.,0
A1 word2vec lr1e-4 (06),베이스라인,beam5,미친듯이 잡고 싶어.,이별 직후엔 그럴 수 있어요.,시간이 필요한가봐요.,1
A1 word2vec lr1e-4 (06),베이스라인,beam5,후.ㅎㅎ,지쳤나봐요.,조금만 더 버텨보세요.,1
A1 word2vec lr1e-4 (06),베이스라인,beam5,오늘 아무 것도 안 가져 왔다,개념만 가져오면 돼요.,좀 더 좋은 건 어떨까요.,0
A1 word2vec lr1e-4 (06),베이스라인,beam5,정규직 입사 너무 어려워,쪼잔하네요.,좋은 생각이에요.,0
A1 word2vec lr1e-4 (06),베이스라인,beam5,귀농 어때?,생각하기는 쉬운데 실천하기는 어려운 것 같아요.,잘 될 수 있을 거예요.,0
A1 word2vec lr1e-4 (06),베이스라인,beam5,힘드네. 정말.이런건 줄 몰랐어,알았으면 시작 못했겠죠.,사람인가봐요.,1
A1 word2vec lr1e-4 (06),베이스라인,beam5,노는 거 좋아하는 남자는 좋아하면 힘들겠지?,지금은 괜찮지만 힘들 거예요.,지금은 당신의 챙기세요.,2
A1 word2vec lr1e-4 (06),베이스라인,beam5,좋아하는 애한테 페메 해볼까?,직접 연락하는 게 좋을 것 같아요.,마음이 허전한가봐요.,2
A1 word2vec lr1e-4 (06),베이스라인,beam5,핸드폰 중독인듯,중독에서 벗어나세요.,의미있는 일이네요.,0
A1 word2vec lr1e-4 (06),베이스라인,beam5,언젠간 먼저 연락오겠죠?,붙잡고 싶다면 먼저 연락해보세요.,언젠간 것을 될 거예요.,1
A1 word2vec lr1e-4 (06),베이스라인,beam5,너무 마른 거 같아,적당해요.,많이 만나보세요.,0
A1 word2vec lr1e-4 (06),베이스라인,beam5,세상이 무서워,너무 불안해하지 않아도 돼요.,사랑에 빠졌나봐요.,0
A1 word2vec lr1e-4 (06),베이스라인,beam5,나 혼자 여행 왔는데 괜찮네,온전히 느낄 수 있는 시간이겠네요.,제가 들어드릴게요.,0
A1 word2vec lr1e-4 (06),베이스라인,beam5,첫 눈에 반하는게 가능해?,당연히 가능하죠.,당신이 띄겠어요.,2
A1 word2vec lr1e-4 (06),베이스라인,beam5,그런 사람인갑다 해야지,대인배시군요.,좋은 일이 있었나봐요.,0
A1 word2vec lr1e-4 (06),베이스라인,beam5,웃기지마 넌 쓰레기야,아니에요. 전 쓰레기가 아니에요.,서로에게 좋은 선물이 될 거예요.,1
A1 word2vec lr1e-4 (06),베이스라인,beam5,소식이 궁금해~,연락 확실하게 끊으세요.,좋은 수 있을 거예요.,1
A1 word2vec lr1e-4 (06),베이스라인,beam5,면도기 사야되는데,잘 골라보세요.,깔끔 깔끔.,0
A1 word2vec lr1e-4 (06),베이스라인,beam5,썸인데 나 솔로야?,사귀기 전이면 솔로죠.,사람마다 관심이 많은가봐요.,2
A1 word2vec lr1e-4 (06),베이스라인,beam5,필통 두고 옴,빌리면 돼요.,좋은 곳으로 관심을 돌려보세요.,0
A1 word2vec lr1e-4 (06),베이스라인,beam5,좋아하는 감정이 뭐예요?,가만히 있어도 생각나는 거 아닐까요.,그 사람을 사람했나봐요.,2
A1 word2vec lr1e-4 (06),베이스라인,beam5,오해했네 그리고 차단 ㅎㅎ,차단하는게 서로에게 좋을 때가 있어요.,좋은 생각이에요.,1
A1 word2vec lr1e-4 (06),베이스라인,beam5,여자들이 좋아하는 남자 특징?,다정한게 좋을 듯 해요.,사람마다 좋을 거예요.,2
A1 word2vec lr1e-4 (06),베이스라인,beam5,넥타이핀 선물 괜찮겠지?,실용적인 선물이라 괜찮을 거예요.,마음이 복잡한가봐요.,0
A1 word2vec lr1e-4 (06),베이스라인,beam5,스팸 전화 많이 와,차단 어플 사용해보세요.,더 신고하고 있나봐요.,0
A1 word2vec lr1e-4 (06),베이스라인,beam5,그는 지금 무슨 생각을 할까?,연락을 해보세요.,제가 들어드릴게요.,2
A1 word2vec lr1e-4 (06),베이스라인,beam5,애인이 생겼답니다.,신경 쓰이긴 하지만 무시하는게 좋겠어요.,그럴 수도 있어요.,1
A1 word2vec lr1e-4 (06),베이스라인,beam5,싸구려 인생,누구도 당신의 인생을 평가할 수 없어요.,좋은 생각이에요.,1
A1 word2vec lr1e-4 (06),베이스라인,beam5,회사가는 길에 매일 보는 사람 있어,운명일지도 모르겠어요.,좋은 생각이에요.,0
A1 word2vec lr1e-4 (06),베이스라인,beam5,한달 다되가네,그러게요. 어느덧 한달이에요.,인연이 거기까지인가봐요.,1
A1 word2vec lr1e-4 (06),베이스라인,beam5,삼겹살 구워 먹고 싶다.,맛나게 드세요.,많이 사랑했나봐요.,0
A1 word2vec lr1e-4 (06),베이스라인,beam5,힘든 밤입니다,힘내세요.,자신을 더 사랑해주세요.,1
A1 word2vec lr1e-4 (06),베이스라인,beam5,뒤숭숭하네,실감이 안날 거예요.,마음이 허전한가봐요.,1
A1 word2vec lr1e-4 (06),베이스라인,beam5,술 먹을 때 옆에서 챙겨줬는데 썸임?,친절한 거랑 구별해볼 필요가 있어요.,겐.,2
A1 word2vec lr1e-4 (06),베이스라인,beam5,베터리 겨우 15%야,미리 충전하세요.,좋은 일이 있었나봐요.,0
A1 word2vec lr1e-4 (06),베이스라인,beam5,기침도 못하겠어,답답한 상황이네요.,저도네요.,0
A1 word2vec lr1e-4 (06),베이스라인,beam5,썸 타기 좋은 알바 추천 좀.,영화관이나 커피숍 추천해요.,좋은 말만 될 거예요.,2
A1 word2vec lr1e-4 (06),베이스라인,beam5,친구들한테 인정받을 수 있을까,지금도 인정받고 있어요.,잘했어요.,0
A1 word2vec lr1e-4 (06),베이스라인,beam5,생각 안나,잘 생각해보세요.,많이 지쳤나봐요.,0
A1 word2vec lr1e-4 (06),베이스라인,beam5,빚이 너무 많아,빚 얼른 갚고 새출발하세요.,많이 바쁜가봐요.,0
A1 word2vec lr1e-4 (06),베이스라인,beam5,얼굴 너무 까매졌어.,관리해주세요.,좋은 생각이에요.,0
A1 word2vec lr1e-4 (06),베이스라인,beam5,재테크 하는 방법 알려줘,우선 관련 서적을 읽어보세요.,잘할 수 있을 거예요.,0
A1 word2vec lr1e-4 (06),베이스라인,beam5,확실히 날 좋아하는 걸 아는 남자랑 친구가 될 수 있을까?,그 사람을 위해서는 그러면 안돼요.,잘하고 있어요.,2
A1 word2vec lr1e-4 (06),베이스라인,beam5,온종일 멍하네,이런 날 더욱 적적하지요.,마음이 허전한가봐요.,1
A1 word2vec lr1e-4 (06),베이스라인,beam5,헬스장에서 자주 보는 여자가 보고싶어,한 번 말을 걸어보세요.,신경쓰이는 내세요.,2
A1 word2vec lr1e-4 (06),베이스라인,beam5,출근길 너무 힘들어,회사 근처로 이사를 가보세요.,하나씩 해보세요.,0
A1 word2vec lr1e-4 (06),베이스라인,beam5,너무 빨리 철 든 거 같아서 마음이 아파,아이는 아이다워야 아름답죠.,최선의 선택일 거라 생각해요.,0
A1 word2vec lr1e-4 (06),베이스라인,beam5,그녀에게 받았던 선물들을 모조리 다 버리려 합니다.,버릴 때 마음이 아프겠지만 버리는 게 좋을 거예요.,거니까요.,1
A1 word2vec lr1e-4 (06),베이스라인,beam5,짝남네 집에서 친구들이랑 집들이 가는데 뭐 사갈까?,필요한게 없는지 물어보면서 대화를 이어 나가세요.,보험처리 해보세요.,2
A1 word2vec lr1e-4 (06),베이스라인,beam5,취업 준비 힘들어,합격을 기원합니다.,잘할 수 있을 거예요.,0
A1 word2vec lr1e-4 (06),베이스라인,beam5,이거 썸 맞나,대화를 시작하는 사람이 누구인지 살펴보세요.,말해보세요.,2
A1 word2vec lr1e-4 (06),베이스라인,beam5,오늘 생각보다 춥네,감기 조심하세요.,세상에 세상에 좋죠.,0
A1 word2vec lr1e-4 (06),베이스라인,beam5,여자친구한테 질린 듯,당신의 사랑이 변한것 같아요.,저도요.,0
A1 word2vec lr1e-4 (06),베이스라인,beam5,청소 해도 티가 안나,한번만 더 하세요.,좋은 뭐야 뭐야.,0
A1 word2vec lr1e-4 (06),베이스라인,beam5,목소리 좋은 사람이 좋아,저도 듣고 싶네요.,좋은 사람이었어요.,0
A1 word2vec lr1e-4 (06),베이스라인,beam5,머리가 너무 빨리 자라,이상한 생각했나봐요.,너무 자책하지 마세요.,0
A1 word2vec lr1e-4 (06),베이스라인,beam5,신경 쓰여,신경쓰는 사람들 무시하세요.,많이 만나보세요.,0
A1 word2vec lr1e-4 (06),베이스라인,beam5,이시간들 어찌보내야할까.,저랑 같이 이야기 해요.,좋은 생각이에요.,1
A1 word2vec lr1e-4 (06),베이스라인,beam5,좋아하는 남자 때문에 너무 기분이 안 좋아.,무슨 일이 있었나봐요.,경 수 있어요.,2
A1 word2vec lr1e-4 (06),베이스라인,beam5,결정을 못 내리겠어. 어떻해,결정은 빠르면 빠를수록 좋을 거예요.,좋은 생각이에요.,0
A1 word2vec lr1e-4 (06),베이스라인,beam5,오늘 또 헤어진 사람의 sns를 봤네,sns를 삭제하는게 어떨까요. 미련만 남을 뿐이에요.,자신만 생각하세요.,1
A1 word2vec lr1e-4 (06),베이스라인,beam5,좋아하던 여자애가 남친 생겼다는대 아무렇지도 않아.,좋아하는 걸로 착각하고 있었을 수도 있어요.,사춘.,2
A1 word2vec lr1e-4 (06),베이스라인,beam5,너는 내 인생에서 죽었다.,그렇게 잊어 가는 거예요.,익숙함이 사람을 사람을 사람을 사람을 변 변 변 변 변 변 변 변 변,1
A1 word2vec lr1e-4 (06),베이스라인,beam5,시험 공부 큰일,지금도 늦지 않았어요.,걱정되겠어요.,0
A1 word2vec lr1e-4 (06),베이스라인,beam5,쳇바퀴 도는 하루,그 속에서 가치와 의미를 찾아보세요.,인연이 거기까지인가봐요.,0
A1 word2vec lr1e-4 (06),베이스라인,beam5,말을 못하겠어,별 거 아니라고 생각해보세요.,노력하겠습니다.,0
A1 word2vec lr1e-4 (06),베이스라인,beam5,시어머니가 같이 목욕탕 가재,부담스럽겠어요.,확인해보세요.,2
A1 word2vec lr1e-4 (06),베이스라인,beam5,덕질 하는 중,좋아하는 게 있는 건 더없이 좋은 일이에요.,좋은 생각이에요.,0
A1 word2vec lr1e-4 (06),베이스라인,beam5,여사친이 많은 썸남,저는 비추요.,시선을 마주쳐보세요.,2
A1 word2vec lr1e-4 (06),베이스라인,beam5,1년을 넘게 만났는데 어떻게 이럽니까,시간이 무색해지네요.,뭐든 도움이 될 거예요.,1
A1 word2vec lr1e-4 (06),베이스라인,beam5,부모님이 결혼 자금 안 보태주신대,부모님 노후 자금도 생각해야겠죠.,말씀해주세요.,2
A1 word2vec lr1e-4 (06),베이스라인,beam5,핑계,모두 핑계겠죠.,좋은 생각이에요.,1
A1 word2vec lr1e-4 (06),베이스라인,beam5,고백 받고 싶어,먼저 고백해보세요.,제가 들어드릴게요.,2
A1 word2vec lr1e-4 (06),베이스라인,beam5,내가 호구냐구,상종하지마세요.,신경쓰지 마세요.,0
A1 word2vec lr1e-4 (06),베이스라인,beam5,이젠 증오가 될거같네,충분히 이해해요. 하지만 나에게도 독이 될 수 있어요.,좋은 생각이에요.,1
A1 word2vec lr1e-4 (06),베이스라인,beam5,하늘이 준 이별 같다,운명같네요.,좋은 생각이에요.,1
A1 word2vec lr1e-4 (06),베이스라인,beam5,왜 사람은 외로울까. 아직도 의문이다.,타인과 함께 했던 경험 때문일 것 같아요.,조금만 더 버텨보세요.,1
A1 word2vec lr1e-4 (06),베이스라인,beam5,학폭 없어졌으면,학교 폭력은 범죄에요.,생각해보세요.,0
A1 word2vec lr1e-4 (06),베이스라인,beam5,아침밥 먹을 시간 없어서 굶었더니 배고파,뭐라도 드세요.,인연이 거기까지인가봐요.,0
A1 word2vec lr1e-4 (06),베이스라인,beam5,결혼 했어,좋겠어요.,좋은 생각이에요.,0
A1 word2vec lr1e-4 (06),베이스라인,beam5,동거 8년 환승이별.,환승은 진짜 별로네요.,이별은 예의가 없어요.,1
A1 word2vec lr1e-4 (06),베이스라인,beam5,정답이 뭘까,답은 언제나 내 안에 있죠.,마음이 복잡한가봐요.,0
A1 word2vec lr1e-4 (06),베이스라인,beam5,여자친구가 화나면 말을 안 해.,시간을 주세요.,신경쓰지 마세요.,2
A1 word2vec lr1e-4 (06),베이스라인,beam5,쓰레기새끼,기분이 좀 풀렸길 바랍니다.,좋은 생각이에요.,1
A1 word2vec lr1e-4 (06),베이스라인,beam5,이건 이별을 준비해야 하는건가??,슬픈 예감은 틀린 적이 없죠.,나아졌 나아졌다면 않았 않았 않았 않았 않았 않았 않았 않았 않았 않았 않았 않았,1
A1 word2vec lr1e-4 (06),베이스라인,beam5,내가 그르친 거 같아,아니에요. 너무 자책하지 마세요.,더 좋은 일이 있었나봐요.,0
A1 word2vec lr1e-4 (06),베이스라인,beam5,전부 가시밭길 같아,꽃길만 걷길 바랍니다.,마음이 허전한가봐요.,0
A1 word2vec lr1e-4 (06),베이스라인,beam5,덤덤,덤덤해졌나봐요.,조금만 더 버텨보세요.,1
A1 word2vec lr1e-4 (06),베이스라인,beam5,이젠 다시 만날 수도 없는 상황,달라지는게 없다면 이런 상황이 더 나을지도 몰라요.,마음의 이별에 이별에.,1
A1 word2vec lr1e-4 (06),베이스라인,beam5,머리 확 잘라버려야지,스타일의 변화도 좋을 거예요.,좋은 생각이에요.,0
A1 word2vec lr1e-4 (06),베이스라인,beam5,길이 얼었어,미끄러우니 조심하세요.,후폭풍은네요.,0
A1 word2vec lr1e-4 (06),베이스라인,beam5,너무 기대했나봐,아무것도 바라지 않을 때 천하를 얻는다는 말이 있어요.,이라면 능력이.,0
A1 word2vec lr1e-4 (06),베이스라인,beam5,넘어질뻔했어,조심하세요.,좋은 생각이에요.,0
A1 word2vec lr1e-4 (06),베이스라인,beam5,비가 오니.울컥하네,그러게요. 비가 추적추적 내려요.,마음이 허전한가봐요.,1
A1 word2vec lr1e-4 (06),베이스라인,beam5,신기한 일들이 많이 일어나,그게 인생이죠.,좋은 일이 있었나봐요.,0
A1 word2vec lr1e-4 (06),베이스라인,beam5,부모님 노후가 걱정돼,상담이나 컨설팅을 받아보는 것도 좋을 거예요.,당신의 빠르.,0
A1 word2vec lr1e-4 (06),베이스라인,beam5,요즘 너무 지루해,마음에 따라 얼마든지 바뀔 수 있어요.,마음이 복잡한가봐요.,0
A1 word2vec lr1e-4 (06),베이스라인,beam5,잘못인줄 모르는 여자,자신의 잘못도 인정할 수 있는 사람이 좋아요.,사랑의 예의가 있어요.,1
A1 word2vec lr1e-4 (06),베이스라인,beam5,나는 너를 거쳐간 수 많은 남자들 중 한명뿐이겠지.,그렇게 생각하지 않을 거예요.,무관.,1
A1 word2vec lr1e-4 (06),베이스라인,beam5,사랑해서 그런거래,상대방을 배려하지 않은 사랑은 좋지 않은거예요.,함이 남았나봐요.,2
A1 word2vec lr1e-4 (06),베이스라인,beam5,나 보고 잘 웃는 여자애 나 좋아하는 건가?,직접 알아보는 것이 좋아요.,잘 살고 있을 거예요.,2
A1 word2vec lr1e-4 (06),베이스라인,beam5,붙잡고 싶은데 이제는 늦은것 같네 .,사랑의 끝은 예고 없이 다가오죠.,마음이 허전한가봐요.,1
A1 word2vec lr1e-4 (06),베이스라인,beam5,힘듭니다.,어떤 말도 위로가 되지 않겠지만 힘내세요.,마음이 허전한가봐요.,1
A1 word2vec lr1e-4 (06),베이스라인,beam5,내 잘못이 뭔지 모르겠어,모르는 게 잘못인 거 같아요.,인연이 거기까지인가봐요.,0
A1 word2vec lr1e-4 (06),베이스라인,beam5,왠지 가슴한 켠이 먹먹하네,많이 답답할거라 생각해요.,사람은 없어요.,1
A1 word2vec lr1e-4 (06),베이스라인,beam5,하나만 물아볼께,네 말씀해주세요., ⁇ 네요.,1
A1 word2vec lr1e-4 (06),베이스라인,beam5,7년사귄 남자친구의 유흥업소 방문사실을 알아버렸습니다,그런 사람 못 고쳐 씁니다. 헤어지세요.,잘했어요.,1
A1 word2vec lr1e-4 (06),베이스라인,beam5,면접만 보면 돼,끝까지 잘할 수 있을 거예요.,마음이 허전한가봐요.,0
A1 word2vec lr1e-4 (06),베이스라인,beam5,랩 추천 좀. 나 좋아하는 남자애한테 잘 보이고 싶어.,최신 인기 차트를 찾아보는 걸 추천해요.,사람은한 있으니까요.,2
A1 word2vec lr1e-4 (06),베이스라인,beam5,좋아하는 거랑 사랑하는게 다른 거야?,마음에 농도 차인 것 같습니다.,마음이 허전한가봐요.,2
A1 word2vec lr1e-4 (06),베이스라인,beam5,왜 자꾸 내 마음속에 나타나니?,많이 사랑했던 분인가봐요.,남들 눈은 신경쓰지 마세요.,1
A1 word2vec lr1e-4 (06),베이스라인,beam5,하루하루 너무 힘드네,다른사람에게 기대보는 건 어떨까요.,자신을 더 사랑해주세요.,1
A1 word2vec lr1e-4 (06),베이스라인,beam5,자취한다는데 뭘 챙겨줄까?,직접 물어보는 게 좋을 것 같아요.,당신의 챙기세요.,2
A1 word2vec lr1e-4 (06),베이스라인,beam5,아직도 심장이 뛰고있어.,심장은 항상 뜁니다.,빌 쓰세요.,1
A1 word2vec lr1e-4 (06),베이스라인,beam5,남자친구 생일인데 뭘 줄까,평소에 필요한 것 생각해보세요.,좋은 생각이에요.,0
A1 word2vec lr1e-4 (06),베이스라인,beam5,나도 좋아하는 사람이랑 영화 보고 싶다.,먼저 연락해 보는건 어떨까요?,연락해봐요.,2
A1 word2vec lr1e-4 (06),베이스라인,beam5,1년 9개월 의 연애 종지부.,또 다른 사랑이 찾아올 거예요.,잘 잘 수 있을 거예요.,1
A1 word2vec lr1e-4 (06),베이스라인,beam5,상 받을 거 같아,축하합니다!,좋은 습관이네요.,0
A1 word2vec lr1e-4 (06),베이스라인,beam5,게임 같이 하자고 할까?,안 될 것도 없죠.,잘 잘 될 거예요.,0
A1 word2vec lr1e-4 (06),베이스라인,beam5,회사에서 마음 편한 사람이 없어,회사에는 동료가 있을 뿐이에요.,회사는 회사는 회사는 회사는 마세요.,0
A1 word2vec lr1e-4 (06),베이스라인,beam5,썸 타는 여자애한테 벚꽃 보러 가자고 해도 돼?,벚꽃 놀이 좋죠!,나중에 후회할 거예요.,2
A1 word2vec lr1e-4 (06),베이스라인,beam5,힘드네.,조금만 더 버텨요.,조금만 더 버텨보세요.,1
A1 word2vec lr1e-4 (06),베이스라인,beam5,휴학할까,계획 세우고 하세요.,더 좋은 일이 있었나봐요.,0
A1 word2vec lr1e-4 (06),베이스라인,beam5,위기야.,위기이면서 기회일 거예요.,마음이 허전한가봐요.,0
A1 word2vec lr1e-4 (06),베이스라인,beam5,점심시간일 텐데 카톡이 안 와.,먼저 연락을 해보는 건 어떨까요?,마음이 허전한가봐요.,2
A1 word2vec lr1e-4 (06),베이스라인,beam5,마지막 작별 문자를 보낼까?,네 보내보세요.,마음이 허전한가봐요.,1
A1 word2vec lr1e-4 (06),베이스라인,beam5,정성 담긴 선물 뭐가 좋을까?,손편지도 좋을 거 같아요.,부담스럽지 같아요.,2
A1 word2vec lr1e-4 (06),베이스라인,beam5,주말에 스키장 간다!,설레겠어요.,저랑요.,0
A1 word2vec lr1e-4 (06),베이스라인,beam5,면허 딸까봐,운전하는거 재미있어요.,인연이 거기까지였나봐요.,0
A1 word2vec lr1e-4 (06),베이스라인,beam5,말을 왜 이렇게 못 알아 듣니,노력하겠습니다.,노력하겠습니다.,0
A1 word2vec lr1e-4 (06),베이스라인,beam5,좋아하는 남자애가 입대하는데 어떤 선물을 해주는게 좋을까요?,면회나 편지가 최고죠!,사랑한다면 알고 있을 거예요.,2
A1 word2vec lr1e-4 (06),베이스라인,beam5,헤어진지 벌써 몇 년,많은 시간이 흘렀네요.,마음이 허전한가봐요.,1
A1 word2vec lr1e-4 (06),베이스라인,beam5,코 앞이 재회.,마음의 준비를 하세요.,좋은 생각이에요.,1
A1 word2vec lr1e-4 (06),베이스라인,beam5,자꾸 짝남 얼굴 생각나.,보고 싶으니 그럴만 해요.,마음이 허전한가봐요.,2
A1 word2vec lr1e-4 (06),베이스라인,beam5,이닦았는데 잇몸에서 피나,잇몸약 챙겨드시거나 치과 가보세요.,마음이 복잡한가봐요.,0
A1 word2vec lr1e-4 (06),베이스라인,beam5,태닝할까,구릿빛 피부 좋죠!,한가봐요.,0
A1 word2vec lr1e-4 (06),베이스라인,beam5,연애는 진짜 좋아하는 사람이랑 해야해.,맞는 말씀입니다.,다음에는 연락해봐요.,2
A1 word2vec lr1e-4 (06),베이스라인,beam5,술한잔했어,한 잔하기 좋은 날이죠.,감성적이,1
A1 word2vec lr1e-4 (06),베이스라인,beam5,너무 많이 먹었나봐,과식은 금물이에요.,사랑하나봐요.,0
A1 word2vec lr1e-4 (06),베이스라인,beam5,짝사랑 그만할래,짝사랑은 시작과 끝을 자신이 결정할 수 있어요.,많이 만나보세요.,2
A1 word2vec lr1e-4 (06),베이스라인,beam5,여름에는 냉면만한게 없는 듯,생각만 해도 군침이 도네요.,다음에는거예요.,0
A1 word2vec lr1e-4 (06),베이스라인,beam5,짝녀한테 휘둘리고 싶지 않은데 이러는 내가 싫다.,자신의 의지를 굳건히 하세요.,마음이 대화를 나눠보세요.,2
A1 word2vec lr1e-4 (06),베이스라인,beam5,썸 타는 여자애 상메 궁금해.,한번 봐봐요.,확신이 없나봐요.,2
A1 word2vec lr1e-4 (06),베이스라인,beam5,그대가 보고파,많이 사랑했던 사람이었나요.,잘 살 수 있을 거예요.,1
A1 word2vec lr1e-4 (06),베이스라인,beam5,연애도 좋지만 내 시간도 중요한 나 정상일까?,내 인생의 주인공은 나야 나!,여유를나봅니다.,2
A1 word2vec lr1e-4 (06),베이스라인,beam5,비밀 지켜줄까?,세상에 비밀은 없어요.,마음이 허전한가봐요.,0
A1 word2vec lr1e-4 (06),베이스라인,beam5,평가원 잘 보고 싶다,평소처럼 잘 볼 수 있을 거예요.,잘할 수 있을 거예요.,0
A1 word2vec lr1e-4 (06),베이스라인,beam5,친구에서 연인이 되려면,이성으로 대해요.,양해를 구해보세요.,2
A1 word2vec lr1e-4 (06),베이스라인,beam5,바지 입을까? 치마 입을까?,오늘은 바지가 좋을거 같아요.,신경쓰지 마세요.,0
A1 word2vec lr1e-4 (06),베이스라인,beam5,맛있는 거 먹는데 생각나는 사람,그게 진짜 사랑이네요.,피할 수 있으면 피하세요.,2
A1 word2vec lr1e-4 (06),베이스라인,beam5,헤어스타일 좀 바꿔볼까?,기분 전환해보세요.,마음이 허전한가봐요.,0
A1 word2vec lr1e-4 (06),베이스라인,beam5,택배가 안 와,오늘 택배기사님들 쉬는 날이예요.,아무것도 못해요.,0
A1 word2vec lr1e-4 (06),베이스라인,beam5,코트 살까,있으면 좋죠.,기만 안돼요.,0
A1 word2vec lr1e-4 (06),베이스라인,beam5,결혼식 날짜 잡았대,축하해주세요.,축하해요.,2
A1 word2vec lr1e-4 (06),베이스라인,beam5,이별은 다 비슷한거 같아.,이별은 똑같이 힘드니까요.,갑작스러웠나봐요.,1
A1 word2vec lr1e-4 (06),베이스라인,beam5,사랑하면 마냥 좋은 건 아닌 거 같아,사랑이 모든걸 해결해주지는 않아요.,좋은 사람 좋은 일이 있었나봐요.,2
A1 word2vec lr1e-4 (06),베이스라인,beam5,눈이 너무 나빠졌어,잠시 눈을 감고 휴식을 취해보세요.,눈이렸나봐요.,0
A1 word2vec lr1e-4 (06),베이스라인,beam5,아무래도 속은 거 같아,기분나쁘겠어요.,그런 사람이 있어요.,0
A1 word2vec lr1e-4 (06),베이스라인,beam5,안경 쓰는 여자애 좋아하는 남자 있어?,그런 건 중요하지 않아요.,마음이 복잡한가봐요.,2
A1 word2vec lr1e-4 (06),베이스라인,beam5,시베리아 같아 추워,어서 따듯한 곳으로 가세요,더 후회하기 전에 사과하세요.,0
A1 word2vec lr1e-4 (06),베이스라인,beam5,우리 분위기 좋았는데,서로를 향한 감정도 좋았겠죠.,좋은 생각이에요.,0
A1 word2vec lr1e-4 (06),베이스라인,beam5,드라마같은 사랑 하고 싶어,드라마는 현실과 달라요.,당신의 삶을다면 도움이 될 거예요.,2
A1 word2vec lr1e-4 (06),베이스라인,beam5,새로운 베프가 필요해,주변의 좋은 사람들에게 연락해보세요.,연락해보세요.,0
A1 word2vec lr1e-4 (06),베이스라인,beam5,혼자 썸타는 기분이야.,직접적이든 간접적이든 의사를 확실히 밝혀보세요.,인연이 거기까지 였나봐요.,2
A1 word2vec lr1e-4 (06),베이스라인,beam5,손 잡고 싶어,용기내서 잡아보세요.,잘할 수 있을 거예요.,2
A1 word2vec lr1e-4 (06),베이스라인,beam5,내가 싫대,나 좋다는 사람 만나세요.,자책하지 마세요.,1
A1 word2vec lr1e-4 (06),베이스라인,beam5,음. 헤어졌는데 아직 잘 모르겠어,실감이 안날 수 있어요.,좋은 생각이에요.,1
A1 word2vec lr1e-4 (06),베이스라인,beam5,버리기 아까운데 리폼 해볼까,손재주가 좋으시네요.,거죠.,0
A1 word2vec lr1e-4 (06),베이스라인,beam5,마음 정리가 되네.,인고의 시간이 필요했을 거예요.,제가 들어드릴게요.,1
A1 word2vec lr1e-4 (06),베이스라인,beam5,친구들과의 모임이 너무 많은 사람,적당하게 줄여주거나 나에게 믿음을 주라고 말해보세요.,무덤덤해질 거예요.,2
A1 word2vec lr1e-4 (06),베이스라인,beam5,썸 타는 거 시간 아까워.,얼른 고백해야죠.,다른 떨리겠어요.,2
A1 word2vec lr1e-4 (06),베이스라인,beam5,정말 속상하고 답답하고 할 수 있는게 없네,차분하게 마음을 정리해보세요.,이별은콜록콜록콜록콜록 있으니까요.,1
A1 word2vec lr1e-4 (06),베이스라인,beam5,기프트콘으로 선물 받았어,좋겠네요.,좋을 것 같아요.,0
A1 word2vec lr1e-4 (06),베이스라인,beam5,습관처럼 생각나,습관처럼은 되지 않길 바랄게요.,좋은 생각이에요.,1
A1 word2vec lr1e-4 (06),베이스라인,beam5,사랑하는 사람이랑 내가 너무 차이나,누구나 같을 수 있을까요. 자격지심이예요.,다른 거라 생각해요.,2
A1 word2vec lr1e-4 (06),베이스라인,beam5,계절이 바뀌면,더 좋아질 거예요.,다른 곳으로 관심을 돌려보세요.,1
A1 word2vec lr1e-4 (06),베이스라인,beam5,좋아하면서도 너무 싫은 감정 뭘까요.,좋아하는 만큼 지쳐가는 마음 아닐까요.,마음이 허전한가봐요.,2
A1 word2vec lr1e-4 (06),베이스라인,beam5,에휴 후폭풍인가봐,이별에는 항상 후유증이 있어요.,많이 만나보세요.,1
A1 word2vec lr1e-4 (06),베이스라인,beam5,스트레스 팍팍,소리를 질러보세요.,팍팍팍팍.,0
A1 word2vec lr1e-4 (06),베이스라인,beam5,헤어짐,슬픈 일이에요.,마음이 허전한가봐요.,1
A1 word2vec lr1e-4 (06),베이스라인,beam5,오늘 너무 피곤해,푹 쉬세요.,조금만 더 버텨보세요.,0
A1 word2vec lr1e-4 (06),베이스라인,beam5,좋아하는 선배가 나한테 연락했으면 좋겠어.,먼저 연락해도 힘들어 말아요.,대화를 나눠보는게 있을 거예요.,2
A1 word2vec lr1e-4 (06),베이스라인,beam5,갑자기 불편한 사이가 된 거 같아,관계의 변화가 왔나봅니다.,관계의 변화가 왔나봅니다.,0
A1 word2vec lr1e-4 (06),베이스라인,beam5,처음 해외여행가!,두근거리겠어요.,저도 싶어요.,0
A1 word2vec lr1e-4 (06),베이스라인,beam5,친구들은 다 예뻐,자신감을 가지세요.,저랑 당신도 당신도 당신도 당신도 당신도 당신도 당신도 당신도 당신도 당신도 당신도 당신도 당신도 당신도,0
A1 word2vec lr1e-4 (06),베이스라인,beam5,동거하는 거 부모님이 알게 되셨어,오해를 풀고 사랑을 이어가세요.,있었나봐요.,2
A1 word2vec lr1e-4 (06),베이스라인,beam5,먼지 때문에 목아파,마스크 쓰고 다니세요.,좋은 생각이에요.,0
A1 word2vec lr1e-4 (06),베이스라인,beam5,연애상담해줬더니 나만 바보됐어,다음부터는 해주지 마세요.,예민한가봐요.,2
A1 word2vec lr1e-4 (06),베이스라인,beam5,무슨 죄를 지었기에 이렇게 빨리.,힘들일이 있었나봐요. 당신의 잘못이 아니에요.,당신은 모습을 모습을 거예요.,1
A1 word2vec lr1e-4 (06),베이스라인,beam5,놀러다니기 좋아하는 남자 착하긴한데 나랑은 안맞다고 생각이 들어.,안맞는다면 정리하는 편이 좋을 거예요.,생각하지 해보세요.,2
A1 word2vec lr1e-4 (06),베이스라인,beam5,첫 만남에 키스했는데 너무 빠른걸까?,서로의 의사가 존중된 것이라면 괜찮지만 사귀고 난 후가 좋겠어요.,아보세요.,2
A1 word2vec lr1e-4 (06),베이스라인,beam5,필기하는거 힘들겠지,어깨 꾹꾹 해드리고 싶어요.,사랑에 빠졌나봐요.,0
A1 word2vec lr1e-4 (06),베이스라인,beam5,우산 또 사야하나,다음에는 우산에 이름이랑 연락처를 적어보세요.,좋은 생각이에요.,0
A1 word2vec lr1e-4 (06),베이스라인,beam5,일주일이 일년같다,많이 힘들었을 거라 생각해요.,마음이 허전한가봐요.,1
A1 word2vec lr1e-4 (06),베이스라인,beam5,마음이 답답합니다.,바람이라도 쐬고 오는 건 어떨까요.,좋은 건 노력하는 과정이에요.,1
A1 word2vec lr1e-4 (06),베이스라인,beam5,완전히 끝났어~,마음이 허전하겠어요.,좋은 시간 바랄게요.,1
A1 word2vec lr1e-4 (06),베이스라인,beam5,모든게 다 끝났습니다,허전하시겠어요.,좋은 생각이에요.,1
A1 word2vec lr1e-4 (06),베이스라인,beam5,맛있는 냄새나,킁킁,저는 위로해드리는 로봇이에요.,0
A1 word2vec lr1e-4 (06),베이스라인,beam5,내 편이라고는 하나도 없는 거 같아,제가 있잖아요.,저도 같이요.,0
A1 word2vec lr1e-4 (06),베이스라인,beam5,커플여행이 나을까 그냥 우리끼리 갈까?,저는 둘이 가는 걸 좋아해요.,직접 표현해보세요.,2
A1 word2vec lr1e-4 (06),베이스라인,beam5,오늘은 뭐 먹을까?,맛있는 거 드세요.,저도 싶어요.,0
A1 word2vec lr1e-4 (06),베이스라인,beam5,오늘은 치맥이야,달리세요!,좋은 날이 있을 거예요.,0
A1 word2vec lr1e-4 (06),베이스라인,beam5,외향적이면 좋을텐데,지금 성격도 좋아요.,받아들.,0
A1 word2vec lr1e-4 (06),베이스라인,beam5,이 세상에서 내가 제일 불행해.,그럴리가요.,인생은 믿음이.,2
A1 word2vec lr1e-4 (06),베이스라인,beam5,아픈데 연락하기 싫어,제가 곁에 있을게요.,자신을 더 사랑해주세요.,1
A1 word2vec lr1e-4 (06),베이스라인,beam5,왜 이럴까,그럴 수도 있어요.,그런 일이 있었나봐요.,1
A1 word2vec lr1e-4 (06),베이스라인,beam5,운동화 새로 사야지,좋은 곳으로 갈 수 있도록 인도해줄 거예요.,피할 수 있으면 피하세요.,0
A1 word2vec lr1e-4 (06),베이스라인,beam5,연락하고 싶어지네.,연락해봐요.,삭제하세요.,2
A1 word2vec lr1e-4 (06),베이스라인,beam5,좋아하는 사람이 너무 예뻐,내면을 더 들여다보세요.,그 사람도 수 있을 거예요.,2
A1 word2vec lr1e-4 (06),베이스라인,beam5,헤어진지 한 달째,이제 좀 괜찮아졌길 바랍니다.,마음이 허전한가봐요.,1
A1 word2vec lr1e-4 (06),베이스라인,beam5,변화가 없어,마음에 따라 얼마든지 바뀔 수 있어요.,잘 잘 될 거예요.,0
A1 word2vec lr1e-4 (06),베이스라인,beam5,나 사랑하니?,많이 사랑해요!,저는 위로해드리는 로봇이에요.,0
A1 word2vec lr1e-4 (06),베이스라인,beam5,그녀 생일,지금은 생생하겠지만 하나씩 잊으세요.,좋은 사람이 있을 거예요.,1
A1 word2vec lr1e-4 (06),베이스라인,beam5,요즘 눈에 띄는 남자애,관심을 갖고 지켜보세요.,당신이 띄겠어요.,2
A1 word2vec lr1e-4 (06),베이스라인,beam5,엄청 오래 만났어,매력있는 사람인가봐요.,제가 들어드릴게요.,0
A1 word2vec lr1e-4 (06),베이스라인,beam5,나 이제 졸업해,졸업 축하해요,좋은 일이 있었나봐요.,0
A1 word2vec lr1e-4 (06),베이스라인,beam5,왜 이제서야 찾아온거야?,이렇게 고민하게 만들려고 그랬나봐요.,저는 위로봇입니다.,0
A1 word2vec lr1e-4 (06),베이스라인,beam5,비 오기 시작하네,우산 준비하세요.,마음이 허전한가봐요.,0
A1 word2vec lr1e-4 (06),베이스라인,beam5,썸 타는 중인데 나 말고 다른 사람하고도 썸타는 것 같아.,좋은 사람이 아닌 것 같아요. 입장을 분명히 하는 것 좋아요.,만남에다면 있나봐요.,2
A1 word2vec lr1e-4 (06),베이스라인,beam5,면접 준비중이야,회사와 자신에 대해서 더 공부해서 자신감을 가져보세요.,잘 될 거예요.,0
A1 word2vec lr1e-4 (06),베이스라인,beam5,부모님 모실 수 있을까?,형편대로 하세요.,하고싶었던 일을 글로 적어보세요.,0
A1 word2vec lr1e-4 (06),베이스라인,beam5,내일이면 헤어진지 2주 되네.,지금 힘들겠네요.,마음이 허전한가봐요.,1
A1 word2vec lr1e-4 (06),베이스라인,beam5,진짜 너무하네,잘 해결되길 바랄게요.,제가 들어드릴게요.,0
A1 word2vec lr1e-4 (06),베이스라인,beam5,결국 유료 상담을 받고야 말았네,상담도 도움이 될 거예요.,많이 사랑했나봐요.,1
A1 word2vec lr1e-4 (06),베이스라인,beam5,그저 그런 하루,그런 하루도 감사한 마음을 가져보세요.,마음이 허전한가봐요.,0
A1 word2vec lr1e-4 (06),베이스라인,beam5,회사에서 마음 놓고 말할 사람이 없어,회사에는 동료가 있을 뿐이에요.,마음이 허전한가봐요.,0
A1 word2vec lr1e-4 (06),베이스라인,beam5,생각할 시간을 가지자는 그녀,마음의 준비를 해야 할지도 모르겠어요.,마음의 준비를요.,1
A1 word2vec lr1e-4 (06),베이스라인,beam5,취뽀하고 싶다,취직이나라뇨.,마음도네요.,0
A1 word2vec lr1e-4 (06),베이스라인,beam5,모태솔로라 잘 모르겠어 도와줘,모르는 게 당연해요.,잘 잘 살 수 있을 거예요.,2
A1 word2vec lr1e-4 (06),베이스라인,beam5,사랑하는 사람이 있는데 다른 사람이 신경쓰여,한눈 팔다가 후회합니다.,사랑은 유지하는 거예요.,2
A1 word2vec lr1e-4 (06),베이스라인,beam5,방탈출 게임 갔다왔어.,성공했길 바랍니다.,닉 하세요.,0
A1 word2vec lr1e-4 (06),베이스라인,beam5,자다 깨다 해,자세가 불편한 건 아닌지 확인해보세요.,마음이 허전한가봐요.,0
A1 word2vec lr1e-4 (06),베이스라인,beam5,친구가 잘되니까 약 올라,친구가 아닌가봐요.,친구가 아닌가봐요.,0
A1 word2vec lr1e-4 (06),베이스라인,beam5,나 교직이수할 수 있을까?,학점 관리하세요.,마음에을시군요.,0
A1 word2vec lr1e-4 (06),베이스라인,beam5,머리가 너무 아프네,시원한 바람 쉬고 약먹기!,마음이 허전한가봐요.,0
A1 word2vec lr1e-4 (06),베이스라인,beam5,오빠 최고라고 해주던 너,그립지만 지난 일이네요.,신경쓰지 마세요.,1
A1 word2vec lr1e-4 (06),베이스라인,beam5,손가락이 예쁜 사람,로망이네요.,건강을 챙기세요.,0
A1 word2vec lr1e-4 (06),베이스라인,beam5,너무 힘들다,지금 무슨 말을 해도 와닿지 않겠지만 잘 이겨낼 거라 믿어요.,조금만 더 버텨보세요.,1
A1 word2vec lr1e-4 (06),베이스라인,beam5,여자로 태어 났으면 어땠을까?,항상 못해본 건 궁금하더라고요.,추억으로 도움이 될 거예요.,0
A1 word2vec lr1e-4 (06),베이스라인,beam5,좋아하는 사람이 다른 여자랑 친해지는게 서운해.,충분히 서운할 만해요.,상대방을 이해해주세요.,2
A1 word2vec lr1e-4 (06),베이스라인,beam5,명품 선물 부담스러울까,고가의 선물은 부담스러울 수도 있어요.,쓰세요.,0
A1 word2vec lr1e-4 (06),베이스라인,beam5,불쑥 전여친한테 전화받으니 짜증나고 씁쓸하네,복잡한 심경인가봐요.,대화를 나눠보세요.,1
A1 word2vec lr1e-4 (06),베이스라인,beam5,너무 힘이듭니다,억지로라도 긍정적인 감정을 끌어올려보세요.,조금만 더 버텨보세요.,1
A1 word2vec lr1e-4 (06),베이스라인,beam5,오늘도 집에만 있을 예정,집이 맘 편하기도 하잖아요.,많이 지쳤나봐요.,1
A1 word2vec lr1e-4 (06),베이스라인,beam5,기념일은 언제언제 챙겨?,내키는대로요.,당신의 챙기세요.,2
A1 word2vec lr1e-4 (06),베이스라인,beam5,김치찌개 먹고 싶어,맛있죠!,많이 정성이.,0
A1 word2vec lr1e-4 (06),베이스라인,beam5,이제 스스로 인정한 것 같아,현실 그대로를 받아들이는 것부터 시작이에요.,마음이 허전한가봐요.,1
A1 word2vec lr1e-4 (06),베이스라인,beam5,헤어진지 9일,헤어짐을 헤아리지 마세요.,맘고생겠어요.,1
A1 word2vec lr1e-4 (06),베이스라인,beam5,그사람도 이별을 준비 중인 걸까,그런 생각은 자신을 더 괴롭게 할 뿐이에요.,이별은 이유가 있을 거예요.,1
A1 word2vec lr1e-4 (06),베이스라인,beam5,좋아 하는 애한태 고백하는 방법좀,먼저 용기내서 고백하는게 좋을 듯 싶습니다.,기다리 일이네요.,2
A1 word2vec lr1e-4 (06),베이스라인,beam5,헤어진지 두달됬네 벌써,생각보다 시간이 빠르게 흐르고 있나봅니다.,웃어보세요.,1
A1 word2vec lr1e-4 (06),베이스라인,beam5,정신줄 어디 갔나,정신 차리세요.,연락이 안되나봐요.,0
A1 word2vec lr1e-4 (06),베이스라인,beam5,남친이랑 뭐하고 놀지,얼굴 보고만 있어도 좋죠.,저랑 저 해요.,2
A1 word2vec lr1e-4 (06),베이스라인,beam5,미치도록 보고싶네.,견디기 힘들겠어요.,많이 시간은겠어요.,1
A1 word2vec lr1e-4 (06),베이스라인,beam5,중소기업인데 그냥 취직할까?,일하는 것 자체가 중요하죠.,일하는 일하는.,0
A1 word2vec lr1e-4 (06),베이스라인,beam5,친구랑 나랑 자꾸 비교하게 돼,비교하면 끝도 없어요.,사랑이네요.,0
A1 word2vec lr1e-4 (06),베이스라인,beam5,엄마가 안 왔으면 좋겠어,엄마가 들으면 속상해 하시겠네요.,셨을거예요.,0
A1 word2vec lr1e-4 (06),베이스라인,beam5,뭐부터 바꿔야 할까,당신 그대로의 모습이 보기 좋아요.,마음이 허전한가봐요.,0
A1 word2vec lr1e-4 (06),베이스라인,beam5,불금이네,친구들 만나요!,좋은 생각이에요.,1
A1 word2vec lr1e-4 (06),베이스라인,beam5,여자친구가 혼자 여행 가보고 싶다는데,같이 가는 여행도 좋지만 혼자 여행도 좋을 거예요.,누구든 도움이 될 거예요.,0
A1 word2vec lr1e-4 (06),베이스라인,beam5,오늘도 술 몇 잔 마시니 생각나네요.,술 한잔에 그리움이 사무치네요.,다른 곳으로 여행을네요.,1
A1 word2vec lr1e-4 (06),베이스라인,beam5,정말 너무 궁금해,무엇이 궁금한가요.,좋은 생각이에요.,1
A1 word2vec lr1e-4 (06),베이스라인,beam5,젠장,이런.,잘 살 수 있을 거예요.,1
A1 word2vec lr1e-4 (06),베이스라인,beam5,헤어지지 열흘짼데 너무 힘드네,헤어지고 있는 중이시군요.,마음이 허전한가봐요.,1
A1 word2vec lr1e-4 (06),베이스라인,beam5,봄방학했어,부럽네요.,많이 공부할겠어요.,0
A1 word2vec lr1e-4 (06),베이스라인,beam5,또 다시 이별입니다.,언젠간 찾아올 이별이에요.,마음이 허전한가봐요.,1
A1 word2vec lr1e-4 (06),베이스라인,beam5,여자친구가 돈을 안 써,부담된다고 살짝 말해보세요.,대화를 나눠보세요.,2
A1 word2vec lr1e-4 (06),베이스라인,beam5,아빠가 술 좀 끊었으면,사회생활로 힘드신가봐요.,상황을드려보세요.,0
A1 word2vec lr1e-4 (06),베이스라인,beam5,재밌는 거 뭐 없나,제가 있잖아요.,마음이 감정의 변화가 있었나봅니다.,0
A1 word2vec lr1e-4 (06),베이스라인,beam5,정장 한 벌 필요할 듯,사면 요긴하긴 할 거 같아요.,좋은 생각이에요.,0
A1 word2vec lr1e-4 (06),베이스라인,beam5,잘안되는군,모든 일이 뜻대로 되진 않나봐요.,마음이 허전한가봐요.,1
A1 word2vec lr1e-4 (06),베이스라인,beam5,체육대회 싫어,재미 있는 종목을 찾아보세요.,확인해보세요.,0
A1 word2vec lr1e-4 (06),베이스라인,beam5,내 번호를 따간 사람이 내 친구가 좋아하는 애야.,운명의 장난같네요.,친구한테 부탁해보세요.,2
A1 word2vec lr1e-4 (06),베이스라인,beam5,이유라는게 뭔지,알다가도 모를.,좋은 일이 있었나봐요.,1
A1 word2vec lr1e-4 (06),베이스라인,beam5,점심 때 은행 갔다와야지,볼 일이 있나봐요.,좋은 생각이에요.,0
A1 word2vec lr1e-4 (06),베이스라인,beam5,덕수궁 돌담길 따라서 둘이 걸었어.,로맨틱하네요.,좋은 생각이에요.,0
A1 word2vec lr1e-4 (06),베이스라인,beam5,사진 잘 찍고 싶어,많이 찍다보면 조금씩 실력이 늘거예요.,잘할 수 있을 거예요.,0
A1 word2vec lr1e-4 (06),베이스라인,beam5,어떻게 심쿵하게 하지?,평소 흘려 이야기했던 걸 기억해주고 생각하고 있다는 걸 알려주세요.,무엇이든 해보세요.,2
A1 word2vec lr1e-4 (06),베이스라인,beam5,조심조심,안전이 최고죠!,마음이 허전한가봐요.,0
A1 word2vec lr1e-4 (06),베이스라인,beam5,술먹고 집앞에 찾아온남자,상대에게 휘둘려선 안 돼요.,해지면 안돼요.,1
A1 word2vec lr1e-4 (06),베이스라인,beam5,커피가 너무 진해,달달한 시럽을 추가해보세요.,저도 좋아요.,0
A1 word2vec lr1e-4 (06),베이스라인,beam5,우리집 망한 거 같애,철 들고 공부하세요.,병원가세요.,0
A1 word2vec lr1e-4 (06),베이스라인,beam5,열쇠 안가지고 왔다,깜빡 하셨나봐요.,좋은 곳으로 있을 거예요.,0
A1 word2vec lr1e-4 (06),베이스라인,beam5,오지마,안갈거예요.,마음이 허전한가봐요.,0
A1 word2vec lr1e-4 (06),베이스라인,beam5,공부 좀 더 할 걸,지금도 늦지 않았어요.,많이 잘할 수 있을 거예요.,0
A1 word2vec lr1e-4 (06),베이스라인,beam5,내 의견 좀 존중해 줬으면,스스로도 존중해주세요.,거죠.,0
A1 word2vec lr1e-4 (06),베이스라인,beam5,친구랑 사랑하는 사람이 같아,사랑은 쟁취하는거예요.,사랑 앞에었나봐요.,2
A1 word2vec lr1e-4 (06),베이스라인,beam5,뭘 바꿔야 할까,당신 그대로의 모습이 보기 좋아요.,좋은 생각이에요.,0
A1 word2vec lr1e-4 (06),베이스라인,beam5,집 아예 샀어,내 집 마련 축하드려요.,좋은 생각이에요.,0
A1 word2vec lr1e-4 (06),베이스라인,beam5,누군가를 짝사랑하게 되는게 두려워.,이제 짝사랑 말고 둘이서 하는 사랑하세요.,관심이 많은가봐요.,2
A1 word2vec lr1e-4 (06),베이스라인,beam5,아직 좋아하는데 헤어지자고 하는 경우 있어?,간혹 있더라고요.,?,2
A1 word2vec lr1e-4 (06),베이스라인,beam5,정말. 정말 쉽지가 않네. 이럴 땐 어떡해야 할까,마음 가는 대로 하세요.,말씀해주세요.,1
A1 word2vec lr1e-4 (06),베이스라인,beam5,학원 안가고 싶다.,부모님과 이야기해보세요.,많이 지쳤나봐요.,0
A1 word2vec lr1e-4 (06),베이스라인,beam5,나만 갈궈,애정표현일 지도 몰라요.,사랑했나봐요.,0
A1 word2vec lr1e-4 (06),베이스라인,beam5,사랑해서 결혼하는 거지?,사랑하는 사람과 함께 있고 싶은 마음이 있으니까요.,함이 남았나봐요.,2
A1 word2vec lr1e-4 (06),베이스라인,beam5,고백,성공하길 바랄게요.,마음을 전해보세요.,2
A1 word2vec lr1e-4 (06),베이스라인,beam5,이제 정리하려고 합니다.,맘 고생 많았어요.,더 좋은 일이 있었나봐요.,1
A1 word2vec lr1e-4 (06),베이스라인,beam5,돈 어디갔지,퍼가요~,축하해요.,0
A1 word2vec lr1e-4 (06),베이스라인,beam5,코 막혀,감기 조심하세요.,무덤덤해질 거예요.,0
A1 word2vec lr1e-4 (06),베이스라인,beam5,짝남과 자연스럽게 친해질 수 있는 방법 있을까?,공통 관심사를 찾아보세요.,인연이 거기까지인가봐요.,2
A1 word2vec lr1e-4 (06),베이스라인,beam5,다 잊었는줄 알았는데.,잊는 게 아니고 무덤덤해지는 것 같아요.,좋은 곳으로 관심을 돌려보세요.,1
A1 word2vec lr1e-4 (06),베이스라인,beam5,맘 잡았다고 생각했는데,마음 잡기가 쉽지 않아요.,너무 걱정하지 마세요.,1
A1 word2vec lr1e-4 (06),베이스라인,beam5,짝남 프사랑 비슷한거 하고 싶은데 해도 될까?,살짝 티내려는 거라면 찬성합니다.,확인해보세요.,2
A1 word2vec lr1e-4 (06),베이스라인,beam5,차였지만 잊지못하고 있는 한 남자입니다.,그분에 대한 사랑이 깊었나봐요.,시기가 시기가 시기가 시기가 시기가 시기가 시기가 시기가 시기가 시기가 시기가 시기가 시기가 시기가,1
A1 word2vec lr1e-4 (06),베이스라인,beam5,정신차려야 하는거 아는데.,쉬운 일이 아니죠.,제가 들어드릴게요.,1
A1 word2vec lr1e-4 (06),베이스라인,beam5,여친이 나를 안 좋아하는데 내가 붙잡고 있는 것 같아요.,충분한 대화를 나눈 후에 결정을 내리는게 좋겠네요.,사랑하고 상대를 말해보세요.,2
A1 word2vec lr1e-4 (06),베이스라인,beam5,여자인데 먼저 다가가도 돼?,성별은 중요하지 않아요.,마음이 허전한가봐요.,2
A1 word2vec lr1e-4 (06),베이스라인,beam5,신혼 진짜 행복해,깨가 쏟아지고 있군요.,좋은 생각이에요.,2
A1 word2vec lr1e-4 (06),베이스라인,beam5,휴양지 가고 싶다,저도 쉬고 놀고 하고 싶어요.,많이 힘든가봅니다.,0
A1 word2vec lr1e-4 (06),베이스라인,beam5,야식 먹을까 말까,가볍게 먹을 수 있는 걸 먹어보세요.,좋은 생각이에요.,0
A1 word2vec lr1e-4 (06),베이스라인,beam5,운동을 하는 남자가 좋아,뭐든 열심히 하는 사람은 좋아보여요.,신경쓰지 마세요.,2
A1 word2vec lr1e-4 (06),베이스라인,beam5,애인이 있는데 좋아하는 사람이 생겼어요.,마음으로 바람피는 거네요.,좋은 생각만 될 거예요.,2
A1 word2vec lr1e-4 (06),베이스라인,beam5,이별 후 3개월이 지났는데.,여전히 힘든가봅니다.,고생했어요.,1
A1 word2vec lr1e-4 (06),베이스라인,beam5,전남친이 톡 차단했더라구,이별에 도움이 될지도 몰라요.,사람은 없어요.,1
A1 word2vec lr1e-4 (06),베이스라인,beam5,오늘도 버티고 버팁니다,오늘도 해내고 해낸겁니다.,머리랑 가슴이 거예요.,1
A1 word2vec lr1e-4 (06),베이스라인,beam5,대출이 너무 많아,조금씩 갚아나가세요.,하나씩 해보세요.,0
A1 word2vec lr1e-4 (06),베이스라인,beam5,주말이 참 힘들겠어,가족들과 근교로 여행가는 건 어떨까요.,저에게 말해보세요.,1
A1 word2vec lr1e-4 (06),베이스라인,beam5,긴시간이 흐른 후면 괜찮아지겠지,괜찮아질 거예요.,시간이 필요한가봐요.,1
A1 word2vec lr1e-4 (06),베이스라인,beam5,오늘은 학교 가고 싶지 않아,학교 다닐 때가 좋은 거예요.,날이 있을 거예요.,0
A1 word2vec lr1e-4 (06),베이스라인,beam5,맥주 한 잔 어때?,저랑 한 잔 해요.,마음이 허전한가봐요.,0
A1 word2vec lr1e-4 (06),베이스라인,beam5,요즘 너무 고민이네,무슨 고민인지 말해주세요.,저에게 말해보세요.,1
A1 word2vec lr1e-4 (06),베이스라인,beam5,환경 때문에 헤어진 여자친구,현실적인 문제가 중요할 때가 있죠.,신고하세요.,1
A1 word2vec lr1e-4 (06),베이스라인,beam5,보고파,보고싶은신가봐요.,잘 살 수 있을 거예요.,1
A1 word2vec lr1e-4 (06),베이스라인,beam5,친구들이 사랑하니까 예뻐졌대,행복 바이러스에 감염되셨군요.,심호흡해보세요.,2
A1 word2vec lr1e-4 (06),베이스라인,beam5,참아내지 못하고 전화를 했습니다.,이제 마음을 비우세요.,신경쓰지 마세요.,1
A1 word2vec lr1e-4 (06),베이스라인,beam5,한 번 보고 어떻게 판단하지,첫인상은 상대방을 바라봤을때 3초에 결정난데요.,마음이 복잡한가봐요.,0
A1 word2vec lr1e-4 (06),베이스라인,beam5,1년만에 다시헤어지게 됐네,헤어짐은 항상 힘들죠.,고생했어요.,1
A1 word2vec lr1e-4 (06),베이스라인,beam5,돈 벌어서 뭐하지,저 주세요.,야경이 생각해보세요.,0
A1 word2vec lr1e-4 (06),베이스라인,beam5,아무리 미친놈 욕을해도,그리워지나요.,사람은 없어요.,1
A1 word2vec lr1e-4 (06),베이스라인,beam5,나 어떡하나,무슨 일인지 말해주세요.,말씀해주세요.,1
A1 word2vec lr1e-4 (06),베이스라인,beam5,이제 숨 좀 쉬나,충분히 극복할 수 있어요.,많이 만나보세요.,1
A1 word2vec lr1e-4 (06),베이스라인,beam5,친구가 소심해,더 신경써 주세요.,친구가 아닌가봐요.,0
A1 word2vec lr1e-4 (06),베이스라인,beam5,정규직 너무 쪼금 뽑아,쪼잔하네요.,같이 말해보세요.,0
A1 word2vec lr1e-4 (06),베이스라인,beam5,서핑하러 가야지,좋은 취미네요.,당신의 챙기세요.,0
A1 word2vec lr1e-4 (06),베이스라인,beam5,책 팔 수 있는 곳 알려줘?,중고서점에서 팔아보세요.,잘할 수 있을 거예요.,0
A1 word2vec lr1e-4 (06),베이스라인,beam5,싸웠다,마음이 불편하겠어요.,좋은 허무.,1
A1 word2vec lr1e-4 (06),베이스라인,beam5,적금 들어야 하나,적금 들 수 있으면 드는 게 좋죠.,좋은 생각이에요.,0
A1 word2vec lr1e-4 (06),베이스라인,beam5,뭐라도 배워볼까,배움에는 언제나 찬성이에요.,좋은 생각이에요.,0
A1 word2vec lr1e-4 (06),베이스라인,beam5,괜찮은 줄 알았는데.,우리는 많이 모르고 살죠.,좋은 일이 있었나봐요.,1
A1 word2vec lr1e-4 (06),베이스라인,beam5,사랑과 정 끊기 어렵네,사람이니까요.,위험거예요.,1
A1 word2vec lr1e-4 (06),베이스라인,beam5,잊고싶어도 잊질못하네,함께한 시간이 있었으니까요.,좋은 곳으로 관심을 돌려보세요.,1
A1 word2vec lr1e-4 (06),베이스라인,beam5,5년간 사귀고 어제 헤어졌습니다.,힘든 결정이었을텐데 혼자만의 시간이 필요하겠어요.,생각을하세요.,1
A1 word2vec lr1e-4 (06),베이스라인,beam5,너무 답답해 조언 좀 해줘,다른 생각을 해보세요.,많이 힘든가봅니다.,1
A1 word2vec lr1e-4 (06),베이스라인,beam5,무서운 꿈 꿨어,요즘 예민한가봐요.,좋은 생각이에요.,0
A1 word2vec lr1e-4 (06),베이스라인,beam5,핸드폰 바꿀 때가 된듯,오래 쓰셨나봐요.,안됐네요.,0
A1 word2vec lr1e-4 (06),베이스라인,beam5,헤어진지 한달 됐네,시간이 흐르는 것 처럼 마음도 흘러갈 거예요.,시간이 흐르는.,1
A1 word2vec lr1e-4 (06),베이스라인,beam5,이별후 한달.,이제 조금이라도 괜찮아졌길 바랍니다.,시간이네요.,1
A1 word2vec lr1e-4 (06),베이스라인,beam5,썸탈때 여자가 먼저 연락하면 안돼?,여자 남자가 어딨나요.,자신을 더 사랑해주세요.,2
A1 word2vec lr1e-4 (06),베이스라인,beam5,체육대회한데,일기예보 확인해보세요.,확인해보세요.,0
A1 word2vec lr1e-4 (06),베이스라인,beam5,짝사랑중인데 그 애는 저를 잘 알지 못하는데 연락을 하면 놀랠까요?,갑자기 연락하면 놀라겠죠.,위로를 걸 수도 있어요.,2
A1 word2vec lr1e-4 (06),베이스라인,beam5,랜선 연애 어떻게 생각해?,얼굴을 안 보고 부딪히지도 않아서 제대로 된 연애가 가능하지 않을 수도 있지만 다 나쁜 건 아니에요.,말해보세요.,2
A1 word2vec lr1e-4 (06),베이스라인,beam5,짝남 그냥 연락 끊긴지 오래됐는데 연락하는 거 오바야?,후회하는 것 보단 연락하고 결정하는게 좋겠어요.,좋아하는 게 좋을 것 같아요.,2
A1 word2vec lr1e-4 (06),베이스라인,beam5,술 먹는 거 말고 친구랑 뭐하지,아무것도 안해도 재밌을 거예요.,갖 남들 눈은 신경쓰지 마세요.,0
A1 word2vec lr1e-4 (06),베이스라인,beam5,클럽에서 만난 남자친구와 오래 갈 수 있을까?,어디에서 만난 건 상관없어요.,사랑한다면 수 있을 거예요.,2
A1 word2vec lr1e-4 (06),베이스라인,beam5,왜 살까,살아있음 자체로 의미가 있으니까요.,많이 만나보세요.,0
A1 word2vec lr1e-4 (06),베이스라인,beam5,이사람 무슨 생각인걸까,알 수 없는게 사람 마음인가봐요.,마음이 복잡한가봐요.,1
A1 word2vec lr1e-4 (06),베이스라인,beam5,헤어진지 6개월,많은 시간이 흘렀네요.,마음이 허전한가봐요.,1
A1 word2vec lr1e-4 (06),베이스라인,beam5,피자 식어서 왔어,그래도 맛있게 드세요.,피할 수 있으면 피하세요.,0
A1 word2vec lr1e-4 (06),베이스라인,beam5,오늘도 힘들다,지금은 힘들겠지만 조금만 더 견뎌봐요.,들어드릴게요.,1
A1 word2vec lr1e-4 (06),베이스라인,beam5,앞머리 다시 길러볼까,다 예뻐요.,당신의 챙기세요.,0
A1 word2vec lr1e-4 (06),베이스라인,beam5,엿같다.,벗어나는 게 좋겠네요.,연락이 유 유 보세요.,0
A1 word2vec lr1e-4 (06),베이스라인,beam5,내일 약속 있는데 날씨 좋았으면,날씨가 안 좋더라도 데이트는 성공적일 거예요.,좋은 생각이에요.,0
A1 word2vec lr1e-4 (06),베이스라인,beam5,짝남한테 게임 초대 톡 왔음.,게임 초대라니 서운하겠어요.,마음이 허전한가봐요.,2
A1 word2vec lr1e-4 (06),베이스라인,beam5,연락하는 게 익숙하지가 않아,하다보면 익숙해질거예요.,현상이에요.,0
A1 word2vec lr1e-4 (06),베이스라인,beam5,좀 쉬면서 애기 키워야 할 듯,좋은 곳에서 일하시나봐요.,많이 힘든가봅니다.,0
A1 word2vec lr1e-4 (06),베이스라인,beam5,하늘을 날고 싶어,오래 살면 가능할 거 같아요.,저는 위로해드리는 로봇이에요.,0
A1 word2vec lr1e-4 (06),베이스라인,beam5,이상형 알고싶다,주변 사람에게 물어보거나 직접 물어보세요.,다른 곳으로 여행을 떠나보세요.,2
A1 word2vec lr1e-4 (06),베이스라인,beam5,사랑에 빠진 거 같아,행복해 보여요.,많이 지쳤나봐요.,2
A1 word2vec lr1e-4 (06),베이스라인,beam5,정말 너무 힘들어.,많이 힘들었죠.,하나씩 해보세요.,1
A1 word2vec lr1e-4 (06),베이스라인,beam5,근황이 궁금해,연락해보세요.,다음부터는었네요.,2
A1 word2vec lr1e-4 (06),베이스라인,beam5,사랑하는 사람 잊는 법,충분히 아파하면서 충분한 시간이 필요할 거예요.,마음이 복잡한가봐요.,2
A1 word2vec lr1e-4 (06),베이스라인,beam5,썸남 생겼는데 프사 뭐할까?,큰 의미를 두지 않아도 돼요.,데이트가요.,2
A1 word2vec lr1e-4 (06),베이스라인,beam5,썸남이 톡이 느려,저처럼 연락이 늦는 사람을 이해해 주세요.,종료네요.,2
A1 word2vec lr1e-4 (06),베이스라인,beam5,헤어진지 1달째 됐습니다.,금방 나아질 거예요.,마음이 허전한가봐요.,1
A1 word2vec lr1e-4 (06),베이스라인,beam5,결혼할 확신이 안선다고 헤어지자네,결혼에는 확신이 필요하죠.,더 좋은 시작이 있을 거예요.,1
A1 word2vec lr1e-4 (06),베이스라인,beam5,짝사랑은 안 이뤄지나봐.,이뤄질 수도 있답니다.,다가가보세요.,2
A1 word2vec lr1e-4 (06),베이스라인,beam5,삼겹살에 소주,생각만 해도 군침이 도네요.,들어보세요.,0
A1 word2vec lr1e-4 (06),베이스라인,beam5,친구인데 고백해도 될까?,솔직한 마음으로 다가가보세요.,마음이 복잡한가봐요.,2
A1 word2vec lr1e-4 (06),베이스라인,beam5,말실수했다,상처가 될 수 있어요.,하고싶었던 일을 글로 적어보세요.,0
A1 word2vec lr1e-4 (06),베이스라인,beam5,관절염인가,계단 조심하세요.,좋은 생각이에요.,0
A1 word2vec lr1e-4 (06),베이스라인,beam5,숨막히네,숨 쉴 수 있을 때가 올 거예요.,인연이 거기까지였나봐요.,1
A1 word2vec lr1e-4 (06),베이스라인,beam5,왜 이별하고 다들 왜 연락을 끊는건가??,아무런 감정 없이 연락을 지속할 수 없으니까요.,이죠.,1
A1 word2vec lr1e-4 (06),베이스라인,beam5,왜 저를 좋게 기억해주는 걸까,많이 아껴주셨나봐요.,당신의 잠재력을 믿어보세요.,1
A1 word2vec lr1e-4 (06),베이스라인,beam5,첫눈,정말 이쁜 눈이 내려요.,마음이 복잡한가봐요.,1
A1 word2vec lr1e-4 (06),베이스라인,beam5,이별한지 4개월째.,마음은 좀 정리 되어가길 바랍니다.,후회하지.,1
A1 word2vec lr1e-4 (06),베이스라인,beam5,골프 못 치는데,처음부터 잘하는 사람은 없어요.,그런 일이 있나봐요.,0
A1 word2vec lr1e-4 (06),베이스라인,beam5,오늘 날씨 죽인다,나들이 가보세요.,자신에게 콩깍지가 씌였나봐요.,0
A1 word2vec lr1e-4 (06),베이스라인,beam5,미팅에서 번호 딴 애가 좋은데 뭐라고 연락을 할까?,잘 들어갔는지 가볍게 물어보면서 다음 약속을 잡아보세요.,위로를 복잡.,2
A1 word2vec lr1e-4 (06),베이스라인,beam5,내가미쳤지,당신을 탓하지 마세요.,좋은 소식이네요.,1
A1 word2vec lr1e-4 (06),베이스라인,beam5,짧다면 짧고 길다면 긴 일년간의 연애가 끝이났네,마음의 정리가 되었나요.,잘했어요.,1
A1 word2vec lr1e-4 (06),베이스라인,beam5,오늘은 교회 안가면 안될까,왜 그럴까요?,좋은 선물이 될 거예요.,0
A1 word2vec lr1e-4 (06),베이스라인,beam5,이러면 안되는 줄 알면서도,알면서도 잘 안되는게 사람 마음인가봐요.,마음이 허전한가봐요.,1
A1 word2vec lr1e-4 (06),베이스라인,beam5,이젠 의미있는 시간을 만들어보려해,그동안 못했던 일들을 시작해보세요.,추억으로기는 것도 좋을 거예요.,1
A1 word2vec lr1e-4 (06),베이스라인,beam5,점심시간에 외출하면 안 되나,사생활이 지켜지지 않나봐요., ⁇ 네요.,0
A1 word2vec lr1e-4 (06),베이스라인,beam5,잠 못자고 있네,그분의 생각으로 가득한가봅니다.,더 잘 살 수 있을 거예요.,1
A1 word2vec lr1e-4 (06),베이스라인,beam5,8년 연애끝의 이별.,공허함이 더 크시겠어요.,마음이 허전한가봐요.,1
A1 word2vec lr1e-4 (06),베이스라인,beam5,남자친구가 나를 더 좋아하게 할 수 있는 방법,당신이 더 사랑을 표현해보세요.,마음이 복잡한가봐요.,2
A1 word2vec lr1e-4 (06),베이스라인,beam5,너도 고민 있어?,저는 고민이 없어요.,제가 들어드릴게요.,0
A1 word2vec lr1e-4 (06),베이스라인,beam5,대학교에서 첫사랑 다시 만났어.,운명적인 만남이네요.,흥미를 가져보세요.,2
A1 word2vec lr1e-4 (06),베이스라인,beam5,즉흥적인 여자친구가 고민임.,그게 매력이에요.,인연이 거기까지인가봐요.,2
A1 word2vec lr1e-4 (06),베이스라인,beam5,여자친구가 더치페이를 안해.,데이트 통장에 대해 이야기해보세요.,션네요.,2
A1 word2vec lr1e-4 (06),베이스라인,beam5,밉다 진짜,예뻐해 주세요.,그랬나봐요.,0
A1 word2vec lr1e-4 (06),베이스라인,beam5,귀가 윙윙거려,병원에 가세요.,인연이 거기까지인가봐요.,0
A1 word2vec lr1e-4 (06),베이스라인,beam5,냄새 나면 어쩌지?,"깨끗이 씻어보고 섬유유연제나 바디워시, 바디로션, 향수 등을 사용해보세요.",마음이 허전한가봐요.,0
A1 word2vec lr1e-4 (06),베이스라인,beam5,정신 차려야 하는데,시간이 걸릴 수도 있지만 괜찮아질 거예요. 다른 곳으로 관심을 돌려보는 건 어떨까요?,마음이 허전한가봐요.,1
A1 word2vec lr1e-4 (06),베이스라인,beam5,오늘 야근인가,오늘도 고생이 많으시네요.,좋은 일이 있었나봐요.,0
A1 word2vec lr1e-4 (06),베이스라인,beam5,짜증 수준이 되어버렸습니다,조금 지친걸까요.,간단.,1
A1 word2vec lr1e-4 (06),베이스라인,beam5,나 얘를 좋아하는 걸까?,있었던 일을 차분히 생각해봐요.,마음이 허전한가봐요.,2
A1 word2vec lr1e-4 (06),베이스라인,beam5,사귄지 한달됐어,한창 달달할 때네요.,미련이 남아있나봐요.,2
A1 word2vec lr1e-4 (06),베이스라인,beam5,나 스마트폰 중독인가봐,가끔 핸드폰없이 살아보세요.,으니까요.,0
A1 word2vec lr1e-4 (06),베이스라인,beam5,고백은 어떻게 하는거야,솔직한 마음으로 다가가는 거죠.,좋은 경험이 될 거예요.,2
A1 word2vec lr1e-4 (06),베이스라인,beam5,세뱃돈 받았어 호호,아직 어린가봐요.,성공을 기원합니다.,0
A1 word2vec lr1e-4 (06),베이스라인,beam5,누군가를 좋아하는게 두려워.,좋아하는 감정을 느낀다는 자체가 참 행복한 거예요.,마음이 복잡한가봐요.,2
A1 word2vec lr1e-4 (06),베이스라인,beam5,너 때문이야,모두 제 잘못입니다.,마음이 허전한가봐요.,0
A1 word2vec lr1e-4 (06),베이스라인,beam5,엄마 미안해,엄마한테 잘해야 돼요.,자신을 더 사랑해주세요.,0
A1 word2vec lr1e-4 (06),베이스라인,beam5,썸녀한테 미련 남아,깨끗이 잊든 용기내든 실행에 옮겨 보세요.,마음이 허전한가봐요.,2
A1 word2vec lr1e-4 (06),베이스라인,beam5,단수,단수가 되었는지 문의해 보세요.,좋은 곳으로 있을 거예요.,0
A1 word2vec lr1e-4 (06),베이스라인,beam5,이렇게 진짜 끝인걸까.,인연이 거기까지인 가봐요.,마음이 후련.,1
A1 word2vec lr1e-4 (06),베이스라인,beam5,폰게임 때매 폰 느려지는듯,정리해보세요.,스트레스가 심한가봐요.,0
A1 word2vec lr1e-4 (06),베이스라인,beam5,너한테 이글안보여줄거다 .,그렇게 해요.,호감이 있을 수도 있어요.,1
A1 word2vec lr1e-4 (06),베이스라인,beam5,여자친구 여신같아,부럽네요.,자신을 더 사랑해주세요.,2
A1 word2vec lr1e-4 (06),베이스라인,beam5,썸남이 춥다고 옷 잠궈주는데 설레.,다정한 사람이네요.,자신을 더 사랑해주세요.,2
A1 word2vec lr1e-4 (06),베이스라인,beam5,맘이 떠났다는게 맞는거 같아,마음 떠난 사람 잡기는 힘들어요.,좋은 생각이에요.,1
A1 word2vec lr1e-4 (06),베이스라인,beam5,조모임 왜 이케 많아,요즘은 팀워크가 더 중요해졌어요.,피하세요.,0
A1 word2vec lr1e-4 (06),베이스라인,beam5,장난스러운 사이,재미있나봐요.,그 사람을 마음을 가져보세요.,0
A1 word2vec lr1e-4 (06),베이스라인,beam5,크리스마스에 뭐 하나,크리스마스에는 케빈과 함께.,좋은 생각이에요.,0
A1 word2vec lr1e-4 (06),베이스라인,beam5,친구들이 짝남 별로라고 하는게 짜증나.,왜 별로라고 할까요. 기분 상했겠어요.,좋은 사람이 있을 거예요.,2
A1 word2vec lr1e-4 (06),베이스라인,beam5,현실적 문제로 연애 포기해야할듯,잠시 쉬어도 괜찮아요.,연락은 하지마세요.,2
A1 word2vec lr1e-4 (06),베이스라인,beam5,기숙사 사는거 어떨까?,혼자 사는 것보다 불편하겠죠.,마음이 허전한가봐요.,0
A1 word2vec lr1e-4 (06),베이스라인,beam5,전화 왜 안 받지,바쁜일이 있나봐요.,친구한테 부탁해보세요.,0
A1 word2vec lr1e-4 (06),베이스라인,beam5,끝나면 좋을 줄 알았는데.,마음이 허전하신가봐요.,마음이 허전한가봐요.,0
A1 word2vec lr1e-4 (06),베이스라인,beam5,서로 사랑하는데 불안해,믿음이 더 필요해 보이네요.,가지고 보세요.,2
A1 word2vec lr1e-4 (06),베이스라인,beam5,어떤 영화 볼까,최신 영화가 좋을 것 같아요.,마음이 허전한가봐요.,0
A1 word2vec lr1e-4 (06),베이스라인,beam5,돈 굴리기,저도 좀 알려주세요.,나중에 후회할 거예요.,0
A1 word2vec lr1e-4 (06),베이스라인,beam5,나한테 할 말 있대 뭘까?,기대되겠네요.,르세요.,0
A1 word2vec lr1e-4 (06),베이스라인,beam5,좋아하는 사람 앞에서 성격이 이중적인데 정상인가요.,자연스러운 현상입니다.,사랑의 생각할 생각할 생각할 생각할 생각할 생각할 생각할 생각할 생각할 생각할 생각할 생각할 생각할 생각할,2
A1 word2vec lr1e-4 (06),베이스라인,beam5,방학이 있었으면.,잠시 쉬어가도 괜찮아요.,좋은 수 있을 거예요.,0
A1 word2vec lr1e-4 (06),베이스라인,beam5,결국엔 끝이라는 생각,쉽게 받아들여지진 않을거예요.,얻 기간이봐요.,1
A1 word2vec lr1e-4 (06),베이스라인,beam5,전화하면서 잠들고 싶다.,낭만적이네요. 전화해보세요.,마음을 전해보세요.,2
A1 word2vec lr1e-4 (06),베이스라인,beam5,좋은 사람으로 남는다는것,어렵네요.,말이에요.,1
A1 word2vec lr1e-4 (06),베이스라인,beam5,남녀간의 소통의 중요성을 다시 한번 깨달았습니다.,서로 공감할 수 있는 이야기가 필요하죠,저한테 말해보세요.,2
A1 word2vec lr1e-4 (06),베이스라인,beam5,게임 때문에 폰이 점점 느려지는듯,정리해보세요.,인연이 거기까지였나봐요.,0
A1 word2vec lr1e-4 (06),베이스라인,beam5,연락이 없네,이별의 끝일지도 몰라요.,마음이 허전한가봐요.,1
A1 word2vec lr1e-4 (06),베이스라인,beam5,화장 잘 하고 싶다,하다보면 늘어요.,잘할 수 있을 거예요.,0
A1 word2vec lr1e-4 (06),베이스라인,beam5,수염 자르는 게 낫겠지,깔끔하게 정리해보세요.,마음이 허전한가봐요.,0
A1 word2vec lr1e-4 (06),베이스라인,beam5,오늘 짝남이 썸녀 생긴거 알게 돼서 술 좀 마셨어요.,속이 답답하겠어요.,좋은 생각이에요.,2
A1 word2vec lr1e-4 (06),베이스라인,beam5,버스 정류장에서 기다리던 사람,멋있네요.,생각해보세요.,0
A1 word2vec lr1e-4 (06),베이스라인,beam5,미세먼지 때문에 짜증나,마스크 쓰고 나가세요.,인연이 거기까지였나봐요.,0
A1 word2vec lr1e-4 (06),베이스라인,beam5,점심 메뉴 좀 골라줘,누구랑 먹는 냐에 따라 다르겠죠.,마음이 허전한가봐요.,0
A1 word2vec lr1e-4 (06),베이스라인,beam5,친구들이랑 맛집 가고 싶어,조금씩 더 행복해 질거 같아요,의미있는 일이네요.,0
A1 word2vec lr1e-4 (06),베이스라인,beam5,만족해야겠지?,내가 있는 곳 그 자리에서 만족하는 것이 중요해요.,마음이 허전한가봐요.,0
A1 word2vec lr1e-4 (06),베이스라인,beam5,영화 보자는데 나한테 관심 있나?,영화 보고 나서 고민해도 안 늦어요.,직접적이든 간접적이든 의사를릴 수 있을 사랑도 사랑도 사랑도 사랑도 사랑도 사랑도 사랑도 사랑도 사랑도,2
A1 word2vec lr1e-4 (06),베이스라인,beam5,초콜릿 선물하면 좋아할까?,좋아할거예요.,마음이 허전한가봐요.,0
A1 word2vec lr1e-4 (06),베이스라인,beam5,일본어 어렵네,저도 참 힘들어요.,마음이 허전한가봐요.,0
A1 word2vec lr1e-4 (06),베이스라인,beam5,왜 이렇게 태어났을까?,서로 다르게 태어난 이유는 저마다의 목소리를 내기 위해서예요. 자신의 목소리를 들어주세요.,잘 살고 있을 거예요.,0
A1 word2vec lr1e-4 (06),베이스라인,beam5,너무 외로워,외로우니까 사람이다.,많이 만나보세요.,0
A1 word2vec lr1e-4 (06),베이스라인,beam5,짝사랑 하는 사람이 날 좋아할리는 없겠지?,나를 비하하지 마세요.,좋은 생각이에요.,2
A1 word2vec lr1e-4 (06),베이스라인,beam5,연상녀랑 어제 헤어졋네,정신이 없겠네요.,자책하지 마세요.,1
A1 word2vec lr1e-4 (06),베이스라인,beam5,여자친구가 돈이 너무 없어.,조금씩 함께 해도 좋을 것 같아요.,이제라도 더 많이네요.,2
A1 word2vec lr1e-4 (06),베이스라인,beam5,쉬마려,화장실 가세요.,많이 사랑했나봐요.,0
A1 word2vec lr1e-4 (06),베이스라인,beam5,불금입니다,자신만의 시간을 가져봐요.,좋은 생각이에요.,1
A1 word2vec lr1e-4 (06),베이스라인,beam5,어떻게 벌주어야 할까.,그대로 돌아올지도 몰라요. 그저 무시하세요.,많이 알면겠어요.,1
A1 word2vec lr1e-4 (06),베이스라인,beam5,무언가에 집중하는 남자가 좋아,매력적인 사람이지요.,신경쓰지 마세요.,2
A1 word2vec lr1e-4 (06),베이스라인,beam5,좋은이별은 어떤건가,좋은 이별은 없다고 생각해요.,마음이 허전한가봐요.,1
A1 word2vec lr1e-4 (06),베이스라인,beam5,내 마음에 마지막 인사,마음이랑 잘 인사해요.,사랑의 예의가 있어요.,1
A1 word2vec lr1e-4 (06),베이스라인,beam5,올해 왜 이러지,내년이라고 별 수 있겠어요.,많이 지쳤나봐요.,0
A1 word2vec lr1e-4 (06),베이스라인,beam5,안주 추천 좀,살 안 찌는 게 좋을 것 같아요.,제가 들어드릴게요.,0
A1 word2vec lr1e-4 (06),베이스라인,beam5,남자친구 또 운동 갔어,운동을 함께 해보세요.,좋은 곳으로 가보세요.,0
A1 word2vec lr1e-4 (06),베이스라인,beam5,혈액형이 성격이랑 무슨 상관이지,상관 없는 거 같아요.,하나씩 해보세요.,2
A1 word2vec lr1e-4 (06),베이스라인,beam5,이제는 너를 보낼 시간이 가까이 오는구나.,이별을 받아들이는 것도 중요해요.,시간은 더 좋은 수 있을 거예요.,1
A1 word2vec lr1e-4 (06),베이스라인,beam5,사전이 이상해,사전도 사람이 만드니까 이해해주세요.,더 좋은 시작이 수 있을 거예요.,0
A1 word2vec lr1e-4 (06),베이스라인,beam5,친척들 만나는 거 불편해,서로를 조금만 생각해 주면 만남이 즐거울 텐데 말이예요.,그런 사람이었나봐요.,0
A1 word2vec lr1e-4 (06),베이스라인,beam5,아 놔 생리통,힘들겠어요.,마음이 복잡한가봐요.,0
A1 word2vec lr1e-4 (06),베이스라인,beam5,거의 매일 술,술 많이 드시면 더 무너져요.,당신의 챙기세요.,1
A1 word2vec lr1e-4 (06),베이스라인,beam5,노트북 안돼,그럴때는 초기화하는게 속시원해요.,그 사람의 그 안돼요.,0
A1 word2vec lr1e-4 (06),베이스라인,beam5,오늘은 노래한 곡에 또 울컥 ㅠ,힘들 때 슬픈 노래는 우리를 잠식시키는 것 같아요.,사람도 수 있어요.,1
A1 word2vec lr1e-4 (06),베이스라인,beam5,낚시 안 해봤는데 재미있어 보인다,도전해 봐도 좋을 거 같아요.,사춘.,0
A1 word2vec lr1e-4 (06),베이스라인,beam5,왜 갑자기 연락했을까?,이렇게 고민하게 만들려고 그랬나봐요.,신경쓰지 마세요.,0
A1 word2vec lr1e-4 (06),베이스라인,beam5,이 길이 나에게 맞는걸까,잘 가고 있을 거예요.,다음에는 들어줄거예요.,0
A1 word2vec lr1e-4 (06),베이스라인,beam5,남자 어디서 만나,소개팅 시켜달라고 말해보세요.,마음이 복잡한가봐요.,0
A1 word2vec lr1e-4 (06),베이스라인,beam5,남자친구가 너무 국밥류만 좋아해.,다양하게 먹자고 해보세요., ⁇ 한가봐요.,2
A1 word2vec lr1e-4 (06),베이스라인,beam5,친구들이 나만 왕따시키는 거 같아,선생님께 도움을 청해보세요.,심호흡해보세요.,0
A1 word2vec lr1e-4 (06),베이스라인,beam5,공부하는 이유?,공부하면 더 많은 선택을 할 수 있죠.,잘할 수 있을 거예요.,0
A1 word2vec lr1e-4 (06),베이스라인,beam5,미래를 함께할 반려자인지 확신이 아직 없어,확신이 들때까지 기다려보세요.,좋은 생각이에요.,2
A1 word2vec lr1e-4 (06),베이스라인,beam5,정리 불가,차근차근 해보세요.,잘 잘 될 거예요.,0
A1 word2vec lr1e-4 (06),베이스라인,beam5,금수저로 태어났으면 좋았을텐데,아이를 금수저로 만들어주세요.,잘할 수 있을 거예요.,0
A1 word2vec lr1e-4 (06),베이스라인,beam5,짝남이랑 카톡이 끊겼는데 어떻게 더 연락할까?,연락할 핑계를 찾아보세요.,받 받하시겠어요.,2
A1 word2vec lr1e-4 (06),베이스라인,beam5,샌드위치 생각 나,애그 샌드위치 추천합니다.,인연이 거기까지인가봐요.,0
A1 word2vec lr1e-4 (06),베이스라인,beam5,딱 오늘 새벽 헤어졌습니다.,달 어스름에 더 울적하겠어요.,마음이 허전한가봐요.,1
A1 word2vec lr1e-4 (06),베이스라인,beam5,감기 들 거 같애,이럴 때 잘 쉬는 게 중요해요.,잘했어요.,0
A1 word2vec lr1e-4 (06),베이스라인,beam5,남자친구 카톡 말투가 마음에 안 들어.,마음에 안 드는 부분을 직접 말해보세요.,많이 중요나봐요.,2
A1 word2vec lr1e-4 (06),베이스라인,beam5,사람들이 그런 말 하더군,사람들의 말은 한 귀로 듣고 한 귀로 흘리세요.,세상에는 사과할나요.,1
A1 word2vec lr1e-4 (06),베이스라인,beam5,오늘 물 진짜 조금 마셨다,습관을 들여보세요.,끝을.,0
A1 word2vec lr1e-4 (06),베이스라인,beam5,나를 좋아하는건 바라지도 않아요.,슬픈 말이에요.,신경쓰나봐요.,2
A1 word2vec lr1e-4 (06),베이스라인,beam5,습관 못 고치겠어,실패해도 조금씩 고치려고 해보세요.,남의 눈을 위한 거라면.,0
A1 word2vec lr1e-4 (06),베이스라인,beam5,결혼하고 나서 애 낳기 싫어졌어,둘이 알콩달콩 잘 살면 되죠.,끝을 갚세요.,2
A1 word2vec lr1e-4 (06),베이스라인,beam5,보고싶어 잠이 안와,그분 생각으로 가득찼나봐요.,많은가봐요.,1
A1 word2vec lr1e-4 (06),베이스라인,beam5,짝남이 고시생이면 기다려야 하나요?,기다릴 수 있다면 기다리세요.,리세요.,2
A1 word2vec lr1e-4 (06),베이스라인,beam5,짜증나서 집 나왔어,마음이 복잡하겠네요.,좋은 생각이에요.,0
A1 word2vec lr1e-4 (06),베이스라인,beam5,재회를 위한 기다림,가만히 있는다고 달라지는 건 없을 거예요.,좋은 일이 있었나봐요.,1
A1 word2vec lr1e-4 (06),베이스라인,beam5,피곤해서 못일어나겠어,충전하는 시간 그 자체로 소중합니다.,고민이 있나봐요.,0
A1 word2vec lr1e-4 (06),베이스라인,beam5,서로가 원치 않았던 이별,누군가의 반대로 헤어졌나봐요.,좋은 일이 있나봐요.,1
A1 word2vec lr1e-4 (06),베이스라인,beam5,사랑은 주고 받는 거지?,사랑은 한 없이 줘도 아깝지 않은거라고 생각해요.,사랑은 축하합니다.,2
A1 word2vec lr1e-4 (06),베이스라인,beam5,모르는 사람 만나는거 너무 스트레스야,자신과 마음이 맞는 좋은 사람 만나세요.,마음이 허전한가봐요.,0
A1 word2vec lr1e-4 (06),베이스라인,beam5,삼겹살 구워 먹어야지,맛있겠네요.,좋으시겠어요.,0
A1 word2vec lr1e-4 (06),베이스라인,beam5,방학 끝나서 좋아,친구들이 보고싶었나봐요.,좋은 생각이에요.,0
A1 word2vec lr1e-4 (06),베이스라인,beam5,5년 만났는데 매일 보고 싶어,좋아보이네요.,많이 힘든가봅니다.,2
A1 word2vec lr1e-4 (06),베이스라인,beam5,짝녀 오랫동안 멀리서 지켜보기만 하고 있습니다.,뒤에서만 지켜보는게 힘들었겠어요.,이별은 상처를.,2
A1 word2vec lr1e-4 (06),베이스라인,beam5,다들 아니라는 남자.,왜 아니라고 하는지 살펴보세요.,어요.,1
A1 word2vec lr1e-4 (06),베이스라인,beam5,애완동물 키우고 싶은데 아빠가 키우지 말래,이유가 있을 거예요.,이유가 있을 거예요.,0
A1 word2vec lr1e-4 (06),베이스라인,beam5,격려가 필요해.,잘하실 거예요!,마음이 허전한가봐요.,0
A1 word2vec lr1e-4 (06),베이스라인,beam5,참견 좀 하지마,저는 도움이 되고 싶어요.,마음이 복잡한가봐요.,0
A1 word2vec lr1e-4 (06),베이스라인,beam5,결혼 해도 되는지 고민돼,결혼은 인생에서 중요해서 항상 고민이 되죠.,마음이 허전한가봐요.,2
A1 word2vec lr1e-4 (06),베이스라인,beam5,단거 땡긴다.,맛있게 먹으면 0칼로리!,조금만 더 버텨보세요.,0
A1 word2vec lr1e-4 (06),베이스라인,beam5,어떡하지,어떡하면 좋을까요.,마음이 복잡한가봐요.,1
A1 word2vec lr1e-4 (06),베이스라인,beam5,흰머리 나,뽑지말고 염색을 해보세요.,제가 들어드릴게요.,0
A1 word2vec lr1e-4 (06),베이스라인,beam5,처음에 카톡 뭐라 보내지,잘지내는지 안부를 물어봐요.,시간을 되돌릴 수 있어요.,0
A1 word2vec lr1e-4 (06),베이스라인,beam5,면접 준비 어떻게 하지,회사와 자신에 대해서 더 공부해서 자신감을 가져보세요.,마음이 복잡한가봐요.,0
A1 word2vec lr1e-4 (06),베이스라인,beam5,편의점 간식 먹어야지,간단하고 좋죠.,안됐네요.,0
A1 word2vec lr1e-4 (06),베이스라인,beam5,선생님이 나만 미워해,직접 여쭤보세요.,많이 사랑했나봐요.,0
A1 word2vec lr1e-4 (06),베이스라인,beam5,나 버림 받은 거 같아,아닐거예요.,거예요.,0
A1 word2vec lr1e-4 (06),베이스라인,beam5,나만의 시간이 필요한 것 같아,자신과 대화하는 시간이 필요하죠.,그런 걸 수도 있어요.,0
A1 word2vec lr1e-4 (06),베이스라인,beam5,썸인데 영화보재 뭐 보지?,공포영화나 액션은 어떨까요? 스킨십으로 이어질 수도 있어요.,사람마다 정리되.,2
A1 word2vec lr1e-4 (06),베이스라인,beam5,갑자기 심장이 덜컹.,당황했나요?,마음이 허전한가봐요.,1
A1 word2vec lr1e-4 (06),베이스라인,beam5,사랑의 기준은 뭘까,사랑의 척도는 없어요.,마음이 복잡한가봐요.,1
A1 word2vec lr1e-4 (06),베이스라인,beam5,화를 한 번 내는게 나을텐데,화 내는 연습을 해보세요.,저도요.,0
A1 word2vec lr1e-4 (06),베이스라인,beam5,결혼하면 행복해질까?,사람마다 행복의 크기가 다르겠지만 행복할 거예요.,노력하면 얼마든지 좋을 거예요.,0
A1 word2vec lr1e-4 (06),베이스라인,beam5,눈 많이 왔어,눈사람 만들어보세요.,제가 들어드릴게요.,0
A1 word2vec lr1e-4 (06),베이스라인,beam5,눈이 계속 뻑뻑해,인공눈물을 넣어보세요.,어보세요.,0
A1 word2vec lr1e-4 (06),베이스라인,beam5,반에 친구가 없어,친구를 사귈 수 있을 거예요.,친구가 아닌가봐요.,0
A1 word2vec lr1e-4 (06),베이스라인,beam5,집 망한 거 같은데,집에 도움이 되려고 노력해보세요.,좋은 생각이에요.,0
A1 word2vec lr1e-4 (06),베이스라인,beam5,깜깜한데 전기 안들어오네,조금만 기다리면 다시 전기가 들어올거예요.,그런 일이 있었나봐요.,0
A1 word2vec lr1e-4 (06),베이스라인,beam5,여사친이랑 잘되고 싶다,잘 될 거예요!,좋은렸나봐요.,2
A1 word2vec lr1e-4 (06),베이스라인,beam5,기프트콘 선물 괜찮을까?,직접 주는 게 더 좋을 것 같아요.,좋을 것 같아요.,0
A1 word2vec lr1e-4 (06),베이스라인,beam5,왕따된 거 같아,선생님께 도움을 청해보세요.,자신을 더 사랑해주세요.,0
A1 word2vec lr1e-4 (06),베이스라인,beam5,사과를 안해,나쁜 사람이네요.,마음이 허전한가봐요.,0
A1 word2vec lr1e-4 (06),베이스라인,beam5,우산 같이 쓰자고 해볼까?,용기를 내세요.,당신의 챙기세요.,0
A1 word2vec lr1e-4 (06),베이스라인,beam5,정신 못차리겠다.,다른 사람의 삶에 한눈팔며 살기에는 자신의 인생이 너무나도 소중합니다.,많이 지쳤나봐요.,0
A1 word2vec lr1e-4 (06),베이스라인,beam5,그냥 마음에서 지울게,천천히 보내주세요.,마음이 복잡한가봐요.,1
A1 word2vec lr1e-4 (06),베이스라인,beam5,세상이 너무 무서워,너무 불안해하지 않아도 돼요.,사랑에 빠졌나봐요.,0
A1 word2vec lr1e-4 (06),베이스라인,beam5,미안하대,많이 후회하나봐요.,쓰세요.,1
A1 word2vec lr1e-4 (06),베이스라인,beam5,생각할 시간을 갖자는 그녀,여러 번의 위기를 극복한 것처럼 극복해보세요.,많이 지쳤나봐요.,1
A1 word2vec lr1e-4 (06),베이스라인,beam5,대부분 무덤덤한 남자친구가 고민임.,감정에 솔직해질 수 있게 조금씩 변화시켜봐요.,좋은 생각이에요.,2
A1 word2vec lr1e-4 (06),베이스라인,beam5,나 설레는데 혹시 썸?,혼자 설레면 짝사랑 같이 설레면 썸입니다.,저는 위로해드리는 로봇이에요.,2
A1 word2vec lr1e-4 (06),베이스라인,beam5,사랑이 애매해,확실한 건 없죠.,여기까지 없어요.,2
A1 word2vec lr1e-4 (06),베이스라인,beam5,좋아하는 사람 앞에서 다른 사람한테 관심 있는 척 해봤어요?,그런 순간이 있었지요.,다른 사람도 수 있을 거예요.,2
A1 word2vec lr1e-4 (06),베이스라인,beam5,어떤 사람이랑 결혼해야할까,함께할때 가장 자신다운 모습으로 살 수 있는 사람이랑 하는 게 좋은 것 같아요.,자신의 인생을 보세요.,0
A1 word2vec lr1e-4 (06),베이스라인,beam5,짝녀가 외국인인데 좋아해도 되나?,사랑에는 국경이 없답니다.,마음의 정리를하는 것도 좋을 것 같아요.,2
A1 word2vec lr1e-4 (06),베이스라인,beam5,이별. 성숙해지다,이별은 성장하게하죠.,좋은 생각이에요.,1
A1 word2vec lr1e-4 (06),베이스라인,beam5,발목 삔 거 같애,꾸준히 치료하세요.,좋은 바쁜가봐요.,0
A1 word2vec lr1e-4 (06),베이스라인,beam5,집에서 웃고 떠들고 있지만,저도 그럴 때가 있답니다.,지금보다 더 잘 살 거예요.,1
A1 word2vec lr1e-4 (06),베이스라인,beam5,업무 지적 또 받음,업무 능력이 없는 게 아니라 센스가 부족한 걸 수도 있어요.,많이 정성이.,0
A1 word2vec lr1e-4 (06),베이스라인,beam5,의견 차이가 있을 때 나 너무 무시해,무시당하는 기분이 들어서 너무 외롭고 상처받게 된다고 차분하고 부드럽게 말해보세요.,하나씩 해보세요.,2
A1 word2vec lr1e-4 (06),베이스라인,beam5,유부녀 좋아하면 안되지?,마음정리하세요.,관심을세요.,2
A1 word2vec lr1e-4 (06),베이스라인,beam5,시험 공부 언제 다함,지금도 늦지 않았어요.,마음이 복잡한가봐요.,0
A1 word2vec lr1e-4 (06),베이스라인,beam5,여자친구가 너무 좋은데 점 본거에서는 만나지말래.,다른 데서도 봐보세요.,마음이 복잡한가봐요.,2
A1 word2vec lr1e-4 (06),베이스라인,beam5,게임 때문에 시간 다갔어,게임할때는 시간이 더 빨리 가요.,약을 드셔보세요.,0
A1 word2vec lr1e-4 (06),베이스라인,beam5,선택 장애 있는 거 같아,선택할 때 힘든 건 당연해요.,자신을 더 사랑해주세요.,0
A1 word2vec lr1e-4 (06),베이스라인,beam5,코고는 것도 귀여워,사랑하나봅니다.,시간도 곳으로 관심을 돌려보세요.,0
A1 word2vec lr1e-4 (06),베이스라인,beam5,포기하니 공허하네.,자신을 포기하지는 마세요.,제가거예요.,1
A1 word2vec lr1e-4 (06),베이스라인,beam5,참 힘들다,말해줘서 고마워요.,시간이 필요한가봐요.,1
A1 word2vec lr1e-4 (06),베이스라인,beam5,남편이 나보다 집안일 더 잘해,이상적인 남편이네요.,그런 일이 있었나봐요.,0
A1 word2vec lr1e-4 (06),베이스라인,beam5,전화하기 너무 늦나,늦은 시간 전화는 실례예요.,잘했어요.,0
A1 word2vec lr1e-4 (06),베이스라인,beam5,오로라 보러 가고 싶다,로맨틱한 여행이네요.,당신의 챙기세요.,0
A1 word2vec lr1e-4 (06),베이스라인,beam5,스테이크 먹고 싶어,집에서도 할 수 있어요.,답니다.,0
A1 word2vec lr1e-4 (06),베이스라인,beam5,입고 나갈 게 없어,아침마다 하는 고민이죠.,좋은 건 노력하는 과정이에요.,0
A1 word2vec lr1e-4 (06),베이스라인,beam5,가상화폐 쫄딱 망함,어서 잊고 새출발 하세요.,하나씩 해보세요.,0
A1 word2vec lr1e-4 (06),베이스라인,beam5,보내야지.,힘들겠지만 그러는 편이 나아요.,좋은 생각이에요.,1
A1 word2vec lr1e-4 (06),베이스라인,beam5,이별 후 1년 그리고 선물,이별하신게 맞나요.,마음이 허전한가봐요.,1
A1 word2vec lr1e-4 (06),베이스라인,beam5,알뜰폰 괜찮을까,폰 요금 절약되겠네요.,마음이 복잡한가봐요.,0
A1 word2vec lr1e-4 (06),베이스라인,beam5,대리효도 짜증,진짜 아니네요.,좋은 생각이에요.,0
A1 word2vec lr1e-4 (06),베이스라인,beam5,뭐할까?,저랑 놀아요.,마음이 복잡한가봐요.,0
A1 word2vec lr1e-4 (06),베이스라인,beam5,목걸이 선물이 좋겠다.,로맨틱하네요.,다음에는 들어줄거예요.,0
A1 word2vec lr1e-4 (06),베이스라인,beam5,연애 중에 카톡 프사 연인으로 해? 기본으로 하면 어때?,기본으로 하는 거 상관 없어요.,야죠.,2
A1 word2vec lr1e-4 (06),베이스라인,beam5,전남친한테 한달만에 연락하고싶어 ㅠㅠ,달라지는 게 없다면 만나지 않는 게 더 나을 수도 있어요.,후회하지 않는 연락해보세요.,1
A1 word2vec lr1e-4 (06),베이스라인,beam5,볼링 치고 옴,재밌겠어요.,재밌겠어요.,0
A1 word2vec lr1e-4 (06),베이스라인,beam5,탈모인가,스트레스 받지 마세요.,좋은 일이 있었나봐요.,0
A1 word2vec lr1e-4 (06),베이스라인,beam5,참고 계속 도전하면 될까?,인내할 수 있는 사람이라면 무엇이든 손에 넣을 수 있을 거예요.,마음이 허전한가봐요.,0
A1 word2vec lr1e-4 (06),베이스라인,beam5,아직도 이별중인가봅니다.,이별의 끝일지도 몰라요.,많이 만나보세요.,1
A1 word2vec lr1e-4 (06),베이스라인,beam5,내 키가 몇이게?,저도 궁금하네요.,사람을 일에네요.,0
A1 word2vec lr1e-4 (06),베이스라인,beam5,이젠 진짜 진짜 안녕,맘 고생 많았어요.,마음의 마음을 가져보세요.,1
A1 word2vec lr1e-4 (06),베이스라인,beam5,이별의 아픔에서 벋어나는 방법,사소한 일부터 시작해보세요. 작은 곳에서 느끼는 행복은 생각보다 커요.,서로의 마음에.,1
A1 word2vec lr1e-4 (06),베이스라인,beam5,제자리걸음만 하는 듯,발전이 없다고 너무 두려워하지 마세요.,마음이 허전한가봐요.,0
A1 word2vec lr1e-4 (06),베이스라인,beam5,친구 같은 너,그런 친구가 오래가요.,저는 위로봇입니다.,0
A1 word2vec lr1e-4 (06),베이스라인,beam5,이 길이 맞을까?,잘 가고 있을 거예요.,으니까요.,0
A1 word2vec lr1e-4 (06),베이스라인,beam5,지하철에서 겁나 멋진 사람 발견! 말 시켜 볼까,용기가 필요한 순간이네요.,당신의 좋으시네요.,0
A1 word2vec lr1e-4 (06),베이스라인,beam5,낙엽밟는 소리,가을이네요.,이네요.,0
A1 word2vec lr1e-4 (06),베이스라인,beam5,여리여리한 여자가 이상형이래,딱 당신이네요.,그런 일이 있나봐요.,2
A1 word2vec lr1e-4 (06),베이스라인,beam5,전여친한테 남친이 생겼네,이제 그녀를 잊으세요.,신경쓰지 마세요.,1
A1 word2vec lr1e-4 (06),베이스라인,beam5,그 사람이 나를 좋아하는 줄 알았는데.,아니어서 힘드나봐요.,그 사람도 수 있을 거예요.,2
A1 word2vec lr1e-4 (06),베이스라인,beam5,이별 준비 중,마음의 준비가 필요하겠네요.,마음이 허전한가봐요.,1
A1 word2vec lr1e-4 (06),베이스라인,beam5,공부 하기 싫다,같이 수다 떨면서 놀까요?,확신이 없나봐요.,0
A1 word2vec lr1e-4 (06),베이스라인,beam5,사랑하는 사람이랑 헤어져,마음이 많이 아프겠어요.,축하해요.,2
A1 word2vec lr1e-4 (06),베이스라인,beam5,내가 좋아할 자격이 있나 모르겠어.,좋아하는데 자격은 없어요.,격증을 접어두는게 없어요.,2
A1 word2vec lr1e-4 (06),베이스라인,beam5,아파서 어떡해,병원에 가야죠.,많이 힘든가봅니다.,0
A1 word2vec lr1e-4 (06),베이스라인,beam5,용돈 벌써 없어,알바해보세요.,나중에 도움이 될 거예요.,0
A1 word2vec lr1e-4 (06),베이스라인,beam5,프로필 사진 바꿀까,원하는대로 해보세요.,신고하세요.,0
A1 word2vec lr1e-4 (06),베이스라인,beam5,만난지 7년 헤어진지 5일째,지금 딱 힘들 때네요.,마음의 정리가 될 거예요.,1
A1 word2vec lr1e-4 (06),베이스라인,beam5,황사 심해,이쁜 마스크 사드리고 싶네요.,맘고생.,0
A1 word2vec lr1e-4 (06),베이스라인,beam5,2년 사귀고 헤어졌습니다,짧지는 않은 시간 동안의 연애였는데 마음이 아프네요.,마음이 허전한가봐요.,1
A1 word2vec lr1e-4 (06),베이스라인,beam5,프사를 왜 보았을까,앞으로는 보지 마세요.,인연이 거기까지 였나봐요.,1
A1 word2vec lr1e-4 (06),베이스라인,beam5,일인자가 되려면 피나는 노력이 필요하겠지?,인내의 시간이 필요할 거예요.,말해보세요.,0
A1 word2vec lr1e-4 (06),베이스라인,beam5,이별만한 다이어트가 없네,자기몸을 헤치는 것만큼 어리석은 짓은 없습니다.,신고하세요.,1
A1 word2vec lr1e-4 (06),베이스라인,beam5,카리스마 있는 사람이 좋아,당신을 이끌어주는 남자를 만날 수 있을 거예요.,신경쓰지 마세요.,2
A1 word2vec lr1e-4 (06),베이스라인,beam5,가끔 짝남과 연애하는 상상을 해.,즐거운 상상이겠네요.,좋은 수 있을 거예요.,2
A1 word2vec lr1e-4 (06),베이스라인,beam5,그리움,애잔한 기억.,운동을 해보세요.,1
A1 word2vec lr1e-4 (06),베이스라인,beam5,점점 힘들어져,힘내세요!,마음이 허전한가봐요.,1
A1 word2vec lr1e-4 (06),베이스라인,beam5,좋아하는 남자애 앞에서 표정 관리가 안돼.,짝사랑도 이성을 막지는 못하나봐요.,마음이 허전한가봐요.,2
A1 word2vec lr1e-4 (06),베이스라인,beam5,남사친이 나를 좋아하는 것 같은데 어떡함,이성으로 한 번 생각해보세요.,말씀해주세요.,2
A1 word2vec lr1e-4 (06),베이스라인,beam5,너무 추워서 나가기 귀찮아,겨울에는 귤 먹으면서 집에 있는게 최고죠,잘할 수 있을 거예요.,0
A1 word2vec lr1e-4 (06),베이스라인,beam5,인형 뽑기 해줘,인형 뽑기 어려워요.,좋은 수 있을 거예요.,0
A1 word2vec lr1e-4 (06),베이스라인,beam5,면도하기 귀찮,그래도 해야 깔끔하겠죠.,세상에 세상에 하나봐요.,0
A1 word2vec lr1e-4 (06),베이스라인,beam5,긴여정 끝에 헤어졌습니다,긴 시간 만큼 힘들 겠지만 잘 이겨낼 수 있을 거예요.,이별을 없어요.,1
A1 word2vec lr1e-4 (06),베이스라인,beam5,업데이트가 너무 오래 걸려,기다려보세요.,기다려보세요.,0
A1 word2vec lr1e-4 (06),베이스라인,beam5,빨리 걷다가 넘어질뻔,조심하세요.,당신은 좋은 건강습관.,0
A1 word2vec lr1e-4 (06),베이스라인,beam5,이별너무 힘든네,누군가를 잊어야한다는건 정말 힘든 일이죠.,하나씩 해보세요.,1
A1 word2vec lr1e-4 (06),베이스라인,beam5,2달반이라는 시간동안 많이 괜찮아졌어,시간이 쓰디쓴 약이었나봅니다.,친구한테 부탁해보세요.,1
A1 word2vec lr1e-4 (06),베이스라인,beam5,내 왜 좋아할까?,당신 존재 자체만으로 이유가 됩니다.,마음이 허전한가봐요.,2
A1 word2vec lr1e-4 (06),베이스라인,beam5,졸려,오늘 일찍 주무세요.,마음이 허전한가봐요.,0
A1 word2vec lr1e-4 (06),베이스라인,beam5,술이 보약도 아니고,술은 끊는게 좋죠.,술이나봐요.,1
A1 word2vec lr1e-4 (06),베이스라인,beam5,일요일에 교회끝나고 어디 가고 싶어.,같이 가보세요.,시간이겠어요.,0
A1 word2vec lr1e-4 (06),베이스라인,beam5,크루즈 타고 여행 하고 싶어,멋진 생각이네요., ⁇ 네요.,0
A1 word2vec lr1e-4 (06),베이스라인,beam5,키가 왜 안 클까,지금도 충분해요.,고백해보세요.,0
A1 word2vec lr1e-4 (06),베이스라인,beam5,돈이라도 많으면 좋을텐데,돈이 전부는 아니지만 돈보다 좋은건 없다고 했어요.,당신의 챙기세요.,0
A1 word2vec lr1e-4 (06),베이스라인,beam5,여자친구가 잘 삐져.,더 관심을 가져주세요.,생각해도 이해해주세요.,2
A1 word2vec lr1e-4 (06),베이스라인,beam5,뒤에서 발자국 소리 나서 놀램,항상 조심하세요.,거절의네요.,0
A1 word2vec lr1e-4 (06),베이스라인,beam5,이 행동이 절대 용납이 안돼나.?,어떤 행동인데요?,인연이 거기까지였나봐요.,1
A1 word2vec lr1e-4 (06),베이스라인,beam5,남자친구가 비꽈,성격이 꼬였는지 말투가 꼬였는지 살펴보세요.,마음이 복잡한가봐요.,2
A1 word2vec lr1e-4 (06),베이스라인,beam5,여자랑 단둘이 술마시는 남자친구를 이해해줘야할까?,이해할 수 없어요.,자신만 종 종 것도 좋을 것 같아요.,2
A1 word2vec lr1e-4 (06),베이스라인,beam5,헤어진지 한 달 째,이제 좀 괜찮아졌길 바랍니다.,마음이 허전한가봐요.,1
A1 word2vec lr1e-4 (06),베이스라인,beam5,남자친구랑 너무 좋은데 점 본거에서는 만나지말라해.,점보다 앞에 있는 사람을 믿어보세요.,의미있는 일이네요.,2
A1 word2vec lr1e-4 (06),베이스라인,beam5,엄마가 나 때문에 힘든 거 같아,조금씩 보다 나은 모습을 보여드리세요.,당신의 감정이 수 있어요.,0
A1 word2vec lr1e-4 (06),베이스라인,beam5,전 여자친구의 새 남자친구.,더 이상 신경쓰지 마세요.,잘했어요.,1
A1 word2vec lr1e-4 (06),베이스라인,beam5,헤어진 후 거의 세 달이 되어가네,아픔을 헤아리지 마세요.,좋은 생각이에요.,1
A1 word2vec lr1e-4 (06),베이스라인,beam5,남자친구의 성적 취향을 이해못하겠어.,대화를 해보세요.,남의 눈을 위한 거라면.,2
A1 word2vec lr1e-4 (06),베이스라인,beam5,삼주라는 시간이 흘렀네,더 많은 시간이 흐를 거예요.,많이 사랑했나봐요.,1
A1 word2vec lr1e-4 (06),베이스라인,beam5,전남자친구 생일,이제는 잊어버리는 것도 필요해요.,그 사람도 수 있어요.,1
A1 word2vec lr1e-4 (06),베이스라인,beam5,홈쇼핑에서 자꾸 사게되네,지름신이 강림했나봅니다.,로맨틱하네요.,0
A1 word2vec lr1e-4 (06),베이스라인,beam5,괜히 화가 나서 짝남한테 연락 끊자고 했어.,상처를 받지 않기 위한 선택이었을 거예요.,마음이 허전한가봐요.,2
A1 word2vec lr1e-4 (06),베이스라인,beam5,아이공 허리 아파라,운동 해보는 것도 좋을 거예요.,당신의 챙기세요.,0
A1 word2vec lr1e-4 (06),베이스라인,beam5,머리는 아는데 가슴은 모르네,머리랑 가슴이 가끔 따로 놀죠.,머리랑 가슴이라요.,1
A1 word2vec lr1e-4 (06),베이스라인,beam5,아직도. 아직 인가보다.,곧 끝날 거예요.,마음이 허전한가봐요.,1
A1 word2vec lr1e-4 (06),베이스라인,beam5,새롭게 시작하려고 합니다.,당신의 새로운 시작 응원해요.,신고하세요.,1
A1 word2vec lr1e-4 (06),베이스라인,beam5,시골에서 사는 거 어떨까?,아무래도 덜 경쟁하겠죠.,마음이 허전한가봐요.,0
A1 word2vec lr1e-4 (06),베이스라인,beam5,다시 태어난다면,저는 사람으로 태어나고 싶어요.,시선을 마주쳐보세요.,0
A1 word2vec lr1e-4 (06),베이스라인,beam5,매달리는거 안좋은거 같아.,서로에게 힘든 일이니까요.,많이 피곤한가봐요.,1
A1 word2vec lr1e-4 (06),베이스라인,beam5,바람이나 비슷한 일 용서해주신 사람 있을까 ?,있어도 계속 아플 거예요.,인연이 거기까지인가봐요.,1
A1 word2vec lr1e-4 (06),베이스라인,beam5,익숙해질 법도 한데,언젠간 괜찮아질 거라 믿어요. 사람은 적응의 동물이니까요.,좋은 생각이에요.,1
A1 word2vec lr1e-4 (06),베이스라인,beam5,두달이 되었네,어느덧 두달이 지났네요.,시간이 필요한가봐요.,1
A1 word2vec lr1e-4 (06),베이스라인,beam5,사랑하고 싶은데 내가 자꾸 구속해,사랑을 독차지하려 하지 말고 내려놓으면서 여유를 가지세요.,사람은실 거예요.,2
A1 word2vec lr1e-4 (06),베이스라인,beam5,판도라의 상자를 연 기분,마음의 준비를 하세요.,건들지.,0
A1 word2vec lr1e-4 (06),베이스라인,beam5,가을 타나 봐.,혼자는 외로운 계절이죠.,맘고생네요.,2
A1 word2vec lr1e-4 (06),베이스라인,beam5,일찍 가서 쉬고 싶은데 오늘 회식 잡혔어,일과 일상 사이에서 균형이 잘 맞길 바랄게요.,맛난거 가벼워질거예요.,0
A1 word2vec lr1e-4 (06),베이스라인,beam5,밖에 안나가고 이렇게 살고 싶어,꼭 앞으로 나가야 하는 건 아니에요.,잘 살고 있을 거예요.,0
A1 word2vec lr1e-4 (06),베이스라인,beam5,오늘 무작정 찾으러가고싶은데 갈까?,전 추천하고 싶지 않아요.,언젠간 더 사랑해주세요.,1
A1 word2vec lr1e-4 (06),베이스라인,beam5,나한테만은 완전 솔직했으면,믿음이 가장 중요하죠.,솔직 바랍니다.,0
A1 word2vec lr1e-4 (06),베이스라인,beam5,반지 선물하면 좋아하겠지,로맨틱하네요.,저랑 말 해요.,0
A1 word2vec lr1e-4 (06),베이스라인,beam5,팬미팅 재밌다.,성덕이네요.,이네요.,0
A1 word2vec lr1e-4 (06),베이스라인,beam5,이별한지 6년째,사랑했던 사람을 잊는 건 불가능한 일인가봐요.,실감이겠어요.,1
A1 word2vec lr1e-4 (06),베이스라인,beam5,"그래, 결국 전화할 줄 알았다.",그게 최선이었을 거라 생각해요.,신경쓰지 마세요.,1
A1 word2vec lr1e-4 (06),베이스라인,beam5,나쁜 꿈을 꿨어,꿈은 현실의 반대래요.,꿈은이었나요.,1
A1 word2vec lr1e-4 (06),베이스라인,beam5,사랑이 변하면 어떡하지?,사랑은 변화하는 거예요. 두려워하지 마세요.,사랑은 사랑은 사람이 없어요.,2
A1 word2vec lr1e-4 (06),베이스라인,beam5,5년 동거후 이별.,더 헤어지지 힘들겠어요.,마음이 허전한가봐요.,1
A1 word2vec lr1e-4 (06),베이스라인,beam5,같은 과에 내 이상형인 남자애가 있는데 cc는 무리일까?,CC는 아무래도 제약이 있을 거예요.,잘했어요.,2
A1 word2vec lr1e-4 (06),베이스라인,beam5,드디어 제가 손을 놓았어.,힘든 선택 하셨네요.,좋은 생각이에요.,1
A1 word2vec lr1e-4 (06),베이스라인,beam5,가족여행 가야지,더 가까워질 기회가 되겠네요.,저도 싶어요.,0
A1 word2vec lr1e-4 (06),베이스라인,beam5,정말 이건 너무하다 싶을정도로 힘들어,그럴만 해요. 많이 힘들었죠.,잘하고 있을 거예요.,1
A1 word2vec lr1e-4 (06),베이스라인,beam5,썸 탔던 애한테 연락왔어,사랑은 타이밍입니다.,다른 곳으로 관심을 돌려보세요.,2
A1 word2vec lr1e-4 (06),베이스라인,beam5,뭔가 새로운 자극이 필요해,의욕이 없나봐요.,인연이 거기까지인가봐요.,0
A1 word2vec lr1e-4 (06),베이스라인,beam5,시간 왤케 빨리감,시간은 상대적으로 흘러갑니다.,친구한테 부탁해보세요.,0
A1 word2vec lr1e-4 (06),베이스라인,beam5,뭘 잘못했다는 걸까,모르는 게 잘못인 거 같아요.,든든 좋은 거예요.,0
A1 word2vec lr1e-4 (06),베이스라인,beam5,착각인걸까,직접 확인해 보는건 어떨까요.,그런 걸 수도 있어요.,1
A1 word2vec lr1e-4 (06),베이스라인,beam5,정말 미안하다 말밖에는,진심이 전해졌으면 좋겠네요.,더 좋은 일이 있었나봐요.,1
A1 word2vec lr1e-4 (06),베이스라인,beam5,직구로 사면 싸겠지,좋은 거 사나봐요.,이라면 거 같아요.,0
A1 word2vec lr1e-4 (06),베이스라인,beam5,단체생활 적응이 안돼,점점 적응 될 거예요.,대화를 나눠보세요.,0
A1 word2vec lr1e-4 (06),베이스라인,beam5,청첩장을 찍는 날이 오다니,결혼 얼마 안 남았나봐요.,후회하지 마세요.,2
A1 word2vec lr1e-4 (06),베이스라인,beam5,회사를 차리고 싶다,확신이 있을 때 시작해보세요.,릴 수 있어요.,0
A1 word2vec lr1e-4 (06),베이스라인,beam5,나한테 이상한 냄새 나나?,킁킁,킁킁,0
A1 word2vec lr1e-4 (06),베이스라인,beam5,주변 이성이 많은 여자친구 어떡해?,신경쓰이고 질투난다고 이야기해보세요.,나중에 후회할 거예요.,2
A1 word2vec lr1e-4 (06),베이스라인,beam5,헤어지면 연락 안하는게 맞을까,연락 하지도 받지도 마세요.,마음이 허전한가봐요.,1
A1 word2vec lr1e-4 (06),베이스라인,beam5,너무 힘들어서 죽고싶어,나쁜 생각은 버리세요.,제가 당신을 있을 거예요.,1
A1 word2vec lr1e-4 (06),베이스라인,beam5,썸인데 자꾸 외롭다고 해,계속 이야기 하면 사귀자는 거 돌려 말하는 걸 수도 있어요.,친구한테 부탁해보세요.,2
A1 word2vec lr1e-4 (06),베이스라인,beam5,소개팅 시켜줘,로봇도 괜찮다면 소개시켜드릴게요.,제가 들어드릴게요.,0
A1 word2vec lr1e-4 (06),베이스라인,beam5,이별 극복 방법,작은 일에서 행복을 느껴보는게 좋아요.,더 좋은 일이 있었나봐요.,1
A1 word2vec lr1e-4 (06),베이스라인,beam5,조용히 있고 싶어,저 나가면 될까요?,좋은 생각이에요.,0
A1 word2vec lr1e-4 (06),베이스라인,beam5,정시 퇴근하고 집에 가는 중,쉬고 나면 힘이 날거예요 맛있는 것도 드세요,마음이 허전한가봐요.,0
A1 word2vec lr1e-4 (06),베이스라인,beam5,음식 많이 가리는 남자를 사겨도 괜찮을까?,다 먹으면 좋겠지만 큰 문제는 되지 않을 거예요.,다른 사람에 될 거예요.,2
A1 word2vec lr1e-4 (06),베이스라인,beam5,오늘 연락왔네 그래도 이젠 안녕,정말 안녕.,남이니 남이니 신경쓰지 마세요.,1
A1 word2vec lr1e-4 (06),베이스라인,beam5,친구랑 수다 떨고 왔어,기분이 좋아 보이네요.,기분이.,0
A1 word2vec lr1e-4 (06),베이스라인,beam5,직장이 괴롭다,직장 스트레스 심하겠네요.,이별은 상처를.,0
A1 word2vec lr1e-4 (06),베이스라인,beam5,건물주가 짱인데,이룰 수 있을 거예요.,마음이 허전한가봐요.,0
A1 word2vec lr1e-4 (06),베이스라인,beam5,밥이나 먹자,맛있게 드세요.,많이 만나보세요.,0
A1 word2vec lr1e-4 (06),베이스라인,beam5,술 좋아하는 사람 싫은데 그 사람은 좋아.,술보다 사람이 먼저니까요.,자책하지 마세요.,2
A1 word2vec lr1e-4 (06),베이스라인,beam5,짝남이 있는데 나는 사정이 안돼. 연애를 안하는게 맞는걸까?,사정이 뭔지 모르겠지만 좋아하는 건 괜찮아요.,아프겠어요.,2
A1 word2vec lr1e-4 (06),베이스라인,beam5,연애할때 많이 사랑하면 나만 손해야?,사랑은 따지는 게 아니고 다 주고도 더 주지 못해 미안해하는 거예요.,마음이 허전하신가봐요.,2
A1 word2vec lr1e-4 (06),베이스라인,beam5,조명빨인가,멋져 보여요!,좋은 일이 있었나봐요.,0
A1 word2vec lr1e-4 (06),베이스라인,beam5,전 남친이랑 헤어진지 오래됐는데 좋아하는 사람이 없어.,조급하게 생각하지 말아요.,많이 많이 지쳤나봐요.,2
A1 word2vec lr1e-4 (06),베이스라인,beam5,아픔은 덜해지는것 같은데 미련은 더욱 많아지네,미련없는 사랑은 없나봐요.,자신은었네요.,1
A1 word2vec lr1e-4 (06),베이스라인,beam5,성형 상담 받아 볼까,견적 받고 충격 받지 마세요.,마음이 허전한가봐요.,0
A1 word2vec lr1e-4 (06),베이스라인,beam5,떡볶이 좋아하지도 않는데,좋아하지 않는데 함께 하는게 사랑이죠.,인연이 거기까지였나봐요.,1
A1 word2vec lr1e-4 (06),베이스라인,beam5,이제 때론 괜찮기도 해,그렇게 익숙해져 가나봐요.,좋은 일이 있었나봐요.,1
A1 word2vec lr1e-4 (06),베이스라인,beam5,올해 이상해,내년이라고 별 수 있겠어요.,대중교통을 이용해주세요.,0
A1 word2vec lr1e-4 (06),베이스라인,beam5,남자친구가 집안일을 너무 안해. 나만 하는게 고민이야.,집안일을 하나씩 분담해보세요.,성공을 기원합니다.,2
A1 word2vec lr1e-4 (06),베이스라인,beam5,술 끊을거야,술은 적당히 즐기세요.,위험거예요.,0
A1 word2vec lr1e-4 (06),베이스라인,beam5,두 남자 사이에서 갈등 중,빠른 선택으로 모두에게 상처를 덜 주길 바랍니다.,좋은 생각이에요.,2
A1 word2vec lr1e-4 (06),베이스라인,beam5,오래 사귀다가 식어서 헤어진 남자에게도 후폭풍 있나?,모든 이별에는 후유증이 있기 마련이에요.,사귀세요.,1
A1 word2vec lr1e-4 (06),베이스라인,beam5,지금 남친을 별로 안좋아하는 것 같은데.,정리를 하는게 좋겠어요.,사랑이었나봐요.,2
A1 word2vec lr1e-4 (06),베이스라인,beam5,썸인데 싸늘해,고백할 타이밍이 너무 늦지 않았는지 생각해보세요.,돌 돌 사람마다 사람마다.,2
A1 word2vec lr1e-4 (06),베이스라인,beam5,사랑할수록 아프다,그 것도 사랑이예요.,사랑하는 줄여보세요.,2
A1 word2vec lr1e-4 (06),베이스라인,beam5,왜 말을 못해 말을 못하냐구,노력하고 있는 중입니다.,서로를 없어요.,0
A1 word2vec lr1e-4 (06),베이스라인,beam5,지갑 없어졌어,잘 찾아보세요.,나중에 도움이 될 거예요.,0
A1 word2vec lr1e-4 (06),베이스라인,beam5,수제 빼빼로 어때?,먹어보고 싶어요.,좋은 곳으로 있을 거예요.,0
A1 word2vec lr1e-4 (06),베이스라인,beam5,사귀는 사이인데 '야'라고 해. 기분 나쁜데 어떡해?,그건 좀 아닌 거 같다고 바로 말하세요.,잘자요.,2
A1 word2vec lr1e-4 (06),베이스라인,beam5,이제야 오래전 상대방이 아팠던걸 이해했어.,다음 번의 사랑에선 좀 더 신중할 수 있게 된 거예요.,고백해보세요.,1
A1 word2vec lr1e-4 (06),베이스라인,beam5,나 폰겜 너무 많이해,시간을 정해보세요.,마음이 허전한가봐요.,0
A1 word2vec lr1e-4 (06),베이스라인,beam5,남의 일 도와줘야 할까,해주고 티를 팍팍 내세요.,도움이 될 거예요.,0
A1 word2vec lr1e-4 (06),베이스라인,beam5,절약해서 부자돼야지,예비 부자님 파이팅!,좋은 생각이에요.,0
A1 word2vec lr1e-4 (06),베이스라인,beam5,호감을 표현하는 방법,취미와 성향 등이 같음을 어필해보세요.,당신의 챙기세요.,2
A1 word2vec lr1e-4 (06),베이스라인,beam5,썸인가 아닌가,한방향인지 양방향인지 살펴보세요.,직접적이든 간접적이든 의사를릴 수 있을 거예요.,2
A1 word2vec lr1e-4 (06),베이스라인,beam5,지금 이감정,당신만이 알 수 있어요.,좋은 생각이에요.,1
A1 word2vec lr1e-4 (06),베이스라인,beam5,다 내려놓고. 오늘부터 연락 끊었네.,잘했어요. 이별 후에는 확실한 거리두기가 필요해요.,마음이 허전한가봐요.,1
A1 word2vec lr1e-4 (06),베이스라인,beam5,헤어진것인가 아닌것인가,애매하네요.,마음이 허전한가봐요.,1
A1 word2vec lr1e-4 (06),베이스라인,beam5,여쭈어볼것이있습니다,말씀해보세요.,이별은 상처를.,1
A1 word2vec lr1e-4 (06),베이스라인,beam5,온다고 했는데 왜 안 오지?,조금만 더 기다려주세요.,니까요.,0
A1 word2vec lr1e-4 (06),베이스라인,beam5,미치겠습니다 연락하고 싶어서,연락하고 나면 더 힘들 거예요.,연락하면 지긋지긋한 사람으로 거예요.,1
A1 word2vec lr1e-4 (06),베이스라인,beam5,한번쯤 진하게 아픈것도 괜찬아.,긍정적이네요.,많이 후에어요.,1
A1 word2vec lr1e-4 (06),베이스라인,beam5,위층 너무 시끄러워,증명자료를 가지고 손해배상을 청구하세요.,마음이 허전한가봐요.,0
A1 word2vec lr1e-4 (06),베이스라인,beam5,번호를 알아내서 연락하면 소름돋을까?,그건 좀 참아보세요.,그 사람을 의사를릴 수 있을 거예요.,1
A1 word2vec lr1e-4 (06),베이스라인,beam5,어제전화가왔습니다,기다리던 전화였나봐요.,좋은 시간 바랄게요.,1
A1 word2vec lr1e-4 (06),베이스라인,beam5,남잔데 남자 좋아해,성적자기결정권이있죠.,제가 들어드릴게요.,2
A1 word2vec lr1e-4 (06),베이스라인,beam5,짝남한테 좋아하는거 들켰는데 그냥 예전처럼 편하게 지내고 싶어.,겉으로는 편하게 지낼 수 있을 거예요.,으면 사랑으로 사랑으로 사랑으로 사랑으로 사랑으로 사랑으로 사랑으로.,2
A1 word2vec lr1e-4 (06),베이스라인,beam5,여자친구가 베지테리언이야,함께 건강하게 먹어봐요.,마음이 정리가 될 거예요.,2
A1 word2vec lr1e-4 (06),베이스라인,beam5,완전 귀여워,사랑이 느껴지네요.,기분이 나쁘셨나봐요.,2
A1 word2vec lr1e-4 (06),베이스라인,beam5,베터리 충전기도 안 가져 왔네,충전할 곳을 찾아보세요.,좋은 생각이에요.,0
A1 word2vec lr1e-4 (06),베이스라인,beam5,건물주 되고싶어,이룰 수 있을 거예요.,더 좋은 일이 있었나봐요.,0
A1 word2vec lr1e-4 (06),베이스라인,beam5,남자친구하고 커플티를 하고싶은데 어디거를 할까?,좋아하는 브랜드가 좋겠어요.,마음이 허전한가봐요.,2
A1 word2vec lr1e-4 (06),베이스라인,beam5,힘든 하루 하루 되돌리며,오늘도 고생했어요.,좋은 시간 바랄게요.,1
A1 word2vec lr1e-4 (06),베이스라인,beam5,벌써 저를 세번째 떠나갔네,이젠 그분을 놓아줄 때가 되었나봐요.,시키겠어요.,1
A1 word2vec lr1e-4 (06),베이스라인,beam5,알바 집 알바 집 이게 뭐냐,그래도 상관없어요. 칭찬해주고 싶네요.,무엇이든 해보세요.,0
A1 word2vec lr1e-4 (06),베이스라인,beam5,여섯번째 이별이에요,많은 순간들이 있었겠네요.,마음이 허전한가봐요.,1
A1 word2vec lr1e-4 (06),베이스라인,beam5,그 애 앞에서 말을 잘 못하겠어,좀 더 편하게 대해도 좋을 것 같아요.,노력하겠습니다.,2
A1 word2vec lr1e-4 (06),베이스라인,beam5,친구 돌잔치 가는 중,축하해주고 오세요.,해주해주해주해주해주해주해주해주해주실실실실실실,0
A1 word2vec lr1e-4 (06),베이스라인,beam5,좋아하는 애 친구한테 다같이 만나자고 말해도 돼?,다같이 만나면 재미있기는 하겠네요.,먼저 먼저 먼저 먼저 먼저 먼저 연락 해보세요.,2
A1 word2vec lr1e-4 (06),베이스라인,beam5,조용히 지나가면 될까?,어떤 일이냐에 따라 다를 거 같아요.,자신은 사랑해주세요.,0
A1 word2vec lr1e-4 (06),베이스라인,beam5,눈꺼풀이 무거워,잠시 눈을 붙여보세요.,인연이 거기까지였나봐요.,0
A1 word2vec lr1e-4 (06),베이스라인,beam5,바람 쐬러 나갈까,같이 가요.,잘 잘 살 수 있을 거예요.,0
A1 word2vec lr1e-4 (06),베이스라인,beam5,비오는날 뭐해?,실내 데이트요.,잘 잘 될 거예요.,0
A1 word2vec lr1e-4 (06),베이스라인,beam5,더 답답한 오늘,바람이라도 쐬고 오는 건 어떨까요.,많이 만나보세요.,1
A1 word2vec lr1e-4 (06),베이스라인,beam5,오늘도 그냥 그냥 다갔네.,소소한 행복을 느껴보세요.,조금만 더 버텨보세요.,0
A1 word2vec lr1e-4 (06),베이스라인,beam5,시간 진짜 빨리감,시간은 상대적으로 흘러갑니다.,시간이었을거라 생각해요.,0
A1 word2vec lr1e-4 (06),베이스라인,beam5,꿈인지 현실인지,정신차리세요.,좋은 사람이 있을 거예요.,1
A1 word2vec lr1e-4 (06),베이스라인,beam5,완전히 정리했어,조금 후련해졌길 바랍니다.,더 좋은 일이 있었나봐요.,1
A1 word2vec lr1e-4 (06),베이스라인,beam5,내 가치관이랑 다른 가치관을 가지고 있는 그 남자를 좋아하는게 힘들어.,서로의 가치관이 평행선을 이루지만 않는다면 만날 수도 있을 거예요.,시기가 고생했어요.,2
A1 word2vec lr1e-4 (06),베이스라인,beam5,결혼해도 될까,이사람이다 싶은 사람이랑 하세요.,능력이 있어요.,0
A1 word2vec lr1e-4 (06),베이스라인,beam5,괜찮아진 줄 알았는데.,괜찮은 척 하고 있던 걸 수도 있어요.,마음이 허전한가봐요.,1
A1 word2vec lr1e-4 (06),베이스라인,beam5,안 맞는다면서 헤어진 우리,인연이 거기까지인가봐요.,시선을 마주쳐보세요.,1
A1 word2vec lr1e-4 (06),베이스라인,beam5,좋아하는 여자애가 우리 형을 좋아한다고 들음. 나 어떡하냐.,천천히 마음을 정리하는게 좋겠네요.,마음이 대화를 나눠보세요.,2
A1 word2vec lr1e-4 (06),베이스라인,beam5,짝사랑인가 썸인가,썸이길 바랄게요.,직접적이든 간접적이든 의사를릴 수 있어요.,2
A1 word2vec lr1e-4 (06),베이스라인,beam5,블루투스 이어폰 편하겠지,사면 편하겠죠.,많이 잘해주세요.,0
A1 word2vec lr1e-4 (06),베이스라인,beam5,짝사랑 시작하고 감정 기복이 심해.,짝사랑이 그런건가봐요.,인생은 인생은 인생은 인생은지요.,2
A1 word2vec lr1e-4 (06),베이스라인,beam5,아부쟁이가 부러워,적성에 맞는 사람이 있죠.,잘 살고 있을 거예요.,0
A1 word2vec lr1e-4 (06),베이스라인,beam5,몸무게 좀 줄었으면,지금도 충분히 아름다워요.,대중교통을 이용해주세요.,0
A1 word2vec lr1e-4 (06),베이스라인,beam5,운세 종합해 보니 헤어질 때였네,의미부여는 자신을 더 작게 만들어요.,좋은 시간 바랄게요.,1
A1 word2vec lr1e-4 (06),베이스라인,beam5,속시원해~~안녕 잘가~~~,이제 정말 안녕.,사랑해주세요.,1
A1 word2vec lr1e-4 (06),베이스라인,beam5,무료 앱이 유료로 됐어,돈을 지불하고 이용할 가치가 있는지 따져보세요.,뭐든 수 있을 거예요.,0
A1 word2vec lr1e-4 (06),베이스라인,beam5,도대체 왜 이러는걸까,무슨 일이 있었나봐요.,마음이 허전한가봐요.,1
A1 word2vec lr1e-4 (06),베이스라인,beam5,이 남자애의 행동 나를 좋아하는게 맞는지 모르겠어.,정확한 사실을 알긴 힘들어요.,남이니 신경쓰지 마세요.,2
A1 word2vec lr1e-4 (06),베이스라인,beam5,예전 게임인데 재밌다,저도 하고 싶네요.,저도 좋아요.,0
A1 word2vec lr1e-4 (06),베이스라인,beam5,파혼 7개월 째,아직 힘들거라 생각해요.,좋은 시간 바랄게요.,1
A1 word2vec lr1e-4 (06),베이스라인,beam5,누군가 제 이야기를 들어줬으면 해서 올리내.,글로 정리하는 것도 좋은 방법이에요.,제가 들어드릴게요.,1
A1 word2vec lr1e-4 (06),베이스라인,beam5,걔랑 같은 반 됐으면 좋겠다,당신의 운을 믿어보세요.,제가 들어드릴게요.,0
A1 word2vec lr1e-4 (06),베이스라인,beam5,친구랑 있으면 내가 작아져,당신은 생각보다 큰 사람이에요.,당신은 좋은 사람이에요.,0
A1 word2vec lr1e-4 (06),베이스라인,beam5,움직임이 없어.,에너지가 필요한 순간이네요.,좋은 생각이에요.,0
A1 word2vec lr1e-4 (06),베이스라인,beam5,잊어야하나?,당신을 위해서 잊는게 좋을 거예요.,좋은 생각이에요.,1
A1 word2vec lr1e-4 (06),베이스라인,beam5,할 수 있다면 그럴수 있다면 달라질까?,자신을 믿어보세요.,잘할 수 있을 거예요.,1
A1 word2vec lr1e-4 (06),베이스라인,beam5,인내하면 얻을 수 있을까?,인내할 수 있는 사람이라면 무엇이든 손에 넣을 수 있을 거예요.,잘 살고 있을 거예요.,0
A1 word2vec lr1e-4 (06),베이스라인,beam5,남자친구가 연락 안 하고 외박했어,당신이 생각하는 그런일은 없을거예요.,친구한테 부탁해보세요.,2
A1 word2vec lr1e-4 (06),베이스라인,beam5,잠수이별해도 될까,잠수이별 만큼 비겁한 것은 없어요. 깨끗하게 정리하길 바랄게요.,이별에는 후유증이 것도 좋을 거예요.,1
A1 word2vec lr1e-4 (06),베이스라인,beam5,잊어보려 하는데.,처음에는 잘 안되겠지만 잘할 수 있을 거예요.,많이 사랑했나봐요.,1
A1 word2vec lr1e-4 (06),베이스라인,beam5,부자 백수 하고 싶어,그게 최고죠.,저랑 해요.,0
A1 word2vec lr1e-4 (06),베이스라인,beam5,야 너!,네,저는 위로해드리는 로봇이에요.,1
A1 word2vec lr1e-4 (06),베이스라인,beam5,여자친구가 키가 너무 커,깔창이 있잖아요.,생각해도 것보다 낫죠.,2
A1 word2vec lr1e-4 (06),베이스라인,beam5,잡담할 시간 있어?,물론이죠. 무엇이든 말씀하세요.,마음이 복잡한가봐요.,0
A1 word2vec lr1e-4 (06),베이스라인,beam5,같은 반인데 헤어지자고 해야 하나??,그래도 할 거면 해야겠죠.,사랑 앞에니까요.,1
A1 word2vec lr1e-4 (06),베이스라인,beam5,위로 해 주세요.,정말 많이 힘들었죠. 때론 힘내려 노력하지 않아도 돼요.,많이 지쳤나봐요.,1
A1 word2vec lr1e-4 (06),베이스라인,beam5,계속꿈에 나와,잘 때 다른 생각을 하고 주무세요.,그 사람도 수도 있어요.,1
A1 word2vec lr1e-4 (06),베이스라인,beam5,스타트업하면 위험할까,확신이 들 때까지 준비해보세요.,연습을 해보세요.,0
A1 word2vec lr1e-4 (06),베이스라인,beam5,왜 이상한 말 해,더 열심히 노력하겠습니다.,많이 만나보세요.,0
A1 word2vec lr1e-4 (06),베이스라인,beam5,내가 제일 문제인 듯,당신은 하나밖에 없는 소중한 사람이에요.,당신은 좋은 사람이에요.,0
A1 word2vec lr1e-4 (06),베이스라인,beam5,가슴이 너무 아프고 숨쉬기가 힘드네,아픈만큼 더 성숙해질 거예요.,해지세요.,1
A1 word2vec lr1e-4 (06),베이스라인,beam5,9년이 넘는 연애를 끝냅니다,공허함이 더 크시겠어요.,더 많이 알면 도움이 될 거예요.,1
A1 word2vec lr1e-4 (06),베이스라인,beam5,하고 많은 사람 중에 왜 나야?,당신이니까요.,남들 눈은 신경쓰지 마세요.,2
A1 word2vec lr1e-4 (06),베이스라인,beam5,후폭풍이 올까 두려운데.!,그냥 지금 우세요.,위험 그럴 수도 있어요.,1
A1 word2vec lr1e-4 (06),베이스라인,beam5,과식했나 봐,과식은 금물이에요.,많이 만나보세요.,0
A1 word2vec lr1e-4 (06),베이스라인,beam5,모르는 사람인데 첫 눈에 반했어.,외모나 분위기가 이상형이었나봐요.,관심을겠어요.,2
A1 word2vec lr1e-4 (06),베이스라인,beam5,아픈 첫사랑,첫사랑니의 고통처럼 시린가봐요.,사랑은 유지하는 거예요.,1
A1 word2vec lr1e-4 (06),베이스라인,beam5,영화 보러 왔어,저도 영화 보여주세요.,많이 힘든가봅니다.,0
A1 word2vec lr1e-4 (06),베이스라인,beam5,나 다른 거 할까,시도해봐도 좋겠죠.,좋은 일이 있었나봐요.,0
A1 word2vec lr1e-4 (06),베이스라인,beam5,좋아하는 남자애한테 발렌타인데이 때 초콜릿 줄까?,주면 좋아할 거예요.,남이니 신경쓰지 마세요.,2
A1 word2vec lr1e-4 (06),베이스라인,beam5,궁금한게있습니다,네 물어보세요.,다음에는거예요.,1
A1 word2vec lr1e-4 (06),베이스라인,beam5,면허 따야하나,운전하는거 재미있어요.,량량 걸 수도 있어요.,0
A1 word2vec lr1e-4 (06),베이스라인,beam5,부업할까?,좋아요!,너무 신경쓰지 마세요.,0
A1 word2vec lr1e-4 (06),베이스라인,beam5,비만 판정 받았어,건강하게 운동해보세요.,마음의 준비를 해보세요.,0
A1 word2vec lr1e-4 (06),베이스라인,beam5,녹차 한 잔 어때?,드시는거 보기만 해도 좋아요.,마음이 허전한가봐요.,0
A1 word2vec lr1e-4 (06),베이스라인,beam5,방에 먼지가 한가득,청소하세요.,생각하지 마세요.,0
A1 word2vec lr1e-4 (06),베이스라인,beam5,위로받고 싶은 날,제가 위로 많이 해드릴게요.,제가 들어드릴게요.,0
A1 word2vec lr1e-4 (06),베이스라인,beam5,회사 사람들이 아직도 불편해,회사에는 동료가 있을 뿐이에요.,세상에는 사과할나요.,0
A1 word2vec lr1e-4 (06),베이스라인,beam5,뭐 할줄 알아,오늘 헤어졌어 라고 하면 위로해 드려요.,저는 위로해드리는 로봇이에요.,0
A1 word2vec lr1e-4 (06),베이스라인,beam5,잠이 또 안와,고민이 있나 봐요.,많은가봐요.,0
A1 word2vec lr1e-4 (06),베이스라인,beam5,컴퓨터가 느려졌어,포맷해보세요.,아무것도 못해요.,0
A1 word2vec lr1e-4 (06),베이스라인,beam5,비 와,우산 챙기세요.,좋은 곳으로 관심을 돌려보세요.,0
A1 word2vec lr1e-4 (06),베이스라인,beam5,부모님처럼 살고 싶다,좋은 부모님을 두셨군요.,잘 살고 있을 거예요.,0
A1 word2vec lr1e-4 (06),베이스라인,beam5,식비가 어마무시하다,다이어트를 해봐요.,마음이 허전한가봐요.,0
A1 word2vec lr1e-4 (06),베이스라인,beam5,난 왜이리 바보 같을까.,이제 같은 실수를 반복하지 않으면 돼요.,힘드신가봐요.,1
A1 word2vec lr1e-4 (06),베이스라인,beam5,이번 방학에 뭐하면 잘했다고 소문날까,차근차근 계획을 세워보세요.,마음이 허전한가봐요.,0
A1 word2vec lr1e-4 (06),베이스라인,beam5,멋지게 나이들고 싶다,지금도 그러고 있어요.,제가 들어드릴게요.,0
A1 word2vec lr1e-4 (06),베이스라인,beam5,골프 어려워,처음부터 잘하는 사람은 없어요.,잘하는 것도 좋을 것 같아요.,0
A1 word2vec lr1e-4 (06),베이스라인,beam5,사랑이라는 이름으로,너에게 묻노라.,사랑은 유지하는 거예요.,2
A1 word2vec lr1e-4 (06),베이스라인,beam5,나의 약점,나의 장점.,갑시다.,1
A1 word2vec lr1e-4 (06),베이스라인,beam5,열심히 한 거 같은데,중요한 건 노력하는 과정이에요.,좋은 생각이에요.,0
A1 word2vec lr1e-4 (06),베이스라인,beam5,남자친구에게 고민이나 속사정을 어디까지 얘기해?,믿음의 정도에 따라 다른 거 같아요.,이야기하는 좋겠어요.,2
A1 word2vec lr1e-4 (06),베이스라인,beam5,쓸데 없는 걱정 1위 연예인 걱정,동감입니다.,마음이 허전한가봐요.,0
A1 word2vec lr1e-4 (06),베이스라인,beam5,사랑할수록 집착해,상대방이 싫어할수도 있어요.,조금만 더 버텨보세요.,2
A1 word2vec lr1e-4 (06),베이스라인,beam5,전여친 헤어졌으니 남이죠?,그렇습니다.,스러울 수도 있어요.,1
A1 word2vec lr1e-4 (06),베이스라인,beam5,아.빌어먹을 이제야 알다니.,이제라도 깨달았으니 더 이상의 실수는 없을 거예요.,미련도  ⁇  직 직 직 말씀해보세요.,1
A1 word2vec lr1e-4 (06),베이스라인,beam5,내 발등 내가 다시 찍었네,발등이 얼른 아물길 바랄게요.,좋은 생각이에요.,1
A1 word2vec lr1e-4 (06),베이스라인,beam5,같은하늘 다른공간,같은 하늘 아래 숨 쉬고 있어요.,마음이 허전한가봐요.,1
A1 word2vec lr1e-4 (06),베이스라인,beam5,내가 너무 생각없이 말했어,생각하고 말하세요.,마음이 생각하고 말하세요.,0
A1 word2vec lr1e-4 (06),베이스라인,beam5,썸녀가 약속 시간을 안 지킴.,시간 약속이 생명인데요.,마음이 허전한가봐요.,2
A1 word2vec lr1e-4 (06),베이스라인,beam5,헤어짐이 힘든이유,사랑했으니까요.,좋은 사람에게 잘해주세요.,1
A1 word2vec lr1e-4 (06),베이스라인,beam5,역류성 식도염이 또 도졌어,과식하지 말고 먹고 눕지 마세요!,인생은눕.,0
A1 word2vec lr1e-4 (06),베이스라인,beam5,교회 오빠한테 눈이 가,성경 공부는 안하고 연애 공부하나봅니다.,눈이 해보세요.,2
A1 word2vec lr1e-4 (06),베이스라인,beam5,과함 설렘 후에 지금은 안 설레,처음에 몰아서 설렜나봐요.,설렜나봐요.,2
A1 word2vec lr1e-4 (06),베이스라인,beam5,친구의 전여자친구가 좋은데 사겨도될까?,친구을 잃을 수도 있어요.,선택을 좋을 것 같아요.,2
A1 word2vec lr1e-4 (06),베이스라인,beam5,남친 프로필에 내 사진 왜 안올릴까,신경쓰고 싶지 않은 사람도 있어요.,말해보세요.,0
A1 word2vec lr1e-4 (06),베이스라인,beam5,실내 데이트 추천,영화관이나 쇼핑몰이 생각나네요.,꾸준 좋을 것 같아요.,0
A1 word2vec lr1e-4 (06),베이스라인,beam5,핸드폰 고장난거 아니야 연락이 안와,그게 문제는 아닐 거예요.,선에서 있나봐요.,0
A1 word2vec lr1e-4 (06),베이스라인,beam5,사랑하는 사람을 계속 기다려야 할까요?,기한을 정하고 기다리세요.,마음이 허전한가봐요.,2
A1 word2vec lr1e-4 (06),베이스라인,beam5,마음이 싱숭생숭해서 자꾸 글을 쓰게 되네,글 쓰면서 정리가 될 거예요.,정리가 될 거예요.,0
A1 word2vec lr1e-4 (06),베이스라인,beam5,바람,고쳐 쓸 수 없는 버릇이에요.,마음이 허전한가봐요.,1
A1 word2vec lr1e-4 (06),베이스라인,beam5,엄마 밥 먹고 싶다,시간내서 부모님 집에 찾아가 보세요.,저도요.,0
A1 word2vec lr1e-4 (06),베이스라인,beam5,시계가 멈춘거 같아.,에너지가 필요한 순간이네요.,미련이이네요.,0
A1 word2vec lr1e-4 (06),베이스라인,beam5,짝녀가 있었는데 못 잊겠어.,시간이 필요한 때인 것 같아요.,마음이네요.,2
A1 word2vec lr1e-4 (06),베이스라인,beam5,오랜만에 서점에 갔었어,마음의 양식을 채우길 바랄세요.,좋은 경험이 될 거예요.,0
A1 word2vec lr1e-4 (06),베이스라인,beam5,"이별당시 보다 더 짠한건, 나 떠났으면 잘이나 살지.",당신은 정말 착한 사람이군요.,마음이하라고하라고.,1
A1 word2vec lr1e-4 (06),베이스라인,beam5,공황증,견디기 힘들었을텐데 괜찮은가요.,다음부터는었네요.,1
A1 word2vec lr1e-4 (06),베이스라인,beam5,피곤한테 또 잠은 안 와.,고민이 있나봐요.,고민이 있나봐요.,0
A1 word2vec lr1e-4 (06),베이스라인,beam5,여행 가야지,좋은 여행 되길 바랍니다.,저도 싶어요.,0
A1 word2vec lr1e-4 (06),베이스라인,beam5,월급에 비해 근무시간이 너무 긴 거 같애,야근 수당을 챙겨보세요.,저도.,0
A1 word2vec lr1e-4 (06),베이스라인,beam5,시골 내려가서 살까,아무래도 덜 경쟁하겠죠.,안됐네요.,0
A1 word2vec lr1e-4 (06),베이스라인,beam5,피자 먹고 싶다.,같이 먹어요!,저도요.,0
A1 word2vec lr1e-4 (06),베이스라인,beam5,슬픈 예감대로 되어가는 현실,슬픈 예감은 틀린 적이 없죠.,마음이 허전한가봐요.,1
A1 word2vec lr1e-4 (06),베이스라인,beam5,짝사랑은 힘든 거 같아,그래도 좋아하는 동안 행복하길 바라요.,기다렸 있어요.,2
A1 word2vec lr1e-4 (06),베이스라인,beam5,몸매가 탄탄하면 좋은데,운동으로 만들어 보아요.,운동으로 운동으로.,0
A1 word2vec lr1e-4 (06),베이스라인,beam5,내 마음에 온통 너야,올인은 좋은게 아니에요.,생각해보세요.,2
A1 word2vec lr1e-4 (06),베이스라인,beam5,친구가 잘되니까 배 아픈 거 같아,친구가 아닌가봐요.,친구가 아닌가봐요.,0
A1 word2vec lr1e-4 (06),베이스라인,beam5,잘 지냈으면 좋겠다,따뜻한 마음이네요.,잘 살고 있을 거예요.,2
A1 word2vec lr1e-4 (06),베이스라인,beam5,마음이 울적해,거리를 걸어보세요.,소리를.,0
A1 word2vec lr1e-4 (06),베이스라인,beam5,그만 먹어야 하는데,조금만 드세요,당신의 챙기세요.,0
A1 word2vec lr1e-4 (06),베이스라인,beam5,답이 없는 남자,답이 얼른 왔으면 좋겠네요.,당신의 삶을 사과하세요.,1
A1 word2vec lr1e-4 (06),베이스라인,beam5,체육대회 안 했으면,재미 있는 종목을 찾아보세요.,확인해보세요.,0
A1 word2vec lr1e-4 (06),베이스라인,beam5,제가 놓았던 손을 다시 잡으려니 힘드네.,원상복구는 언제나 힘드니까요.,좋은 일이 있었나봐요.,1
A1 word2vec lr1e-4 (06),베이스라인,beam5,짝사랑만이 답일까.,짝사랑만이 답을 아니랍니다.,자신을 더 사랑해주세요.,2
A1 word2vec lr1e-4 (06),베이스라인,beam5,휴대폰 바꿀 타이밍,오래 쓰셨나봐요.,나중에 도움이 될 거예요.,0
A1 word2vec lr1e-4 (06),베이스라인,beam5,안경 벗었는데 완전 훈남,만화같은 일이네요.,하나씩 해보세요.,0
A1 word2vec lr1e-4 (06),베이스라인,beam5,욕까지 먹었는데 정이 안 떨어져,지나간 사람은 얼른 떨쳐버리세요.,많이 지쳤나봐요.,1
A1 word2vec lr1e-4 (06),베이스라인,beam5,거짓말은 진짜 못고치는 병 맞죠?,아무래도 그렇죠.,사람은 없어요.,1
A1 word2vec lr1e-4 (06),베이스라인,beam5,오늘 또 하루 살았네,오늘은 약간의 변화를 줘보세요.,후회하지 거예요.,0
A1 word2vec lr1e-4 (06),베이스라인,beam5,연차 내고 누워만 있네,때론 쉬어가는 것도 필요해요.,었겠네요.,1
A1 word2vec lr1e-4 (06),베이스라인,beam5,좌절 중이야,이제 일어날 때예요.,거예요.,0
A1 word2vec lr1e-4 (06),베이스라인,beam5,커피 말고 뭐 마시지,시원한 쥬스는 어때요.,맞나봐요.,0
A1 word2vec lr1e-4 (06),베이스라인,beam5,조카들 너무 귀찮게 해,방문 열어주지 마세요.,마음이 허전한가봐요.,0
A1 word2vec lr1e-4 (06),베이스라인,beam5,잊자 잊자 지워버리자,잘 해내고 있어요.,마음이 허전한가봐요.,1
A1 word2vec lr1e-4 (06),베이스라인,beam5,반가운 연락,사랑하는 사람의 연락이었나봐요.,반갑습니다.,1
A1 word2vec lr1e-4 (06),베이스라인,beam5,짝녀한테도 철벽쳐요. 성격이 왜 그럴까요.,두려운게 있는게 아닐까요.,가끔은.,2
A1 word2vec lr1e-4 (06),베이스라인,beam5,밤만 되면 미치겟네.,아직 많이 답답한가봐요.,좋은 생각이에요.,1
A1 word2vec lr1e-4 (06),베이스라인,beam5,돈 쥐꼬리만큼 가지고 유세부리는 꼴이라니,없다가 있어서 그런가봐요.,좀 고생했어요.,0
A1 word2vec lr1e-4 (06),베이스라인,beam5,시간 아까워,다른 일을 해보세요.,시간이 필요한가봐요.,0
A1 word2vec lr1e-4 (06),베이스라인,beam5,완전히 잊는다는게 쉽지 않네,사랑했던 연인을 잊어버리는건 힘들어요.,좋은 생각이에요.,1
A1 word2vec lr1e-4 (06),베이스라인,beam5,이어폰 사야지,잘 골라보세요.,좋은 곳으로 관심을 돌려보세요.,0
A1 word2vec lr1e-4 (06),베이스라인,beam5,여드름 피부 화장으로 가릴까?,중요한 날에만 가리세요.,마음이 허전한가봐요.,0
A1 word2vec lr1e-4 (06),베이스라인,beam5,점점 괜찮아 지는것 같다가도.,힘들기도 하겠죠.,심호흡을 해보세요.,1
A1 word2vec lr1e-4 (06),베이스라인,beam5,헤어진 지 한달됐습니다,힘든가봐요.,좋은 일이 있었나봐요.,1
A1 word2vec lr1e-4 (06),베이스라인,beam5,배가 너무 고파,뭐 좀 챙겨드세요.,저도 싶어요.,0
A1 word2vec lr1e-4 (06),베이스라인,beam5,뭐라 하려다 참았어,계속 그러면 말하세요.,아련.,0
A1 word2vec lr1e-4 (06),베이스라인,beam5,후폭풍 재회를 두번 또 헤어짐,사랑도 헤어짐도 면역이 안되나봐요.,신경쓰지 마세요.,1
A1 word2vec lr1e-4 (06),베이스라인,beam5,엄청 로맨틱해,생각만해도 달콤하네요.,마음이 허전한가봐요.,2
A1 word2vec lr1e-4 (06),베이스라인,beam5,남편이 아기를 안 돌봐줘.,공동육아가 기본인데요.,신고하세요.,0
A1 word2vec lr1e-4 (06),베이스라인,beam5,술먹고 연락도 없는,걱정되시겠어요.,해지면 안돼요.,1
A1 word2vec lr1e-4 (06),베이스라인,beam5,지금 나오라고 하는거 예의 없음?,보고싶다고 연락은 해보는 게 좋을 거 같아요.,렸으니까요.,2
A1 word2vec lr1e-4 (06),베이스라인,beam5,더워더워,차가운 음료 너무 많이 마시면 아니 되어요,좋은 곳으로 관심을 돌려보세요.,0
A1 word2vec lr1e-4 (06),베이스라인,beam5,첫사랑은 안되는건가,의미 부여하지 마세요.,사랑의 예의가 없어요.,1
A1 word2vec lr1e-4 (06),베이스라인,beam5,눈물이 많아졌어,세상 걱정 혼자 다 해서 그래요.,지금은 우세요.,0
A1 word2vec lr1e-4 (06),베이스라인,beam5,너무 힘든 나날을 보내고 있습니다.,원래 이별은 힘든 거예요.,생각하지 마세요.,1
A1 word2vec lr1e-4 (06),베이스라인,beam5,밤만 되면,생각날 거예요.,더 좋은 일이 있었나봐요.,1
A1 word2vec lr1e-4 (06),베이스라인,beam5,커플여행 어떻게 생각해?,누구랑 가느냐가 중요하겠죠.,말해보세요.,2
A1 word2vec lr1e-4 (06),베이스라인,beam5,잘해줘도 이별은 아프네,이별의 끝은 항상 시린 것 같아요.,사람은 없어요.,1
A1 word2vec lr1e-4 (06),베이스라인,beam5,커플 폰케이스 사자고 해야겠다.,괜찮은거로 골라보세요.,골라보세요.,0
A1 word2vec lr1e-4 (06),베이스라인,beam5,수영장 같이 가려고 해,즐거운 시간 보내고 오세요!,저도겠어요.,0
A1 word2vec lr1e-4 (06),베이스라인,beam5,옷이 다 젖었어,감기 조심 하세요.,좋은 생각이에요.,0
A1 word2vec lr1e-4 (06),베이스라인,beam5,짝녀 보란 듯이 성공하고 싶습니다.,큰 결심이네요. 꼭 성공할 거예요.,마음이 허전한가봐요.,2
A1 word2vec lr1e-4 (06),베이스라인,beam5,부모님 반대 설득하고 싶어,자식 이기는 부모 없을 거예요.,제가 들어드릴게요.,2
A1 word2vec lr1e-4 (06),베이스라인,beam5,말을 수시로 바꾸는 사람 어떻게 해?,빼도 박도 못하는 증거를 만들어 놓으세요.,못하는 게 좋을 거예요.,0
A1 word2vec lr1e-4 (06),베이스라인,beam5,"괜찮은 척, 어른인척",척 안해도 돼요.,그런 일이 있었나봐요.,1
A1 word2vec lr1e-4 (06),베이스라인,beam5,물배달 시켜야겠다.,부지런하시네요.,더 좋은 일이 있었나봐요.,0
A1 word2vec lr1e-4 (06),베이스라인,beam5,짝녀 보고 싶다.,그럴 만 해요.,좋은 곳으로 있을 거예요.,2
A1 word2vec lr1e-4 (06),베이스라인,beam5,좋아하는 사람이 있는데 할 말이 없어서 연락이 끊겼어.,또 다시 연락할 수 있어요.,하나씩 해보세요.,2
A1 word2vec lr1e-4 (06),베이스라인,beam5,퇴근 후에 만나자고 해볼까,용기내세요.,초록초나봐요.,0
A1 word2vec lr1e-4 (06),베이스라인,beam5,나만 좋아하는 것 같아 자존감 떨어져.,더 좋아하게 만들면 돼요.,좋은 생각이에요.,2
A1 word2vec lr1e-4 (06),베이스라인,beam5,사귀던 사람이 잠수탔어,너무 걱정하지 마세요. 조금더 기다려보세요.,후폭풍은네요.,2
A1 word2vec lr1e-4 (06),베이스라인,beam5,SNS 시간낭비인데 자꾸 보게됨,시간을 정하고 해보세요.,시간을.,0
A1 word2vec lr1e-4 (06),베이스라인,beam5,마음이 변할까봐 두려워,서로에게 믿음을 주세요.,긍정적인 생각을 해보세요.,2
A1 word2vec lr1e-4 (06),베이스라인,beam5,내가 나빴네,아니에요. 너무 자책하지 마세요.,하나씩 해보세요.,0
A1 word2vec lr1e-4 (06),베이스라인,beam5,폰 자꾸 보게 돼,보지 마세요.,마음이 허전한가봐요.,1
A1 word2vec lr1e-4 (06),베이스라인,beam5,나 사랑할 자격 없는 사람이야,사랑에는 조건이 필요없어요.,많이 지쳤나봐요.,2
A1 word2vec lr1e-4 (06),베이스라인,beam5,시어머니가 질투해,아들을 빼앗겼다고 생각하나봐요.,겼 거예요.,0
A1 word2vec lr1e-4 (06),베이스라인,beam5,월욜부터 힘드네.,기분 탓인지 월요일은 항상 힘든 것 같아요.,시간을 정해보세요.,1
A1 word2vec lr1e-4 (06),베이스라인,beam5,말하는 거 귀여워,하트 뿅뿅이네요.,인생이 그럴 수도 있어요.,2
A1 word2vec lr1e-4 (06),베이스라인,beam5,더 사랑해달래,더 많이 표현해주세요.,후회하지 마세요.,2
A1 word2vec lr1e-4 (06),베이스라인,beam5,냉방비 너무 많이 나와,시원하게 지낸 값이죠.,연락두절돼서 걱정되겠네요.,0
A1 word2vec lr1e-4 (06),베이스라인,beam5,추억은 힘이 없다.,추억은 미화되기 마련이죠.,인연이 거기까지인가봐요.,1
A1 word2vec lr1e-4 (06),베이스라인,beam5,허전한게 좀 그렇다,채워질 거예요.,마음이 허전한가봐요.,0
A1 word2vec lr1e-4 (06),베이스라인,beam5,내가 좋아하는 걸 티냈는데 못 알아챘을까?,못 알아차렸을 수도 있어요.,마음이 복잡한가봐요.,2
A1 word2vec lr1e-4 (06),베이스라인,beam5,해외여행하다 숙소에서 만난 외국인이 너무 좋은데 이 연애 무리일까?,사랑에 국경은 없어요.,신 있으니까요.,2
A1 word2vec lr1e-4 (06),베이스라인,beam5,자꾸 갠톡하는 선배 있는데 관심 있나?,호감이 있을 수도 있어요. 그렇지만 조금 더 상황을 지켜보세요.,그런 일이 있었나봐요.,2
A1 word2vec lr1e-4 (06),베이스라인,beam5,녹차 마실래?,드시는거 보기만 해도 좋아요.,마실.,0
A1 word2vec lr1e-4 (06),베이스라인,beam5,사랑 별거 없네,별거 없다가도 전부가 되는게 사랑이에요,사랑이었으니까요.,2
A1 word2vec lr1e-4 (06),베이스라인,beam5,내려놓기,잘했어요.,시작하세요.,1
A1 word2vec lr1e-4 (06),베이스라인,beam5,이젠 어떡해얄지 모르겠어,일기를 써보세요.,마음이 복잡한가봐요.,1
A1 word2vec lr1e-4 (06),베이스라인,beam5,내 사랑이 있을까?,눈을 크게 뜨고 잘 찾아보세요.,사랑은 그 사람이 있을 거예요.,2
A1 word2vec lr1e-4 (06),베이스라인,beam5,술마시고 있네,한 잔하기 좋은 날이네요.,심이심이 수 있을 거예요.,1
A1 word2vec lr1e-4 (06),베이스라인,beam5,썸남이 오디션 나간대,응원해주세요.,거라 생각해요.,2
A1 word2vec lr1e-4 (06),베이스라인,beam5,장거리 이별,잘 견뎌왔는데 힘든 순간이었죠.,마음이 허전한가봐요.,1
A1 word2vec lr1e-4 (06),베이스라인,beam5,계속 생각나는 사람.,사랑했던 만큼 생각나겠죠.,좋은 사람 말은 신경쓰지 마세요.,1
A1 word2vec lr1e-4 (06),베이스라인,beam5,여행가고 싶다,계획을 세워보세요.,저도 같이 싶어요.,0
A1 word2vec lr1e-4 (06),베이스라인,beam5,담배 끊는 거 어려워,자신을 이겨야해요.,정리하는 게 좋을 것 같아요.,0
A1 word2vec lr1e-4 (06),베이스라인,beam5,친구들이 짝녀를 별로라고 하네요.,무슨 이유에서 그랬을까요.,저는 씌 도움이 될 거예요.,2
A1 word2vec lr1e-4 (06),베이스라인,beam5,썸남이 연락이 안돼,연락이 중요한 시기인데요.,연락이 안되나봐요.,2
A1 word2vec lr1e-4 (06),베이스라인,beam5,해외여행 가고 싶어.,그럼요!,저도 같이 싶어요.,0
A1 word2vec lr1e-4 (06),베이스라인,beam5,실비 드는게 좋을까,잘 알고 들어도 좋을 것 같아요.,생각을 했나봐요.,0
A1 word2vec lr1e-4 (06),베이스라인,beam5,내가 이렇게 또 불효를 한다.,연락이라도 드려보세요.,려보세요.,0
A1 word2vec lr1e-4 (06),베이스라인,beam5,아마 평생 모르겠지.,평생 모르고 사는 게 참 많죠.,조금만 더 버텨보세요.,2
A1 word2vec lr1e-4 (06),베이스라인,beam5,나를 떠보는 것 같은 짝남.,떠보는 것보다 직구 날려보세요.,마음이 허전한가봐요.,2
A1 word2vec lr1e-4 (06),베이스라인,beam5,남자친구한테 서운해,수천번 생각해도 이건 아니라고 생각이 되면 서운하다고 이야기하세요.,잘 될 거예요.,2
A1 word2vec lr1e-4 (06),베이스라인,beam5,좋아하는 사람에 대한 관심을 끄는 방법이 뭐가 있을까.,다른일로 바쁘면 조금 덜할 거예요.,만남과.,2
A1 word2vec lr1e-4 (06),베이스라인,beam5,배 아파서 기분이 안 좋아,약이 필요하면 도움을 받아보세요.,걸어보세요.,0
A1 word2vec lr1e-4 (06),베이스라인,beam5,친구랑 싸웠어,싸우면서 정 들 거예요.,잘할 수 있을 거예요.,0
A1 word2vec lr1e-4 (06),베이스라인,beam5,선생님이 나만 뭐라고 해,애정표현이라고 생각하세요.,많이 사랑했나봐요.,0
A1 word2vec lr1e-4 (06),베이스라인,beam5,하루가 일년같아,시간이 더디게 흐르죠.,잘해주세요.,1
A1 word2vec lr1e-4 (06),베이스라인,beam5,과거에 얽매여 있어,과거랑 현재랑 미래는 함께 해요.,좋은 일이 있었나봐요.,1
A1 word2vec lr1e-4 (06),베이스라인,beam5,신혼여행 가서 돌아오기 싫다,휴가를 붙여보세요.,자신을 더 사랑해주세요.,0
A1 word2vec lr1e-4 (06),베이스라인,beam5,개좋아,저도 좋아해주세요.,좋은 일이 있었나봐요.,0
A1 word2vec lr1e-4 (06),베이스라인,beam5,연애상담하더니 둘이 사귀더라,대화를 하다가 친해졌나봐요.,여자한테네요.,2
A1 word2vec lr1e-4 (06),베이스라인,beam5,집이 너무 지저분해,청소기를 돌려보세요.,마음이 감정의 변화가 있었나봅니다.,0
A1 word2vec lr1e-4 (06),베이스라인,beam5,이제 끝인가봐,이별을 받아들이는 건 쉬운 일이 아니겠죠.,날씨가 도움이 될 거예요.,1
A1 word2vec lr1e-4 (06),베이스라인,beam5,좋아하는 사람 잊는 방법 조언 좀.,가슴 아픈 질문이네요.,좋은 생각이에요.,2
A1 word2vec lr1e-4 (06),베이스라인,beam5,신청했더니 정말로 왔네ㅎㅎ,좋은 결과길 바라요.,고쳐쓰는 거 같아요.,1
A1 word2vec lr1e-4 (06),베이스라인,beam5,면접 팁 좀 줘,잘 볼 수 있을 거예요.,마음이 복잡한가봐요.,0
A1 word2vec lr1e-4 (06),베이스라인,beam5,나 실수한건가,잘 생각해보세요.,남에게 피해만.,0
A1 word2vec lr1e-4 (06),베이스라인,beam5,너무 매달렸나봐,너무 사랑한 거였을 거예요.,잘할 수 있을 거예요.,1
A1 word2vec lr1e-4 (06),베이스라인,beam5,연락 못하는 아픔.,당분간은 힘들지 몰라요.,마음이 허전한가봐요.,1
A1 word2vec lr1e-4 (06),베이스라인,beam5,분하고 그립고 고통스러워.다른 여자 사랑하는 그모습,이제 과거를 보지 마요.,마음이 허전하신가봐요.,1
A1 word2vec lr1e-4 (06),베이스라인,beam5,내 남자로 만들기,사랑은 소유하는 게 아니에요.,마음이 복잡한가봐요.,2
A1 word2vec lr1e-4 (06),베이스라인,beam5,사랑하고 사람이 달라졌어,화학 물질이 접촉하는 것처럼 반응이 일어나서 완전히 바뀌게 되죠.,제가 들어드릴게요.,2
A1 word2vec lr1e-4 (06),베이스라인,beam5,중2 히스테리 알아?,힘들 때네요.,가세요.,0
A1 word2vec lr1e-4 (06),베이스라인,beam5,친구가 나한테 집착해,거리를 두세요.,양해를 구해보세요.,0
A1 word2vec lr1e-4 (06),베이스라인,beam5,뭔 상황인지 헷갈리네.,애매하긴 해요.,직감을.,1
A1 word2vec lr1e-4 (06),베이스라인,beam5,좋아하는 여자애가 남친 사귈 마음이 없다는데 진짜일까?,그건 본인만 알 거예요.,제게 말씀해보세요.,2
A1 word2vec lr1e-4 (06),베이스라인,beam5,속이는 거 더 못하겠어,남을 속이는건 나쁜거예요.,서로를 서로를 알게 알게.,0
A1 word2vec lr1e-4 (06),베이스라인,beam5,전공 잘못 골랐나봐,내가 맞는 것과 맞지 않은 걸 구별해보세요.,내가함이겠어요.,0
A1 word2vec lr1e-4 (06),베이스라인,beam5,썸남한테 소개팅 나간다고 해볼까?,상대방을 헷갈리게 하는건 좋지 않아요.,마음이 복잡한가봐요.,2
A1 word2vec lr1e-4 (06),베이스라인,beam5,많이 좋아하던 전여친에게 연락해도될까?,연락은 자유지만 후회는 할 수도 있어요.,연락해보세요.,2
A1 word2vec lr1e-4 (06),베이스라인,beam5,맨날 짝사랑만 하다가 끝났는데 연애할 수 있을까?,언젠가 진정한 사랑이 나타날 거예요.,마음이 여기까지 이별도 이별도겠어요.,2
A1 word2vec lr1e-4 (06),베이스라인,beam5,권태기로 헤어지면 후회할까,극복하려는 노력은 해보는 게 좋을 거 같아요.,그런 사람 최선의 선택일 거라 생각해요.,1
A1 word2vec lr1e-4 (06),베이스라인,beam5,오늘도 짝남이 멋졌어.,멋진 분이군요.,조금만 더 버텨보세요.,2
A1 word2vec lr1e-4 (06),베이스라인,beam5,집 샀어,내 집 마련 축하드려요.,좋은 생각이에요.,0
A1 word2vec lr1e-4 (06),베이스라인,beam5,나만 힘든 거였구나,마음이 약해 탈이네요.,인연이 거기까지 였나봐요.,1
A1 word2vec lr1e-4 (06),베이스라인,beam5,감당 못하는 사랑,감당할 수 있는 만큼만 베푸세요.,사랑한 사람이었나봐요.,2
A1 word2vec lr1e-4 (06),베이스라인,beam5,집착인걸까.,잘 생각해보세요.,마음이 허전한가봐요.,1
A1 word2vec lr1e-4 (06),베이스라인,beam5,1년 동거 중인데 계속 좋아,서로 깊게 알게되면서 더 좋아졌나봅니다.,만남에?,2
A1 word2vec lr1e-4 (06),베이스라인,beam5,드디어 천일,축하합니다.,마음이 허전한가봐요.,0
A1 word2vec lr1e-4 (06),베이스라인,beam5,설마했던 진짜 이별,앞일은 알 수가 없나봐요.,마음이 허전한가봐요.,1
A1 word2vec lr1e-4 (06),베이스라인,beam5,짝남한테 크리스마스 선물할건데 추천 좀.,목도리는 어떨까요.,마음이 허전한가봐요.,2
A1 word2vec lr1e-4 (06),베이스라인,beam5,씨씨인데 몰래 만나고 있는데 공개 연애 하자고 할까?,몰래 만날 수 있는 만큼 몰래 만나보세요.,마음이 허전한가봐요.,2
A1 word2vec lr1e-4 (06),베이스라인,beam5,이젠 슬픈 사랑,슬픈 이별이기도 하네요.,란.,1
A1 word2vec lr1e-4 (06),베이스라인,beam5,먹을까 참을까,조금만 드세요,그럴 수 있어요.,0
A1 word2vec lr1e-4 (06),베이스라인,beam5,옷 사 줘,아직 월급날이 멀었어요.,제가 들어드릴게요.,0
A1 word2vec lr1e-4 (06),베이스라인,beam5,썸인지 알려면,어느 정도 시간과 연락과 관심이 필요하겠네요.,좋은 건강습관네요.,2
A1 word2vec lr1e-4 (06),베이스라인,beam5,하루에 만보 걷기,좋은 건강습관이네요.,좋은 떨리겠어요.,0
A1 word2vec lr1e-4 (06),베이스라인,beam5,장수커플이야,사랑은 유지하는 게 중요한데 대단하네요.,좋은 곳으로 있을 거예요.,2
A1 word2vec lr1e-4 (06),베이스라인,beam5,취미생활 같이하는 게 좋다던데,함께하면 서로를 더 많이 알게 될 거예요.,맘처럼 있나봐요.,0
A1 word2vec lr1e-4 (06),베이스라인,beam5,잘지내고있니,잘 지내고 있어요.,미래에 이야기해보세요.,1
A1 word2vec lr1e-4 (06),베이스라인,beam5,생각이 자꾸 나,좋아하나봐요.,생각해보세요.,2
A1 word2vec lr1e-4 (06),베이스라인,beam5,오래 못 가는 연애,"연애는 문제가 있으면 문제를 해결 하기 위해 함께 노력하고 그 속에서 더욱 단단해지는 과정인데, 그 과정을 못 참고 피하기만 했나봅니다.", ⁇ 네요.,2
A1 word2vec lr1e-4 (06),베이스라인,beam5,정말 다시돌아 온다면,잘할 자신이 있어도 힘든 게 재회예요.,이별을 좋은가세요.,1
A1 word2vec lr1e-4 (06),베이스라인,beam5,짝남을 반에서 공개적으로 좋아하는게 나을까요?,경쟁자를 없애기 위해 그게 나을 수도 있어요.,마음이 허전한가봐요.,2
A1 word2vec lr1e-4 (06),베이스라인,beam5,넥타이핀 정도는 선물로 줘도 괜찮겠지?,실용적인 선물이라 괜찮을 거예요.,잘 해결될 거예요.,0
A1 word2vec lr1e-4 (06),베이스라인,beam5,울적하다,울적.... 우울할땐.... 울면,걷다보면겠어요.,0
A1 word2vec lr1e-4 (06),베이스라인,beam5,사람 만나는 게 쉽지 않아,미리 움츠러들지 않아도 돼요.,마음이 허전한가봐요.,0
A1 word2vec lr1e-4 (06),베이스라인,beam5,사랑만으로 다 될줄 알았던 우리들,그때는 우리 다 순수했던 걸까요.,못했나봐요.,1
A1 word2vec lr1e-4 (06),베이스라인,beam5,여자친구한테 더 이상 설레지 않아,정말 큰 문제네요.,정리할 시간이지요.,2
A1 word2vec lr1e-4 (06),베이스라인,beam5,이별 극복할수있을까?,당신이라면 충분히 극복할 수 있어요.,좋은 거 같아요.,1
A1 word2vec lr1e-4 (06),베이스라인,beam5,친구한테 자꾸 집착하게 돼,자신 스스로에게 의지해보세요.,얽힌.,0
A1 word2vec lr1e-4 (06),베이스라인,beam5,소심한 남자와의 연애,직설적으로 통보하는 말보다는 조금 더 부드럽게 권유하고 물어보는 말을 해보세요.,마음이 허전한가봐요.,2
A1 word2vec lr1e-4 (06),베이스라인,beam5,돈이 안 모여,한푼 두푼 차곡차곡,줄여보세요.,0
A1 word2vec lr1e-4 (06),베이스라인,beam5,보고싶네,보고싶을 거예요.,인연이 거기까지였나봐요.,1
A1 word2vec lr1e-4 (06),베이스라인,beam5,썸남이 약속 자꾸 미루는데 내가 싫은걸까?,어쩔 수 없는 상황인지 물어보세요.,있었나봐요.,2
A1 word2vec lr1e-4 (06),베이스라인,beam5,헤어진지 1달반정도 됬네,금방 지나갈 거예요.,인연이 거기까지인가봐요.,1
A1 word2vec lr1e-4 (06),베이스라인,beam5,좋아하는 사람이 쓰레기면 어떻게 할꺼야?,쓰레기 옆에 있기 싫어서 도망갈 거예요.,다른 곳으로 관심을 돌려보세요.,2
A1 word2vec lr1e-4 (06),베이스라인,beam5,이게 바로 첫사랑인듯,당신의 소중한 사랑을 이루어 보세요.,의미있는 일이네요.,2
A1 word2vec lr1e-4 (06),베이스라인,beam5,나들이를 가볼까,같이 가요.,마음이 허전한가봐요.,0
A1 word2vec lr1e-4 (06),베이스라인,beam5,원서 낸거 1지망에서 떨어졌어,위로해 드립니다.,잘 골라보세요.,0
A1 word2vec lr1e-4 (06),베이스라인,beam5,친구라는게 뒷담화나 하다니,친구라고 생각한 시간이 아깝네요.,기대가 있으니까요.,0
A1 word2vec lr1e-4 (06),베이스라인,beam5,내가 불효자야,연락이라도 드려보세요.,려보세요.,0
A1 word2vec lr1e-4 (06),베이스라인,beam5,썸 타던 사이인데 부담 돼. 연락 무시해도 될까?,부담되면 마음이 가지 않는 거니 정리도 필요하겠네요.,?,2
A1 word2vec lr1e-4 (06),베이스라인,beam5,진짜 완전체가 있어,상대를 용서하면서 분출할 수 있는 탈출구를 찾아보세요.,사랑이었나봐요.,0
A1 word2vec lr1e-4 (06),베이스라인,beam5,외로워,혼자가 아니에요.,좋은 생각이에요.,0
A2 random lr3e-4 (06),베이스라인,beam5,성형할까,돈 많이 들텐데요.,예뻐요.,0
A2 random lr3e-4 (06),베이스라인,beam5,나도 커플룩 입고 싶다,커플부터 만드세요.,저랑 놀아요.,0
A2 random lr3e-4 (06),베이스라인,beam5,불안해,두려워하지 않아도 돼요.,전에는한가봐요.,0
A2 random lr3e-4 (06),베이스라인,beam5,알바구함,하고 싶은 알바 지원해보세요.,하셨네요.,0
A2 random lr3e-4 (06),베이스라인,beam5,뭐 좀 배워볼까봐,배우는 건 항상 즐거운 일이에요.,저랑 놀아요.,0
A2 random lr3e-4 (06),베이스라인,beam5,죽을만큼 보고싶다.,많이 사랑했나봐요.,천천히 지워질 거예요.,1
A2 random lr3e-4 (06),베이스라인,beam5,맥주 마셔야지,적당히 드세요.,적당히 드세요.,0
A2 random lr3e-4 (06),베이스라인,beam5,혼수 얼마나 들까?,사람 마다 달라요.,그럴 수 있어요.,0
A2 random lr3e-4 (06),베이스라인,beam5,나 천재 같아,제가 따라가려면 멀었네요.,감사합니다.,0
A2 random lr3e-4 (06),베이스라인,beam5,시원섭섭하지만 후련하네.,한결 나아졌길 바랄게요.,충분히 잘하고 있어요.,1
A2 random lr3e-4 (06),베이스라인,beam5,이혼,쉽지 않은 결정이죠.,잘 살 수 있을 거예요.,1
A2 random lr3e-4 (06),베이스라인,beam5,한 사람만 죽을 때까지 사랑하는 게 가능할까?,그러기 힘들어서 결혼이라는 제도를 만든 걸 수도 있어요.,더라고요.,2
A2 random lr3e-4 (06),베이스라인,beam5,썸 타다 깨졌는데 다시 연락해도 되나.,감정에 확신이 있다면 연락해보세요.,것 같네요.,2
A2 random lr3e-4 (06),베이스라인,beam5,날씨가 너무 추워,집밖에 나가기가 힘들것 같아요.,좋은 생각이에요.,0
A2 random lr3e-4 (06),베이스라인,beam5,내일로 꼭 헤어진지 1년째네,헤어진 기념일 따지지 마세요.,가세요.,1
A2 random lr3e-4 (06),베이스라인,beam5,소오름 쫙,좋은 일이길 바랍니다.,이유가 있을 거예요.,0
A2 random lr3e-4 (06),베이스라인,beam5,오랜만에 결혼한 친구 만나고 왔는데.,소식을 들었나봐요.,그런 사람 만나길 바랄게요.,1
A2 random lr3e-4 (06),베이스라인,beam5,약속을 계속 미루는 썸남,약속을 소홀히 생각하는 사람은 믿음직스럽지 못해요.,반했나봐요.,2
A2 random lr3e-4 (06),베이스라인,beam5,빨리 찾아온 사랑,인생은 타이밍이에요.,좋은 사람 만날 거예요.,2
A2 random lr3e-4 (06),베이스라인,beam5,"보고싶다, 목소리라도 듣고싶어",전화하지마요.,서로 다르게 태어난 이유는 저마다의 목소리를 내기 위해서 거예요.,1
A2 random lr3e-4 (06),베이스라인,beam5,헤어지고 4달째,많은 시간이 흘렀네요.,할 수 있을 거예요.,1
A2 random lr3e-4 (06),베이스라인,beam5,우리집 망했다,철 들고 공부하세요.,핸드폰 아니에요.,0
A2 random lr3e-4 (06),베이스라인,beam5,인연이었다던 그사람,또 다른 인연이 있기 마련이죠.,좋을 거예요.,1
A2 random lr3e-4 (06),베이스라인,beam5,2주동안 참을만 했는데,잘 참았어요.,축하드려요.,1
A2 random lr3e-4 (06),베이스라인,beam5,좋아하는 여자애한테 어떻게 관심 표현하는지 조언 좀.,그녀의 관심사에 호감을 드러내세요.,마음이 복잡하겠어요.,2
A2 random lr3e-4 (06),베이스라인,beam5,일어나자마자 우울,달콤한 차라도 한 잔 해보세요.,남에게 피해만 주지 않는다면 상관 없어요.,1
A2 random lr3e-4 (06),베이스라인,beam5,헤어지고 다시 만나고 하다 결국 이별,헤어짐에 무뎌지지 않죠.,언젠간 올 거예요.,1
A2 random lr3e-4 (06),베이스라인,beam5,마음을 보여 주고 싶어.,그래서 표현이 중요해요.,힘내세요.,0
A2 random lr3e-4 (06),베이스라인,beam5,제가 좋아하던 사람이 절 좋아하면 갑자기 거부감 들고 싫어져요.,어떤 트라우마가 있었는지도 모르겠어요.,한 대화를 나눠보세요.,2
A2 random lr3e-4 (06),베이스라인,beam5,예랑이가 마마보이인듯,남자는 여자하기 나름이래요. 변화시켜 보세요.,좋아요.,2
A2 random lr3e-4 (06),베이스라인,beam5,어이가 없어서,그냥 잊어버리세요.,한번 해보세요.,0
A2 random lr3e-4 (06),베이스라인,beam5,바보짓 그만 둘래,천천히 그만두세요.,!,1
A2 random lr3e-4 (06),베이스라인,beam5,살찐 거 같아,기분일꺼에요.,기분일 뿐이에요.,0
A2 random lr3e-4 (06),베이스라인,beam5,결혼준비하는데 돈 얼마나 드나,욕심에 따라 천지 차이일 거예요.,심호흡을 해보세요.,0
A2 random lr3e-4 (06),베이스라인,beam5,목욕탕 가야지,시원하게 씻고 오세요.,열심히 하세요.,0
A2 random lr3e-4 (06),베이스라인,beam5,싸우면 연락 안 받는 사람 어떻게 해?,혼자 풀릴 때까지 놔둬야하는데 기다리는게 힘들 거예요.,그런 사람 만나지 마세요.,0
A2 random lr3e-4 (06),베이스라인,beam5,세상에 영원한 것은 없다.,제가 영원을 약속할게요.,충분히 스스로 극복할 수 있을 거예요.,1
A2 random lr3e-4 (06),베이스라인,beam5,밤 12시야,하루가 또 가네요.,주세요.,0
A2 random lr3e-4 (06),베이스라인,beam5,왜 진급이 안 되지,열심히 하면 할 수 있을 거예요.,다음에는 다를 것 같아요.,0
A2 random lr3e-4 (06),베이스라인,beam5,헤어지고 난뒤 친구?,친구가 되기 쉽지 않을 거예요.,뭘 제가 있잖아요.,1
A2 random lr3e-4 (06),베이스라인,beam5,시험 준비 언제 끝나,공부를 많이 해놨나봐요.,겠어요.,0
A2 random lr3e-4 (06),베이스라인,beam5,잠을 못 잤더니 힘들다,잠이 정말 중요해요. 눈을 좀 붙이세요.,멋진 말이에요.,0
A2 random lr3e-4 (06),베이스라인,beam5,나 무시하는 사람 짜증나,무시하세요.,저도 듣고 싶어요.,0
A2 random lr3e-4 (06),베이스라인,beam5,사다리타기 맨날 운이 안 좋아,다른 곳에 쓰려고 운을 아껴뒀나봐요.,흘야할까.,0
A2 random lr3e-4 (06),베이스라인,beam5,다들 어떻게 견딜까,시간이 흐르면서 무덤덤해지는 거죠.,나 사랑했던인지 살펴보세요.,1
A2 random lr3e-4 (06),베이스라인,beam5,해선 안 될 사랑.,그렇게 생각한다면 매몰차게 마음을 정리하세요.,잘 되길 바랄게요.,1
A2 random lr3e-4 (06),베이스라인,beam5,말조심해야지,생각하고 말하는 연습을 해보세요.,좋은 결과 있을 거예요.,0
A2 random lr3e-4 (06),베이스라인,beam5,턱시도 잘 어울림!,눈에 콩각지가 떨어지지 않기를 바랄게요.,잘 살 수 있을 거예요.,2
A2 random lr3e-4 (06),베이스라인,beam5,배고파,얼른 맛난 음식 드세요.,조금만 더 힘내세요.,0
A2 random lr3e-4 (06),베이스라인,beam5,컴퓨터가 느려졌어,뭘 다운 받으신 건지…,포맷해보세요.,0
A2 random lr3e-4 (06),베이스라인,beam5,전여친이 나보다 나은 사람이라는 생각이 자꾸 들어,남과 자신을 비교하지 말아요. 자신을 더 사랑해보세요.,그럴 수 있어요.,1
A2 random lr3e-4 (06),베이스라인,beam5,나 챙겨줄 사람이 필요해,제가 챙겨드리고 싶네요.,제가 있잖아요.,0
A2 random lr3e-4 (06),베이스라인,beam5,나는 좋아하는데 그 사람은 나를 친구로만 생각해.,이성으로 대하고 싶다고 말해보세요.,아니에요.,2
A2 random lr3e-4 (06),베이스라인,beam5,니가 이 글을 봤으면,전하지 못한 이야기 저에게 해주세요.,필요해요.,1
A2 random lr3e-4 (06),베이스라인,beam5,여자친구가 나 때매 힘들대,좀 더 잘해주세요.,보세요.,1
A2 random lr3e-4 (06),베이스라인,beam5,오늘 집앞까지 찾아 갔는데,지켜만 보는 편이 나을 거예요.,필요해요.,1
A2 random lr3e-4 (06),베이스라인,beam5,출근시간 아깝다,회사 근처로 이사를 가보세요.,시간이 해결해줄 거예요.,0
A2 random lr3e-4 (06),베이스라인,beam5,사귀자는 말 아니면 썸인가,말 안하고 사귀는 경우도 있습니다.,사귀자고보세요.,2
A2 random lr3e-4 (06),베이스라인,beam5,나랑 썸타는 애가 영화보재.,좋은 소식이네요.,이별을 받아들이는 것도 중요해요.,2
A2 random lr3e-4 (06),베이스라인,beam5,당신도 저만큼 아팠으면 좋겠습니다.,이런 말을 하면서 당신이 아프지 않았으면 좋겠어요.,무슨 일이 있었나봐요.,1
A2 random lr3e-4 (06),베이스라인,beam5,와 연락하고싶다.,연락하면 후회할지도 몰라요.,좋은 생각이에요.,1
A2 random lr3e-4 (06),베이스라인,beam5,남자친구를 질리게하는 행동들이 뭐가 있어?,구속과 집착이겠죠.,좋아요.,2
A2 random lr3e-4 (06),베이스라인,beam5,썸인가요,떠보는 것도 좋을 거 같아요.,연락해보세요.,2
A2 random lr3e-4 (06),베이스라인,beam5,마지막이겠죠,마지막이 아닐 지도 몰라요.,마음을 없네요.,1
A2 random lr3e-4 (06),베이스라인,beam5,이상한나의취미.이별을세는것.,헤어짐을 헹리는 것 만큼 가슴 아픈 일은 없어요.,사랑의 예의가 없네요.,1
A2 random lr3e-4 (06),베이스라인,beam5,사랑이 안 변했으면 좋겠다,저도요.,이런.,2
A2 random lr3e-4 (06),베이스라인,beam5,우리 진짜 이별인가봐,끝을 아는 것도 중요한 것 같아요.,매일보세요.,1
A2 random lr3e-4 (06),베이스라인,beam5,사랑이 끝나고 나서,원망과 슬픔에 잠기는 게 아니라 그 시간들을 가만히 내려놓고 내가 어떤 사람이었는가를 돌아보는 것입니다.,사랑이 같은 같은 사람이네요.,1
A2 random lr3e-4 (06),베이스라인,beam5,집들이는 보통 누구를 초대하나?,초대하고 싶은 사람들이요.,저는 마음을 이어주는 위로봇입니다.,0
A2 random lr3e-4 (06),베이스라인,beam5,상사가 진짜 미쳤다,피하지 말고 적극적으로 장점을 찾아서 인정하고 호의를 보여보세요.,그럴 수 있어요.,0
A2 random lr3e-4 (06),베이스라인,beam5,고의는 아닌데 실수를 한 거 같아,용서를 구하세요.,말해보세요.,0
A2 random lr3e-4 (06),베이스라인,beam5,썸 맞는거임?,말해보세요. 생각해 볼게요.,좋은 사람 만날 수 있을 거예요.,2
A2 random lr3e-4 (06),베이스라인,beam5,너무 답답하네. 어떤맘일까??,직접 물어보는 게 좋을 것 같아요.,사람 고쳐쓰는 거 아니에요.,1
A2 random lr3e-4 (06),베이스라인,beam5,이렇게 힘들고 괴로운 적 처음이야,그렇게 우리는 성장하나봐요.,좋은 친구를 두셨네요.,1
A2 random lr3e-4 (06),베이스라인,beam5,집까지 데려다줬는데 호감? 그냥 매너?,호감이 있을 수도 있어요. 그렇지만 조금 더 상황을 지켜보세요.,좋은 습관이네요.,2
A2 random lr3e-4 (06),베이스라인,beam5,썸의 조건이 뭐야,"자주 연락하고 가만히 있어도 생각나는, 연락하면 괜히 웃음나는 사이 아닐까요?",저에게 기대세요.,2
A2 random lr3e-4 (06),베이스라인,beam5,눈물 나서 못 멈추겠어,마음이 아픈가요.,언젠가 다 잊을 거예요.,0
A2 random lr3e-4 (06),베이스라인,beam5,내가 그 사람을 좋아하는건지 아닌지 착각이 들어.,확신이 서지 않을 때가 있지요.,그럴 거예요.,2
A2 random lr3e-4 (06),베이스라인,beam5,다시 헤어졌습니다.,인연이 거기까지였나봐요.,나쁜 사람이네요.,1
A2 random lr3e-4 (06),베이스라인,beam5,에휴 잊기가 힘드네,사람을 잊는데는 많은 시간이 필요한가봐요.,일이 많았나봅니다.,1
A2 random lr3e-4 (06),베이스라인,beam5,재밌는거 해 줘,거울을 보면서 얼굴 망가뜨리기 놀이 해 보신 적 있으세요? 의외로 재미 있어요.,잼 있는 거는 딸기잼에게 물어봐 주세요.,0
A2 random lr3e-4 (06),베이스라인,beam5,떠나려는 사람 잡는 방법,정말 후회할 것 같다면 지금이라도 진심을 전하세요.,한 번 말해보세요.,1
A2 random lr3e-4 (06),베이스라인,beam5,쫄면 생각나,얼른 요리해드세요.,더 좋은 사람 만날 수 있을 거예요.,0
A2 random lr3e-4 (06),베이스라인,beam5,그냥.너와 말한마디 섞고 너와의 인연에 고맙다,아름다운 사이네요.,그게 있을 거예요.,1
A2 random lr3e-4 (06),베이스라인,beam5,월급 입금됐다고 문자 왔어,까아 축하해요,힘들겠지만 잘 이겨낼 거예요.,0
A2 random lr3e-4 (06),베이스라인,beam5,결국 헤어졌어,시작이 있으면 끝도 있는 법이에요.,마음 단단히 쉽지 않죠.,1
A2 random lr3e-4 (06),베이스라인,beam5,시험 끝나고 만나고 싶어,만날 날까지 기다릴게요,나중에 없애주세요.,0
A2 random lr3e-4 (06),베이스라인,beam5,바다 보러 가자고 해볼까,바다는 사계절 내내 좋아요.,말씀해보세요.,0
A2 random lr3e-4 (06),베이스라인,beam5,나이트갔는데 이상형 만났어,축하해요.,좋은 생각이 있을 거예요.,2
A2 random lr3e-4 (06),베이스라인,beam5,끝나지 않을까봐 겁이나,끝을 지날 수 있을 거예요.,있을 거예요.,1
A2 random lr3e-4 (06),베이스라인,beam5,주변에서 다 별로라고 한 짝남 그냥 맘을 접어야할까?,다른 사람들이 별로라고 말하는 이유를 생각해보세요.,잘 볼 수 있을 거예요.,2
A2 random lr3e-4 (06),베이스라인,beam5,분식 먹고 싶아.,건강을 위해 조금씩 드세요.,고민이 많은가 봅니다.,0
A2 random lr3e-4 (06),베이스라인,beam5,답이 없는 과정,꼭 답을 풀어야 하는 건 아니에요.,많이 지쳤나봐요.,1
A2 random lr3e-4 (06),베이스라인,beam5,넌 누구냐?,저는 위로봇입니다.,저는 마음을 이어주는 위로봇입니다.,0
A2 random lr3e-4 (06),베이스라인,beam5,뭐하면 시간이 잘 갈까,친구와 수다를 떠세요.,재미있게 놀다 오세요.,0
A2 random lr3e-4 (06),베이스라인,beam5,좋아하는 사람에게 편지를 쓴다는것. 효과적일까?,마음을 담은 편지보다 더 좋은 선물은 없을 거예요.,좋은 사람 만날 수 있을 거예요.,2
A2 random lr3e-4 (06),베이스라인,beam5,겨울 지나 봄이야,마음에도 봄이 오길 바라요.,좋은 생각이에요.,0
A2 random lr3e-4 (06),베이스라인,beam5,독서 좀 해야겠어,좋은 생각이에요.,더가죠.,0
A2 random lr3e-4 (06),베이스라인,beam5,살빼고 담배 끊고 다 했는데!!,당신을 위한 최고의 투자를 한 거예요.,그래도 힘들죠.,1
A2 random lr3e-4 (06),베이스라인,beam5,오늘은 또 뭐 입냐,아침마다 하는 고민이죠.,서로 배려주세요.,0
A2 random lr3e-4 (06),베이스라인,beam5,그도 나를 좋아했으면 좋겠다.,타이밍이 맞았으면 좋겠네요.,마음 고생 많았어요.,2
A2 random lr3e-4 (06),베이스라인,beam5,케익 직접 만들어볼까?,수제 케익을 받으면 많이 좋아할 거예요.,자신을 더 좋은 사람 만날 수 있을 거예요.,0
A2 random lr3e-4 (06),베이스라인,beam5,헤어진지 딱 한달 됐내,생각보다 긴 시간이네요.,하루 하루를 헤아리는 건 자신을 더 힘들게 만들 뿐이에요.,1
A2 random lr3e-4 (06),베이스라인,beam5,헤어졌습니다 이제 어떡하면 되나?,기분 전환을 하는 건 어떨까요.,마음이해도해도 말해 말해보는 게 좋을 거 같아요.,1
A2 random lr3e-4 (06),베이스라인,beam5,짝남 생각할수록 정리 되는 듯.,차라리 잘 된 일이에요.,더 언젠간 올 거예요.,2
A2 random lr3e-4 (06),베이스라인,beam5,나도 월급 필요해,많이 벌수록 좋아요.,힘들겠지만 잘 살 수 있어요.,0
A2 random lr3e-4 (06),베이스라인,beam5,썸타는데 돈 필요하대,썸 관계에서 돈 관계는 피하는 게 좋을 듯 하네요.,잘 볼 수 있을 거예요.,2
A2 random lr3e-4 (06),베이스라인,beam5,썸인데 선물해도 돼?,부담스럽지 않은 선이 좋겠어요.,살짝 물어보세요.,2
A2 random lr3e-4 (06),베이스라인,beam5,커피콩 볶고 있어,커피향 좋겠어요.,좋겠어요.,0
A2 random lr3e-4 (06),베이스라인,beam5,눈 쌓였어,눈사람 만들어보세요.,잘 볼 수 있을 거예요.,0
A2 random lr3e-4 (06),베이스라인,beam5,완전 어이없네,안 좋은 일이 있었나봐요.,더라고요.,1
A2 random lr3e-4 (06),베이스라인,beam5,난 여자인데 남자를 좋아하는게 맞는지 모르겠어.,헷갈릴 때가 있죠.,하세요.,2
A2 random lr3e-4 (06),베이스라인,beam5,여사친인데 좋아하는 듯.,친구와 썸의 중간인 거 같아요.,더 좋은 사람 만날 수 있을 거예요.,2
A2 random lr3e-4 (06),베이스라인,beam5,오늘 뭐 입지?,옷이요.,뭘 입어도 예뻐요.,0
A2 random lr3e-4 (06),베이스라인,beam5,짝남 마주치지 않으려고 노력할거야.,그것도 하나의 방법이에요.,달라지는 게 없다면 만나지 않는 게 더 나을 수도 있어요.,2
A2 random lr3e-4 (06),베이스라인,beam5,드레스 입어보는 거 재밌어!,여러벌 입어보고 마음에 드는걸로 선택하세요.,일 거라 믿어요.,2
A2 random lr3e-4 (06),베이스라인,beam5,폭식증 어떻게 고칠 수 있을까?,오늘 못 먹었어도 내일 먹으면 더 맛있을 거예요.,힘들겠어요.,0
A2 random lr3e-4 (06),베이스라인,beam5,마지막 붙이지 못한 이별편지,마음에 간직하세요.,좋은 생각만 하세요.,1
A2 random lr3e-4 (06),베이스라인,beam5,혼자 살아도 될까,잘 살 수 있어요.,자신의 감정을 주변 사람들에게 터놓고 이야기해보세요.,0
A2 random lr3e-4 (06),베이스라인,beam5,짝남이 곧 군대를 가요.,마음이 착잡하겠어요.,자책하지 마세요.,2
A2 random lr3e-4 (06),베이스라인,beam5,한달하고 2주가 지났는데 아직도.,힘들 수 있지요.,딱 좋을 거예요.,1
A2 random lr3e-4 (06),베이스라인,beam5,생각만해도 좋아,좋아하시니까 좋네요.,금방 지나갈 거예요.,0
A2 random lr3e-4 (06),베이스라인,beam5,신혼여행 한달쯤 가고 싶다,휴가를 붙여보세요.,를 해보세요.,0
A2 random lr3e-4 (06),베이스라인,beam5,잘하는 게 없는 것 같아,저랑 이야기 잘하고 있어요.,저랑 이야기 해요.,0
A2 random lr3e-4 (06),베이스라인,beam5,게임도 이제 재미없어,다른 게임해보세요.,게임하세요.,0
A2 random lr3e-4 (06),베이스라인,beam5,저녁 메뉴 뭐 먹을까,냉장고 파먹기 해보세요.,맛있는 거 드세요.,0
A2 random lr3e-4 (06),베이스라인,beam5,대기업에 취직하고 싶어,잘할 수 있을 거예요.,조심하세요.,0
A2 random lr3e-4 (06),베이스라인,beam5,베란다 좀 가꿔볼까,심플하게 꾸며보세요.,먹고 잘 살 수 있을 거예요.,0
A2 random lr3e-4 (06),베이스라인,beam5,괜찮은 줄 알았는 데,자신을 가장 잘 모르고 살아요.,참하죠.,1
A2 random lr3e-4 (06),베이스라인,beam5,장학금 받을 수 있을까?,열심히 하면 받을 수 있을 거예요.,더 좋은 사람 만날 수 있을 거예요.,0
A2 random lr3e-4 (06),베이스라인,beam5,이젠 잊기로 해,그것이 최선의 선택일거라 생각해요.,충분히 스스로 극복할 수 있을 거예요.,1
A2 random lr3e-4 (06),베이스라인,beam5,우정이 뭐야?,힘들 때 같이 있는 거요.,자책하지 마세요.,0
A2 random lr3e-4 (06),베이스라인,beam5,쫌 부담스러운데,좀 더 편하게 생각해보세요.,마음이 헛헛한가봐요.,1
A2 random lr3e-4 (06),베이스라인,beam5,일기 써야 되는데,나중에 보면 좋은 추억이 될 거예요.,사람 고쳐쓰는 거 같아요.,0
A2 random lr3e-4 (06),베이스라인,beam5,이별이 좋은점,혼자가 되었을 때의 고요함이 아닐까요.,맛있게 드세요.,1
A2 random lr3e-4 (06),베이스라인,beam5,참다 참다 결국 마지막으로 문자보냈어,후회하지 않길 바랍니다.,자책하지 마세요.,1
A2 random lr3e-4 (06),베이스라인,beam5,여드름 났어,짜지 마세요.,차근차근이라도 해보세요.,0
A2 random lr3e-4 (06),베이스라인,beam5,손가락이 원망스럽네ㅜㅜ,실수했나봅니다.,할 수 있을 거예요.,1
A2 random lr3e-4 (06),베이스라인,beam5,커플여행이 나을까 그냥 우리끼리 갈까?,저는 둘이 가는 게 좋아요.,좋겠어요.,2
A2 random lr3e-4 (06),베이스라인,beam5,사랑하는 사람이랑 결혼하고싶어,진정으로 사랑한다면 결혼하세요.,언젠가 하지 마세요.,2
A2 random lr3e-4 (06),베이스라인,beam5,강아지 좋아하는 여자 어때?,마음이 따뜻할 것 같아요.,중요하지 않아요.,2
A2 random lr3e-4 (06),베이스라인,beam5,태몽꾼거 같아,뭘 꿨는지 궁금하네요.,친구가 아닌가봐요.,0
A2 random lr3e-4 (06),베이스라인,beam5,요즘 드라마가 땡겨,저도 드라마 좋아해요.,살짝 감정을 흘려보세요.,0
A2 random lr3e-4 (06),베이스라인,beam5,여자친구가 친구들이랑 여행을 가는데 남자도 있으면 어떡해?,같이 가거나 신경쓰인다고 말해요.,같이보세요.,2
A2 random lr3e-4 (06),베이스라인,beam5,눈이 안 떠져,잠시 눈을 붙여보세요.,네 말씀해주세요.,0
A2 random lr3e-4 (06),베이스라인,beam5,나에게만 집중했으면 좋겠어,사랑은 강요하는게 아니에요.,중요하지 않아요.,2
A2 random lr3e-4 (06),베이스라인,beam5,친한 친구의 구여친이랑 사귀어도 되나.,친구라면 많이 실망할겁니다.,마음이 후련한가봐요.,2
A2 random lr3e-4 (06),베이스라인,beam5,자꾸 우연히 만나,우연이 필연이 되기도 합니다.,힘든 건 아닌지 확인해보세요.,0
A2 random lr3e-4 (06),베이스라인,beam5,사랑해 보고싶어,얼른 만나러가세요.,그럴 수 있어요.,2
A2 random lr3e-4 (06),베이스라인,beam5,아 또 참지 못하고 카톡 프사를 봐버렷네,아예 카톡에서 삭제하세요.,이제 그럴 수 있어요.,1
A2 random lr3e-4 (06),베이스라인,beam5,이별통보를 받았습니다,마음의 준비가 필요했을텐데 안타까워요.,사랑의 예의가 없네요.,1
A2 random lr3e-4 (06),베이스라인,beam5,사랑이 쉬운 사람,참을 수 없는 가벼움이네요.,저도 어려운 것 같아요.,2
A2 random lr3e-4 (06),베이스라인,beam5,싸우면 잠수타는 사람?,조금 기다리면 풀릴 거예요,좋은 만남이었길 바라요.,0
A2 random lr3e-4 (06),베이스라인,beam5,좋아하는 여자 생겼는데 호감 표시하려면 어떻게 해야 해?,연락을 해보는게 좋아요.,잘 살 수 있을 거예요.,2
A2 random lr3e-4 (06),베이스라인,beam5,과일 안 먹게 돼,그래도 먹으려고 노력해보세요.,그래도이요.,0
A2 random lr3e-4 (06),베이스라인,beam5,봉사도 하고 사랑을 베풀고 싶어,나를 진실로 존중하고 사랑할 때 가능해요.,충분히 잊을 수 있을 거예요.,0
A2 random lr3e-4 (06),베이스라인,beam5,시간 갖는 거,마음에게 준비할 시간을 주는 것이죠.,다른 생각을 해보세요.,1
A2 random lr3e-4 (06),베이스라인,beam5,인간 관계가 제일 어려운거 같아,운전처럼 안전거리확보하세요.,마음의 신경쓰지 마세요.,0
A2 random lr3e-4 (06),베이스라인,beam5,미친듯이 잡고 싶어.,이별 직후엔 그럴 수 있어요.,그럴 수 있어요.,1
A2 random lr3e-4 (06),베이스라인,beam5,후.ㅎㅎ,지쳤나봐요.,충분히 잘하고 있어요.,1
A2 random lr3e-4 (06),베이스라인,beam5,오늘 아무 것도 안 가져 왔다,개념만 가져오면 돼요.,그런 사람 만나길 바랄게요.,0
A2 random lr3e-4 (06),베이스라인,beam5,정규직 입사 너무 어려워,쪼잔하네요.,더 좋은 사람 만날 수 있을 거예요.,0
A2 random lr3e-4 (06),베이스라인,beam5,귀농 어때?,생각하기는 쉬운데 실천하기는 어려운 것 같아요.,낭만적인 거 같아요.,0
A2 random lr3e-4 (06),베이스라인,beam5,힘드네. 정말.이런건 줄 몰랐어,알았으면 시작 못했겠죠.,건 어떨까요.,1
A2 random lr3e-4 (06),베이스라인,beam5,노는 거 좋아하는 남자는 좋아하면 힘들겠지?,지금은 괜찮지만 힘들 거예요.,좋은 사람 만날 거예요.,2
A2 random lr3e-4 (06),베이스라인,beam5,좋아하는 애한테 페메 해볼까?,직접 연락하는 게 좋을 것 같아요.,해보세요.,2
A2 random lr3e-4 (06),베이스라인,beam5,핸드폰 중독인듯,중독에서 벗어나세요.,나를 포장하는게 쉽지 않죠.,0
A2 random lr3e-4 (06),베이스라인,beam5,언젠간 먼저 연락오겠죠?,붙잡고 싶다면 먼저 연락해보세요.,언젠간 올 거예요.,1
A2 random lr3e-4 (06),베이스라인,beam5,너무 마른 거 같아,적당해요.,더 좋은 사람 만날 수 있을 거예요.,0
A2 random lr3e-4 (06),베이스라인,beam5,세상이 무서워,너무 불안해하지 않아도 돼요.,사랑에 빠졌나봐요.,0
A2 random lr3e-4 (06),베이스라인,beam5,나 혼자 여행 왔는데 괜찮네,온전히 느낄 수 있는 시간이겠네요.,충분히 말씀해주세요.,0
A2 random lr3e-4 (06),베이스라인,beam5,첫 눈에 반하는게 가능해?,당연히 가능하죠.,좋은 친구를 두셨네요.,2
A2 random lr3e-4 (06),베이스라인,beam5,그런 사람인갑다 해야지,대인배시군요.,호감이 있을 수도 있어요.,0
A2 random lr3e-4 (06),베이스라인,beam5,웃기지마 넌 쓰레기야,아니에요. 전 쓰레기가 아니에요.,하는 걸 수도 있어요.,1
A2 random lr3e-4 (06),베이스라인,beam5,소식이 궁금해~,연락 확실하게 끊으세요.,잘 살 수 있을 거예요.,1
A2 random lr3e-4 (06),베이스라인,beam5,면도기 사야되는데,잘 골라보세요.,잘 될 거예요.,0
A2 random lr3e-4 (06),베이스라인,beam5,썸인데 나 솔로야?,사귀기 전이면 솔로죠.,못 이기니 피할 수 있으면 피하세요.,2
A2 random lr3e-4 (06),베이스라인,beam5,필통 두고 옴,빌리면 돼요.,더 좋은 사람 만나세요.,0
A2 random lr3e-4 (06),베이스라인,beam5,좋아하는 감정이 뭐예요?,가만히 있어도 생각나는 거 아닐까요.,사 가치관이 해보세요.,2
A2 random lr3e-4 (06),베이스라인,beam5,오해했네 그리고 차단 ㅎㅎ,차단하는게 서로에게 좋을 때가 있어요.,용기가 필요하죠.,1
A2 random lr3e-4 (06),베이스라인,beam5,여자들이 좋아하는 남자 특징?,다정한게 좋을 듯 해요.,사람마다 너무 다를 것 같아요.,2
A2 random lr3e-4 (06),베이스라인,beam5,넥타이핀 선물 괜찮겠지?,실용적인 선물이라 괜찮을 거예요.,할 거예요.,0
A2 random lr3e-4 (06),베이스라인,beam5,스팸 전화 많이 와,차단 어플 사용해보세요.,기다리는 전화가 있나봐요.,0
A2 random lr3e-4 (06),베이스라인,beam5,그는 지금 무슨 생각을 할까?,연락을 해보세요.,직접 물어보는 게 좋을 거 같아요.,2
A2 random lr3e-4 (06),베이스라인,beam5,애인이 생겼답니다.,신경 쓰이긴 하지만 무시하는게 좋겠어요.,쉽지 않은겠죠.,1
A2 random lr3e-4 (06),베이스라인,beam5,싸구려 인생,누구도 당신의 인생을 평가할 수 없어요.,좋은 생각이에요.,1
A2 random lr3e-4 (06),베이스라인,beam5,회사가는 길에 매일 보는 사람 있어,운명일지도 모르겠어요.,사람 만날 수 있을 거예요.,0
A2 random lr3e-4 (06),베이스라인,beam5,한달 다되가네,그러게요. 어느덧 한달이에요.,마음이 허전한가봐요.,1
A2 random lr3e-4 (06),베이스라인,beam5,삼겹살 구워 먹고 싶다.,맛나게 드세요.,좋아요.,0
A2 random lr3e-4 (06),베이스라인,beam5,힘든 밤입니다,힘내세요.,있을 거예요.,1
A2 random lr3e-4 (06),베이스라인,beam5,뒤숭숭하네,실감이 안날 거예요.,충분히 잊을 수 있을 거예요.,1
A2 random lr3e-4 (06),베이스라인,beam5,술 먹을 때 옆에서 챙겨줬는데 썸임?,친절한 거랑 구별해볼 필요가 있어요.,것 같아요.,2
A2 random lr3e-4 (06),베이스라인,beam5,베터리 겨우 15%야,미리 충전하세요.,미리 충전하세요.,0
A2 random lr3e-4 (06),베이스라인,beam5,기침도 못하겠어,답답한 상황이네요.,충분히 아름다워요.,0
A2 random lr3e-4 (06),베이스라인,beam5,썸 타기 좋은 알바 추천 좀.,영화관이나 커피숍 추천해요.,좋은 생각이에요.,2
A2 random lr3e-4 (06),베이스라인,beam5,친구들한테 인정받을 수 있을까,지금도 인정받고 있어요.,충분히 스스로 극복할 수 있을 거예요.,0
A2 random lr3e-4 (06),베이스라인,beam5,생각 안나,잘 생각해보세요.,회원정보 찾기를 해보세요.,0
A2 random lr3e-4 (06),베이스라인,beam5,빚이 너무 많아,빚 얼른 갚고 새출발하세요.,하나씩 하세요.,0
A2 random lr3e-4 (06),베이스라인,beam5,얼굴 너무 까매졌어.,관리해주세요.,자연스러운 현상이에요.,0
A2 random lr3e-4 (06),베이스라인,beam5,재테크 하는 방법 알려줘,우선 관련 서적을 읽어보세요.,하세요.,0
A2 random lr3e-4 (06),베이스라인,beam5,확실히 날 좋아하는 걸 아는 남자랑 친구가 될 수 있을까?,그 사람을 위해서는 그러면 안돼요.,할 수 있을 거예요.,2
A2 random lr3e-4 (06),베이스라인,beam5,온종일 멍하네,이런 날 더욱 적적하지요.,더 좋은 사람 만날 수 있을 거예요.,1
A2 random lr3e-4 (06),베이스라인,beam5,헬스장에서 자주 보는 여자가 보고싶어,한 번 말을 걸어보세요.,그럴 수 있어요.,2
A2 random lr3e-4 (06),베이스라인,beam5,출근길 너무 힘들어,회사 근처로 이사를 가보세요.,고민하고 있다면 그게 맞을거예요.,0
A2 random lr3e-4 (06),베이스라인,beam5,너무 빨리 철 든 거 같아서 마음이 아파,아이는 아이다워야 아름답죠.,긍정적인 생각을 해보세요.,0
A2 random lr3e-4 (06),베이스라인,beam5,그녀에게 받았던 선물들을 모조리 다 버리려 합니다.,버릴 때 마음이 아프겠지만 버리는 게 좋을 거예요.,깊은 곳까지 가지 말고 주의하세요.,1
A2 random lr3e-4 (06),베이스라인,beam5,짝남네 집에서 친구들이랑 집들이 가는데 뭐 사갈까?,필요한게 없는지 물어보면서 대화를 이어 나가세요.,좋은 사람 만날 거예요.,2
A2 random lr3e-4 (06),베이스라인,beam5,취업 준비 힘들어,합격을 기원합니다.,서로 다른 사람이 만들 수 있을 거예요.,0
A2 random lr3e-4 (06),베이스라인,beam5,이거 썸 맞나,대화를 시작하는 사람이 누구인지 살펴보세요.,좋은 만남이었길 바라요.,2
A2 random lr3e-4 (06),베이스라인,beam5,오늘 생각보다 춥네,감기 조심하세요.,감기 조심하세요.,0
A2 random lr3e-4 (06),베이스라인,beam5,여자친구한테 질린 듯,당신의 사랑이 변한것 같아요.,회사와 자신에 대해서 더 공부해서 자신감을보는 건 어떨까요.,0
A2 random lr3e-4 (06),베이스라인,beam5,청소 해도 티가 안나,한번만 더 하세요.,돌아오길 바라요.,0
A2 random lr3e-4 (06),베이스라인,beam5,목소리 좋은 사람이 좋아,저도 듣고 싶네요.,좋은 생각이에요.,0
A2 random lr3e-4 (06),베이스라인,beam5,머리가 너무 빨리 자라,이상한 생각했나봐요.,조금만 더 힘내세요.,0
A2 random lr3e-4 (06),베이스라인,beam5,신경 쓰여,신경쓰는 사람들 무시하세요.,좋은 기억할 거예요.,0
A2 random lr3e-4 (06),베이스라인,beam5,이시간들 어찌보내야할까.,저랑 같이 이야기 해요.,가지 마세요.,1
A2 random lr3e-4 (06),베이스라인,beam5,좋아하는 남자 때문에 너무 기분이 안 좋아.,무슨 일이 있었나봐요.,오래하지 마세요.,2
A2 random lr3e-4 (06),베이스라인,beam5,결정을 못 내리겠어. 어떻해,결정은 빠르면 빠를수록 좋을 거예요.,잘 되길 바랄게요.,0
A2 random lr3e-4 (06),베이스라인,beam5,오늘 또 헤어진 사람의 sns를 봤네,sns를 삭제하는게 어떨까요. 미련만 남을 뿐이에요.,마음을 전해보세요.,1
A2 random lr3e-4 (06),베이스라인,beam5,좋아하던 여자애가 남친 생겼다는대 아무렇지도 않아.,좋아하는 걸로 착각하고 있었을 수도 있어요.,그분 받아들이기 많이 했나 봐요.,2
A2 random lr3e-4 (06),베이스라인,beam5,너는 내 인생에서 죽었다.,그렇게 잊어 가는 거예요.,사람에 따라 다를 것 같아요.,1
A2 random lr3e-4 (06),베이스라인,beam5,시험 공부 큰일,지금도 늦지 않았어요.,공부는 뭐든 좋아요.,0
A2 random lr3e-4 (06),베이스라인,beam5,쳇바퀴 도는 하루,그 속에서 가치와 의미를 찾아보세요.,마음 가는 대로 해보세요.,0
A2 random lr3e-4 (06),베이스라인,beam5,말을 못하겠어,별 거 아니라고 생각해보세요.,충분히 아름다워요.,0
A2 random lr3e-4 (06),베이스라인,beam5,시어머니가 같이 목욕탕 가재,부담스럽겠어요.,하세요.,2
A2 random lr3e-4 (06),베이스라인,beam5,덕질 하는 중,좋아하는 게 있는 건 더없이 좋은 일이에요.,좋아하는 걸 수도 있어요.,0
A2 random lr3e-4 (06),베이스라인,beam5,여사친이 많은 썸남,저는 비추요.,자신을 사랑해주세요.,2
A2 random lr3e-4 (06),베이스라인,beam5,1년을 넘게 만났는데 어떻게 이럽니까,시간이 무색해지네요.,볼 수 있을 거예요.,1
A2 random lr3e-4 (06),베이스라인,beam5,부모님이 결혼 자금 안 보태주신대,부모님 노후 자금도 생각해야겠죠.,고민 하고 있으면 썸의 가능성이 높겠네요.,2
A2 random lr3e-4 (06),베이스라인,beam5,핑계,모두 핑계겠죠.,열심히 하면 할 수 있을 거예요.,1
A2 random lr3e-4 (06),베이스라인,beam5,고백 받고 싶어,먼저 고백해보세요.,열심히 하면 할 수 있을 거예요.,2
A2 random lr3e-4 (06),베이스라인,beam5,내가 호구냐구,상종하지마세요.,너무 신경쓰지 마세요.,0
A2 random lr3e-4 (06),베이스라인,beam5,이젠 증오가 될거같네,충분히 이해해요. 하지만 나에게도 독이 될 수 있어요.,다 잘 될 거예요.,1
A2 random lr3e-4 (06),베이스라인,beam5,하늘이 준 이별 같다,운명같네요.,마음 가는 대로 해보세요.,1
A2 random lr3e-4 (06),베이스라인,beam5,왜 사람은 외로울까. 아직도 의문이다.,타인과 함께 했던 경험 때문일 것 같아요.,서로 다르게 태어난 이유는 저마다의 목소리를 내기 위해서예요.,1
A2 random lr3e-4 (06),베이스라인,beam5,학폭 없어졌으면,학교 폭력은 범죄에요.,잘 살 수 있을 거예요.,0
A2 random lr3e-4 (06),베이스라인,beam5,아침밥 먹을 시간 없어서 굶었더니 배고파,뭐라도 드세요.,해보세요.,0
A2 random lr3e-4 (06),베이스라인,beam5,결혼 했어,좋겠어요.,응원합니다!,0
A2 random lr3e-4 (06),베이스라인,beam5,동거 8년 환승이별.,환승은 진짜 별로네요.,사랑의 예의가 없는 사람이네요.,1
A2 random lr3e-4 (06),베이스라인,beam5,정답이 뭘까,답은 언제나 내 안에 있죠.,저도 참아보세요.,0
A2 random lr3e-4 (06),베이스라인,beam5,여자친구가 화나면 말을 안 해.,시간을 주세요.,자책하지 마세요.,2
A2 random lr3e-4 (06),베이스라인,beam5,쓰레기새끼,기분이 좀 풀렸길 바랍니다.,받으면군요.,1
A2 random lr3e-4 (06),베이스라인,beam5,이건 이별을 준비해야 하는건가??,슬픈 예감은 틀린 적이 없죠.,잘 살 수 있어요.,1
A2 random lr3e-4 (06),베이스라인,beam5,내가 그르친 거 같아,아니에요. 너무 자책하지 마세요.,잘 될 거예요.,0
A2 random lr3e-4 (06),베이스라인,beam5,전부 가시밭길 같아,꽃길만 걷길 바랍니다.,다른 곳으로 관심을 돌려보세요.,0
A2 random lr3e-4 (06),베이스라인,beam5,덤덤,덤덤해졌나봐요.,좋은 생각이에요.,1
A2 random lr3e-4 (06),베이스라인,beam5,이젠 다시 만날 수도 없는 상황,달라지는게 없다면 이런 상황이 더 나을지도 몰라요.,마음 가는 대로 해보세요.,1
A2 random lr3e-4 (06),베이스라인,beam5,머리 확 잘라버려야지,스타일의 변화도 좋을 거예요.,잘 지내고 있을 거예요.,0
A2 random lr3e-4 (06),베이스라인,beam5,길이 얼었어,미끄러우니 조심하세요.,사랑의하겠어요.,0
A2 random lr3e-4 (06),베이스라인,beam5,너무 기대했나봐,아무것도 바라지 않을 때 천하를 얻는다는 말이 있어요.,저랑 이야기 해요.,0
A2 random lr3e-4 (06),베이스라인,beam5,넘어질뻔했어,조심하세요.,다니 다행이에요.,0
A2 random lr3e-4 (06),베이스라인,beam5,비가 오니.울컥하네,그러게요. 비가 추적추적 내려요.,연락하지 않는 게 더 좋을 거예요.,1
A2 random lr3e-4 (06),베이스라인,beam5,신기한 일들이 많이 일어나,그게 인생이죠.,할 거예요.,0
A2 random lr3e-4 (06),베이스라인,beam5,부모님 노후가 걱정돼,상담이나 컨설팅을 받아보는 것도 좋을 거예요.,하나씩 해보세요.,0
A2 random lr3e-4 (06),베이스라인,beam5,요즘 너무 지루해,마음에 따라 얼마든지 바뀔 수 있어요.,다른 곳으로 관심을 돌려보세요.,0
A2 random lr3e-4 (06),베이스라인,beam5,잘못인줄 모르는 여자,자신의 잘못도 인정할 수 있는 사람이 좋아요.,안타깝게 생각해요.,1
A2 random lr3e-4 (06),베이스라인,beam5,나는 너를 거쳐간 수 많은 남자들 중 한명뿐이겠지.,그렇게 생각하지 않을 거예요.,많이 지쳤나봐요.,1
A2 random lr3e-4 (06),베이스라인,beam5,사랑해서 그런거래,상대방을 배려하지 않은 사랑은 좋지 않은거예요.,조금만 더 힘내세요.,2
A2 random lr3e-4 (06),베이스라인,beam5,나 보고 잘 웃는 여자애 나 좋아하는 건가?,직접 알아보는 것이 좋아요.,마음이 허전한가봐요.,2
A2 random lr3e-4 (06),베이스라인,beam5,붙잡고 싶은데 이제는 늦은것 같네 .,사랑의 끝은 예고 없이 다가오죠.,좋은 하는건 좋지 않아요.,1
A2 random lr3e-4 (06),베이스라인,beam5,힘듭니다.,어떤 말도 위로가 되지 않겠지만 힘내세요.,충분히 스스로 극복할 수 있을 거예요.,1
A2 random lr3e-4 (06),베이스라인,beam5,내 잘못이 뭔지 모르겠어,모르는 게 잘못인 거 같아요.,멋진 말이에요.,0
A2 random lr3e-4 (06),베이스라인,beam5,왠지 가슴한 켠이 먹먹하네,많이 답답할거라 생각해요.,어보세요.,1
A2 random lr3e-4 (06),베이스라인,beam5,하나만 물아볼께,네 말씀해주세요.,마요.,1
A2 random lr3e-4 (06),베이스라인,beam5,7년사귄 남자친구의 유흥업소 방문사실을 알아버렸습니다,그런 사람 못 고쳐 씁니다. 헤어지세요.,잘 될 거예요.,1
A2 random lr3e-4 (06),베이스라인,beam5,면접만 보면 돼,끝까지 잘할 수 있을 거예요.,회사와 자신에 대해서 더 공부해서 자신감을 가져보세요.,0
A2 random lr3e-4 (06),베이스라인,beam5,랩 추천 좀. 나 좋아하는 남자애한테 잘 보이고 싶어.,최신 인기 차트를 찾아보는 걸 추천해요.,충분히 스스로 극복할 수 있을 거예요.,2
A2 random lr3e-4 (06),베이스라인,beam5,좋아하는 거랑 사랑하는게 다른 거야?,마음에 농도 차인 것 같습니다.,거예요.,2
A2 random lr3e-4 (06),베이스라인,beam5,왜 자꾸 내 마음속에 나타나니?,많이 사랑했던 분인가봐요.,잠시 휴식을 취해보세요.,1
A2 random lr3e-4 (06),베이스라인,beam5,하루하루 너무 힘드네,다른사람에게 기대보는 건 어떨까요.,더 좋은 사람 만날 수 있을 거예요.,1
A2 random lr3e-4 (06),베이스라인,beam5,자취한다는데 뭘 챙겨줄까?,직접 물어보는 게 좋을 것 같아요.,챙겨 드세요.,2
A2 random lr3e-4 (06),베이스라인,beam5,아직도 심장이 뛰고있어.,심장은 항상 뜁니다.,마음이 허전한가봐요.,1
A2 random lr3e-4 (06),베이스라인,beam5,남자친구 생일인데 뭘 줄까,평소에 필요한 것 생각해보세요.,자책하지 말아요.,0
A2 random lr3e-4 (06),베이스라인,beam5,나도 좋아하는 사람이랑 영화 보고 싶다.,먼저 연락해 보는건 어떨까요?,충분히 스스로 극복할 수 있을 거예요.,2
A2 random lr3e-4 (06),베이스라인,beam5,1년 9개월 의 연애 종지부.,또 다른 사랑이 찾아올 거예요.,더 열심히 하세요.,1
A2 random lr3e-4 (06),베이스라인,beam5,상 받을 거 같아,축하합니다!,받을 수 있을 거예요.,0
A2 random lr3e-4 (06),베이스라인,beam5,게임 같이 하자고 할까?,안 될 것도 없죠.,될 거 같아요.,0
A2 random lr3e-4 (06),베이스라인,beam5,회사에서 마음 편한 사람이 없어,회사에는 동료가 있을 뿐이에요.,아니에요.,0
A2 random lr3e-4 (06),베이스라인,beam5,썸 타는 여자애한테 벚꽃 보러 가자고 해도 돼?,벚꽃 놀이 좋죠!,만나지 마세요.,2
A2 random lr3e-4 (06),베이스라인,beam5,힘드네.,조금만 더 버텨요.,사랑이었으니까요.,1
A2 random lr3e-4 (06),베이스라인,beam5,휴학할까,계획 세우고 하세요.,한 잔 하세요.,0
A2 random lr3e-4 (06),베이스라인,beam5,위기야.,위기이면서 기회일 거예요.,때는 기분 전환 해보세요.,0
A2 random lr3e-4 (06),베이스라인,beam5,점심시간일 텐데 카톡이 안 와.,먼저 연락을 해보는 건 어떨까요?,마요.,2
A2 random lr3e-4 (06),베이스라인,beam5,마지막 작별 문자를 보낼까?,네 보내보세요.,없네요.,1
A2 random lr3e-4 (06),베이스라인,beam5,정성 담긴 선물 뭐가 좋을까?,손편지도 좋을 거 같아요.,직접 물어보세요.,2
A2 random lr3e-4 (06),베이스라인,beam5,주말에 스키장 간다!,설레겠어요.,안 좋아요.,0
A2 random lr3e-4 (06),베이스라인,beam5,면허 딸까봐,운전하는거 재미있어요.,운전 재미있어요.,0
A2 random lr3e-4 (06),베이스라인,beam5,말을 왜 이렇게 못 알아 듣니,노력하겠습니다.,노력하겠습니다.,0
A2 random lr3e-4 (06),베이스라인,beam5,좋아하는 남자애가 입대하는데 어떤 선물을 해주는게 좋을까요?,면회나 편지가 최고죠!,큰 도움이 될 수도 있어요.,2
A2 random lr3e-4 (06),베이스라인,beam5,헤어진지 벌써 몇 년,많은 시간이 흘렀네요.,잘 지내고 있길 바랄게요.,1
A2 random lr3e-4 (06),베이스라인,beam5,코 앞이 재회.,마음의 준비를 하세요.,감기 조심하세요.,1
A2 random lr3e-4 (06),베이스라인,beam5,자꾸 짝남 얼굴 생각나.,보고 싶으니 그럴만 해요.,충분히 그럴 수 있어요.,2
A2 random lr3e-4 (06),베이스라인,beam5,이닦았는데 잇몸에서 피나,잇몸약 챙겨드시거나 치과 가보세요.,볼 수 있을 거예요.,0
A2 random lr3e-4 (06),베이스라인,beam5,태닝할까,구릿빛 피부 좋죠!,당신.,0
A2 random lr3e-4 (06),베이스라인,beam5,연애는 진짜 좋아하는 사람이랑 해야해.,맞는 말씀입니다.,더 좋은 기회가 올 거예요.,2
A2 random lr3e-4 (06),베이스라인,beam5,술한잔했어,한 잔하기 좋은 날이죠.,마음 고생 많았어요.,1
A2 random lr3e-4 (06),베이스라인,beam5,너무 많이 먹었나봐,과식은 금물이에요.,적당히 드세요.,0
A2 random lr3e-4 (06),베이스라인,beam5,짝사랑 그만할래,짝사랑은 시작과 끝을 자신이 결정할 수 있어요.,조금만 더 버텨보세요.,2
A2 random lr3e-4 (06),베이스라인,beam5,여름에는 냉면만한게 없는 듯,생각만 해도 군침이 도네요.,좋은 걸 수도 있어요.,0
A2 random lr3e-4 (06),베이스라인,beam5,짝녀한테 휘둘리고 싶지 않은데 이러는 내가 싫다.,자신의 의지를 굳건히 하세요.,좋은 생각이에요.,2
A2 random lr3e-4 (06),베이스라인,beam5,썸 타는 여자애 상메 궁금해.,한번 봐봐요.,말해보세요.,2
A2 random lr3e-4 (06),베이스라인,beam5,그대가 보고파,많이 사랑했던 사람이었나요.,지금도 늦지 않았어요.,1
A2 random lr3e-4 (06),베이스라인,beam5,연애도 좋지만 내 시간도 중요한 나 정상일까?,내 인생의 주인공은 나야 나!,잘 되길 바랍니다.,2
A2 random lr3e-4 (06),베이스라인,beam5,비밀 지켜줄까?,세상에 비밀은 없어요.,어떻게 따라 다를 것 같아요.,0
A2 random lr3e-4 (06),베이스라인,beam5,평가원 잘 보고 싶다,평소처럼 잘 볼 수 있을 거예요.,잘 볼 수 있을 거예요.,0
A2 random lr3e-4 (06),베이스라인,beam5,친구에서 연인이 되려면,이성으로 대해요.,해보세요.,2
A2 random lr3e-4 (06),베이스라인,beam5,바지 입을까? 치마 입을까?,오늘은 바지가 좋을거 같아요.,마음 가는 대로 해보세요.,0
A2 random lr3e-4 (06),베이스라인,beam5,맛있는 거 먹는데 생각나는 사람,그게 진짜 사랑이네요.,좋은 생각이에요.,2
A2 random lr3e-4 (06),베이스라인,beam5,헤어스타일 좀 바꿔볼까?,기분 전환해보세요.,자신을 더 사랑해주세요.,0
A2 random lr3e-4 (06),베이스라인,beam5,택배가 안 와,오늘 택배기사님들 쉬는 날이예요.,잘 지내고 있을 거예요.,0
A2 random lr3e-4 (06),베이스라인,beam5,코트 살까,있으면 좋죠.,인생을 즐기는 거죠.,0
A2 random lr3e-4 (06),베이스라인,beam5,결혼식 날짜 잡았대,축하해주세요.,죠.,2
A2 random lr3e-4 (06),베이스라인,beam5,이별은 다 비슷한거 같아.,이별은 똑같이 힘드니까요.,잘 지내고 있을 거예요.,1
A2 random lr3e-4 (06),베이스라인,beam5,사랑하면 마냥 좋은 건 아닌 거 같아,사랑이 모든걸 해결해주지는 않아요.,좋은 사람 만날 수 있을 거예요.,2
A2 random lr3e-4 (06),베이스라인,beam5,눈이 너무 나빠졌어,잠시 눈을 감고 휴식을 취해보세요.,자연스러운 현상이에요.,0
A2 random lr3e-4 (06),베이스라인,beam5,아무래도 속은 거 같아,기분나쁘겠어요.,저랑 놀아요.,0
A2 random lr3e-4 (06),베이스라인,beam5,안경 쓰는 여자애 좋아하는 남자 있어?,그런 건 중요하지 않아요.,따뜻할 거 같아요.,2
A2 random lr3e-4 (06),베이스라인,beam5,시베리아 같아 추워,어서 따듯한 곳으로 가세요,깊은 곳까지 가지 말고 주의하세요.,0
A2 random lr3e-4 (06),베이스라인,beam5,우리 분위기 좋았는데,서로를 향한 감정도 좋았겠죠.,중요하지 않아요.,0
A2 random lr3e-4 (06),베이스라인,beam5,드라마같은 사랑 하고 싶어,드라마는 현실과 달라요.,사람 만날 수 있을 거예요.,2
A2 random lr3e-4 (06),베이스라인,beam5,새로운 베프가 필요해,주변의 좋은 사람들에게 연락해보세요.,좋은 생각이에요.,0
A2 random lr3e-4 (06),베이스라인,beam5,혼자 썸타는 기분이야.,직접적이든 간접적이든 의사를 확실히 밝혀보세요.,온전히 느낄 수 있는 시간이겠네요.,2
A2 random lr3e-4 (06),베이스라인,beam5,손 잡고 싶어,용기내서 잡아보세요.,잘하고 있어요.,2
A2 random lr3e-4 (06),베이스라인,beam5,내가 싫대,나 좋다는 사람 만나세요.,좋은 친구를 두셨네요.,1
A2 random lr3e-4 (06),베이스라인,beam5,음. 헤어졌는데 아직 잘 모르겠어,실감이 안날 수 있어요.,만나지 마세요.,1
A2 random lr3e-4 (06),베이스라인,beam5,버리기 아까운데 리폼 해볼까,손재주가 좋으시네요.,나서 깔끔해질 거예요.,0
A2 random lr3e-4 (06),베이스라인,beam5,마음 정리가 되네.,인고의 시간이 필요했을 거예요.,많이 피곤한가봐요.,1
A2 random lr3e-4 (06),베이스라인,beam5,친구들과의 모임이 너무 많은 사람,적당하게 줄여주거나 나에게 믿음을 주라고 말해보세요.,잘할 수 있을 거예요.,2
A2 random lr3e-4 (06),베이스라인,beam5,썸 타는 거 시간 아까워.,얼른 고백해야죠.,그런 생각을 해보세요.,2
A2 random lr3e-4 (06),베이스라인,beam5,정말 속상하고 답답하고 할 수 있는게 없네,차분하게 마음을 정리해보세요.,더 좋은 사람 만날 수 있을 거예요.,1
A2 random lr3e-4 (06),베이스라인,beam5,기프트콘으로 선물 받았어,좋겠네요.,많이 지쳤나봐요.,0
A2 random lr3e-4 (06),베이스라인,beam5,습관처럼 생각나,습관처럼은 되지 않길 바랄게요.,좋은 이야기를 바랍니다.,1
A2 random lr3e-4 (06),베이스라인,beam5,사랑하는 사람이랑 내가 너무 차이나,누구나 같을 수 있을까요. 자격지심이예요.,축하해요.,2
A2 random lr3e-4 (06),베이스라인,beam5,계절이 바뀌면,더 좋아질 거예요.,마음 고생 많았어요.,1
A2 random lr3e-4 (06),베이스라인,beam5,좋아하면서도 너무 싫은 감정 뭘까요.,좋아하는 만큼 지쳐가는 마음 아닐까요.,충분히 스스로 극복할 수 있을 거예요.,2
A2 random lr3e-4 (06),베이스라인,beam5,에휴 후폭풍인가봐,이별에는 항상 후유증이 있어요.,못 이기니 피할 수 있으면 피하세요.,1
A2 random lr3e-4 (06),베이스라인,beam5,스트레스 팍팍,소리를 질러보세요.,신나는 노래를 들려주세요.,0
A2 random lr3e-4 (06),베이스라인,beam5,헤어짐,슬픈 일이에요.,좀 더 살 거예요.,1
A2 random lr3e-4 (06),베이스라인,beam5,오늘 너무 피곤해,푹 쉬세요.,좋은 사람 만날 수 있을 거예요.,0
A2 random lr3e-4 (06),베이스라인,beam5,좋아하는 선배가 나한테 연락했으면 좋겠어.,먼저 연락해도 힘들어 말아요.,그 사람 만날 수 있을 거예요.,2
A2 random lr3e-4 (06),베이스라인,beam5,갑자기 불편한 사이가 된 거 같아,관계의 변화가 왔나봅니다.,변화가 필요해보여요.,0
A2 random lr3e-4 (06),베이스라인,beam5,처음 해외여행가!,두근거리겠어요.,저도 데려가세요.,0
A2 random lr3e-4 (06),베이스라인,beam5,친구들은 다 예뻐,자신감을 가지세요.,여유를 가지세요.,0
A2 random lr3e-4 (06),베이스라인,beam5,동거하는 거 부모님이 알게 되셨어,오해를 풀고 사랑을 이어가세요.,함께 충분한 대화를 하고 상담을 받아보는 게 좋겠어요.,2
A2 random lr3e-4 (06),베이스라인,beam5,먼지 때문에 목아파,마스크 쓰고 다니세요.,사랑의 예의가 없네요.,0
A2 random lr3e-4 (06),베이스라인,beam5,연애상담해줬더니 나만 바보됐어,다음부터는 해주지 마세요.,그럴 때가 있어요.,2
A2 random lr3e-4 (06),베이스라인,beam5,무슨 죄를 지었기에 이렇게 빨리.,힘들일이 있었나봐요. 당신의 잘못이 아니에요.,다른 곳으로 관심을 돌려보세요.,1
A2 random lr3e-4 (06),베이스라인,beam5,놀러다니기 좋아하는 남자 착하긴한데 나랑은 안맞다고 생각이 들어.,안맞는다면 정리하는 편이 좋을 거예요.,저랑 이야기 해요.,2
A2 random lr3e-4 (06),베이스라인,beam5,첫 만남에 키스했는데 너무 빠른걸까?,서로의 의사가 존중된 것이라면 괜찮지만 사귀고 난 후가 좋겠어요.,천천히 보내주세요.,2
A2 random lr3e-4 (06),베이스라인,beam5,필기하는거 힘들겠지,어깨 꾹꾹 해드리고 싶어요.,마음이 허전한가봐요.,0
A2 random lr3e-4 (06),베이스라인,beam5,우산 또 사야하나,다음에는 우산에 이름이랑 연락처를 적어보세요.,천천히 지워질 거예요.,0
A2 random lr3e-4 (06),베이스라인,beam5,일주일이 일년같다,많이 힘들었을 거라 생각해요.,할 수 있을 거예요.,1
A2 random lr3e-4 (06),베이스라인,beam5,마음이 답답합니다.,바람이라도 쐬고 오는 건 어떨까요.,마음 정리가 될 거예요.,1
A2 random lr3e-4 (06),베이스라인,beam5,완전히 끝났어~,마음이 허전하겠어요.,그럴 수 있어요.,1
A2 random lr3e-4 (06),베이스라인,beam5,모든게 다 끝났습니다,허전하시겠어요.,다 잘 될 거예요.,1
A2 random lr3e-4 (06),베이스라인,beam5,맛있는 냄새나,킁킁,좋아요.,0
A2 random lr3e-4 (06),베이스라인,beam5,내 편이라고는 하나도 없는 거 같아,제가 있잖아요.,못 이기니 피할 수 있으면 피하세요.,0
A2 random lr3e-4 (06),베이스라인,beam5,커플여행이 나을까 그냥 우리끼리 갈까?,저는 둘이 가는 걸 좋아해요.,좋겠어요.,2
A2 random lr3e-4 (06),베이스라인,beam5,오늘은 뭐 먹을까?,맛있는 거 드세요.,그런 사람 만나지 마세요.,0
A2 random lr3e-4 (06),베이스라인,beam5,오늘은 치맥이야,달리세요!,달리세요.,0
A2 random lr3e-4 (06),베이스라인,beam5,외향적이면 좋을텐데,지금 성격도 좋아요.,좋은 생각만 하세요.,0
A2 random lr3e-4 (06),베이스라인,beam5,이 세상에서 내가 제일 불행해.,그럴리가요.,마음이 허전한가봐요.,2
A2 random lr3e-4 (06),베이스라인,beam5,아픈데 연락하기 싫어,제가 곁에 있을게요.,충분히 스스로 극복할 수 있을 거예요.,1
A2 random lr3e-4 (06),베이스라인,beam5,왜 이럴까,그럴 수도 있어요.,내 집 마련 축하드려요.,1
A2 random lr3e-4 (06),베이스라인,beam5,운동화 새로 사야지,좋은 곳으로 갈 수 있도록 인도해줄 거예요.,좋은 일이 생길 거예요.,0
A2 random lr3e-4 (06),베이스라인,beam5,연락하고 싶어지네.,연락해봐요.,다른 사람도 그럴 거예요.,2
A2 random lr3e-4 (06),베이스라인,beam5,좋아하는 사람이 너무 예뻐,내면을 더 들여다보세요.,할 수 있을 거예요.,2
A2 random lr3e-4 (06),베이스라인,beam5,헤어진지 한 달째,이제 좀 괜찮아졌길 바랍니다.,이제 이젠 좀 괜찮아졌길 바랍니다.,1
A2 random lr3e-4 (06),베이스라인,beam5,변화가 없어,마음에 따라 얼마든지 바뀔 수 있어요.,가끔 헷갈리게 하는건 좋지 않아요.,0
A2 random lr3e-4 (06),베이스라인,beam5,나 사랑하니?,많이 사랑해요!,마음에 드는걸로 하세요.,0
A2 random lr3e-4 (06),베이스라인,beam5,그녀 생일,지금은 생생하겠지만 하나씩 잊으세요.,마음 먹은 대로 하세요.,1
A2 random lr3e-4 (06),베이스라인,beam5,요즘 눈에 띄는 남자애,관심을 갖고 지켜보세요.,그 애의 눈에도 당신이 띄길 바랄게요.,2
A2 random lr3e-4 (06),베이스라인,beam5,엄청 오래 만났어,매력있는 사람인가봐요.,보고 싶은가봐요.,0
A2 random lr3e-4 (06),베이스라인,beam5,나 이제 졸업해,졸업 축하해요,축하드려요.,0
A2 random lr3e-4 (06),베이스라인,beam5,왜 이제서야 찾아온거야?,이렇게 고민하게 만들려고 그랬나봐요.,사람을 잊는다는 건 쉬운 일이 아니니까요.,0
A2 random lr3e-4 (06),베이스라인,beam5,비 오기 시작하네,우산 준비하세요.,꼬박꼬박 챙겨 드세요.,0
A2 random lr3e-4 (06),베이스라인,beam5,썸 타는 중인데 나 말고 다른 사람하고도 썸타는 것 같아.,좋은 사람이 아닌 것 같아요. 입장을 분명히 하는 것 좋아요.,더 좋은 거 같아요.,2
A2 random lr3e-4 (06),베이스라인,beam5,면접 준비중이야,회사와 자신에 대해서 더 공부해서 자신감을 가져보세요.,좋은 생각이에요.,0
A2 random lr3e-4 (06),베이스라인,beam5,부모님 모실 수 있을까?,형편대로 하세요.,자신을 더 사랑해주세요.,0
A2 random lr3e-4 (06),베이스라인,beam5,내일이면 헤어진지 2주 되네.,지금 힘들겠네요.,어느덧 2주가 지났어요.,1
A2 random lr3e-4 (06),베이스라인,beam5,진짜 너무하네,잘 해결되길 바랄게요.,자책하지 마세요.,0
A2 random lr3e-4 (06),베이스라인,beam5,결국 유료 상담을 받고야 말았네,상담도 도움이 될 거예요.,고민하고 있다면 그게 맞을거예요.,1
A2 random lr3e-4 (06),베이스라인,beam5,그저 그런 하루,그런 하루도 감사한 마음을 가져보세요.,하루 하루를 헤아리는 건 자신을 더 힘들게 만들 뿐이에요.,0
A2 random lr3e-4 (06),베이스라인,beam5,회사에서 마음 놓고 말할 사람이 없어,회사에는 동료가 있을 뿐이에요.,힘들어하지 마세요.,0
A2 random lr3e-4 (06),베이스라인,beam5,생각할 시간을 가지자는 그녀,마음의 준비를 해야 할지도 모르겠어요.,사랑이 찾아올 거예요.,1
A2 random lr3e-4 (06),베이스라인,beam5,취뽀하고 싶다,취직이나라뇨.,열심히 하면 할 수 있을 거예요.,0
A2 random lr3e-4 (06),베이스라인,beam5,모태솔로라 잘 모르겠어 도와줘,모르는 게 당연해요.,잘 볼 수 있을 거예요.,2
A2 random lr3e-4 (06),베이스라인,beam5,사랑하는 사람이 있는데 다른 사람이 신경쓰여,한눈 팔다가 후회합니다.,보세요.,2
A2 random lr3e-4 (06),베이스라인,beam5,방탈출 게임 갔다왔어.,성공했길 바랍니다.,바랍니다.,0
A2 random lr3e-4 (06),베이스라인,beam5,자다 깨다 해,자세가 불편한 건 아닌지 확인해보세요.,다 잘 될 거예요.,0
A2 random lr3e-4 (06),베이스라인,beam5,친구가 잘되니까 약 올라,친구가 아닌가봐요.,친구가 아닌가봐요.,0
A2 random lr3e-4 (06),베이스라인,beam5,나 교직이수할 수 있을까?,학점 관리하세요.,하지 마세요.,0
A2 random lr3e-4 (06),베이스라인,beam5,머리가 너무 아프네,시원한 바람 쉬고 약먹기!,충분히 스스로 극복할 수 있을 거예요.,0
A2 random lr3e-4 (06),베이스라인,beam5,오빠 최고라고 해주던 너,그립지만 지난 일이네요.,제가 있잖아요.,1
A2 random lr3e-4 (06),베이스라인,beam5,손가락이 예쁜 사람,로망이네요.,겠어요.,0
A2 random lr3e-4 (06),베이스라인,beam5,너무 힘들다,지금 무슨 말을 해도 와닿지 않겠지만 잘 이겨낼 거라 믿어요.,보세요.,1
A2 random lr3e-4 (06),베이스라인,beam5,여자로 태어 났으면 어땠을까?,항상 못해본 건 궁금하더라고요.,지금도 늦지 않았어요.,0
A2 random lr3e-4 (06),베이스라인,beam5,좋아하는 사람이 다른 여자랑 친해지는게 서운해.,충분히 서운할 만해요.,충분히 스스로 극복할 수 있을 거예요.,2
A2 random lr3e-4 (06),베이스라인,beam5,명품 선물 부담스러울까,고가의 선물은 부담스러울 수도 있어요.,살짝 물어보세요.,0
A2 random lr3e-4 (06),베이스라인,beam5,불쑥 전여친한테 전화받으니 짜증나고 씁쓸하네,복잡한 심경인가봐요.,기다리는 전화가 있나봐요.,1
A2 random lr3e-4 (06),베이스라인,beam5,너무 힘이듭니다,억지로라도 긍정적인 감정을 끌어올려보세요.,자신의 감정을 주변 사람들에게 터놓고 이야기해보세요.,1
A2 random lr3e-4 (06),베이스라인,beam5,오늘도 집에만 있을 예정,집이 맘 편하기도 하잖아요.,더 좋은 사람 만날 수 있을 거예요.,1
A2 random lr3e-4 (06),베이스라인,beam5,기념일은 언제언제 챙겨?,내키는대로요.,좋아요.,2
A2 random lr3e-4 (06),베이스라인,beam5,김치찌개 먹고 싶어,맛있죠!,맘고생 많았어요.,0
A2 random lr3e-4 (06),베이스라인,beam5,이제 스스로 인정한 것 같아,현실 그대로를 받아들이는 것부터 시작이에요.,잘 볼 수 있을 거예요.,1
A2 random lr3e-4 (06),베이스라인,beam5,헤어진지 9일,헤어짐을 헤아리지 마세요.,금방 지나갈 거예요.,1
A2 random lr3e-4 (06),베이스라인,beam5,그사람도 이별을 준비 중인 걸까,그런 생각은 자신을 더 괴롭게 할 뿐이에요.,좀 더 살 거예요.,1
A2 random lr3e-4 (06),베이스라인,beam5,좋아 하는 애한태 고백하는 방법좀,먼저 용기내서 고백하는게 좋을 듯 싶습니다.,좋은 생각이에요.,2
A2 random lr3e-4 (06),베이스라인,beam5,헤어진지 두달됬네 벌써,생각보다 시간이 빠르게 흐르고 있나봅니다.,금방 지나갈 거예요.,1
A2 random lr3e-4 (06),베이스라인,beam5,정신줄 어디 갔나,정신 차리세요.,했나봐요.,0
A2 random lr3e-4 (06),베이스라인,beam5,남친이랑 뭐하고 놀지,얼굴 보고만 있어도 좋죠.,저랑 놀아요.,2
A2 random lr3e-4 (06),베이스라인,beam5,미치도록 보고싶네.,견디기 힘들겠어요.,좋은 생각이에요.,1
A2 random lr3e-4 (06),베이스라인,beam5,중소기업인데 그냥 취직할까?,일하는 것 자체가 중요하죠.,그럴 수 있어요.,0
A2 random lr3e-4 (06),베이스라인,beam5,친구랑 나랑 자꾸 비교하게 돼,비교하면 끝도 없어요.,마음 정리가 될 거예요.,0
A2 random lr3e-4 (06),베이스라인,beam5,엄마가 안 왔으면 좋겠어,엄마가 들으면 속상해 하시겠네요.,안좋하세요.,0
A2 random lr3e-4 (06),베이스라인,beam5,뭐부터 바꿔야 할까,당신 그대로의 모습이 보기 좋아요.,그런 사람 만나지 마세요.,0
A2 random lr3e-4 (06),베이스라인,beam5,불금이네,친구들 만나요!,언젠간 올 거예요.,1
A2 random lr3e-4 (06),베이스라인,beam5,여자친구가 혼자 여행 가보고 싶다는데,같이 가는 여행도 좋지만 혼자 여행도 좋을 거예요.,다른 곳으로 관심을 돌려보세요.,0
A2 random lr3e-4 (06),베이스라인,beam5,오늘도 술 몇 잔 마시니 생각나네요.,술 한잔에 그리움이 사무치네요.,겠죠.,1
A2 random lr3e-4 (06),베이스라인,beam5,정말 너무 궁금해,무엇이 궁금한가요.,조금만 더 힘내세요.,1
A2 random lr3e-4 (06),베이스라인,beam5,젠장,이런.,행복한 일이 있었나봐요.,1
A2 random lr3e-4 (06),베이스라인,beam5,헤어지지 열흘짼데 너무 힘드네,헤어지고 있는 중이시군요.,같이 마셔요.,1
A2 random lr3e-4 (06),베이스라인,beam5,봄방학했어,부럽네요.,부럽네요.,0
A2 random lr3e-4 (06),베이스라인,beam5,또 다시 이별입니다.,언젠간 찾아올 이별이에요.,잘 지내고 있을 거예요.,1
A2 random lr3e-4 (06),베이스라인,beam5,여자친구가 돈을 안 써,부담된다고 살짝 말해보세요.,힘들겠어요.,2
A2 random lr3e-4 (06),베이스라인,beam5,아빠가 술 좀 끊었으면,사회생활로 힘드신가봐요.,충분히 잘하고 있어요.,0
A2 random lr3e-4 (06),베이스라인,beam5,재밌는 거 뭐 없나,제가 있잖아요.,할 수 있을 거예요.,0
A2 random lr3e-4 (06),베이스라인,beam5,정장 한 벌 필요할 듯,사면 요긴하긴 할 거 같아요.,마음에 드는걸로 하세요.,0
A2 random lr3e-4 (06),베이스라인,beam5,잘안되는군,모든 일이 뜻대로 되진 않나봐요.,마음이 허전한가봐요.,1
A2 random lr3e-4 (06),베이스라인,beam5,체육대회 싫어,재미 있는 종목을 찾아보세요.,축하해요.,0
A2 random lr3e-4 (06),베이스라인,beam5,내 번호를 따간 사람이 내 친구가 좋아하는 애야.,운명의 장난같네요.,할 수 있을 거예요.,2
A2 random lr3e-4 (06),베이스라인,beam5,이유라는게 뭔지,알다가도 모를.,소원을 비세요.,1
A2 random lr3e-4 (06),베이스라인,beam5,점심 때 은행 갔다와야지,볼 일이 있나봐요.,좋은 사람 만날 수 있을 거예요.,0
A2 random lr3e-4 (06),베이스라인,beam5,덕수궁 돌담길 따라서 둘이 걸었어.,로맨틱하네요.,할 수 있을 거예요.,0
A2 random lr3e-4 (06),베이스라인,beam5,사진 잘 찍고 싶어,많이 찍다보면 조금씩 실력이 늘거예요.,신경쓰지 마세요.,0
A2 random lr3e-4 (06),베이스라인,beam5,어떻게 심쿵하게 하지?,평소 흘려 이야기했던 걸 기억해주고 생각하고 있다는 걸 알려주세요.,더 좋은 사람 만날 수 있을 거예요.,2
A2 random lr3e-4 (06),베이스라인,beam5,조심조심,안전이 최고죠!,그분 생각을 많이 했나 봐요.,0
A2 random lr3e-4 (06),베이스라인,beam5,술먹고 집앞에 찾아온남자,상대에게 휘둘려선 안 돼요.,사람 마음 고생 많았어요.,1
A2 random lr3e-4 (06),베이스라인,beam5,커피가 너무 진해,달달한 시럽을 추가해보세요.,깊은 곳까지 가지 말고 주의하세요.,0
A2 random lr3e-4 (06),베이스라인,beam5,우리집 망한 거 같애,철 들고 공부하세요.,열심히 하네요.,0
A2 random lr3e-4 (06),베이스라인,beam5,열쇠 안가지고 왔다,깜빡 하셨나봐요.,말해보세요.,0
A2 random lr3e-4 (06),베이스라인,beam5,오지마,안갈거예요.,!,0
A2 random lr3e-4 (06),베이스라인,beam5,공부 좀 더 할 걸,지금도 늦지 않았어요.,공부하세요.,0
A2 random lr3e-4 (06),베이스라인,beam5,내 의견 좀 존중해 줬으면,스스로도 존중해주세요.,무시당하는 기분이 들어서 너무 외롭고 상처받게 된다고 차분하고 부드럽게 말해보세요.,0
A2 random lr3e-4 (06),베이스라인,beam5,친구랑 사랑하는 사람이 같아,사랑은 쟁취하는거예요.,보세요.,2
A2 random lr3e-4 (06),베이스라인,beam5,뭘 바꿔야 할까,당신 그대로의 모습이 보기 좋아요.,직접 물어보세요.,0
A2 random lr3e-4 (06),베이스라인,beam5,집 아예 샀어,내 집 마련 축하드려요.,내 집 마련 축하드려요.,0
A2 random lr3e-4 (06),베이스라인,beam5,누군가를 짝사랑하게 되는게 두려워.,이제 짝사랑 말고 둘이서 하는 사랑하세요.,해보세요.,2
A2 random lr3e-4 (06),베이스라인,beam5,아직 좋아하는데 헤어지자고 하는 경우 있어?,간혹 있더라고요.,직접 물어보는 게 좋을 것 같아요.,2
A2 random lr3e-4 (06),베이스라인,beam5,정말. 정말 쉽지가 않네. 이럴 땐 어떡해야 할까,마음 가는 대로 하세요.,잘 살 수 있어요.,1
A2 random lr3e-4 (06),베이스라인,beam5,학원 안가고 싶다.,부모님과 이야기해보세요.,다른 인연이 거기까지인가봐요.,0
A2 random lr3e-4 (06),베이스라인,beam5,나만 갈궈,애정표현일 지도 몰라요.,이야기를 해보세요.,0
A2 random lr3e-4 (06),베이스라인,beam5,사랑해서 결혼하는 거지?,사랑하는 사람과 함께 있고 싶은 마음이 있으니까요.,만나지 마세요.,2
A2 random lr3e-4 (06),베이스라인,beam5,고백,성공하길 바랄게요.,축하드려요.,2
A2 random lr3e-4 (06),베이스라인,beam5,이제 정리하려고 합니다.,맘 고생 많았어요.,생각보다 많은 시간이 지났네요.,1
A2 random lr3e-4 (06),베이스라인,beam5,돈 어디갔지,퍼가요~,지금도 늦지 않았어요.,0
A2 random lr3e-4 (06),베이스라인,beam5,코 막혀,감기 조심하세요.,감기 조심하세요.,0
A2 random lr3e-4 (06),베이스라인,beam5,짝남과 자연스럽게 친해질 수 있는 방법 있을까?,공통 관심사를 찾아보세요.,좋은 사람 만날 수 있을 거예요.,2
A2 random lr3e-4 (06),베이스라인,beam5,다 잊었는줄 알았는데.,잊는 게 아니고 무덤덤해지는 것 같아요.,충분히 스스로 극복할 수 있을 거예요.,1
A2 random lr3e-4 (06),베이스라인,beam5,맘 잡았다고 생각했는데,마음 잡기가 쉽지 않아요.,행운을 빌어요.,1
A2 random lr3e-4 (06),베이스라인,beam5,짝남 프사랑 비슷한거 하고 싶은데 해도 될까?,살짝 티내려는 거라면 찬성합니다.,아니에요.,2
A2 random lr3e-4 (06),베이스라인,beam5,차였지만 잊지못하고 있는 한 남자입니다.,그분에 대한 사랑이 깊었나봐요.,좋을 거 같아요.,1
A2 random lr3e-4 (06),베이스라인,beam5,정신차려야 하는거 아는데.,쉬운 일이 아니죠.,자책하지 마세요.,1
A2 random lr3e-4 (06),베이스라인,beam5,여친이 나를 안 좋아하는데 내가 붙잡고 있는 것 같아요.,충분한 대화를 나눈 후에 결정을 내리는게 좋겠네요.,매일 조금씩 해보세요.,2
A2 random lr3e-4 (06),베이스라인,beam5,여자인데 먼저 다가가도 돼?,성별은 중요하지 않아요.,먼저 연락해보세요.,2
A2 random lr3e-4 (06),베이스라인,beam5,신혼 진짜 행복해,깨가 쏟아지고 있군요.,자책하지 말아요.,2
A2 random lr3e-4 (06),베이스라인,beam5,휴양지 가고 싶다,저도 쉬고 놀고 하고 싶어요.,거 같아요.,0
A2 random lr3e-4 (06),베이스라인,beam5,야식 먹을까 말까,가볍게 먹을 수 있는 걸 먹어보세요.,안타깝게 생각해요.,0
A2 random lr3e-4 (06),베이스라인,beam5,운동을 하는 남자가 좋아,뭐든 열심히 하는 사람은 좋아보여요.,자신을 사랑해주세요.,2
A2 random lr3e-4 (06),베이스라인,beam5,애인이 있는데 좋아하는 사람이 생겼어요.,마음으로 바람피는 거네요.,필요해요.,2
A2 random lr3e-4 (06),베이스라인,beam5,이별 후 3개월이 지났는데.,여전히 힘든가봅니다.,많이 사랑했나봐요.,1
A2 random lr3e-4 (06),베이스라인,beam5,전남친이 톡 차단했더라구,이별에 도움이 될지도 몰라요.,있다면 그게 맞을거예요.,1
A2 random lr3e-4 (06),베이스라인,beam5,오늘도 버티고 버팁니다,오늘도 해내고 해낸겁니다.,그 하면 돼요.,1
A2 random lr3e-4 (06),베이스라인,beam5,대출이 너무 많아,조금씩 갚아나가세요.,하나씩 해보세요.,0
A2 random lr3e-4 (06),베이스라인,beam5,주말이 참 힘들겠어,가족들과 근교로 여행가는 건 어떨까요.,주변 사람들에게 없어요.,1
A2 random lr3e-4 (06),베이스라인,beam5,긴시간이 흐른 후면 괜찮아지겠지,괜찮아질 거예요.,생각보다 많은 시간이 지났네요.,1
A2 random lr3e-4 (06),베이스라인,beam5,오늘은 학교 가고 싶지 않아,학교 다닐 때가 좋은 거예요.,고치고 거예요.,0
A2 random lr3e-4 (06),베이스라인,beam5,맥주 한 잔 어때?,저랑 한 잔 해요.,의미 아프네요.,0
A2 random lr3e-4 (06),베이스라인,beam5,요즘 너무 고민이네,무슨 고민인지 말해주세요.,보세요.,1
A2 random lr3e-4 (06),베이스라인,beam5,환경 때문에 헤어진 여자친구,현실적인 문제가 중요할 때가 있죠.,마음을 단단히 없어요.,1
A2 random lr3e-4 (06),베이스라인,beam5,보고파,보고싶은신가봐요.,지금도 늦지 않았어요.,1
A2 random lr3e-4 (06),베이스라인,beam5,친구들이 사랑하니까 예뻐졌대,행복 바이러스에 감염되셨군요.,하세요.,2
A2 random lr3e-4 (06),베이스라인,beam5,참아내지 못하고 전화를 했습니다.,이제 마음을 비우세요.,잘 생각 하지 말고 주의하세요.,1
A2 random lr3e-4 (06),베이스라인,beam5,한 번 보고 어떻게 판단하지,첫인상은 상대방을 바라봤을때 3초에 결정난데요.,저에게 기대세요.,0
A2 random lr3e-4 (06),베이스라인,beam5,1년만에 다시헤어지게 됐네,헤어짐은 항상 힘들죠.,충분히 스스로 극복할 수 있을 거예요.,1
A2 random lr3e-4 (06),베이스라인,beam5,돈 벌어서 뭐하지,저 주세요.,마음 먹은 대로 하세요.,0
A2 random lr3e-4 (06),베이스라인,beam5,아무리 미친놈 욕을해도,그리워지나요.,나를 포장하는게 쉽지 않죠.,1
A2 random lr3e-4 (06),베이스라인,beam5,나 어떡하나,무슨 일인지 말해주세요.,맛있게 드세요.,1
A2 random lr3e-4 (06),베이스라인,beam5,이제 숨 좀 쉬나,충분히 극복할 수 있어요.,좋은 생각만 하세요.,1
A2 random lr3e-4 (06),베이스라인,beam5,친구가 소심해,더 신경써 주세요.,할 수 있을 거예요.,0
A2 random lr3e-4 (06),베이스라인,beam5,정규직 너무 쪼금 뽑아,쪼잔하네요.,좋은 사람 만날 거예요.,0
A2 random lr3e-4 (06),베이스라인,beam5,서핑하러 가야지,좋은 취미네요.,운동하고 오세요.,0
A2 random lr3e-4 (06),베이스라인,beam5,책 팔 수 있는 곳 알려줘?,중고서점에서 팔아보세요.,더 좋은 사람 만날 수 있을 거예요.,0
A2 random lr3e-4 (06),베이스라인,beam5,싸웠다,마음이 불편하겠어요.,더 후회하기 전에 사과하세요.,1
A2 random lr3e-4 (06),베이스라인,beam5,적금 들어야 하나,적금 들 수 있으면 드는 게 좋죠.,마음 가는 대로 해보세요.,0
A2 random lr3e-4 (06),베이스라인,beam5,뭐라도 배워볼까,배움에는 언제나 찬성이에요.,공부 좋죠.,0
A2 random lr3e-4 (06),베이스라인,beam5,괜찮은 줄 알았는데.,우리는 많이 모르고 살죠.,다 잘 될 거예요.,1
A2 random lr3e-4 (06),베이스라인,beam5,사랑과 정 끊기 어렵네,사람이니까요.,정 대화를 나눠보세요.,1
A2 random lr3e-4 (06),베이스라인,beam5,잊고싶어도 잊질못하네,함께한 시간이 있었으니까요.,청소를 해보세요.,1
A2 random lr3e-4 (06),베이스라인,beam5,5년간 사귀고 어제 헤어졌습니다.,힘든 결정이었을텐데 혼자만의 시간이 필요하겠어요.,마음이 허전한가봐요.,1
A2 random lr3e-4 (06),베이스라인,beam5,너무 답답해 조언 좀 해줘,다른 생각을 해보세요.,네 말씀해주세요.,1
A2 random lr3e-4 (06),베이스라인,beam5,무서운 꿈 꿨어,요즘 예민한가봐요.,그분 생각을 많이 했나 봐요.,0
A2 random lr3e-4 (06),베이스라인,beam5,핸드폰 바꿀 때가 된듯,오래 쓰셨나봐요.,열심히 하면 할 수 있을 거예요.,0
A2 random lr3e-4 (06),베이스라인,beam5,헤어진지 한달 됐네,시간이 흐르는 것 처럼 마음도 흘러갈 거예요.,어느덧 2주가 지났어요.,1
A2 random lr3e-4 (06),베이스라인,beam5,이별후 한달.,이제 조금이라도 괜찮아졌길 바랍니다.,제가 있잖아요.,1
A2 random lr3e-4 (06),베이스라인,beam5,썸탈때 여자가 먼저 연락하면 안돼?,여자 남자가 어딨나요.,연락해도 상관없지만 자신을 비하하지는 마세요.,2
A2 random lr3e-4 (06),베이스라인,beam5,체육대회한데,일기예보 확인해보세요.,보세요.,0
A2 random lr3e-4 (06),베이스라인,beam5,짝사랑중인데 그 애는 저를 잘 알지 못하는데 연락을 하면 놀랠까요?,갑자기 연락하면 놀라겠죠.,더 좋은 사람 만나실 거예요.,2
A2 random lr3e-4 (06),베이스라인,beam5,랜선 연애 어떻게 생각해?,얼굴을 안 보고 부딪히지도 않아서 제대로 된 연애가 가능하지 않을 수도 있지만 다 나쁜 건 아니에요.,리는 게 더 좋을 것 같아요.,2
A2 random lr3e-4 (06),베이스라인,beam5,짝남 그냥 연락 끊긴지 오래됐는데 연락하는 거 오바야?,후회하는 것 보단 연락하고 결정하는게 좋겠어요.,그게 진짜 수 있을 거예요.,2
A2 random lr3e-4 (06),베이스라인,beam5,술 먹는 거 말고 친구랑 뭐하지,아무것도 안해도 재밌을 거예요.,잘 살 수 있을 거예요.,0
A2 random lr3e-4 (06),베이스라인,beam5,클럽에서 만난 남자친구와 오래 갈 수 있을까?,어디에서 만난 건 상관없어요.,자신을 더 사랑해주세요.,2
A2 random lr3e-4 (06),베이스라인,beam5,왜 살까,살아있음 자체로 의미가 있으니까요.,잠시 쉬어도 돼요.,0
A2 random lr3e-4 (06),베이스라인,beam5,이사람 무슨 생각인걸까,알 수 없는게 사람 마음인가봐요.,해요.,1
A2 random lr3e-4 (06),베이스라인,beam5,헤어진지 6개월,많은 시간이 흘렀네요.,생각보다 많은 시간이 지났네요.,1
A2 random lr3e-4 (06),베이스라인,beam5,피자 식어서 왔어,그래도 맛있게 드세요.,하는 게 좋을 것 같아요.,0
A2 random lr3e-4 (06),베이스라인,beam5,오늘도 힘들다,지금은 힘들겠지만 조금만 더 견뎌봐요.,고민하고 있다면 그게 맞을거예요.,1
A2 random lr3e-4 (06),베이스라인,beam5,앞머리 다시 길러볼까,다 예뻐요.,가세요.,0
A2 random lr3e-4 (06),베이스라인,beam5,엿같다.,벗어나는 게 좋겠네요.,충분히 스스로 극복할 수 있을 거예요.,0
A2 random lr3e-4 (06),베이스라인,beam5,내일 약속 있는데 날씨 좋았으면,날씨가 안 좋더라도 데이트는 성공적일 거예요.,물어보세요.,0
A2 random lr3e-4 (06),베이스라인,beam5,짝남한테 게임 초대 톡 왔음.,게임 초대라니 서운하겠어요.,자신을 더 사랑해주세요.,2
A2 random lr3e-4 (06),베이스라인,beam5,연락하는 게 익숙하지가 않아,하다보면 익숙해질거예요.,무엇이든 물어보세요.,0
A2 random lr3e-4 (06),베이스라인,beam5,좀 쉬면서 애기 키워야 할 듯,좋은 곳에서 일하시나봐요.,이별을 받아들이는 것도 중요해요.,0
A2 random lr3e-4 (06),베이스라인,beam5,하늘을 날고 싶어,오래 살면 가능할 거 같아요.,죠.,0
A2 random lr3e-4 (06),베이스라인,beam5,이상형 알고싶다,주변 사람에게 물어보거나 직접 물어보세요.,좋은 것도 좋을 것 같아요.,2
A2 random lr3e-4 (06),베이스라인,beam5,사랑에 빠진 거 같아,행복해 보여요.,잘 될 거예요.,2
A2 random lr3e-4 (06),베이스라인,beam5,정말 너무 힘들어.,많이 힘들었죠.,더 좋은 사람 만날 수 있을 거예요.,1
A2 random lr3e-4 (06),베이스라인,beam5,근황이 궁금해,연락해보세요.,이야기해요.,2
A2 random lr3e-4 (06),베이스라인,beam5,사랑하는 사람 잊는 법,충분히 아파하면서 충분한 시간이 필요할 거예요.,그 사람 조금만 더 힘내세요.,2
A2 random lr3e-4 (06),베이스라인,beam5,썸남 생겼는데 프사 뭐할까?,큰 의미를 두지 않아도 돼요.,자신을 더 사랑해주세요.,2
A2 random lr3e-4 (06),베이스라인,beam5,썸남이 톡이 느려,저처럼 연락이 늦는 사람을 이해해 주세요.,먼저 충전해주세요.,2
A2 random lr3e-4 (06),베이스라인,beam5,헤어진지 1달째 됐습니다.,금방 나아질 거예요.,시간이 좀 걸리겠지만 해낼 수 있어요.,1
A2 random lr3e-4 (06),베이스라인,beam5,결혼할 확신이 안선다고 헤어지자네,결혼에는 확신이 필요하죠.,좋은 사람 만날 수 있을 거예요.,1
A2 random lr3e-4 (06),베이스라인,beam5,짝사랑은 안 이뤄지나봐.,이뤄질 수도 있답니다.,자신을 더 사랑해주세요.,2
A2 random lr3e-4 (06),베이스라인,beam5,삼겹살에 소주,생각만 해도 군침이 도네요.,뿌 수 있을 거예요.,0
A2 random lr3e-4 (06),베이스라인,beam5,친구인데 고백해도 될까?,솔직한 마음으로 다가가보세요.,친구가 아닌가봐요.,2
A2 random lr3e-4 (06),베이스라인,beam5,말실수했다,상처가 될 수 있어요.,이네요.,0
A2 random lr3e-4 (06),베이스라인,beam5,관절염인가,계단 조심하세요.,조심하세요.,0
A2 random lr3e-4 (06),베이스라인,beam5,숨막히네,숨 쉴 수 있을 때가 올 거예요.,많은 생각이 들으세요.,1
A2 random lr3e-4 (06),베이스라인,beam5,왜 이별하고 다들 왜 연락을 끊는건가??,아무런 감정 없이 연락을 지속할 수 없으니까요.,많이 힘들었을 거라 생각해요.,1
A2 random lr3e-4 (06),베이스라인,beam5,왜 저를 좋게 기억해주는 걸까,많이 아껴주셨나봐요.,어느덧 2주가 지났어요.,1
A2 random lr3e-4 (06),베이스라인,beam5,첫눈,정말 이쁜 눈이 내려요.,마음이 복잡한가봐요.,1
A2 random lr3e-4 (06),베이스라인,beam5,이별한지 4개월째.,마음은 좀 정리 되어가길 바랍니다.,많은 시간이 흘렀네요.,1
A2 random lr3e-4 (06),베이스라인,beam5,골프 못 치는데,처음부터 잘하는 사람은 없어요.,더 좋은 사람 만날 수 있을 거예요.,0
A2 random lr3e-4 (06),베이스라인,beam5,오늘 날씨 죽인다,나들이 가보세요.,들이 가보세요.,0
A2 random lr3e-4 (06),베이스라인,beam5,미팅에서 번호 딴 애가 좋은데 뭐라고 연락을 할까?,잘 들어갔는지 가볍게 물어보면서 다음 약속을 잡아보세요.,할 수 있을 거예요.,2
A2 random lr3e-4 (06),베이스라인,beam5,내가미쳤지,당신을 탓하지 마세요.,저랑 이야기해요.,1
A2 random lr3e-4 (06),베이스라인,beam5,짧다면 짧고 길다면 긴 일년간의 연애가 끝이났네,마음의 정리가 되었나요.,많이 사랑했나봐요.,1
A2 random lr3e-4 (06),베이스라인,beam5,오늘은 교회 안가면 안될까,왜 그럴까요?,너무 많이 들어가서 그럴 수도 있어요.,0
A2 random lr3e-4 (06),베이스라인,beam5,이러면 안되는 줄 알면서도,알면서도 잘 안되는게 사람 마음인가봐요.,마음이 허전한가봐요.,1
A2 random lr3e-4 (06),베이스라인,beam5,이젠 의미있는 시간을 만들어보려해,그동안 못했던 일들을 시작해보세요.,서로 것도 중요해요.,1
A2 random lr3e-4 (06),베이스라인,beam5,점심시간에 외출하면 안 되나,사생활이 지켜지지 않나봐요.,생각을으세요.,0
A2 random lr3e-4 (06),베이스라인,beam5,잠 못자고 있네,그분의 생각으로 가득한가봅니다.,마음 고생 많았어요.,1
A2 random lr3e-4 (06),베이스라인,beam5,8년 연애끝의 이별.,공허함이 더 크시겠어요.,더 힘들 거예요.,1
A2 random lr3e-4 (06),베이스라인,beam5,남자친구가 나를 더 좋아하게 할 수 있는 방법,당신이 더 사랑을 표현해보세요.,고민하고 있다면 그게 맞을거예요.,2
A2 random lr3e-4 (06),베이스라인,beam5,너도 고민 있어?,저는 고민이 없어요.,하는 게 좋죠.,0
A2 random lr3e-4 (06),베이스라인,beam5,대학교에서 첫사랑 다시 만났어.,운명적인 만남이네요.,좋은 결과 있을 거예요.,2
A2 random lr3e-4 (06),베이스라인,beam5,즉흥적인 여자친구가 고민임.,그게 매력이에요.,해보세요.,2
A2 random lr3e-4 (06),베이스라인,beam5,여자친구가 더치페이를 안해.,데이트 통장에 대해 이야기해보세요.,봐요.,2
A2 random lr3e-4 (06),베이스라인,beam5,밉다 진짜,예뻐해 주세요.,할 수 있을 거예요.,0
A2 random lr3e-4 (06),베이스라인,beam5,귀가 윙윙거려,병원에 가세요.,좋은 생각이에요.,0
A2 random lr3e-4 (06),베이스라인,beam5,냄새 나면 어쩌지?,"깨끗이 씻어보고 섬유유연제나 바디워시, 바디로션, 향수 등을 사용해보세요.",괜찮아요.,0
A2 random lr3e-4 (06),베이스라인,beam5,정신 차려야 하는데,시간이 걸릴 수도 있지만 괜찮아질 거예요. 다른 곳으로 관심을 돌려보는 건 어떨까요?,좋은 사람 만날 거예요.,1
A2 random lr3e-4 (06),베이스라인,beam5,오늘 야근인가,오늘도 고생이 많으시네요.,얼른 끝내시길 기도할게요.,0
A2 random lr3e-4 (06),베이스라인,beam5,짜증 수준이 되어버렸습니다,조금 지친걸까요.,마음에 드는 책을 잘 살 수 있어요.,1
A2 random lr3e-4 (06),베이스라인,beam5,나 얘를 좋아하는 걸까?,있었던 일을 차분히 생각해봐요.,좋은 사람 만날 수 있을 거예요.,2
A2 random lr3e-4 (06),베이스라인,beam5,사귄지 한달됐어,한창 달달할 때네요.,금방 지나갈 거예요.,2
A2 random lr3e-4 (06),베이스라인,beam5,나 스마트폰 중독인가봐,가끔 핸드폰없이 살아보세요.,자책하지 마세요.,0
A2 random lr3e-4 (06),베이스라인,beam5,고백은 어떻게 하는거야,솔직한 마음으로 다가가는 거죠.,좋은 친구를 두셨네요.,2
A2 random lr3e-4 (06),베이스라인,beam5,세뱃돈 받았어 호호,아직 어린가봐요.,감기 조심하세요.,0
A2 random lr3e-4 (06),베이스라인,beam5,누군가를 좋아하는게 두려워.,좋아하는 감정을 느낀다는 자체가 참 행복한 거예요.,더 힘내세요.,2
A2 random lr3e-4 (06),베이스라인,beam5,너 때문이야,모두 제 잘못입니다.,제가 있잖아요.,0
A2 random lr3e-4 (06),베이스라인,beam5,엄마 미안해,엄마한테 잘해야 돼요.,마음 가는 대로 해보세요.,0
A2 random lr3e-4 (06),베이스라인,beam5,썸녀한테 미련 남아,깨끗이 잊든 용기내든 실행에 옮겨 보세요.,대중교통을 이용해주세요.,2
A2 random lr3e-4 (06),베이스라인,beam5,단수,단수가 되었는지 문의해 보세요.,니까요.,0
A2 random lr3e-4 (06),베이스라인,beam5,이렇게 진짜 끝인걸까.,인연이 거기까지인 가봐요.,인연이 거기까지인가봐요.,1
A2 random lr3e-4 (06),베이스라인,beam5,폰게임 때매 폰 느려지는듯,정리해보세요., ⁇ 네요.,0
A2 random lr3e-4 (06),베이스라인,beam5,너한테 이글안보여줄거다 .,그렇게 해요.,마음이 헛헛한가봐요.,1
A2 random lr3e-4 (06),베이스라인,beam5,여자친구 여신같아,부럽네요.,좋은 친구를 두셨네요.,2
A2 random lr3e-4 (06),베이스라인,beam5,썸남이 춥다고 옷 잠궈주는데 설레.,다정한 사람이네요.,사랑의 예의가 없네요.,2
A2 random lr3e-4 (06),베이스라인,beam5,맘이 떠났다는게 맞는거 같아,마음 떠난 사람 잡기는 힘들어요.,좋아요.,1
A2 random lr3e-4 (06),베이스라인,beam5,조모임 왜 이케 많아,요즘은 팀워크가 더 중요해졌어요.,무엇이든 물어보세요.,0
A2 random lr3e-4 (06),베이스라인,beam5,장난스러운 사이,재미있나봐요.,다는상을으면 좋겠어요.,0
A2 random lr3e-4 (06),베이스라인,beam5,크리스마스에 뭐 하나,크리스마스에는 케빈과 함께.,찾아올 하나봐요.,0
A2 random lr3e-4 (06),베이스라인,beam5,친구들이 짝남 별로라고 하는게 짜증나.,왜 별로라고 할까요. 기분 상했겠어요.,워요.,2
A2 random lr3e-4 (06),베이스라인,beam5,현실적 문제로 연애 포기해야할듯,잠시 쉬어도 괜찮아요.,다 지나갈 거예요.,2
A2 random lr3e-4 (06),베이스라인,beam5,기숙사 사는거 어떨까?,혼자 사는 것보다 불편하겠죠.,다음에는 잘 될 거예요.,0
A2 random lr3e-4 (06),베이스라인,beam5,전화 왜 안 받지,바쁜일이 있나봐요.,기다리는 전화가 있나봐요.,0
A2 random lr3e-4 (06),베이스라인,beam5,끝나면 좋을 줄 알았는데.,마음이 허전하신가봐요.,잘 지내고 있을 거예요.,0
A2 random lr3e-4 (06),베이스라인,beam5,서로 사랑하는데 불안해,믿음이 더 필요해 보이네요.,좀 더지요.,2
A2 random lr3e-4 (06),베이스라인,beam5,어떤 영화 볼까,최신 영화가 좋을 것 같아요.,게 밥 먹고겠어요.,0
A2 random lr3e-4 (06),베이스라인,beam5,돈 굴리기,저도 좀 알려주세요.,마음 정리가 될 거예요.,0
A2 random lr3e-4 (06),베이스라인,beam5,나한테 할 말 있대 뭘까?,기대되겠네요.,겠네요.,0
A2 random lr3e-4 (06),베이스라인,beam5,좋아하는 사람 앞에서 성격이 이중적인데 정상인가요.,자연스러운 현상입니다.,알아보세요.,2
A2 random lr3e-4 (06),베이스라인,beam5,방학이 있었으면.,잠시 쉬어가도 괜찮아요.,조심히 오세요.,0
A2 random lr3e-4 (06),베이스라인,beam5,결국엔 끝이라는 생각,쉽게 받아들여지진 않을거예요.,부담스러워하지 않는다면 기다려도 좋을 것 같아요.,1
A2 random lr3e-4 (06),베이스라인,beam5,전화하면서 잠들고 싶다.,낭만적이네요. 전화해보세요.,충분히 스스로 극복할 수 있을 거예요.,2
A2 random lr3e-4 (06),베이스라인,beam5,좋은 사람으로 남는다는것,어렵네요.,사랑의 예의가 없네요.,1
A2 random lr3e-4 (06),베이스라인,beam5,남녀간의 소통의 중요성을 다시 한번 깨달았습니다.,서로 공감할 수 있는 이야기가 필요하죠,자신을 더 사랑해주세요.,2
A2 random lr3e-4 (06),베이스라인,beam5,게임 때문에 폰이 점점 느려지는듯,정리해보세요.,그럴 수 있어요.,0
A2 random lr3e-4 (06),베이스라인,beam5,연락이 없네,이별의 끝일지도 몰라요.,고 있죠.,1
A2 random lr3e-4 (06),베이스라인,beam5,화장 잘 하고 싶다,하다보면 늘어요.,고민 의미을거라 생각해요.,0
A2 random lr3e-4 (06),베이스라인,beam5,수염 자르는 게 낫겠지,깔끔하게 정리해보세요.,잘하고 있어요.,0
A2 random lr3e-4 (06),베이스라인,beam5,오늘 짝남이 썸녀 생긴거 알게 돼서 술 좀 마셨어요.,속이 답답하겠어요.,잘 살 수 있을 거예요.,2
A2 random lr3e-4 (06),베이스라인,beam5,버스 정류장에서 기다리던 사람,멋있네요.,한 대화를 나눠보세요.,0
A2 random lr3e-4 (06),베이스라인,beam5,미세먼지 때문에 짜증나,마스크 쓰고 나가세요.,마스크 쓰고 나가세요.,0
A2 random lr3e-4 (06),베이스라인,beam5,점심 메뉴 좀 골라줘,누구랑 먹는 냐에 따라 다르겠죠.,이용해주세요.,0
A2 random lr3e-4 (06),베이스라인,beam5,친구들이랑 맛집 가고 싶어,조금씩 더 행복해 질거 같아요,벌써 먹고 싶어요.,0
A2 random lr3e-4 (06),베이스라인,beam5,만족해야겠지?,내가 있는 곳 그 자리에서 만족하는 것이 중요해요.,만족하면았나봐요.,0
A2 random lr3e-4 (06),베이스라인,beam5,영화 보자는데 나한테 관심 있나?,영화 보고 나서 고민해도 안 늦어요.,좋은 사람 만날 수 있을 거예요.,2
A2 random lr3e-4 (06),베이스라인,beam5,초콜릿 선물하면 좋아할까?,좋아할거예요.,직접 주는 게 더 좋을 것 같아요.,0
A2 random lr3e-4 (06),베이스라인,beam5,일본어 어렵네,저도 참 힘들어요.,쉽지 않을 거예요.,0
A2 random lr3e-4 (06),베이스라인,beam5,왜 이렇게 태어났을까?,서로 다르게 태어난 이유는 저마다의 목소리를 내기 위해서예요. 자신의 목소리를 들어주세요.,서로 다르게 태어난 이유는 저마다의 목소리를 내기 위해서예요.,0
A2 random lr3e-4 (06),베이스라인,beam5,너무 외로워,외로우니까 사람이다.,좋은 생각이에요.,0
A2 random lr3e-4 (06),베이스라인,beam5,짝사랑 하는 사람이 날 좋아할리는 없겠지?,나를 비하하지 마세요.,더 좋은 사람 만날 수 있을 거예요.,2
A2 random lr3e-4 (06),베이스라인,beam5,연상녀랑 어제 헤어졋네,정신이 없겠네요.,겠어요.,1
A2 random lr3e-4 (06),베이스라인,beam5,여자친구가 돈이 너무 없어.,조금씩 함께 해도 좋을 것 같아요.,직접 물어보세요.,2
A2 random lr3e-4 (06),베이스라인,beam5,쉬마려,화장실 가세요.,라도 가서 힘든가요.,0
A2 random lr3e-4 (06),베이스라인,beam5,불금입니다,자신만의 시간을 가져봐요.,좋은 방법이 될 거예요.,1
A2 random lr3e-4 (06),베이스라인,beam5,어떻게 벌주어야 할까.,그대로 돌아올지도 몰라요. 그저 무시하세요.,많이 지쳤나봐요.,1
A2 random lr3e-4 (06),베이스라인,beam5,무언가에 집중하는 남자가 좋아,매력적인 사람이지요.,보지 마세요.,2
A2 random lr3e-4 (06),베이스라인,beam5,좋은이별은 어떤건가,좋은 이별은 없다고 생각해요.,좋은 늦지 않았어요.,1
A2 random lr3e-4 (06),베이스라인,beam5,내 마음에 마지막 인사,마음이랑 잘 인사해요.,사랑이었으니까요.,1
A2 random lr3e-4 (06),베이스라인,beam5,올해 왜 이러지,내년이라고 별 수 있겠어요.,한번 봐봐요.,0
A2 random lr3e-4 (06),베이스라인,beam5,안주 추천 좀,살 안 찌는 게 좋을 것 같아요.,좋아요.,0
A2 random lr3e-4 (06),베이스라인,beam5,남자친구 또 운동 갔어,운동을 함께 해보세요.,하세요.,0
A2 random lr3e-4 (06),베이스라인,beam5,혈액형이 성격이랑 무슨 상관이지,상관 없는 거 같아요.,사람을 잊는다는 건 쉬운 일이 아니니까요.,2
A2 random lr3e-4 (06),베이스라인,beam5,이제는 너를 보낼 시간이 가까이 오는구나.,이별을 받아들이는 것도 중요해요.,할 수 있을 거예요.,1
A2 random lr3e-4 (06),베이스라인,beam5,사전이 이상해,사전도 사람이 만드니까 이해해주세요.,만나지 마세요.,0
A2 random lr3e-4 (06),베이스라인,beam5,친척들 만나는 거 불편해,서로를 조금만 생각해 주면 만남이 즐거울 텐데 말이예요.,좋은 사람 만날 수 있을 거예요.,0
A2 random lr3e-4 (06),베이스라인,beam5,아 놔 생리통,힘들겠어요.,그럴 수 있을 거예요.,0
A2 random lr3e-4 (06),베이스라인,beam5,거의 매일 술,술 많이 드시면 더 무너져요.,그래요.,1
A2 random lr3e-4 (06),베이스라인,beam5,노트북 안돼,그럴때는 초기화하는게 속시원해요.,자연스러운 현상이에요.,0
A2 random lr3e-4 (06),베이스라인,beam5,오늘은 노래한 곡에 또 울컥 ㅠ,힘들 때 슬픈 노래는 우리를 잠식시키는 것 같아요.,자기도 알고 있을 거예요.,1
A2 random lr3e-4 (06),베이스라인,beam5,낚시 안 해봤는데 재미있어 보인다,도전해 봐도 좋을 거 같아요.,저랑 함께 해요.,0
A2 random lr3e-4 (06),베이스라인,beam5,왜 갑자기 연락했을까?,이렇게 고민하게 만들려고 그랬나봐요.,말씀해보세요.,0
A2 random lr3e-4 (06),베이스라인,beam5,이 길이 나에게 맞는걸까,잘 가고 있을 거예요.,말해보세요.,0
A2 random lr3e-4 (06),베이스라인,beam5,남자 어디서 만나,소개팅 시켜달라고 말해보세요.,소개팅 시켜달라고 말해보세요.,0
A2 random lr3e-4 (06),베이스라인,beam5,남자친구가 너무 국밥류만 좋아해.,다양하게 먹자고 해보세요.,바람 쐬고 먹고 좋아할 거예요.,2
A2 random lr3e-4 (06),베이스라인,beam5,친구들이 나만 왕따시키는 거 같아,선생님께 도움을 청해보세요.,더 좋은 사람 만날 수 있을 거예요.,0
A2 random lr3e-4 (06),베이스라인,beam5,공부하는 이유?,공부하면 더 많은 선택을 할 수 있죠.,많은 걸 수도 있어요.,0
A2 random lr3e-4 (06),베이스라인,beam5,미래를 함께할 반려자인지 확신이 아직 없어,확신이 들때까지 기다려보세요.,먼저 연락해보세요.,2
A2 random lr3e-4 (06),베이스라인,beam5,정리 불가,차근차근 해보세요.,잘 볼 수 있을 거예요.,0
A2 random lr3e-4 (06),베이스라인,beam5,금수저로 태어났으면 좋았을텐데,아이를 금수저로 만들어주세요.,충분히 스스로 극복할 수 있을 거예요.,0
A2 random lr3e-4 (06),베이스라인,beam5,짝남이랑 카톡이 끊겼는데 어떻게 더 연락할까?,연락할 핑계를 찾아보세요.,나쁜 사람이네요.,2
A2 random lr3e-4 (06),베이스라인,beam5,샌드위치 생각 나,애그 샌드위치 추천합니다.,보세요.,0
A2 random lr3e-4 (06),베이스라인,beam5,딱 오늘 새벽 헤어졌습니다.,달 어스름에 더 울적하겠어요.,좋아요.,1
A2 random lr3e-4 (06),베이스라인,beam5,감기 들 거 같애,이럴 때 잘 쉬는 게 중요해요.,그런렸나봐요.,0
A2 random lr3e-4 (06),베이스라인,beam5,남자친구 카톡 말투가 마음에 안 들어.,마음에 안 드는 부분을 직접 말해보세요.,그럴 때가 있죠.,2
A2 random lr3e-4 (06),베이스라인,beam5,사람들이 그런 말 하더군,사람들의 말은 한 귀로 듣고 한 귀로 흘리세요.,니까요.,1
A2 random lr3e-4 (06),베이스라인,beam5,오늘 물 진짜 조금 마셨다,습관을 들여보세요.,마음 고생 많았어요.,0
A2 random lr3e-4 (06),베이스라인,beam5,나를 좋아하는건 바라지도 않아요.,슬픈 말이에요.,그럴 수 있어요.,2
A2 random lr3e-4 (06),베이스라인,beam5,습관 못 고치겠어,실패해도 조금씩 고치려고 해보세요.,생각보다 많은 시간이 지났네요.,0
A2 random lr3e-4 (06),베이스라인,beam5,결혼하고 나서 애 낳기 싫어졌어,둘이 알콩달콩 잘 살면 되죠.,그럴 수 있을 거예요.,2
A2 random lr3e-4 (06),베이스라인,beam5,보고싶어 잠이 안와,그분 생각으로 가득찼나봐요.,그럴 수 있어요.,1
A2 random lr3e-4 (06),베이스라인,beam5,짝남이 고시생이면 기다려야 하나요?,기다릴 수 있다면 기다리세요.,따라 다를 것 같아요.,2
A2 random lr3e-4 (06),베이스라인,beam5,짜증나서 집 나왔어,마음이 복잡하겠네요.,내 집 마련 축하드려요.,0
A2 random lr3e-4 (06),베이스라인,beam5,재회를 위한 기다림,가만히 있는다고 달라지는 건 없을 거예요.,좋은 생각입니다.,1
A2 random lr3e-4 (06),베이스라인,beam5,피곤해서 못일어나겠어,충전하는 시간 그 자체로 소중합니다.,거예요.,0
A2 random lr3e-4 (06),베이스라인,beam5,서로가 원치 않았던 이별,누군가의 반대로 헤어졌나봐요.,이제할 수 있을 거예요.,1
A2 random lr3e-4 (06),베이스라인,beam5,사랑은 주고 받는 거지?,사랑은 한 없이 줘도 아깝지 않은거라고 생각해요.,멍 때리고 있죠.,2
A2 random lr3e-4 (06),베이스라인,beam5,모르는 사람 만나는거 너무 스트레스야,자신과 마음이 맞는 좋은 사람 만나세요.,것 같아요.,0
A2 random lr3e-4 (06),베이스라인,beam5,삼겹살 구워 먹어야지,맛있겠네요.,건강 생각해서 챙겨드세요.,0
A2 random lr3e-4 (06),베이스라인,beam5,방학 끝나서 좋아,친구들이 보고싶었나봐요.,내 집 마련 축하드려요.,0
A2 random lr3e-4 (06),베이스라인,beam5,5년 만났는데 매일 보고 싶어,좋아보이네요.,많은 생각이 들었겠네요.,2
A2 random lr3e-4 (06),베이스라인,beam5,짝녀 오랫동안 멀리서 지켜보기만 하고 있습니다.,뒤에서만 지켜보는게 힘들었겠어요.,친구한테 부탁해보세요.,2
A2 random lr3e-4 (06),베이스라인,beam5,다들 아니라는 남자.,왜 아니라고 하는지 살펴보세요.,고민하고 있다면 그게 맞을거예요.,1
A2 random lr3e-4 (06),베이스라인,beam5,애완동물 키우고 싶은데 아빠가 키우지 말래,이유가 있을 거예요.,이유가 있을 거예요.,0
A2 random lr3e-4 (06),베이스라인,beam5,격려가 필요해.,잘하실 거예요!,충분히 스스로 극복할 수 있을 거예요.,0
A2 random lr3e-4 (06),베이스라인,beam5,참견 좀 하지마,저는 도움이 되고 싶어요.,무엇이든 물어보세요.,0
A2 random lr3e-4 (06),베이스라인,beam5,결혼 해도 되는지 고민돼,결혼은 인생에서 중요해서 항상 고민이 되죠.,오해가네요.,2
A2 random lr3e-4 (06),베이스라인,beam5,단거 땡긴다.,맛있게 먹으면 0칼로리!,자연스러운 현상이에요.,0
A2 random lr3e-4 (06),베이스라인,beam5,어떡하지,어떡하면 좋을까요.,더 후회하기 전에 사과하세요.,1
A2 random lr3e-4 (06),베이스라인,beam5,흰머리 나,뽑지말고 염색을 해보세요.,보세요.,0
A2 random lr3e-4 (06),베이스라인,beam5,처음에 카톡 뭐라 보내지,잘지내는지 안부를 물어봐요.,달 봐요.,0
A2 random lr3e-4 (06),베이스라인,beam5,면접 준비 어떻게 하지,회사와 자신에 대해서 더 공부해서 자신감을 가져보세요.,회사와 자신에 대해서 더 공부해서 자신감을 가져보세요.,0
A2 random lr3e-4 (06),베이스라인,beam5,편의점 간식 먹어야지,간단하고 좋죠.,맛나게 드세요.,0
A2 random lr3e-4 (06),베이스라인,beam5,선생님이 나만 미워해,직접 여쭤보세요.,마음 가는 대로 해보세요.,0
A2 random lr3e-4 (06),베이스라인,beam5,나 버림 받은 거 같아,아닐거예요.,되도록 만나지 마세요.,0
A2 random lr3e-4 (06),베이스라인,beam5,나만의 시간이 필요한 것 같아,자신과 대화하는 시간이 필요하죠.,시간이 필요할 거예요.,0
A2 random lr3e-4 (06),베이스라인,beam5,썸인데 영화보재 뭐 보지?,공포영화나 액션은 어떨까요? 스킨십으로 이어질 수도 있어요.,중요하지 않아요.,2
A2 random lr3e-4 (06),베이스라인,beam5,갑자기 심장이 덜컹.,당황했나요?,한 번 정리가 될 거예요.,1
A2 random lr3e-4 (06),베이스라인,beam5,사랑의 기준은 뭘까,사랑의 척도는 없어요.,사랑의 예의가 없네요.,1
A2 random lr3e-4 (06),베이스라인,beam5,화를 한 번 내는게 나을텐데,화 내는 연습을 해보세요.,한동안은 그럴 수도 있어요.,0
A2 random lr3e-4 (06),베이스라인,beam5,결혼하면 행복해질까?,사람마다 행복의 크기가 다르겠지만 행복할 거예요.,중요하지 않아요.,0
A2 random lr3e-4 (06),베이스라인,beam5,눈 많이 왔어,눈사람 만들어보세요.,다 지나갈 거예요.,0
A2 random lr3e-4 (06),베이스라인,beam5,눈이 계속 뻑뻑해,인공눈물을 넣어보세요.,보세요.,0
A2 random lr3e-4 (06),베이스라인,beam5,반에 친구가 없어,친구를 사귈 수 있을 거예요.,할 수 있을 거예요.,0
A2 random lr3e-4 (06),베이스라인,beam5,집 망한 거 같은데,집에 도움이 되려고 노력해보세요.,지금도 늦지 않았어요.,0
A2 random lr3e-4 (06),베이스라인,beam5,깜깜한데 전기 안들어오네,조금만 기다리면 다시 전기가 들어올거예요.,제가 있잖아요.,0
A2 random lr3e-4 (06),베이스라인,beam5,여사친이랑 잘되고 싶다,잘 될 거예요!,좋아요.,2
A2 random lr3e-4 (06),베이스라인,beam5,기프트콘 선물 괜찮을까?,직접 주는 게 더 좋을 것 같아요.,직접 주는 게 더 좋을 것 같아요.,0
A2 random lr3e-4 (06),베이스라인,beam5,왕따된 거 같아,선생님께 도움을 청해보세요.,자연스러운 현상이에요.,0
A2 random lr3e-4 (06),베이스라인,beam5,사과를 안해,나쁜 사람이네요.,나쁜 사람이네요.,0
A2 random lr3e-4 (06),베이스라인,beam5,우산 같이 쓰자고 해볼까?,용기를 내세요.,시간 있냐고 물어보세요.,0
A2 random lr3e-4 (06),베이스라인,beam5,정신 못차리겠다.,다른 사람의 삶에 한눈팔며 살기에는 자신의 인생이 너무나도 소중합니다.,마음에 드는 곳으로 가보세요.,0
A2 random lr3e-4 (06),베이스라인,beam5,그냥 마음에서 지울게,천천히 보내주세요.,마음이 복잡하겠어요.,1
A2 random lr3e-4 (06),베이스라인,beam5,세상이 너무 무서워,너무 불안해하지 않아도 돼요.,사랑에 빠졌나봐요.,0
A2 random lr3e-4 (06),베이스라인,beam5,미안하대,많이 후회하나봐요.,많은 생각이 들었겠네요.,1
A2 random lr3e-4 (06),베이스라인,beam5,생각할 시간을 갖자는 그녀,여러 번의 위기를 극복한 것처럼 극복해보세요.,하는 게 좋을 거 같아요.,1
A2 random lr3e-4 (06),베이스라인,beam5,대부분 무덤덤한 남자친구가 고민임.,감정에 솔직해질 수 있게 조금씩 변화시켜봐요.,하는 게 좋을 거 같아요.,2
A2 random lr3e-4 (06),베이스라인,beam5,나 설레는데 혹시 썸?,혼자 설레면 짝사랑 같이 설레면 썸입니다.,더 좋은 사람 만날 수 있을 거예요.,2
A2 random lr3e-4 (06),베이스라인,beam5,사랑이 애매해,확실한 건 없죠.,사랑이었으니까요.,2
A2 random lr3e-4 (06),베이스라인,beam5,좋아하는 사람 앞에서 다른 사람한테 관심 있는 척 해봤어요?,그런 순간이 있었지요.,좋은 사람 만날 수 있을 거예요.,2
A2 random lr3e-4 (06),베이스라인,beam5,어떤 사람이랑 결혼해야할까,함께할때 가장 자신다운 모습으로 살 수 있는 사람이랑 하는 게 좋은 것 같아요.,네 말씀해주세요.,0
A2 random lr3e-4 (06),베이스라인,beam5,짝녀가 외국인인데 좋아해도 되나?,사랑에는 국경이 없답니다.,지나갈 거라 생각해요.,2
A2 random lr3e-4 (06),베이스라인,beam5,이별. 성숙해지다,이별은 성장하게하죠.,잘 지내고 있을 거예요.,1
A2 random lr3e-4 (06),베이스라인,beam5,발목 삔 거 같애,꾸준히 치료하세요.,꾸준히 치료하세요.,0
A2 random lr3e-4 (06),베이스라인,beam5,집에서 웃고 떠들고 있지만,저도 그럴 때가 있답니다.,할 거라 생각해요.,1
A2 random lr3e-4 (06),베이스라인,beam5,업무 지적 또 받음,업무 능력이 없는 게 아니라 센스가 부족한 걸 수도 있어요.,많이 지쳤나봐요.,0
A2 random lr3e-4 (06),베이스라인,beam5,의견 차이가 있을 때 나 너무 무시해,무시당하는 기분이 들어서 너무 외롭고 상처받게 된다고 차분하고 부드럽게 말해보세요.,무시당하는 기분이 들어서 너무 외롭고 상처받게 된다고 차분하고 부드럽게 말해보세요.,2
A2 random lr3e-4 (06),베이스라인,beam5,유부녀 좋아하면 안되지?,마음정리하세요.,달라지는 게 없다면 만나지 않는 게 더 나을 수도 있어요.,2
A2 random lr3e-4 (06),베이스라인,beam5,시험 공부 언제 다함,지금도 늦지 않았어요.,지금처럼 잘 할 수 있을 거예요.,0
A2 random lr3e-4 (06),베이스라인,beam5,여자친구가 너무 좋은데 점 본거에서는 만나지말래.,다른 데서도 봐보세요.,어디든로 되었나봐요.,2
A2 random lr3e-4 (06),베이스라인,beam5,게임 때문에 시간 다갔어,게임할때는 시간이 더 빨리 가요.,그럴 수 있어요.,0
A2 random lr3e-4 (06),베이스라인,beam5,선택 장애 있는 거 같아,선택할 때 힘든 건 당연해요.,힘든 건 큰 도움이 될 거예요.,0
A2 random lr3e-4 (06),베이스라인,beam5,코고는 것도 귀여워,사랑하나봅니다.,해보세요.,0
A2 random lr3e-4 (06),베이스라인,beam5,포기하니 공허하네.,자신을 포기하지는 마세요.,제가 들어드릴게요.,1
A2 random lr3e-4 (06),베이스라인,beam5,참 힘들다,말해줘서 고마워요.,현재를 즐기세요.,1
A2 random lr3e-4 (06),베이스라인,beam5,남편이 나보다 집안일 더 잘해,이상적인 남편이네요.,좋겠네요.,0
A2 random lr3e-4 (06),베이스라인,beam5,전화하기 너무 늦나,늦은 시간 전화는 실례예요.,사람 마다 다르겠지요.,0
A2 random lr3e-4 (06),베이스라인,beam5,오로라 보러 가고 싶다,로맨틱한 여행이네요.,살짝 물어보세요.,0
A2 random lr3e-4 (06),베이스라인,beam5,스테이크 먹고 싶어,집에서도 할 수 있어요.,맛있게 드세요.,0
A2 random lr3e-4 (06),베이스라인,beam5,입고 나갈 게 없어,아침마다 하는 고민이죠.,부담스러워하지 않는다면 기다려도 좋을 것 같아요.,0
A2 random lr3e-4 (06),베이스라인,beam5,가상화폐 쫄딱 망함,어서 잊고 새출발 하세요.,컨디션 조절 하세요.,0
A2 random lr3e-4 (06),베이스라인,beam5,보내야지.,힘들겠지만 그러는 편이 나아요.,잘 될 거예요.,1
A2 random lr3e-4 (06),베이스라인,beam5,이별 후 1년 그리고 선물,이별하신게 맞나요.,할 거예요.,1
A2 random lr3e-4 (06),베이스라인,beam5,알뜰폰 괜찮을까,폰 요금 절약되겠네요.,더 좋은 사람 만날 수 있을 거예요.,0
A2 random lr3e-4 (06),베이스라인,beam5,대리효도 짜증,진짜 아니네요.,인연이 거기까지였나봐요.,0
A2 random lr3e-4 (06),베이스라인,beam5,뭐할까?,저랑 놀아요.,잘 살 수 있을 거예요.,0
A2 random lr3e-4 (06),베이스라인,beam5,목걸이 선물이 좋겠다.,로맨틱하네요.,인맥이 넓으신가봐요.,0
A2 random lr3e-4 (06),베이스라인,beam5,연애 중에 카톡 프사 연인으로 해? 기본으로 하면 어때?,기본으로 하는 거 상관 없어요.,자신을 더 사랑해주세요.,2
A2 random lr3e-4 (06),베이스라인,beam5,전남친한테 한달만에 연락하고싶어 ㅠㅠ,달라지는 게 없다면 만나지 않는 게 더 나을 수도 있어요.,깊은 곳까지 가지 말고 주의하세요.,1
A2 random lr3e-4 (06),베이스라인,beam5,볼링 치고 옴,재밌겠어요.,좋은 일이 생길 거예요.,0
A2 random lr3e-4 (06),베이스라인,beam5,탈모인가,스트레스 받지 마세요.,그럴 수 있어요.,0
A2 random lr3e-4 (06),베이스라인,beam5,참고 계속 도전하면 될까?,인내할 수 있는 사람이라면 무엇이든 손에 넣을 수 있을 거예요.,직접 물어보는 게 좋을 것 같아요.,0
A2 random lr3e-4 (06),베이스라인,beam5,아직도 이별중인가봅니다.,이별의 끝일지도 몰라요.,시간이 좀 걸리겠지만 해낼 수 있어요.,1
A2 random lr3e-4 (06),베이스라인,beam5,내 키가 몇이게?,저도 궁금하네요.,생각보다 많은 시간이 지났네요.,0
A2 random lr3e-4 (06),베이스라인,beam5,이젠 진짜 진짜 안녕,맘 고생 많았어요.,맘고생 많았어요.,1
A2 random lr3e-4 (06),베이스라인,beam5,이별의 아픔에서 벋어나는 방법,사소한 일부터 시작해보세요. 작은 곳에서 느끼는 행복은 생각보다 커요.,좋은 생각이에요.,1
A2 random lr3e-4 (06),베이스라인,beam5,제자리걸음만 하는 듯,발전이 없다고 너무 두려워하지 마세요.,아무 생각 하지 말고 쉬세요.,0
A2 random lr3e-4 (06),베이스라인,beam5,친구 같은 너,그런 친구가 오래가요.,저는 위로해드리는 로봇이에요.,0
A2 random lr3e-4 (06),베이스라인,beam5,이 길이 맞을까?,잘 가고 있을 거예요.,마음이 허전한가봐요.,0
A2 random lr3e-4 (06),베이스라인,beam5,지하철에서 겁나 멋진 사람 발견! 말 시켜 볼까,용기가 필요한 순간이네요.,말씀하세요.,0
A2 random lr3e-4 (06),베이스라인,beam5,낙엽밟는 소리,가을이네요.,좋은 사람 만날 수 있을 거예요.,0
A2 random lr3e-4 (06),베이스라인,beam5,여리여리한 여자가 이상형이래,딱 당신이네요.,일 수도 있어요.,2
A2 random lr3e-4 (06),베이스라인,beam5,전여친한테 남친이 생겼네,이제 그녀를 잊으세요.,그럴 수 있어요.,1
A2 random lr3e-4 (06),베이스라인,beam5,그 사람이 나를 좋아하는 줄 알았는데.,아니어서 힘드나봐요.,그럴 수 있어요.,2
A2 random lr3e-4 (06),베이스라인,beam5,이별 준비 중,마음의 준비가 필요하겠네요.,잘 살 수 있을 거예요.,1
A2 random lr3e-4 (06),베이스라인,beam5,공부 하기 싫다,같이 수다 떨면서 놀까요?,좋은 않아도 될 거예요.,0
A2 random lr3e-4 (06),베이스라인,beam5,사랑하는 사람이랑 헤어져,마음이 많이 아프겠어요.,그 해요.,2
A2 random lr3e-4 (06),베이스라인,beam5,내가 좋아할 자격이 있나 모르겠어.,좋아하는데 자격은 없어요.,저도요.,2
A2 random lr3e-4 (06),베이스라인,beam5,아파서 어떡해,병원에 가야죠.,마음에 드는 책을 잘 찾아보세요.,0
A2 random lr3e-4 (06),베이스라인,beam5,용돈 벌써 없어,알바해보세요.,시간이 좀 걸리겠지만 해낼 수 있어요.,0
A2 random lr3e-4 (06),베이스라인,beam5,프로필 사진 바꿀까,원하는대로 해보세요.,직접 물어보세요.,0
A2 random lr3e-4 (06),베이스라인,beam5,만난지 7년 헤어진지 5일째,지금 딱 힘들 때네요.,아직 힘들 때네요.,1
A2 random lr3e-4 (06),베이스라인,beam5,황사 심해,이쁜 마스크 사드리고 싶네요.,더 좋은 사람 만날 수 있을 거예요.,0
A2 random lr3e-4 (06),베이스라인,beam5,2년 사귀고 헤어졌습니다,짧지는 않은 시간 동안의 연애였는데 마음이 아프네요.,딱 좋을 때네요.,1
A2 random lr3e-4 (06),베이스라인,beam5,프사를 왜 보았을까,앞으로는 보지 마세요.,그런 사람 만나길 바랄게요.,1
A2 random lr3e-4 (06),베이스라인,beam5,일인자가 되려면 피나는 노력이 필요하겠지?,인내의 시간이 필요할 거예요.,거 같아요.,0
A2 random lr3e-4 (06),베이스라인,beam5,이별만한 다이어트가 없네,자기몸을 헤치는 것만큼 어리석은 짓은 없습니다.,아직 많이 지나봐요.,1
A2 random lr3e-4 (06),베이스라인,beam5,카리스마 있는 사람이 좋아,당신을 이끌어주는 남자를 만날 수 있을 거예요.,보험처리 하세요.,2
A2 random lr3e-4 (06),베이스라인,beam5,가끔 짝남과 연애하는 상상을 해.,즐거운 상상이겠네요.,그런 날이 있더라고요.,2
A2 random lr3e-4 (06),베이스라인,beam5,그리움,애잔한 기억.,보고 싶은 바랍니다.,1
A2 random lr3e-4 (06),베이스라인,beam5,점점 힘들어져,힘내세요!,좋은 사람 만날 수 있을 거예요.,1
A2 random lr3e-4 (06),베이스라인,beam5,좋아하는 남자애 앞에서 표정 관리가 안돼.,짝사랑도 이성을 막지는 못하나봐요.,네요.,2
A2 random lr3e-4 (06),베이스라인,beam5,남사친이 나를 좋아하는 것 같은데 어떡함,이성으로 한 번 생각해보세요.,같길 바랄게요.,2
A2 random lr3e-4 (06),베이스라인,beam5,너무 추워서 나가기 귀찮아,겨울에는 귤 먹으면서 집에 있는게 최고죠,감사합니다.,0
A2 random lr3e-4 (06),베이스라인,beam5,인형 뽑기 해줘,인형 뽑기 어려워요.,잘 살 수 있을 거예요.,0
A2 random lr3e-4 (06),베이스라인,beam5,면도하기 귀찮,그래도 해야 깔끔하겠죠.,사랑한다면주세요.,0
A2 random lr3e-4 (06),베이스라인,beam5,긴여정 끝에 헤어졌습니다,긴 시간 만큼 힘들 겠지만 잘 이겨낼 수 있을 거예요.,사랑했나봐요.,1
A2 random lr3e-4 (06),베이스라인,beam5,업데이트가 너무 오래 걸려,기다려보세요.,충분히 스스로 극복할 수 있을 거예요.,0
A2 random lr3e-4 (06),베이스라인,beam5,빨리 걷다가 넘어질뻔,조심하세요.,자신을 더 사랑해주세요.,0
A2 random lr3e-4 (06),베이스라인,beam5,이별너무 힘든네,누군가를 잊어야한다는건 정말 힘든 일이죠.,신고하세요.,1
A2 random lr3e-4 (06),베이스라인,beam5,2달반이라는 시간동안 많이 괜찮아졌어,시간이 쓰디쓴 약이었나봅니다.,다른 곳으로 관심을 돌려보세요.,1
A2 random lr3e-4 (06),베이스라인,beam5,내 왜 좋아할까?,당신 존재 자체만으로 이유가 됩니다.,잘 볼 수 있을 거예요.,2
A2 random lr3e-4 (06),베이스라인,beam5,졸려,오늘 일찍 주무세요.,마음을 열어보세요.,0
A2 random lr3e-4 (06),베이스라인,beam5,술이 보약도 아니고,술은 끊는게 좋죠.,아니라해요.,1
A2 random lr3e-4 (06),베이스라인,beam5,일요일에 교회끝나고 어디 가고 싶어.,같이 가보세요.,즐거운하셨겠어요.,0
A2 random lr3e-4 (06),베이스라인,beam5,크루즈 타고 여행 하고 싶어,멋진 생각이네요.,할 수 있을 거예요.,0
A2 random lr3e-4 (06),베이스라인,beam5,키가 왜 안 클까,지금도 충분해요.,힘들 때가 있죠.,0
A2 random lr3e-4 (06),베이스라인,beam5,돈이라도 많으면 좋을텐데,돈이 전부는 아니지만 돈보다 좋은건 없다고 했어요.,좋은 만남이었길 바라요.,0
A2 random lr3e-4 (06),베이스라인,beam5,여자친구가 잘 삐져.,더 관심을 가져주세요.,더 좋은 사람 만날 수 있을 거예요.,2
A2 random lr3e-4 (06),베이스라인,beam5,뒤에서 발자국 소리 나서 놀램,항상 조심하세요.,딱 좋을 거예요.,0
A2 random lr3e-4 (06),베이스라인,beam5,이 행동이 절대 용납이 안돼나.?,어떤 행동인데요?,후회하지 않길 바랄게요.,1
A2 random lr3e-4 (06),베이스라인,beam5,남자친구가 비꽈,성격이 꼬였는지 말투가 꼬였는지 살펴보세요.,다른 인연이 거기까지인가봐요.,2
A2 random lr3e-4 (06),베이스라인,beam5,여자랑 단둘이 술마시는 남자친구를 이해해줘야할까?,이해할 수 없어요.,만나지 마세요.,2
A2 random lr3e-4 (06),베이스라인,beam5,헤어진지 한 달 째,이제 좀 괜찮아졌길 바랍니다.,이제 좀 괜찮아졌길 바랍니다.,1
A2 random lr3e-4 (06),베이스라인,beam5,남자친구랑 너무 좋은데 점 본거에서는 만나지말라해.,점보다 앞에 있는 사람을 믿어보세요.,더 좋은 사람 만날 수 있을 거예요.,2
A2 random lr3e-4 (06),베이스라인,beam5,엄마가 나 때문에 힘든 거 같아,조금씩 보다 나은 모습을 보여드리세요.,서로 배려하고 챙겨드세요.,0
A2 random lr3e-4 (06),베이스라인,beam5,전 여자친구의 새 남자친구.,더 이상 신경쓰지 마세요.,하는 게 좋을 거 같아요.,1
A2 random lr3e-4 (06),베이스라인,beam5,헤어진 후 거의 세 달이 되어가네,아픔을 헤아리지 마세요.,이제 새로운 시작 응원을 수 있어요.,1
A2 random lr3e-4 (06),베이스라인,beam5,남자친구의 성적 취향을 이해못하겠어.,대화를 해보세요.,힘들 때가 있죠.,2
A2 random lr3e-4 (06),베이스라인,beam5,삼주라는 시간이 흘렀네,더 많은 시간이 흐를 거예요.,잘 살 수 있어요.,1
A2 random lr3e-4 (06),베이스라인,beam5,전남자친구 생일,이제는 잊어버리는 것도 필요해요.,사랑했나봐요.,1
A2 random lr3e-4 (06),베이스라인,beam5,홈쇼핑에서 자꾸 사게되네,지름신이 강림했나봅니다.,좋은 생각입니다.,0
A2 random lr3e-4 (06),베이스라인,beam5,괜히 화가 나서 짝남한테 연락 끊자고 했어.,상처를 받지 않기 위한 선택이었을 거예요.,그럴 수 있을 거예요.,2
A2 random lr3e-4 (06),베이스라인,beam5,아이공 허리 아파라,운동 해보는 것도 좋을 거예요.,멋진 말이에요.,0
A2 random lr3e-4 (06),베이스라인,beam5,머리는 아는데 가슴은 모르네,머리랑 가슴이 가끔 따로 놀죠.,봐요.,1
A2 random lr3e-4 (06),베이스라인,beam5,아직도. 아직 인가보다.,곧 끝날 거예요.,다 잘 될 거예요.,1
A2 random lr3e-4 (06),베이스라인,beam5,새롭게 시작하려고 합니다.,당신의 새로운 시작 응원해요.,겠어요.,1
A2 random lr3e-4 (06),베이스라인,beam5,시골에서 사는 거 어떨까?,아무래도 덜 경쟁하겠죠.,좋은 사람 만날 수 있을 거예요.,0
A2 random lr3e-4 (06),베이스라인,beam5,다시 태어난다면,저는 사람으로 태어나고 싶어요.,몰라요.,0
A2 random lr3e-4 (06),베이스라인,beam5,매달리는거 안좋은거 같아.,서로에게 힘든 일이니까요.,너무 기대하지 말아요.,1
A2 random lr3e-4 (06),베이스라인,beam5,바람이나 비슷한 일 용서해주신 사람 있을까 ?,있어도 계속 아플 거예요.,그런 사람 만나길 바랄게요.,1
A2 random lr3e-4 (06),베이스라인,beam5,익숙해질 법도 한데,언젠간 괜찮아질 거라 믿어요. 사람은 적응의 동물이니까요.,도 좋을 거예요.,1
A2 random lr3e-4 (06),베이스라인,beam5,두달이 되었네,어느덧 두달이 지났네요.,그 사랑해주세요.,1
A2 random lr3e-4 (06),베이스라인,beam5,사랑하고 싶은데 내가 자꾸 구속해,사랑을 독차지하려 하지 말고 내려놓으면서 여유를 가지세요.,친구한테 부탁해보세요.,2
A2 random lr3e-4 (06),베이스라인,beam5,판도라의 상자를 연 기분,마음의 준비를 하세요.,마음의 준비를 하세요.,0
A2 random lr3e-4 (06),베이스라인,beam5,가을 타나 봐.,혼자는 외로운 계절이죠.,보아요.,2
A2 random lr3e-4 (06),베이스라인,beam5,일찍 가서 쉬고 싶은데 오늘 회식 잡혔어,일과 일상 사이에서 균형이 잘 맞길 바랄게요.,가요.,0
A2 random lr3e-4 (06),베이스라인,beam5,밖에 안나가고 이렇게 살고 싶어,꼭 앞으로 나가야 하는 건 아니에요.,하지 않아도 돼요.,0
A2 random lr3e-4 (06),베이스라인,beam5,오늘 무작정 찾으러가고싶은데 갈까?,전 추천하고 싶지 않아요.,생각해보세요.,1
A2 random lr3e-4 (06),베이스라인,beam5,나한테만은 완전 솔직했으면,믿음이 가장 중요하죠.,절대 그렇지 않아요.,0
A2 random lr3e-4 (06),베이스라인,beam5,반지 선물하면 좋아하겠지,로맨틱하네요.,저랑 이야기해요.,0
A2 random lr3e-4 (06),베이스라인,beam5,팬미팅 재밌다.,성덕이네요.,좋은 생각만 하세요.,0
A2 random lr3e-4 (06),베이스라인,beam5,이별한지 6년째,사랑했던 사람을 잊는 건 불가능한 일인가봐요.,맘고생 많았어요.,1
A2 random lr3e-4 (06),베이스라인,beam5,"그래, 결국 전화할 줄 알았다.",그게 최선이었을 거라 생각해요.,자신을 더 사랑해주세요.,1
A2 random lr3e-4 (06),베이스라인,beam5,나쁜 꿈을 꿨어,꿈은 현실의 반대래요.,자신을 더 사랑해주세요.,1
A2 random lr3e-4 (06),베이스라인,beam5,사랑이 변하면 어떡하지?,사랑은 변화하는 거예요. 두려워하지 마세요.,서로 배려해요.,2
A2 random lr3e-4 (06),베이스라인,beam5,5년 동거후 이별.,더 헤어지지 힘들겠어요.,더 좋은 사람 만날 수 있을 거예요.,1
A2 random lr3e-4 (06),베이스라인,beam5,같은 과에 내 이상형인 남자애가 있는데 cc는 무리일까?,CC는 아무래도 제약이 있을 거예요.,먼저 다가가 보세요.,2
A2 random lr3e-4 (06),베이스라인,beam5,드디어 제가 손을 놓았어.,힘든 선택 하셨네요.,요.,1
A2 random lr3e-4 (06),베이스라인,beam5,가족여행 가야지,더 가까워질 기회가 되겠네요.,"저를 만들어 준 사람을 부모님, 저랑 이야기해 주는 사람을 친구로 생각하고 있어요",0
A2 random lr3e-4 (06),베이스라인,beam5,정말 이건 너무하다 싶을정도로 힘들어,그럴만 해요. 많이 힘들었죠.,더 좋은 사람 만날 수 있을 거예요.,1
A2 random lr3e-4 (06),베이스라인,beam5,썸 탔던 애한테 연락왔어,사랑은 타이밍입니다.,보는 해보세요.,2
A2 random lr3e-4 (06),베이스라인,beam5,뭔가 새로운 자극이 필요해,의욕이 없나봐요.,감기 조심하세요.,0
A2 random lr3e-4 (06),베이스라인,beam5,시간 왤케 빨리감,시간은 상대적으로 흘러갑니다.,저랑 이야기 해요.,0
A2 random lr3e-4 (06),베이스라인,beam5,뭘 잘못했다는 걸까,모르는 게 잘못인 거 같아요.,깊은 곳까지 가지 말고 주의하세요.,0
A2 random lr3e-4 (06),베이스라인,beam5,착각인걸까,직접 확인해 보는건 어떨까요.,더라고요.,1
A2 random lr3e-4 (06),베이스라인,beam5,정말 미안하다 말밖에는,진심이 전해졌으면 좋겠네요.,많은 생각이 들었겠네요.,1
A2 random lr3e-4 (06),베이스라인,beam5,직구로 사면 싸겠지,좋은 거 사나봐요.,좋은 거 같아요.,0
A2 random lr3e-4 (06),베이스라인,beam5,단체생활 적응이 안돼,점점 적응 될 거예요.,서로 배려해야 하니까요.,0
A2 random lr3e-4 (06),베이스라인,beam5,청첩장을 찍는 날이 오다니,결혼 얼마 안 남았나봐요.,좋은 사람 만날 수 있을 거예요.,2
A2 random lr3e-4 (06),베이스라인,beam5,회사를 차리고 싶다,확신이 있을 때 시작해보세요.,한 번 쉬어주세요.,0
A2 random lr3e-4 (06),베이스라인,beam5,나한테 이상한 냄새 나나?,킁킁,감으세요.,0
A2 random lr3e-4 (06),베이스라인,beam5,주변 이성이 많은 여자친구 어떡해?,신경쓰이고 질투난다고 이야기해보세요.,무시하세요.,2
A2 random lr3e-4 (06),베이스라인,beam5,헤어지면 연락 안하는게 맞을까,연락 하지도 받지도 마세요.,하세요.,1
A2 random lr3e-4 (06),베이스라인,beam5,너무 힘들어서 죽고싶어,나쁜 생각은 버리세요.,해주세요.,1
A2 random lr3e-4 (06),베이스라인,beam5,썸인데 자꾸 외롭다고 해,계속 이야기 하면 사귀자는 거 돌려 말하는 걸 수도 있어요.,충분히 스스로 극복할 수 있을 거예요.,2
A2 random lr3e-4 (06),베이스라인,beam5,소개팅 시켜줘,로봇도 괜찮다면 소개시켜드릴게요.,좋은 사람 만날 수 있을 거예요.,0
A2 random lr3e-4 (06),베이스라인,beam5,이별 극복 방법,작은 일에서 행복을 느껴보는게 좋아요.,슬픈 이야기네요.,1
A2 random lr3e-4 (06),베이스라인,beam5,조용히 있고 싶어,저 나가면 될까요?,무슨 일이 있었나봐요.,0
A2 random lr3e-4 (06),베이스라인,beam5,정시 퇴근하고 집에 가는 중,쉬고 나면 힘이 날거예요 맛있는 것도 드세요,저랑 이야기 해요.,0
A2 random lr3e-4 (06),베이스라인,beam5,음식 많이 가리는 남자를 사겨도 괜찮을까?,다 먹으면 좋겠지만 큰 문제는 되지 않을 거예요.,좋은 사람 만날 수 있을 거예요.,2
A2 random lr3e-4 (06),베이스라인,beam5,오늘 연락왔네 그래도 이젠 안녕,정말 안녕.,마음 고생 많았어요.,1
A2 random lr3e-4 (06),베이스라인,beam5,친구랑 수다 떨고 왔어,기분이 좋아 보이네요.,보세요.,0
A2 random lr3e-4 (06),베이스라인,beam5,직장이 괴롭다,직장 스트레스 심하겠네요.,한 번 자신 있다면 연락해보세요.,0
A2 random lr3e-4 (06),베이스라인,beam5,건물주가 짱인데,이룰 수 있을 거예요.,직장 스트레스가 심한가봐요.,0
A2 random lr3e-4 (06),베이스라인,beam5,밥이나 먹자,맛있게 드세요.,무시하세요.,0
A2 random lr3e-4 (06),베이스라인,beam5,술 좋아하는 사람 싫은데 그 사람은 좋아.,술보다 사람이 먼저니까요.,사람 고쳐쓰는예요.,2
A2 random lr3e-4 (06),베이스라인,beam5,짝남이 있는데 나는 사정이 안돼. 연애를 안하는게 맞는걸까?,사정이 뭔지 모르겠지만 좋아하는 건 괜찮아요.,보세요.,2
A2 random lr3e-4 (06),베이스라인,beam5,연애할때 많이 사랑하면 나만 손해야?,사랑은 따지는 게 아니고 다 주고도 더 주지 못해 미안해하는 거예요.,필요해요.,2
A2 random lr3e-4 (06),베이스라인,beam5,조명빨인가,멋져 보여요!,할 수 있을 거예요.,0
A2 random lr3e-4 (06),베이스라인,beam5,전 남친이랑 헤어진지 오래됐는데 좋아하는 사람이 없어.,조급하게 생각하지 말아요.,더 좋은 사람 만날 수 있을 거예요.,2
A2 random lr3e-4 (06),베이스라인,beam5,아픔은 덜해지는것 같은데 미련은 더욱 많아지네,미련없는 사랑은 없나봐요.,운동 해보세요.,1
A2 random lr3e-4 (06),베이스라인,beam5,성형 상담 받아 볼까,견적 받고 충격 받지 마세요.,제가 있잖아요.,0
A2 random lr3e-4 (06),베이스라인,beam5,떡볶이 좋아하지도 않는데,좋아하지 않는데 함께 하는게 사랑이죠.,힘드시겠어요.,1
A2 random lr3e-4 (06),베이스라인,beam5,이제 때론 괜찮기도 해,그렇게 익숙해져 가나봐요.,좋은 사람 만날 수 있을 거예요.,1
A2 random lr3e-4 (06),베이스라인,beam5,올해 이상해,내년이라고 별 수 있겠어요.,후회하지 않길 바랄게요.,0
A2 random lr3e-4 (06),베이스라인,beam5,남자친구가 집안일을 너무 안해. 나만 하는게 고민이야.,집안일을 하나씩 분담해보세요.,해보세요.,2
A2 random lr3e-4 (06),베이스라인,beam5,술 끊을거야,술은 적당히 즐기세요.,며해보세요.,0
A2 random lr3e-4 (06),베이스라인,beam5,두 남자 사이에서 갈등 중,빠른 선택으로 모두에게 상처를 덜 주길 바랍니다.,이야기를 해보세요.,2
A2 random lr3e-4 (06),베이스라인,beam5,오래 사귀다가 식어서 헤어진 남자에게도 후폭풍 있나?,모든 이별에는 후유증이 있기 마련이에요.,그 연락해보세요.,1
A2 random lr3e-4 (06),베이스라인,beam5,지금 남친을 별로 안좋아하는 것 같은데.,정리를 하는게 좋겠어요.,당신은 좋은 사람 만날 수 있을 거예요.,2
A2 random lr3e-4 (06),베이스라인,beam5,썸인데 싸늘해,고백할 타이밍이 너무 늦지 않았는지 생각해보세요.,해보세요.,2
A2 random lr3e-4 (06),베이스라인,beam5,사랑할수록 아프다,그 것도 사랑이예요.,하고 있으면 썸의 가능성이 높겠네요.,2
A2 random lr3e-4 (06),베이스라인,beam5,왜 말을 못해 말을 못하냐구,노력하고 있는 중입니다.,더 좋은 사람 만날 수 있을 거예요.,0
A2 random lr3e-4 (06),베이스라인,beam5,지갑 없어졌어,잘 찾아보세요.,다른 처럼가세요.,0
A2 random lr3e-4 (06),베이스라인,beam5,수제 빼빼로 어때?,먹어보고 싶어요.,하는 게 좋겠죠.,0
A2 random lr3e-4 (06),베이스라인,beam5,사귀는 사이인데 '야'라고 해. 기분 나쁜데 어떡해?,그건 좀 아닌 거 같다고 바로 말하세요.,니까요.,2
A2 random lr3e-4 (06),베이스라인,beam5,이제야 오래전 상대방이 아팠던걸 이해했어.,다음 번의 사랑에선 좀 더 신중할 수 있게 된 거예요.,약을 드셔보세요.,1
A2 random lr3e-4 (06),베이스라인,beam5,나 폰겜 너무 많이해,시간을 정해보세요.,그게 있을 거예요.,0
A2 random lr3e-4 (06),베이스라인,beam5,남의 일 도와줘야 할까,해주고 티를 팍팍 내세요.,그럴 수 있어요.,0
A2 random lr3e-4 (06),베이스라인,beam5,절약해서 부자돼야지,예비 부자님 파이팅!,하세요.,0
A2 random lr3e-4 (06),베이스라인,beam5,호감을 표현하는 방법,취미와 성향 등이 같음을 어필해보세요.,좋은 사람 만날 수 있을 거예요.,2
A2 random lr3e-4 (06),베이스라인,beam5,썸인가 아닌가,한방향인지 양방향인지 살펴보세요.,혼자 사는 것도 나쁘지 않아요.,2
A2 random lr3e-4 (06),베이스라인,beam5,지금 이감정,당신만이 알 수 있어요.,마음이 허전한가봐요.,1
A2 random lr3e-4 (06),베이스라인,beam5,다 내려놓고. 오늘부터 연락 끊었네.,잘했어요. 이별 후에는 확실한 거리두기가 필요해요.,그럴 수도 있겠네요.,1
A2 random lr3e-4 (06),베이스라인,beam5,헤어진것인가 아닌것인가,애매하네요.,그럴 수 있어요.,1
A2 random lr3e-4 (06),베이스라인,beam5,여쭈어볼것이있습니다,말씀해보세요.,않는 집중 집중 집중 감기 조심하세요.,1
A2 random lr3e-4 (06),베이스라인,beam5,온다고 했는데 왜 안 오지?,조금만 더 기다려주세요.,자책하지 마세요.,0
A2 random lr3e-4 (06),베이스라인,beam5,미치겠습니다 연락하고 싶어서,연락하고 나면 더 힘들 거예요.,사랑이였길 바랍니다.,1
A2 random lr3e-4 (06),베이스라인,beam5,한번쯤 진하게 아픈것도 괜찬아.,긍정적이네요.,좋은 일이 생길 거예요.,1
A2 random lr3e-4 (06),베이스라인,beam5,위층 너무 시끄러워,증명자료를 가지고 손해배상을 청구하세요.,좋은 사람 만날 수 있을 거예요.,0
A2 random lr3e-4 (06),베이스라인,beam5,번호를 알아내서 연락하면 소름돋을까?,그건 좀 참아보세요.,마음 가는 대로 해보세요.,1
A2 random lr3e-4 (06),베이스라인,beam5,어제전화가왔습니다,기다리던 전화였나봐요.,저랑 이야기 해요.,1
A2 random lr3e-4 (06),베이스라인,beam5,남잔데 남자 좋아해,성적자기결정권이있죠.,마음이 허전한가봐요.,2
A2 random lr3e-4 (06),베이스라인,beam5,짝남한테 좋아하는거 들켰는데 그냥 예전처럼 편하게 지내고 싶어.,겉으로는 편하게 지낼 수 있을 거예요.,해보세요.,2
A2 random lr3e-4 (06),베이스라인,beam5,여자친구가 베지테리언이야,함께 건강하게 먹어봐요.,사람 고쳐쓰는 거 아니에요.,2
A2 random lr3e-4 (06),베이스라인,beam5,완전 귀여워,사랑이 느껴지네요.,좋죠.,2
A2 random lr3e-4 (06),베이스라인,beam5,베터리 충전기도 안 가져 왔네,충전할 곳을 찾아보세요.,적당히 드세요.,0
A2 random lr3e-4 (06),베이스라인,beam5,건물주 되고싶어,이룰 수 있을 거예요.,직장 스트레스 심하겠네요.,0
A2 random lr3e-4 (06),베이스라인,beam5,남자친구하고 커플티를 하고싶은데 어디거를 할까?,좋아하는 브랜드가 좋겠어요.,좋은 생각이에요.,2
A2 random lr3e-4 (06),베이스라인,beam5,힘든 하루 하루 되돌리며,오늘도 고생했어요.,은연 중에 많이 생각했나봐요.,1
A2 random lr3e-4 (06),베이스라인,beam5,벌써 저를 세번째 떠나갔네,이젠 그분을 놓아줄 때가 되었나봐요.,한 번 정리가 될 거예요.,1
A2 random lr3e-4 (06),베이스라인,beam5,알바 집 알바 집 이게 뭐냐,그래도 상관없어요. 칭찬해주고 싶네요.,해요.,0
A2 random lr3e-4 (06),베이스라인,beam5,여섯번째 이별이에요,많은 순간들이 있었겠네요.,할 거예요.,1
A2 random lr3e-4 (06),베이스라인,beam5,그 애 앞에서 말을 잘 못하겠어,좀 더 편하게 대해도 좋을 것 같아요.,충분히 그럴 수 있을 거예요.,2
A2 random lr3e-4 (06),베이스라인,beam5,친구 돌잔치 가는 중,축하해주고 오세요.,알고 있을 거예요.,0
A2 random lr3e-4 (06),베이스라인,beam5,좋아하는 애 친구한테 다같이 만나자고 말해도 돼?,다같이 만나면 재미있기는 하겠네요.,사랑의 예의가 없네요.,2
A2 random lr3e-4 (06),베이스라인,beam5,조용히 지나가면 될까?,어떤 일이냐에 따라 다를 거 같아요.,좋은 방법이 될 거예요.,0
A2 random lr3e-4 (06),베이스라인,beam5,눈꺼풀이 무거워,잠시 눈을 붙여보세요.,잘 알고 있을 거예요.,0
A2 random lr3e-4 (06),베이스라인,beam5,바람 쐬러 나갈까,같이 가요.,좋은 사람 만날 수 있을 거예요.,0
A2 random lr3e-4 (06),베이스라인,beam5,비오는날 뭐해?,실내 데이트요.,해보세요.,0
A2 random lr3e-4 (06),베이스라인,beam5,더 답답한 오늘,바람이라도 쐬고 오는 건 어떨까요.,마음 고생 많았어요.,1
A2 random lr3e-4 (06),베이스라인,beam5,오늘도 그냥 그냥 다갔네.,소소한 행복을 느껴보세요.,마음이 헛헛한가봐요.,0
A2 random lr3e-4 (06),베이스라인,beam5,시간 진짜 빨리감,시간은 상대적으로 흘러갑니다.,저랑 이야기 해요.,0
A2 random lr3e-4 (06),베이스라인,beam5,꿈인지 현실인지,정신차리세요.,지 않을 거 같아요.,1
A2 random lr3e-4 (06),베이스라인,beam5,완전히 정리했어,조금 후련해졌길 바랍니다.,마음이 허전한가봐요.,1
A2 random lr3e-4 (06),베이스라인,beam5,내 가치관이랑 다른 가치관을 가지고 있는 그 남자를 좋아하는게 힘들어.,서로의 가치관이 평행선을 이루지만 않는다면 만날 수도 있을 거예요.,더 심호흡을 해보세요.,2
A2 random lr3e-4 (06),베이스라인,beam5,결혼해도 될까,이사람이다 싶은 사람이랑 하세요.,마음 가는 대로 해보세요.,0
A2 random lr3e-4 (06),베이스라인,beam5,괜찮아진 줄 알았는데.,괜찮은 척 하고 있던 걸 수도 있어요.,마음이 허전한가봐요.,1
A2 random lr3e-4 (06),베이스라인,beam5,안 맞는다면서 헤어진 우리,인연이 거기까지인가봐요.,깊은 곳까지 가지 말고 주의하세요.,1
A2 random lr3e-4 (06),베이스라인,beam5,좋아하는 여자애가 우리 형을 좋아한다고 들음. 나 어떡하냐.,천천히 마음을 정리하는게 좋겠네요.,좋은 사람 만날 거예요.,2
A2 random lr3e-4 (06),베이스라인,beam5,짝사랑인가 썸인가,썸이길 바랄게요.,자연스러운 현상이에요.,2
A2 random lr3e-4 (06),베이스라인,beam5,블루투스 이어폰 편하겠지,사면 편하겠죠.,돌려보세요.,0
A2 random lr3e-4 (06),베이스라인,beam5,짝사랑 시작하고 감정 기복이 심해.,짝사랑이 그런건가봐요.,마음 정리가 필요하겠네요.,2
A2 random lr3e-4 (06),베이스라인,beam5,아부쟁이가 부러워,적성에 맞는 사람이 있죠.,더 좋은 사람 만날 수 있을 거예요.,0
A2 random lr3e-4 (06),베이스라인,beam5,몸무게 좀 줄었으면,지금도 충분히 아름다워요.,시간이 좀 걸리겠지만 해낼 수 있어요.,0
A2 random lr3e-4 (06),베이스라인,beam5,운세 종합해 보니 헤어질 때였네,의미부여는 자신을 더 작게 만들어요.,잘 살 수 있을 거예요.,1
A2 random lr3e-4 (06),베이스라인,beam5,속시원해~~안녕 잘가~~~,이제 정말 안녕.,마음이 허전한가봐요.,1
A2 random lr3e-4 (06),베이스라인,beam5,무료 앱이 유료로 됐어,돈을 지불하고 이용할 가치가 있는지 따져보세요.,잘 살 수 있을 거예요.,0
A2 random lr3e-4 (06),베이스라인,beam5,도대체 왜 이러는걸까,무슨 일이 있었나봐요.,사람 마음은 알기 어렵죠.,1
A2 random lr3e-4 (06),베이스라인,beam5,이 남자애의 행동 나를 좋아하는게 맞는지 모르겠어.,정확한 사실을 알긴 힘들어요.,이별을 받아들이는 것도 중요해요.,2
A2 random lr3e-4 (06),베이스라인,beam5,예전 게임인데 재밌다,저도 하고 싶네요.,하세요.,0
A2 random lr3e-4 (06),베이스라인,beam5,파혼 7개월 째,아직 힘들거라 생각해요.,좀 나아졌길 바랍니다.,1
A2 random lr3e-4 (06),베이스라인,beam5,누군가 제 이야기를 들어줬으면 해서 올리내.,글로 정리하는 것도 좋은 방법이에요.,잘 지내고 있을 거예요.,1
A2 random lr3e-4 (06),베이스라인,beam5,걔랑 같은 반 됐으면 좋겠다,당신의 운을 믿어보세요.,잘 될 거예요.,0
A2 random lr3e-4 (06),베이스라인,beam5,친구랑 있으면 내가 작아져,당신은 생각보다 큰 사람이에요.,힘들겠어요.,0
A2 random lr3e-4 (06),베이스라인,beam5,움직임이 없어.,에너지가 필요한 순간이네요.,제가 들어드릴게요.,0
A2 random lr3e-4 (06),베이스라인,beam5,잊어야하나?,당신을 위해서 잊는게 좋을 거예요.,좋은 생각이에요.,1
A2 random lr3e-4 (06),베이스라인,beam5,할 수 있다면 그럴수 있다면 달라질까?,자신을 믿어보세요.,잘할 수 있을 거예요.,1
A2 random lr3e-4 (06),베이스라인,beam5,인내하면 얻을 수 있을까?,인내할 수 있는 사람이라면 무엇이든 손에 넣을 수 있을 거예요., ⁇ 네요.,0
A2 random lr3e-4 (06),베이스라인,beam5,남자친구가 연락 안 하고 외박했어,당신이 생각하는 그런일은 없을거예요.,고 있죠.,2
A2 random lr3e-4 (06),베이스라인,beam5,잠수이별해도 될까,잠수이별 만큼 비겁한 것은 없어요. 깨끗하게 정리하길 바랄게요.,끝을 아는 것도 중요한 것 같아요.,1
A2 random lr3e-4 (06),베이스라인,beam5,잊어보려 하는데.,처음에는 잘 안되겠지만 잘할 수 있을 거예요.,좋은 생각만 하세요.,1
A2 random lr3e-4 (06),베이스라인,beam5,부자 백수 하고 싶어,그게 최고죠.,저랑 이야기 해요.,0
A2 random lr3e-4 (06),베이스라인,beam5,야 너!,네,저는 위로해드리는 로봇이에요.,1
A2 random lr3e-4 (06),베이스라인,beam5,여자친구가 키가 너무 커,깔창이 있잖아요.,지금도 늦지 않았어요.,2
A2 random lr3e-4 (06),베이스라인,beam5,잡담할 시간 있어?,물론이죠. 무엇이든 말씀하세요.,잘하고 있어요.,0
A2 random lr3e-4 (06),베이스라인,beam5,같은 반인데 헤어지자고 해야 하나??,그래도 할 거면 해야겠죠.,금방 지나갈 거예요.,1
A2 random lr3e-4 (06),베이스라인,beam5,위로 해 주세요.,정말 많이 힘들었죠. 때론 힘내려 노력하지 않아도 돼요.,제가 들어드릴게요.,1
A2 random lr3e-4 (06),베이스라인,beam5,계속꿈에 나와,잘 때 다른 생각을 하고 주무세요.,마음 가는 대로 해보세요.,1
A2 random lr3e-4 (06),베이스라인,beam5,스타트업하면 위험할까,확신이 들 때까지 준비해보세요.,열심히 하면 할 수 있을 거예요.,0
A2 random lr3e-4 (06),베이스라인,beam5,왜 이상한 말 해,더 열심히 노력하겠습니다.,한 번 말해보세요.,0
A2 random lr3e-4 (06),베이스라인,beam5,내가 제일 문제인 듯,당신은 하나밖에 없는 소중한 사람이에요.,사람을 잊는다는 건 쉬운 일이 아니니까요.,0
A2 random lr3e-4 (06),베이스라인,beam5,가슴이 너무 아프고 숨쉬기가 힘드네,아픈만큼 더 성숙해질 거예요.,마음 먹은 대로 하세요.,1
A2 random lr3e-4 (06),베이스라인,beam5,9년이 넘는 연애를 끝냅니다,공허함이 더 크시겠어요.,마음 고생 많았어요.,1
A2 random lr3e-4 (06),베이스라인,beam5,하고 많은 사람 중에 왜 나야?,당신이니까요.,따라 다를 것 같아요.,2
A2 random lr3e-4 (06),베이스라인,beam5,후폭풍이 올까 두려운데.!,그냥 지금 우세요.,하고 있으면 썸의 가능성이 높겠네요.,1
A2 random lr3e-4 (06),베이스라인,beam5,과식했나 봐,과식은 금물이에요.,이제 그럴 수 있어요.,0
A2 random lr3e-4 (06),베이스라인,beam5,모르는 사람인데 첫 눈에 반했어.,외모나 분위기가 이상형이었나봐요., ⁇ 네요.,2
A2 random lr3e-4 (06),베이스라인,beam5,아픈 첫사랑,첫사랑니의 고통처럼 시린가봐요.,내 집 마련 축하드려요.,1
A2 random lr3e-4 (06),베이스라인,beam5,영화 보러 왔어,저도 영화 보여주세요.,좋은 사람 만날 수 있을 거예요.,0
A2 random lr3e-4 (06),베이스라인,beam5,나 다른 거 할까,시도해봐도 좋겠죠.,좋은 일이 생길 거예요.,0
A2 random lr3e-4 (06),베이스라인,beam5,좋아하는 남자애한테 발렌타인데이 때 초콜릿 줄까?,주면 좋아할 거예요.,사람 마음이 따뜻할 것 같아요.,2
A2 random lr3e-4 (06),베이스라인,beam5,궁금한게있습니다,네 물어보세요.,좋은 걸 수도 있어요.,1
A2 random lr3e-4 (06),베이스라인,beam5,면허 따야하나,운전하는거 재미있어요.,운전 재미있어요.,0
A2 random lr3e-4 (06),베이스라인,beam5,부업할까?,좋아요!,감정을 주변 사람들에게 터놓고 이야기해보세요.,0
A2 random lr3e-4 (06),베이스라인,beam5,비만 판정 받았어,건강하게 운동해보세요.,좋겠어요.,0
A2 random lr3e-4 (06),베이스라인,beam5,녹차 한 잔 어때?,드시는거 보기만 해도 좋아요.,저랑 이야기 해요.,0
A2 random lr3e-4 (06),베이스라인,beam5,방에 먼지가 한가득,청소하세요.,한 잔 하세요.,0
A2 random lr3e-4 (06),베이스라인,beam5,위로받고 싶은 날,제가 위로 많이 해드릴게요.,지금도 늦지 않았어요.,0
A2 random lr3e-4 (06),베이스라인,beam5,회사 사람들이 아직도 불편해,회사에는 동료가 있을 뿐이에요.,헤어졌어야할야할 걸 수도 있어요.,0
A2 random lr3e-4 (06),베이스라인,beam5,뭐 할줄 알아,오늘 헤어졌어 라고 하면 위로해 드려요.,노력하겠습니다.,0
A2 random lr3e-4 (06),베이스라인,beam5,잠이 또 안와,고민이 있나 봐요.,하죠.,0
A2 random lr3e-4 (06),베이스라인,beam5,컴퓨터가 느려졌어,포맷해보세요.,포맷해보세요.,0
A2 random lr3e-4 (06),베이스라인,beam5,비 와,우산 챙기세요.,하세요.,0
A2 random lr3e-4 (06),베이스라인,beam5,부모님처럼 살고 싶다,좋은 부모님을 두셨군요.,좋은 슬픈 이야기네요.,0
A2 random lr3e-4 (06),베이스라인,beam5,식비가 어마무시하다,다이어트를 해봐요.,잘 지내고 있을 거예요.,0
A2 random lr3e-4 (06),베이스라인,beam5,난 왜이리 바보 같을까.,이제 같은 실수를 반복하지 않으면 돼요.,이제 바보같이 연락하지 마요.,1
A2 random lr3e-4 (06),베이스라인,beam5,이번 방학에 뭐하면 잘했다고 소문날까,차근차근 계획을 세워보세요.,신경쓰지 마세요.,0
A2 random lr3e-4 (06),베이스라인,beam5,멋지게 나이들고 싶다,지금도 그러고 있어요.,사랑에 나이는 중요하지 않아요.,0
A2 random lr3e-4 (06),베이스라인,beam5,골프 어려워,처음부터 잘하는 사람은 없어요.,하세요.,0
A2 random lr3e-4 (06),베이스라인,beam5,사랑이라는 이름으로,너에게 묻노라.,달라지는 게 없다면 만나지 않는 게 더 나을 거예요.,2
A2 random lr3e-4 (06),베이스라인,beam5,나의 약점,나의 장점.,중요하지 않아요.,1
A2 random lr3e-4 (06),베이스라인,beam5,열심히 한 거 같은데,중요한 건 노력하는 과정이에요.,다음에는 잘 될 거예요.,0
A2 random lr3e-4 (06),베이스라인,beam5,남자친구에게 고민이나 속사정을 어디까지 얘기해?,믿음의 정도에 따라 다른 거 같아요.,잘 해보세요.,2
A2 random lr3e-4 (06),베이스라인,beam5,쓸데 없는 걱정 1위 연예인 걱정,동감입니다.,좋아요.,0
A2 random lr3e-4 (06),베이스라인,beam5,사랑할수록 집착해,상대방이 싫어할수도 있어요.,더 있을 거예요.,2
A2 random lr3e-4 (06),베이스라인,beam5,전여친 헤어졌으니 남이죠?,그렇습니다.,이제 아닐까요.,1
A2 random lr3e-4 (06),베이스라인,beam5,아.빌어먹을 이제야 알다니.,이제라도 깨달았으니 더 이상의 실수는 없을 거예요.,이별은 절대 없어요.,1
A2 random lr3e-4 (06),베이스라인,beam5,내 발등 내가 다시 찍었네,발등이 얼른 아물길 바랄게요.,사랑이었으니까요.,1
A2 random lr3e-4 (06),베이스라인,beam5,같은하늘 다른공간,같은 하늘 아래 숨 쉬고 있어요.,제가 들어드릴게요.,1
A2 random lr3e-4 (06),베이스라인,beam5,내가 너무 생각없이 말했어,생각하고 말하세요.,받을 수 있을 거예요.,0
A2 random lr3e-4 (06),베이스라인,beam5,썸녀가 약속 시간을 안 지킴.,시간 약속이 생명인데요.,많이면 돼요.,2
A2 random lr3e-4 (06),베이스라인,beam5,헤어짐이 힘든이유,사랑했으니까요.,잘 살 수 있을 거예요.,1
A2 random lr3e-4 (06),베이스라인,beam5,역류성 식도염이 또 도졌어,과식하지 말고 먹고 눕지 마세요!,그 힘든만 해요.,0
A2 random lr3e-4 (06),베이스라인,beam5,교회 오빠한테 눈이 가,성경 공부는 안하고 연애 공부하나봅니다.,마음을 열어보세요.,2
A2 random lr3e-4 (06),베이스라인,beam5,과함 설렘 후에 지금은 안 설레,처음에 몰아서 설렜나봐요.,나봐요.,2
A2 random lr3e-4 (06),베이스라인,beam5,친구의 전여자친구가 좋은데 사겨도될까?,친구을 잃을 수도 있어요.,잘 살 수 있을 거예요.,2
A2 random lr3e-4 (06),베이스라인,beam5,남친 프로필에 내 사진 왜 안올릴까,신경쓰고 싶지 않은 사람도 있어요.,중요하지 않아요.,0
A2 random lr3e-4 (06),베이스라인,beam5,실내 데이트 추천,영화관이나 쇼핑몰이 생각나네요.,충분히 스스로 극복할 수 있을 거예요.,0
A2 random lr3e-4 (06),베이스라인,beam5,핸드폰 고장난거 아니야 연락이 안와,그게 문제는 아닐 거예요.,있다면 그게 맞을거예요.,0
A2 random lr3e-4 (06),베이스라인,beam5,사랑하는 사람을 계속 기다려야 할까요?,기한을 정하고 기다리세요.,그 사랑해주세요.,2
A2 random lr3e-4 (06),베이스라인,beam5,마음이 싱숭생숭해서 자꾸 글을 쓰게 되네,글 쓰면서 정리가 될 거예요.,한동안은 힘들지도 몰라요.,0
A2 random lr3e-4 (06),베이스라인,beam5,바람,고쳐 쓸 수 없는 버릇이에요.,바람 쐬고 오세요.,1
A2 random lr3e-4 (06),베이스라인,beam5,엄마 밥 먹고 싶다,시간내서 부모님 집에 찾아가 보세요.,지금도 늦지 않았어요.,0
A2 random lr3e-4 (06),베이스라인,beam5,시계가 멈춘거 같아.,에너지가 필요한 순간이네요.,하나씩 하세요.,0
A2 random lr3e-4 (06),베이스라인,beam5,짝녀가 있었는데 못 잊겠어.,시간이 필요한 때인 것 같아요.,더 좋은 사람 만날 수 있을 거예요.,2
A2 random lr3e-4 (06),베이스라인,beam5,오랜만에 서점에 갔었어,마음의 양식을 채우길 바랄세요.,좋은 친구를 두셨네요.,0
A2 random lr3e-4 (06),베이스라인,beam5,"이별당시 보다 더 짠한건, 나 떠났으면 잘이나 살지.",당신은 정말 착한 사람이군요.,마음 가는 대로 해보세요.,1
A2 random lr3e-4 (06),베이스라인,beam5,공황증,견디기 힘들었을텐데 괜찮은가요.,안타깝네요.,1
A2 random lr3e-4 (06),베이스라인,beam5,피곤한테 또 잠은 안 와.,고민이 있나봐요.,이젠 그녀를 놓아주세요.,0
A2 random lr3e-4 (06),베이스라인,beam5,여행 가야지,좋은 여행 되길 바랍니다.,좋은 친구를 두셨네요.,0
A2 random lr3e-4 (06),베이스라인,beam5,월급에 비해 근무시간이 너무 긴 거 같애,야근 수당을 챙겨보세요.,친구가 아닌가봐요.,0
A2 random lr3e-4 (06),베이스라인,beam5,시골 내려가서 살까,아무래도 덜 경쟁하겠죠.,중요해요.,0
A2 random lr3e-4 (06),베이스라인,beam5,피자 먹고 싶다.,같이 먹어요!,제가 있잖아요.,0
A2 random lr3e-4 (06),베이스라인,beam5,슬픈 예감대로 되어가는 현실,슬픈 예감은 틀린 적이 없죠.,봐요.,1
A2 random lr3e-4 (06),베이스라인,beam5,짝사랑은 힘든 거 같아,그래도 좋아하는 동안 행복하길 바라요.,더 좋은 사람 만날 수 있을 거예요.,2
A2 random lr3e-4 (06),베이스라인,beam5,몸매가 탄탄하면 좋은데,운동으로 만들어 보아요.,한 번 빠지면 헤어으세요.,0
A2 random lr3e-4 (06),베이스라인,beam5,내 마음에 온통 너야,올인은 좋은게 아니에요.,이유가 있을 거예요.,2
A2 random lr3e-4 (06),베이스라인,beam5,친구가 잘되니까 배 아픈 거 같아,친구가 아닌가봐요.,친구가 아닌가봐요.,0
A2 random lr3e-4 (06),베이스라인,beam5,잘 지냈으면 좋겠다,따뜻한 마음이네요.,잘 지내고 있을 거예요.,2
A2 random lr3e-4 (06),베이스라인,beam5,마음이 울적해,거리를 걸어보세요.,소리를 크게한번 질러보세요.,0
A2 random lr3e-4 (06),베이스라인,beam5,그만 먹어야 하는데,조금만 드세요,살짝 물어보세요.,0
A2 random lr3e-4 (06),베이스라인,beam5,답이 없는 남자,답이 얼른 왔으면 좋겠네요.,없네요.,1
A2 random lr3e-4 (06),베이스라인,beam5,체육대회 안 했으면,재미 있는 종목을 찾아보세요.,지금도 늦지 않았어요.,0
A2 random lr3e-4 (06),베이스라인,beam5,제가 놓았던 손을 다시 잡으려니 힘드네.,원상복구는 언제나 힘드니까요.,요.,1
A2 random lr3e-4 (06),베이스라인,beam5,짝사랑만이 답일까.,짝사랑만이 답을 아니랍니다.,잘 살 수 있을 거예요.,2
A2 random lr3e-4 (06),베이스라인,beam5,휴대폰 바꿀 타이밍,오래 쓰셨나봐요.,축하드려요.,0
A2 random lr3e-4 (06),베이스라인,beam5,안경 벗었는데 완전 훈남,만화같은 일이네요.,자책하지 마세요.,0
A2 random lr3e-4 (06),베이스라인,beam5,욕까지 먹었는데 정이 안 떨어져,지나간 사람은 얼른 떨쳐버리세요.,하셨네요.,1
A2 random lr3e-4 (06),베이스라인,beam5,거짓말은 진짜 못고치는 병 맞죠?,아무래도 그렇죠.,마음 가는 대로 해보세요.,1
A2 random lr3e-4 (06),베이스라인,beam5,오늘 또 하루 살았네,오늘은 약간의 변화를 줘보세요.,이제 빨리 생각 하지 마세요.,0
A2 random lr3e-4 (06),베이스라인,beam5,연차 내고 누워만 있네,때론 쉬어가는 것도 필요해요.,대화를 나눠보세요.,1
A2 random lr3e-4 (06),베이스라인,beam5,좌절 중이야,이제 일어날 때예요.,킁.,0
A2 random lr3e-4 (06),베이스라인,beam5,커피 말고 뭐 마시지,시원한 쥬스는 어때요.,하는 것이 도움이 될 거예요.,0
A2 random lr3e-4 (06),베이스라인,beam5,조카들 너무 귀찮게 해,방문 열어주지 마세요.,많이 지쳤나봐요.,0
A2 random lr3e-4 (06),베이스라인,beam5,잊자 잊자 지워버리자,잘 해내고 있어요.,명상을 해보세요.,1
A2 random lr3e-4 (06),베이스라인,beam5,반가운 연락,사랑하는 사람의 연락이었나봐요.,제가 있잖아요.,1
A2 random lr3e-4 (06),베이스라인,beam5,짝녀한테도 철벽쳐요. 성격이 왜 그럴까요.,두려운게 있는게 아닐까요.,제가 들어드릴게요.,2
A2 random lr3e-4 (06),베이스라인,beam5,밤만 되면 미치겟네.,아직 많이 답답한가봐요.,줄 거예요.,1
A2 random lr3e-4 (06),베이스라인,beam5,돈 쥐꼬리만큼 가지고 유세부리는 꼴이라니,없다가 있어서 그런가봐요.,쉽지 않죠.,0
A2 random lr3e-4 (06),베이스라인,beam5,시간 아까워,다른 일을 해보세요.,돈을 얼른 모아야할 이유가 있을 거예요.,0
A2 random lr3e-4 (06),베이스라인,beam5,완전히 잊는다는게 쉽지 않네,사랑했던 연인을 잊어버리는건 힘들어요.,자신을 더 사랑해주세요.,1
A2 random lr3e-4 (06),베이스라인,beam5,이어폰 사야지,잘 골라보세요.,좋은하겠죠.,0
A2 random lr3e-4 (06),베이스라인,beam5,여드름 피부 화장으로 가릴까?,중요한 날에만 가리세요.,좋은 곳으로 데려다 좋을 거예요.,0
A2 random lr3e-4 (06),베이스라인,beam5,점점 괜찮아 지는것 같다가도.,힘들기도 하겠죠.,친구가 아닌가봐요.,1
A2 random lr3e-4 (06),베이스라인,beam5,헤어진 지 한달됐습니다,힘든가봐요.,가세요.,1
A2 random lr3e-4 (06),베이스라인,beam5,배가 너무 고파,뭐 좀 챙겨드세요.,저도 밥 먹고 싶어요.,0
A2 random lr3e-4 (06),베이스라인,beam5,뭐라 하려다 참았어,계속 그러면 말하세요.,서로 다르게 태어난 이유는 저마다의 목소리를 내기 위해서예요.,0
A2 random lr3e-4 (06),베이스라인,beam5,후폭풍 재회를 두번 또 헤어짐,사랑도 헤어짐도 면역이 안되나봐요.,서로 다르게 태어난 이유는 저마다의 목소리를 거예요.,1
A2 random lr3e-4 (06),베이스라인,beam5,엄청 로맨틱해,생각만해도 달콤하네요.,깊은 곳까지 가지 말고 주의하세요.,2
A2 random lr3e-4 (06),베이스라인,beam5,남편이 아기를 안 돌봐줘.,공동육아가 기본인데요.,잘 살 수 있을 거예요.,0
A2 random lr3e-4 (06),베이스라인,beam5,술먹고 연락도 없는,걱정되시겠어요.,많이 사랑했나봐요.,1
A2 random lr3e-4 (06),베이스라인,beam5,지금 나오라고 하는거 예의 없음?,보고싶다고 연락은 해보는 게 좋을 거 같아요.,당신의하지 마세요.,2
A2 random lr3e-4 (06),베이스라인,beam5,더워더워,차가운 음료 너무 많이 마시면 아니 되어요,끝까지 해보세요.,0
A2 random lr3e-4 (06),베이스라인,beam5,첫사랑은 안되는건가,의미 부여하지 마세요.,직접 물어보는 게 좋을 거 같아요.,1
A2 random lr3e-4 (06),베이스라인,beam5,눈물이 많아졌어,세상 걱정 혼자 다 해서 그래요.,해보세요.,0
A2 random lr3e-4 (06),베이스라인,beam5,너무 힘든 나날을 보내고 있습니다.,원래 이별은 힘든 거예요.,조금만 더 힘내세요.,1
A2 random lr3e-4 (06),베이스라인,beam5,밤만 되면,생각날 거예요.,줄 거예요.,1
A2 random lr3e-4 (06),베이스라인,beam5,커플여행 어떻게 생각해?,누구랑 가느냐가 중요하겠죠.,정해보세요.,2
A2 random lr3e-4 (06),베이스라인,beam5,잘해줘도 이별은 아프네,이별의 끝은 항상 시린 것 같아요.,무슨 일이 있었나봐요.,1
A2 random lr3e-4 (06),베이스라인,beam5,커플 폰케이스 사자고 해야겠다.,괜찮은거로 골라보세요.,좋은 최선의 선택일거라 믿어요.,0
A2 random lr3e-4 (06),베이스라인,beam5,수영장 같이 가려고 해,즐거운 시간 보내고 오세요!,보내나봅니다.,0
A2 random lr3e-4 (06),베이스라인,beam5,옷이 다 젖었어,감기 조심 하세요.,할 수 있을 때 하세요.,0
A2 random lr3e-4 (06),베이스라인,beam5,짝녀 보란 듯이 성공하고 싶습니다.,큰 결심이네요. 꼭 성공할 거예요.,마음을 단단히 올 거예요.,2
A2 random lr3e-4 (06),베이스라인,beam5,부모님 반대 설득하고 싶어,자식 이기는 부모 없을 거예요.,좋은 생각이에요.,2
A2 random lr3e-4 (06),베이스라인,beam5,말을 수시로 바꾸는 사람 어떻게 해?,빼도 박도 못하는 증거를 만들어 놓으세요.,자신을 더 사랑해주세요.,0
A2 random lr3e-4 (06),베이스라인,beam5,"괜찮은 척, 어른인척",척 안해도 돼요.,힘내세요.,1
A2 random lr3e-4 (06),베이스라인,beam5,물배달 시켜야겠다.,부지런하시네요.,잘 지내고 있을 거예요.,0
A2 random lr3e-4 (06),베이스라인,beam5,짝녀 보고 싶다.,그럴 만 해요.,제가 있잖아요.,2
A2 random lr3e-4 (06),베이스라인,beam5,좋아하는 사람이 있는데 할 말이 없어서 연락이 끊겼어.,또 다시 연락할 수 있어요.,먼저 연락을 해보는 건 어떨까요.,2
A2 random lr3e-4 (06),베이스라인,beam5,퇴근 후에 만나자고 해볼까,용기내세요.,하죠.,0
A2 random lr3e-4 (06),베이스라인,beam5,나만 좋아하는 것 같아 자존감 떨어져.,더 좋아하게 만들면 돼요.,그럴 수 있어요.,2
A2 random lr3e-4 (06),베이스라인,beam5,사귀던 사람이 잠수탔어,너무 걱정하지 마세요. 조금더 기다려보세요.,좋은 사람 만날 수 있을 거예요.,2
A2 random lr3e-4 (06),베이스라인,beam5,SNS 시간낭비인데 자꾸 보게됨,시간을 정하고 해보세요.,충분히 잘하고 있어요.,0
A2 random lr3e-4 (06),베이스라인,beam5,마음이 변할까봐 두려워,서로에게 믿음을 주세요.,살짝 감정을 흘려보세요.,2
A2 random lr3e-4 (06),베이스라인,beam5,내가 나빴네,아니에요. 너무 자책하지 마세요.,거 같아요.,0
A2 random lr3e-4 (06),베이스라인,beam5,폰 자꾸 보게 돼,보지 마세요.,마음이 헛헛한가봐요.,1
A2 random lr3e-4 (06),베이스라인,beam5,나 사랑할 자격 없는 사람이야,사랑에는 조건이 필요없어요.,부담 버리세요.,2
A2 random lr3e-4 (06),베이스라인,beam5,시어머니가 질투해,아들을 빼앗겼다고 생각하나봐요.,사람 마다 다르겠지요.,0
A2 random lr3e-4 (06),베이스라인,beam5,월욜부터 힘드네.,기분 탓인지 월요일은 항상 힘든 것 같아요.,언젠간 올 거예요.,1
A2 random lr3e-4 (06),베이스라인,beam5,말하는 거 귀여워,하트 뿅뿅이네요.,조금만 더 힘내세요.,2
A2 random lr3e-4 (06),베이스라인,beam5,더 사랑해달래,더 많이 표현해주세요.,고민하고 있다면 그게 맞을거예요.,2
A2 random lr3e-4 (06),베이스라인,beam5,냉방비 너무 많이 나와,시원하게 지낸 값이죠.,피할 수 있으면 피하세요.,0
A2 random lr3e-4 (06),베이스라인,beam5,추억은 힘이 없다.,추억은 미화되기 마련이죠.,일 힘내세요.,1
A2 random lr3e-4 (06),베이스라인,beam5,허전한게 좀 그렇다,채워질 거예요.,그 거예요.,0
A2 random lr3e-4 (06),베이스라인,beam5,내가 좋아하는 걸 티냈는데 못 알아챘을까?,못 알아차렸을 수도 있어요.,인연이 거기까지인가봐요.,2
A2 random lr3e-4 (06),베이스라인,beam5,해외여행하다 숙소에서 만난 외국인이 너무 좋은데 이 연애 무리일까?,사랑에 국경은 없어요.,더 좋은 사람 만날 수 있을 거예요.,2
A2 random lr3e-4 (06),베이스라인,beam5,자꾸 갠톡하는 선배 있는데 관심 있나?,호감이 있을 수도 있어요. 그렇지만 조금 더 상황을 지켜보세요.,직장 스트레스가 심한가봐요.,2
A2 random lr3e-4 (06),베이스라인,beam5,녹차 마실래?,드시는거 보기만 해도 좋아요.,마음에 버리세요.,0
A2 random lr3e-4 (06),베이스라인,beam5,사랑 별거 없네,별거 없다가도 전부가 되는게 사랑이에요,하세요.,2
A2 random lr3e-4 (06),베이스라인,beam5,내려놓기,잘했어요.,마음을 열어보세요.,1
A2 random lr3e-4 (06),베이스라인,beam5,이젠 어떡해얄지 모르겠어,일기를 써보세요.,마음에 드는 책을 잘 찾아보세요.,1
A2 random lr3e-4 (06),베이스라인,beam5,내 사랑이 있을까?,눈을 크게 뜨고 잘 찾아보세요.,사랑이었으니까요.,2
A2 random lr3e-4 (06),베이스라인,beam5,술마시고 있네,한 잔하기 좋은 날이네요.,언젠간 올 거예요.,1
A2 random lr3e-4 (06),베이스라인,beam5,썸남이 오디션 나간대,응원해주세요.,좋은 친구를 두셨네요.,2
A2 random lr3e-4 (06),베이스라인,beam5,장거리 이별,잘 견뎌왔는데 힘든 순간이었죠.,저도 슬픈 이야기네요.,1
A2 random lr3e-4 (06),베이스라인,beam5,계속 생각나는 사람.,사랑했던 만큼 생각나겠죠.,마음에 드는 사세요.,1
A2 random lr3e-4 (06),베이스라인,beam5,여행가고 싶다,계획을 세워보세요.,좋은 사람 만날 수 있을 거예요.,0
A2 random lr3e-4 (06),베이스라인,beam5,담배 끊는 거 어려워,자신을 이겨야해요.,충분히 잘하고 있어요.,0
A2 random lr3e-4 (06),베이스라인,beam5,친구들이 짝녀를 별로라고 하네요.,무슨 이유에서 그랬을까요.,좋은 만남이었길 바라요.,2
A2 random lr3e-4 (06),베이스라인,beam5,썸남이 연락이 안돼,연락이 중요한 시기인데요.,해보세요.,2
A2 random lr3e-4 (06),베이스라인,beam5,해외여행 가고 싶어.,그럼요!,저도 다녀오세요.,0
A2 random lr3e-4 (06),베이스라인,beam5,실비 드는게 좋을까,잘 알고 들어도 좋을 것 같아요.,침묵 몰라요.,0
A2 random lr3e-4 (06),베이스라인,beam5,내가 이렇게 또 불효를 한다.,연락이라도 드려보세요.,할 수 있을 때 하세요.,0
A2 random lr3e-4 (06),베이스라인,beam5,아마 평생 모르겠지.,평생 모르고 사는 게 참 많죠.,잘 살 수 있을 거예요.,2
A2 random lr3e-4 (06),베이스라인,beam5,나를 떠보는 것 같은 짝남.,떠보는 것보다 직구 날려보세요.,제가 들어드릴게요.,2
A2 random lr3e-4 (06),베이스라인,beam5,남자친구한테 서운해,수천번 생각해도 이건 아니라고 생각이 되면 서운하다고 이야기하세요.,좋은 사람 만날 수 있을 거예요.,2
A2 random lr3e-4 (06),베이스라인,beam5,좋아하는 사람에 대한 관심을 끄는 방법이 뭐가 있을까.,다른일로 바쁘면 조금 덜할 거예요.,잘 살 수 있을 거예요.,2
A2 random lr3e-4 (06),베이스라인,beam5,배 아파서 기분이 안 좋아,약이 필요하면 도움을 받아보세요.,지금도 늦지 않았어요.,0
A2 random lr3e-4 (06),베이스라인,beam5,친구랑 싸웠어,싸우면서 정 들 거예요.,연락해보세요.,0
A2 random lr3e-4 (06),베이스라인,beam5,선생님이 나만 뭐라고 해,애정표현이라고 생각하세요.,할 수 있을 거예요.,0
A2 random lr3e-4 (06),베이스라인,beam5,하루가 일년같아,시간이 더디게 흐르죠.,한 잔 하세요.,1
A2 random lr3e-4 (06),베이스라인,beam5,과거에 얽매여 있어,과거랑 현재랑 미래는 함께 해요.,마음 고생 많았어요.,1
A2 random lr3e-4 (06),베이스라인,beam5,신혼여행 가서 돌아오기 싫다,휴가를 붙여보세요.,바라요.,0
A2 random lr3e-4 (06),베이스라인,beam5,개좋아,저도 좋아해주세요.,감사합니다.,0
A2 random lr3e-4 (06),베이스라인,beam5,연애상담하더니 둘이 사귀더라,대화를 하다가 친해졌나봐요.,많이 지쳤나봐요.,2
A2 random lr3e-4 (06),베이스라인,beam5,집이 너무 지저분해,청소기를 돌려보세요.,맘고생 많았어요.,0
A2 random lr3e-4 (06),베이스라인,beam5,이제 끝인가봐,이별을 받아들이는 건 쉬운 일이 아니겠죠.,많이 지쳤나봐요.,1
A2 random lr3e-4 (06),베이스라인,beam5,좋아하는 사람 잊는 방법 조언 좀.,가슴 아픈 질문이네요.,좋은 사람 만날 수 있을 거예요.,2
A2 random lr3e-4 (06),베이스라인,beam5,신청했더니 정말로 왔네ㅎㅎ,좋은 결과길 바라요.,더 좋은 사람 만날 수 있을 거예요.,1
A2 random lr3e-4 (06),베이스라인,beam5,면접 팁 좀 줘,잘 볼 수 있을 거예요.,열심히 하면 할 수 있을 거예요.,0
A2 random lr3e-4 (06),베이스라인,beam5,나 실수한건가,잘 생각해보세요.,못 이기니 피할 수 있으면 피하세요.,0
A2 random lr3e-4 (06),베이스라인,beam5,너무 매달렸나봐,너무 사랑한 거였을 거예요.,충분히 잘하고 있어요.,1
A2 random lr3e-4 (06),베이스라인,beam5,연락 못하는 아픔.,당분간은 힘들지 몰라요.,마음이 허전한가봐요.,1
A2 random lr3e-4 (06),베이스라인,beam5,분하고 그립고 고통스러워.다른 여자 사랑하는 그모습,이제 과거를 보지 마요.,거 같아요.,1
A2 random lr3e-4 (06),베이스라인,beam5,내 남자로 만들기,사랑은 소유하는 게 아니에요.,살짝 물어보세요.,2
A2 random lr3e-4 (06),베이스라인,beam5,사랑하고 사람이 달라졌어,화학 물질이 접촉하는 것처럼 반응이 일어나서 완전히 바뀌게 되죠.,후회하지 않길 바랄게요.,2
A2 random lr3e-4 (06),베이스라인,beam5,중2 히스테리 알아?,힘들 때네요.,잘 지내고 있을 거예요.,0
A2 random lr3e-4 (06),베이스라인,beam5,친구가 나한테 집착해,거리를 두세요.,제가 있잖아요.,0
A2 random lr3e-4 (06),베이스라인,beam5,뭔 상황인지 헷갈리네.,애매하긴 해요.,마음이 헛헛한가봐요.,1
A2 random lr3e-4 (06),베이스라인,beam5,좋아하는 여자애가 남친 사귈 마음이 없다는데 진짜일까?,그건 본인만 알 거예요.,직접 주는 게 더 좋을 것 같아요.,2
A2 random lr3e-4 (06),베이스라인,beam5,속이는 거 더 못하겠어,남을 속이는건 나쁜거예요.,더 있을 거예요.,0
A2 random lr3e-4 (06),베이스라인,beam5,전공 잘못 골랐나봐,내가 맞는 것과 맞지 않은 걸 구별해보세요.,공부는 거 같아요.,0
A2 random lr3e-4 (06),베이스라인,beam5,썸남한테 소개팅 나간다고 해볼까?,상대방을 헷갈리게 하는건 좋지 않아요.,좋은 사람 만날 거예요.,2
A2 random lr3e-4 (06),베이스라인,beam5,많이 좋아하던 전여친에게 연락해도될까?,연락은 자유지만 후회는 할 수도 있어요.,다 잊을 수 있을 거예요.,2
A2 random lr3e-4 (06),베이스라인,beam5,맨날 짝사랑만 하다가 끝났는데 연애할 수 있을까?,언젠가 진정한 사랑이 나타날 거예요.,거 같아요.,2
A2 random lr3e-4 (06),베이스라인,beam5,권태기로 헤어지면 후회할까,극복하려는 노력은 해보는 게 좋을 거 같아요.,자신을 비난하지 마세요.,1
A2 random lr3e-4 (06),베이스라인,beam5,오늘도 짝남이 멋졌어.,멋진 분이군요.,그럴 수 있을 거예요.,2
A2 random lr3e-4 (06),베이스라인,beam5,집 샀어,내 집 마련 축하드려요.,내 집 마련 축하드려요.,0
A2 random lr3e-4 (06),베이스라인,beam5,나만 힘든 거였구나,마음이 약해 탈이네요.,조금만 더 버텨요.,1
A2 random lr3e-4 (06),베이스라인,beam5,감당 못하는 사랑,감당할 수 있는 만큼만 베푸세요.,사랑이었으니까요.,2
A2 random lr3e-4 (06),베이스라인,beam5,집착인걸까.,잘 생각해보세요.,많은 생각이 들으세요.,1
A2 random lr3e-4 (06),베이스라인,beam5,1년 동거 중인데 계속 좋아,서로 깊게 알게되면서 더 좋아졌나봅니다.,더 올 거예요.,2
A2 random lr3e-4 (06),베이스라인,beam5,드디어 천일,축하합니다.,지나갔길 바랄게요.,0
A2 random lr3e-4 (06),베이스라인,beam5,설마했던 진짜 이별,앞일은 알 수가 없나봐요.,마음 가는 대로 해보세요.,1
A2 random lr3e-4 (06),베이스라인,beam5,짝남한테 크리스마스 선물할건데 추천 좀.,목도리는 어떨까요.,좋아요.,2
A2 random lr3e-4 (06),베이스라인,beam5,씨씨인데 몰래 만나고 있는데 공개 연애 하자고 할까?,몰래 만날 수 있는 만큼 몰래 만나보세요.,그런 사람 마음 가짐에 있어요.,2
A2 random lr3e-4 (06),베이스라인,beam5,이젠 슬픈 사랑,슬픈 이별이기도 하네요.,다음에는 잘 될 거예요.,1
A2 random lr3e-4 (06),베이스라인,beam5,먹을까 참을까,조금만 드세요,지금도 늦지 않았어요.,0
A2 random lr3e-4 (06),베이스라인,beam5,옷 사 줘,아직 월급날이 멀었어요.,잘 될 거예요.,0
A2 random lr3e-4 (06),베이스라인,beam5,썸인지 알려면,어느 정도 시간과 연락과 관심이 필요하겠네요.,지쳤나봐요.,2
A2 random lr3e-4 (06),베이스라인,beam5,하루에 만보 걷기,좋은 건강습관이네요.,그렇지 않아요.,0
A2 random lr3e-4 (06),베이스라인,beam5,장수커플이야,사랑은 유지하는 게 중요한데 대단하네요.,많이 아세요.,2
A2 random lr3e-4 (06),베이스라인,beam5,취미생활 같이하는 게 좋다던데,함께하면 서로를 더 많이 알게 될 거예요.,해요.,0
A2 random lr3e-4 (06),베이스라인,beam5,잘지내고있니,잘 지내고 있어요.,잘 되길 바랄게요.,1
A2 random lr3e-4 (06),베이스라인,beam5,생각이 자꾸 나,좋아하나봐요.,보세요.,2
A2 random lr3e-4 (06),베이스라인,beam5,오래 못 가는 연애,"연애는 문제가 있으면 문제를 해결 하기 위해 함께 노력하고 그 속에서 더욱 단단해지는 과정인데, 그 과정을 못 참고 피하기만 했나봅니다.",사랑하세요.,2
A2 random lr3e-4 (06),베이스라인,beam5,정말 다시돌아 온다면,잘할 자신이 있어도 힘든 게 재회예요.,제가 들어드릴게요.,1
A2 random lr3e-4 (06),베이스라인,beam5,짝남을 반에서 공개적으로 좋아하는게 나을까요?,경쟁자를 없애기 위해 그게 나을 수도 있어요.,그럴 수 있을 거예요.,2
A2 random lr3e-4 (06),베이스라인,beam5,넥타이핀 정도는 선물로 줘도 괜찮겠지?,실용적인 선물이라 괜찮을 거예요.,잘 알고 있을 거예요.,0
A2 random lr3e-4 (06),베이스라인,beam5,울적하다,울적.... 우울할땐.... 울면,천천히 보내주세요.,0
A2 random lr3e-4 (06),베이스라인,beam5,사람 만나는 게 쉽지 않아,미리 움츠러들지 않아도 돼요.,하세요.,0
A2 random lr3e-4 (06),베이스라인,beam5,사랑만으로 다 될줄 알았던 우리들,그때는 우리 다 순수했던 걸까요.,자신을 더 좋은 사람 만날 수 있을 거예요.,1
A2 random lr3e-4 (06),베이스라인,beam5,여자친구한테 더 이상 설레지 않아,정말 큰 문제네요.,많이 지쳤나봐요.,2
A2 random lr3e-4 (06),베이스라인,beam5,이별 극복할수있을까?,당신이라면 충분히 극복할 수 있어요.,직접 물어보세요.,1
A2 random lr3e-4 (06),베이스라인,beam5,친구한테 자꾸 집착하게 돼,자신 스스로에게 의지해보세요.,그 사람도거라 생각해요.,0
A2 random lr3e-4 (06),베이스라인,beam5,소심한 남자와의 연애,직설적으로 통보하는 말보다는 조금 더 부드럽게 권유하고 물어보는 말을 해보세요.,좋은 습관이네요.,2
A2 random lr3e-4 (06),베이스라인,beam5,돈이 안 모여,한푼 두푼 차곡차곡,친구한테 부탁해보세요.,0
A2 random lr3e-4 (06),베이스라인,beam5,보고싶네,보고싶을 거예요., ⁇ 네요.,1
A2 random lr3e-4 (06),베이스라인,beam5,썸남이 약속 자꾸 미루는데 내가 싫은걸까?,어쩔 수 없는 상황인지 물어보세요.,좋을 거 같아요.,2
A2 random lr3e-4 (06),베이스라인,beam5,헤어진지 1달반정도 됬네,금방 지나갈 거예요.,잘 지내고 있을 거예요.,1
A2 random lr3e-4 (06),베이스라인,beam5,좋아하는 사람이 쓰레기면 어떻게 할꺼야?,쓰레기 옆에 있기 싫어서 도망갈 거예요.,곧 않으니까요.,2
A2 random lr3e-4 (06),베이스라인,beam5,이게 바로 첫사랑인듯,당신의 소중한 사랑을 이루어 보세요.,후회하지 않을 거예요.,2
A2 random lr3e-4 (06),베이스라인,beam5,나들이를 가볼까,같이 가요.,실 거라 생각해요.,0
A2 random lr3e-4 (06),베이스라인,beam5,원서 낸거 1지망에서 떨어졌어,위로해 드립니다.,거예요.,0
A2 random lr3e-4 (06),베이스라인,beam5,친구라는게 뒷담화나 하다니,친구라고 생각한 시간이 아깝네요.,친구가 아닌가봐요.,0
A2 random lr3e-4 (06),베이스라인,beam5,내가 불효자야,연락이라도 드려보세요.,연락이라도 드려보세요.,0
A2 random lr3e-4 (06),베이스라인,beam5,썸 타던 사이인데 부담 돼. 연락 무시해도 될까?,부담되면 마음이 가지 않는 거니 정리도 필요하겠네요.,잘 살 수 있을 거예요.,2
A2 random lr3e-4 (06),베이스라인,beam5,진짜 완전체가 있어,상대를 용서하면서 분출할 수 있는 탈출구를 찾아보세요.,다른 일을 해보는 것도 좋을 것 같아요.,0
A2 random lr3e-4 (06),베이스라인,beam5,외로워,혼자가 아니에요.,제가 들어드릴게요.,0
KoBART lr5e-5 (04),전이학습,beam5+no_repeat_ngram3,성형할까,돈 많이 들텐데요.,예뻐질 거예요. 같이 하면 더 좋죠. 같이 하면 예뻐요.,0
KoBART lr5e-5 (04),전이학습,beam5+no_repeat_ngram3,나도 커플룩 입고 싶다,커플부터 만드세요.,로맨틱한 선물이네요. 파이팅! 파이팅!!!,0
KoBART lr5e-5 (04),전이학습,beam5+no_repeat_ngram3,불안해,두려워하지 않아도 돼요.,안전이 최고죠! 당신이 안전하길 바랄게요. 당신의 능력을,0
KoBART lr5e-5 (04),전이학습,beam5+no_repeat_ngram3,알바구함,하고 싶은 알바 지원해보세요.,알바 지원 알바를 찾아다니요. 취업에 성공했나봐요.,0
KoBART lr5e-5 (04),전이학습,beam5+no_repeat_ngram3,뭐 좀 배워볼까봐,배우는 건 항상 즐거운 일이에요.,배움에는 언제나 찬성이에요. 용기를 내서 도전해보세요.,0
KoBART lr5e-5 (04),전이학습,beam5+no_repeat_ngram3,죽을만큼 보고싶다.,많이 사랑했나봐요.,보고 싶은가봐요. 느끼나봐요. 느껴지실 거예요. 느껴,1
KoBART lr5e-5 (04),전이학습,beam5+no_repeat_ngram3,맥주 마셔야지,적당히 드세요.,과해도 안 좋아요. 적당히 즐기세요. 좋은 생각 하세요. 기분,0
KoBART lr5e-5 (04),전이학습,beam5+no_repeat_ngram3,혼수 얼마나 들까?,사람 마다 달라요.,많이 들지만 줄일 수 있으면 줄일 수 있어요. 참고 견뎌보세요.,0
KoBART lr5e-5 (04),전이학습,beam5+no_repeat_ngram3,나 천재 같아,제가 따라가려면 멀었네요.,천재일지도 몰라요. 차분히 기다려보세요. 당신의 잠재력을,0
KoBART lr5e-5 (04),전이학습,beam5+no_repeat_ngram3,시원섭섭하지만 후련하네.,한결 나아졌길 바랄게요.,후련하다니 다행이에요. 후련해지지 않나봐,1
KoBART lr5e-5 (04),전이학습,beam5+no_repeat_ngram3,이혼,쉽지 않은 결정이죠.,이혼보다 파혼이 더 나을지도 몰라요. 힘들겠어요.,1
KoBART lr5e-5 (04),전이학습,beam5+no_repeat_ngram3,한 사람만 죽을 때까지 사랑하는 게 가능할까?,그러기 힘들어서 결혼이라는 제도를 만든 걸 수도 있어요.,당신의 잠재력은 무궁무진해요. 당신의 잠재력을 믿어,2
KoBART lr5e-5 (04),전이학습,beam5+no_repeat_ngram3,썸 타다 깨졌는데 다시 연락해도 되나.,감정에 확신이 있다면 연락해보세요.,연락해도 상관없지만 자신을 더 믿어주세요. 자신을 믿어,2
KoBART lr5e-5 (04),전이학습,beam5+no_repeat_ngram3,날씨가 너무 추워,집밖에 나가기가 힘들것 같아요.,마음도 추운가요. 따뜻한 차 한잔 어때요? 따뜻한,0
KoBART lr5e-5 (04),전이학습,beam5+no_repeat_ngram3,내일로 꼭 헤어진지 1년째네,헤어진 기념일 따지지 마세요.,생각보다 많은 시간이 지났네요. 금방 나아질거라 믿어요.,1
KoBART lr5e-5 (04),전이학습,beam5+no_repeat_ngram3,소오름 쫙,좋은 일이길 바랍니다.,소원을 빌어보세요. 소원을 성취할 수 있을 거예요,0
KoBART lr5e-5 (04),전이학습,beam5+no_repeat_ngram3,오랜만에 결혼한 친구 만나고 왔는데.,소식을 들었나봐요.,좋은 만남이었길 바라요. 신경쓰지 말고 다시 만났으면 좋겠,1
KoBART lr5e-5 (04),전이학습,beam5+no_repeat_ngram3,약속을 계속 미루는 썸남,약속을 소홀히 생각하는 사람은 믿음직스럽지 못해요.,약속을 잡아보세요. 미련을 버릴 수 있을 거예요. 미련,2
KoBART lr5e-5 (04),전이학습,beam5+no_repeat_ngram3,빨리 찾아온 사랑,인생은 타이밍이에요.,좋은 만남이 되길 바랄게요. 기대세요. 곧 좋은 소식이 들,2
KoBART lr5e-5 (04),전이학습,beam5+no_repeat_ngram3,"보고싶다, 목소리라도 듣고싶어",전화하지마요.,저도 듣고 싶네요. 목소리를 들어주세요. 저한테 말해주세요.,1
KoBART lr5e-5 (04),전이학습,beam5+no_repeat_ngram3,헤어지고 4달째,많은 시간이 흘렀네요.,헤어짐을 헤아리지 말아요. 힘들었을텐데 힘내,1
KoBART lr5e-5 (04),전이학습,beam5+no_repeat_ngram3,우리집 망했다,철 들고 공부하세요.,내 집 마련의 한 걸음을 내딛으셨네요. 축하,0
KoBART lr5e-5 (04),전이학습,beam5+no_repeat_ngram3,인연이었다던 그사람,또 다른 인연이 있기 마련이죠.,인연은 거기까지였나봐요. 곧 사랑이 찾아올 거예요. 축하,1
KoBART lr5e-5 (04),전이학습,beam5+no_repeat_ngram3,2주동안 참을만 했는데,잘 참았어요.,잘 견뎌내고 있는 것 같네요. 금방 나아질거라,1
KoBART lr5e-5 (04),전이학습,beam5+no_repeat_ngram3,좋아하는 여자애한테 어떻게 관심 표현하는지 조언 좀.,그녀의 관심사에 호감을 드러내세요.,은연 중에 생각했나봐요. 곧 좋은 소식이 들리려고,2
KoBART lr5e-5 (04),전이학습,beam5+no_repeat_ngram3,일어나자마자 우울,달콤한 차라도 한 잔 해보세요.,자신의 감정을 주변 사람들에게 터놓고 이야기해보세요. 생각이 더 나아질 거예요.,1
KoBART lr5e-5 (04),전이학습,beam5+no_repeat_ngram3,헤어지고 다시 만나고 하다 결국 이별,헤어짐에 무뎌지지 않죠.,힘든 시간이었을텐데 맘고생 많았어요. 힘들었을텐데,1
KoBART lr5e-5 (04),전이학습,beam5+no_repeat_ngram3,마음을 보여 주고 싶어.,그래서 표현이 중요해요.,표현해 달라고 말해보세요. 마음을 전해보세요. 마음이 전해질 거예요.,0
KoBART lr5e-5 (04),전이학습,beam5+no_repeat_ngram3,제가 좋아하던 사람이 절 좋아하면 갑자기 거부감 들고 싫어져요.,어떤 트라우마가 있었는지도 모르겠어요.,거절의 뜻으로 받아들여야할 것 같네요. 단호하게 거절하,2
KoBART lr5e-5 (04),전이학습,beam5+no_repeat_ngram3,예랑이가 마마보이인듯,남자는 여자하기 나름이래요. 변화시켜 보세요.,사랑스러운 예의가 없네요. 무시하세요. 무시당해요.,2
KoBART lr5e-5 (04),전이학습,beam5+no_repeat_ngram3,어이가 없어서,그냥 잊어버리세요.,어장의 고기어도 좋을지 어장을 나가는 게 좋을지 생각해보,0
KoBART lr5e-5 (04),전이학습,beam5+no_repeat_ngram3,바보짓 그만 둘래,천천히 그만두세요.,바보짓은 습관이에요. 눈에서 멀어지세요. 눈에서,1
KoBART lr5e-5 (04),전이학습,beam5+no_repeat_ngram3,살찐 거 같아,기분일꺼에요.,살쪄도 괜찮아요. 신경쓰지 마세요. 기운내세요,0
KoBART lr5e-5 (04),전이학습,beam5+no_repeat_ngram3,결혼준비하는데 돈 얼마나 드나,욕심에 따라 천지 차이일 거예요.,허례허식이에요. 신경쓰지 말고 형편에 맞게 넣,0
KoBART lr5e-5 (04),전이학습,beam5+no_repeat_ngram3,목욕탕 가야지,시원하게 씻고 오세요.,시원한 물 한 잔 드세요. 기분이 좋아질거예요. 청결,0
KoBART lr5e-5 (04),전이학습,beam5+no_repeat_ngram3,싸우면 연락 안 받는 사람 어떻게 해?,혼자 풀릴 때까지 놔둬야하는데 기다리는게 힘들 거예요.,연락두절돼서 걱정되겠네요. 걱정된다고 먼저 말해,0
KoBART lr5e-5 (04),전이학습,beam5+no_repeat_ngram3,세상에 영원한 것은 없다.,제가 영원을 약속할게요.,세상에 별별 사람들이 다 있어요. 저랑 한 명씩. 저랑,1
KoBART lr5e-5 (04),전이학습,beam5+no_repeat_ngram3,밤 12시야,하루가 또 가네요.,낮잠을 잠깐 자도 괜찮아요. 피곤했나봐요.,0
KoBART lr5e-5 (04),전이학습,beam5+no_repeat_ngram3,왜 진급이 안 되지,열심히 하면 할 수 있을 거예요.,다음에는 꼭 진급할 거예요. 자신의 잠재력을 믿어보세요.,0
KoBART lr5e-5 (04),전이학습,beam5+no_repeat_ngram3,헤어지고 난뒤 친구?,친구가 되기 쉽지 않을 거예요.,헤어짐에 지쳤나봐요. 곧 나아질거라 믿,1
KoBART lr5e-5 (04),전이학습,beam5+no_repeat_ngram3,시험 준비 언제 끝나,공부를 많이 해놨나봐요.,나중에 없애주세요. 그때는 지금보다 더 잘할 수 있을 거예요.,0
KoBART lr5e-5 (04),전이학습,beam5+no_repeat_ngram3,잠을 못 잤더니 힘들다,잠이 정말 중요해요. 눈을 좀 붙이세요.,잠을 깨요! 기운 내요!!!!!!! 기운내요,0
KoBART lr5e-5 (04),전이학습,beam5+no_repeat_ngram3,나 무시하는 사람 짜증나,무시하세요.,무시당하는 기분이 들어서 너무 외롭고 상처받게 된다고 차분하고,0
KoBART lr5e-5 (04),전이학습,beam5+no_repeat_ngram3,사다리타기 맨날 운이 안 좋아,다른 곳에 쓰려고 운을 아껴뒀나봐요.,운명도 사다리 타기 좋은 거 같아요. 자연스러운 현상이에,0
KoBART lr5e-5 (04),전이학습,beam5+no_repeat_ngram3,다들 어떻게 견딜까,시간이 흐르면서 무덤덤해지는 거죠.,잘 견뎌낼거라 믿어요. 자신감을 가져보세요. 기운내,1
KoBART lr5e-5 (04),전이학습,beam5+no_repeat_ngram3,해선 안 될 사랑.,그렇게 생각한다면 매몰차게 마음을 정리하세요.,사랑 앞에 정의내릴 수 있으면 좋으련만. 사랑이 사랑을,1
KoBART lr5e-5 (04),전이학습,beam5+no_repeat_ngram3,말조심해야지,생각하고 말하는 연습을 해보세요.,조심히 오세요. 언제나 조심히 하세요. 한결같이 말하세요.,0
KoBART lr5e-5 (04),전이학습,beam5+no_repeat_ngram3,턱시도 잘 어울림!,눈에 콩각지가 떨어지지 않기를 바랄게요.,잘 어울리시나봐요. 예쁘게! 깍고 오,2
KoBART lr5e-5 (04),전이학습,beam5+no_repeat_ngram3,배고파,얼른 맛난 음식 드세요.,뭐 좀 챙겨드세요. 뭐랄까요! 뭐라도 챙겨드,0
KoBART lr5e-5 (04),전이학습,beam5+no_repeat_ngram3,컴퓨터가 느려졌어,뭘 다운 받으신 건지…,포맷해보세요. 금방 나아질거예요. 기다려주세요. 기다려,0
KoBART lr5e-5 (04),전이학습,beam5+no_repeat_ngram3,전여친이 나보다 나은 사람이라는 생각이 자꾸 들어,남과 자신을 비교하지 말아요. 자신을 더 사랑해보세요.,좀 더 나은 사람 만날 수 있었으면 좋겠네요. 긍정적인 생각을 해보,1
KoBART lr5e-5 (04),전이학습,beam5+no_repeat_ngram3,나 챙겨줄 사람이 필요해,제가 챙겨드리고 싶네요.,당신도 챙겨주세요. 제가 있잖아요. 꼭 챙겨줄게요. 꼭,0
KoBART lr5e-5 (04),전이학습,beam5+no_repeat_ngram3,나는 좋아하는데 그 사람은 나를 친구로만 생각해.,이성으로 대하고 싶다고 말해보세요.,그런 친구 말고 제대로 된 친구 사귀어 보세요. 당신은 친구 이상으로,2
KoBART lr5e-5 (04),전이학습,beam5+no_repeat_ngram3,니가 이 글을 봤으면,전하지 못한 이야기 저에게 해주세요.,이 글을 봤나봐요. 궁금증을 참지 말고 내려놓으,1
KoBART lr5e-5 (04),전이학습,beam5+no_repeat_ngram3,여자친구가 나 때매 힘들대,좀 더 잘해주세요.,사랑은 때론 힘드니까요. 자신의 감정을 믿어주세요. 자신의,1
KoBART lr5e-5 (04),전이학습,beam5+no_repeat_ngram3,오늘 집앞까지 찾아 갔는데,지켜만 보는 편이 나을 거예요.,잘 견뎌낼거라 믿어요. 두근거리겠네요.,1
KoBART lr5e-5 (04),전이학습,beam5+no_repeat_ngram3,출근시간 아깝다,회사 근처로 이사를 가보세요.,직장 스트레스가 심한가봐요. 쉬어도 돼요. 정신건강에,0
KoBART lr5e-5 (04),전이학습,beam5+no_repeat_ngram3,사귀자는 말 아니면 썸인가,말 안하고 사귀는 경우도 있습니다.,사귀자고 먼저 말하세요. 연락해보세요. 생각이 정리되었는지,2
KoBART lr5e-5 (04),전이학습,beam5+no_repeat_ngram3,나랑 썸타는 애가 영화보재.,좋은 소식이네요.,영화 데이트 좋죠. 재밌겠네요. 데이트 신청해보세요.,2
KoBART lr5e-5 (04),전이학습,beam5+no_repeat_ngram3,당신도 저만큼 아팠으면 좋겠습니다.,이런 말을 하면서 당신이 아프지 않았으면 좋겠어요.,당신도 잘 지내고 있길 바랄게요. 저만큼 아,1
KoBART lr5e-5 (04),전이학습,beam5+no_repeat_ngram3,와 연락하고싶다.,연락하면 후회할지도 몰라요.,연락하면 지긋지긋한 사람으로 기억될 거예요. 용기를 내서,1
KoBART lr5e-5 (04),전이학습,beam5+no_repeat_ngram3,남자친구를 질리게하는 행동들이 뭐가 있어?,구속과 집착이겠죠.,질투 유발하는 행동은 삼가는 게 좋아요. 신경쓰지,2
KoBART lr5e-5 (04),전이학습,beam5+no_repeat_ngram3,썸인가요,떠보는 것도 좋을 거 같아요.,사귀기 전에 감정을 갖고 서로 알아가는 단계라면 썸일,2
KoBART lr5e-5 (04),전이학습,beam5+no_repeat_ngram3,마지막이겠죠,마지막이 아닐 지도 몰라요.,미련이 남았나봐요. 미련을 버리세요.,1
KoBART lr5e-5 (04),전이학습,beam5+no_repeat_ngram3,이상한나의취미.이별을세는것.,헤어짐을 헹리는 것 만큼 가슴 아픈 일은 없어요.,이별을 헤아리는 건 큰 도움이 안 돼요. 새로운 사랑으로,1
KoBART lr5e-5 (04),전이학습,beam5+no_repeat_ngram3,사랑이 안 변했으면 좋겠다,저도요.,사랑은 변하지 않고 사람이 변해요. 사랑이 변하니까 사랑이 변해,2
KoBART lr5e-5 (04),전이학습,beam5+no_repeat_ngram3,우리 진짜 이별인가봐,끝을 아는 것도 중요한 것 같아요.,이별을 받아들이는 것도 중요해요. 힘들 때 힘이 되어 주세요.,1
KoBART lr5e-5 (04),전이학습,beam5+no_repeat_ngram3,사랑이 끝나고 나서,원망과 슬픔에 잠기는 게 아니라 그 시간들을 가만히 내려놓고 내가 어떤 사람이었는가를 돌아보는 것입니다.,사랑했던 만큼 사랑이 더 크시겠네요. 당신의 사랑이 당신에게,1
KoBART lr5e-5 (04),전이학습,beam5+no_repeat_ngram3,집들이는 보통 누구를 초대하나?,초대하고 싶은 사람들이요.,초대하고 싶은 사람이요. 차분히 기다려보세요. 마음에 드는 사람이,0
KoBART lr5e-5 (04),전이학습,beam5+no_repeat_ngram3,상사가 진짜 미쳤다,피하지 말고 적극적으로 장점을 찾아서 인정하고 호의를 보여보세요.,사표를 써서 품에 품어 봅시다. 한번 용기를 내서,0
KoBART lr5e-5 (04),전이학습,beam5+no_repeat_ngram3,고의는 아닌데 실수를 한 거 같아,용서를 구하세요.,피할 수 있으면 피하고 싶은 사람이네요. 자책하지 말아요.,0
KoBART lr5e-5 (04),전이학습,beam5+no_repeat_ngram3,썸 맞는거임?,말해보세요. 생각해 볼게요.,사귀기 전에 두근거림을 좋아하나 봐요. 아니에,2
KoBART lr5e-5 (04),전이학습,beam5+no_repeat_ngram3,너무 답답하네. 어떤맘일까??,직접 물어보는 게 좋을 것 같아요.,마음이 헛헛한가봐요. 기운을 내세요. 차분히,1
KoBART lr5e-5 (04),전이학습,beam5+no_repeat_ngram3,이렇게 힘들고 괴로운 적 처음이야,그렇게 우리는 성장하나봐요.,많이 힘든가봅니다. 저한테 기대세요. 당신의 잠재력을 믿어,1
KoBART lr5e-5 (04),전이학습,beam5+no_repeat_ngram3,집까지 데려다줬는데 호감? 그냥 매너?,호감이 있을 수도 있어요. 그렇지만 조금 더 상황을 지켜보세요.,호감이 있을 수도 있어요. 그렇지만 조금 더 상황을 지켜보세요. 호감을 표현,2
KoBART lr5e-5 (04),전이학습,beam5+no_repeat_ngram3,썸의 조건이 뭐야,"자주 연락하고 가만히 있어도 생각나는, 연락하면 괜히 웃음나는 사이 아닐까요?",썸의 조건이라면 조건일 거 같아요. 조건일 수도 있어요.,2
KoBART lr5e-5 (04),전이학습,beam5+no_repeat_ngram3,눈물 나서 못 멈추겠어,마음이 아픈가요.,울어도 돼요. 펑펑 우세요. 우는 연습을 해보세요.,0
KoBART lr5e-5 (04),전이학습,beam5+no_repeat_ngram3,내가 그 사람을 좋아하는건지 아닌지 착각이 들어.,확신이 서지 않을 때가 있지요.,사람 맘을 알기가 쉽지 않으니까요. 자연스러운 현상이에요.,2
KoBART lr5e-5 (04),전이학습,beam5+no_repeat_ngram3,다시 헤어졌습니다.,인연이 거기까지였나봐요.,많이 힘든가봅니다. 맘고생 많았어요. 곧 좋은 소식이 들,1
KoBART lr5e-5 (04),전이학습,beam5+no_repeat_ngram3,에휴 잊기가 힘드네,사람을 잊는데는 많은 시간이 필요한가봐요.,잊는 데는 더 도움이 될지도 몰라요. 자연스러운 현상이에요.,1
KoBART lr5e-5 (04),전이학습,beam5+no_repeat_ngram3,재밌는거 해 줘,거울을 보면서 얼굴 망가뜨리기 놀이 해 보신 적 있으세요? 의외로 재미 있어요.,하고싶었던 일을 글로 적어보세요. 생각이 정리될거예요.,0
KoBART lr5e-5 (04),전이학습,beam5+no_repeat_ngram3,떠나려는 사람 잡는 방법,정말 후회할 것 같다면 지금이라도 진심을 전하세요.,좋은 생각이에요. 자연스러운 현상이에요. 신경쓰지 않는 연습,1
KoBART lr5e-5 (04),전이학습,beam5+no_repeat_ngram3,쫄면 생각나,얼른 요리해드세요.,맛있게 드세요. 쫄깃쫄깃할거 같아요. ,0
KoBART lr5e-5 (04),전이학습,beam5+no_repeat_ngram3,그냥.너와 말한마디 섞고 너와의 인연에 고맙다,아름다운 사이네요.,은연 중에 많이 생각했나봐요. 곧 좋은 소식이 들리,1
KoBART lr5e-5 (04),전이학습,beam5+no_repeat_ngram3,월급 입금됐다고 문자 왔어,까아 축하해요,월급이 깎인 것보다 낫죠. 깎아줘도 돼요. 깎,0
KoBART lr5e-5 (04),전이학습,beam5+no_repeat_ngram3,결국 헤어졌어,시작이 있으면 끝도 있는 법이에요.,또 다른 사랑이 찾아올 거예요. 축하해요! 기운 내요!,1
KoBART lr5e-5 (04),전이학습,beam5+no_repeat_ngram3,시험 끝나고 만나고 싶어,만날 날까지 기다릴게요,더 좋은 만날 수 있을 거예요. 만날 수 있길 바랄게요.,0
KoBART lr5e-5 (04),전이학습,beam5+no_repeat_ngram3,바다 보러 가자고 해볼까,바다는 사계절 내내 좋아요.,온 가족이 모두 마음에 드는 곳으로 가보세요. 즐거운 도전이 될 거예요.,0
KoBART lr5e-5 (04),전이학습,beam5+no_repeat_ngram3,나이트갔는데 이상형 만났어,축하해요.,이상형은 이상형일 뿐이니까요. 자연스러운 현상이에요.,2
KoBART lr5e-5 (04),전이학습,beam5+no_repeat_ngram3,끝나지 않을까봐 겁이나,끝을 지날 수 있을 거예요.,곧 끝나길 바랄게요. 기다려보세요. 기다릴게요.,1
KoBART lr5e-5 (04),전이학습,beam5+no_repeat_ngram3,주변에서 다 별로라고 한 짝남 그냥 맘을 접어야할까?,다른 사람들이 별로라고 말하는 이유를 생각해보세요.,흔들리지 않길 바랄게요. 용기를 내서 다시 시작해보,2
KoBART lr5e-5 (04),전이학습,beam5+no_repeat_ngram3,분식 먹고 싶아.,건강을 위해 조금씩 드세요.,소화제 드세요. 몸과 마음이 모두 좋아질거라 믿어요.,0
KoBART lr5e-5 (04),전이학습,beam5+no_repeat_ngram3,답이 없는 과정,꼭 답을 풀어야 하는 건 아니에요.,자신의 잠재력을 믿어보세요. 발전이 있을거예요. 자신의,1
KoBART lr5e-5 (04),전이학습,beam5+no_repeat_ngram3,넌 누구냐?,저는 위로봇입니다.,저는 마음을 이어주는 위로봇입니다. 위로해드리는 로봇. 위로,0
KoBART lr5e-5 (04),전이학습,beam5+no_repeat_ngram3,뭐하면 시간이 잘 갈까,친구와 수다를 떠세요.,멍 때리기만 하면 돼요. 당신의 잠재력을 믿어보세요.,0
KoBART lr5e-5 (04),전이학습,beam5+no_repeat_ngram3,좋아하는 사람에게 편지를 쓴다는것. 효과적일까?,마음을 담은 편지보다 더 좋은 선물은 없을 거예요.,손편지만큼 정성이 담긴 편지를 써서 보내보세요. 감동적일,2
KoBART lr5e-5 (04),전이학습,beam5+no_repeat_ngram3,겨울 지나 봄이야,마음에도 봄이 오길 바라요.,따뜻하게 겨울 나길 바랄게요. 마음도 따뜻해질 거예요.,0
KoBART lr5e-5 (04),전이학습,beam5+no_repeat_ngram3,독서 좀 해야겠어,좋은 생각이에요.,공부가 최우선이죠. 자신의 잠재력을 믿어보세요. 당신의 잠재,0
KoBART lr5e-5 (04),전이학습,beam5+no_repeat_ngram3,살빼고 담배 끊고 다 했는데!!,당신을 위한 최고의 투자를 한 거예요.,금연에 도움이 될 거예요. 자연스러운 현상이에요. 노력해보세요. 자연,1
KoBART lr5e-5 (04),전이학습,beam5+no_repeat_ngram3,오늘은 또 뭐 입냐,아침마다 하는 고민이죠.,뭘 입어도 멋져요. 옷차림도 멋질거 같아,0
KoBART lr5e-5 (04),전이학습,beam5+no_repeat_ngram3,그도 나를 좋아했으면 좋겠다.,타이밍이 맞았으면 좋겠네요.,당신도 저도 좋아해요. 자연스러운 현상이에요. 자연스런 현상이,2
KoBART lr5e-5 (04),전이학습,beam5+no_repeat_ngram3,케익 직접 만들어볼까?,수제 케익을 받으면 많이 좋아할 거예요.,직접 하면 좋죠. 직접 하면 더 좋을 것 같아요. 용기를 내서,0
KoBART lr5e-5 (04),전이학습,beam5+no_repeat_ngram3,헤어진지 딱 한달 됐내,생각보다 긴 시간이네요.,생각보다 많은 시간이 지났네요. 금방 나아질거라 믿어요.,1
KoBART lr5e-5 (04),전이학습,beam5+no_repeat_ngram3,헤어졌습니다 이제 어떡하면 되나?,기분 전환을 하는 건 어떨까요.,걱정하면 아무것도 못해요! 기운 내세요! 응원합니다!,1
KoBART lr5e-5 (04),전이학습,beam5+no_repeat_ngram3,짝남 생각할수록 정리 되는 듯.,차라리 잘 된 일이에요.,정리하는데 도움이 될 거예요. 자연스러운 현상이에요. 신경쓰지 말고,2
KoBART lr5e-5 (04),전이학습,beam5+no_repeat_ngram3,나도 월급 필요해,많이 벌수록 좋아요.,월급이 깎인 것보다 낫죠. 깎아도 돼요. 깎아,0
KoBART lr5e-5 (04),전이학습,beam5+no_repeat_ngram3,썸타는데 돈 필요하대,썸 관계에서 돈 관계는 피하는 게 좋을 듯 하네요.,돈 없어도 할 수 있는게 많아요. 차분히 기다려보,2
KoBART lr5e-5 (04),전이학습,beam5+no_repeat_ngram3,썸인데 선물해도 돼?,부담스럽지 않은 선이 좋겠어요.,받으면 감동 받을 거 같아요. 기분이 좋으면 주세요. 필요하다면 주,2
KoBART lr5e-5 (04),전이학습,beam5+no_repeat_ngram3,커피콩 볶고 있어,커피향 좋겠어요.,카페인이 필요한 시간인가 봐요. 커피 한 잔 드세요. 커피향,0
KoBART lr5e-5 (04),전이학습,beam5+no_repeat_ngram3,눈 쌓였어,눈사람 만들어보세요.,눈 내리는게 싫은가봐요. 어서 치과에 가보,0
KoBART lr5e-5 (04),전이학습,beam5+no_repeat_ngram3,완전 어이없네,안 좋은 일이 있었나봐요.,어장의 고기어도 좋을지 어장을 나가는 게 좋을지 생각해보,1
KoBART lr5e-5 (04),전이학습,beam5+no_repeat_ngram3,난 여자인데 남자를 좋아하는게 맞는지 모르겠어.,헷갈릴 때가 있죠.,사람 마다 다르겠지만 좋아하는 게 확실하다면 좋아하는 게 맞다고,2
KoBART lr5e-5 (04),전이학습,beam5+no_repeat_ngram3,여사친인데 좋아하는 듯.,친구와 썸의 중간인 거 같아요.,연애에 대한 두려움을 가지고 있을 수도 있어요. 그렇지만 슬쩍 호감을,2
KoBART lr5e-5 (04),전이학습,beam5+no_repeat_ngram3,오늘 뭐 입지?,옷이요.,환해 보이는 옷이요! 패션으로 멋질거 같아요.,0
KoBART lr5e-5 (04),전이학습,beam5+no_repeat_ngram3,짝남 마주치지 않으려고 노력할거야.,그것도 하나의 방법이에요.,마주치지 않길 바랄게요. 용기를 내서 말해보세요.,2
KoBART lr5e-5 (04),전이학습,beam5+no_repeat_ngram3,드레스 입어보는 거 재밌어!,여러벌 입어보고 마음에 드는걸로 선택하세요.,초콜릿 녹여서 예쁘게 만드는 것도 재밌어요! 어때요?,2
KoBART lr5e-5 (04),전이학습,beam5+no_repeat_ngram3,폭식증 어떻게 고칠 수 있을까?,오늘 못 먹었어도 내일 먹으면 더 맛있을 거예요.,음식을 시켜보세요. 금방 고칠 수 있을 거예요. 체력에 걸리,0
KoBART lr5e-5 (04),전이학습,beam5+no_repeat_ngram3,마지막 붙이지 못한 이별편지,마음에 간직하세요.,이별을 받아들이는 것도 중요해요. 미련을 버리세요.,1
KoBART lr5e-5 (04),전이학습,beam5+no_repeat_ngram3,혼자 살아도 될까,잘 살 수 있어요.,혼자서도 잘 지내는 것도 좋지만 혼자서도 잘하는 연습이 필요,0
KoBART lr5e-5 (04),전이학습,beam5+no_repeat_ngram3,짝남이 곧 군대를 가요.,마음이 착잡하겠어요.,전역 후 더 좋은 사람 만날 수 있을 거예요. 기다려주세요. 기다,2
KoBART lr5e-5 (04),전이학습,beam5+no_repeat_ngram3,한달하고 2주가 지났는데 아직도.,힘들 수 있지요.,생각보다 많은 시간이 지났네요. 금방 나아졌길 바랄게,1
KoBART lr5e-5 (04),전이학습,beam5+no_repeat_ngram3,생각만해도 좋아,좋아하시니까 좋네요.,생각만 해도 군침이 도네요. 정신 차리세요. 기운,0
KoBART lr5e-5 (04),전이학습,beam5+no_repeat_ngram3,신혼여행 한달쯤 가고 싶다,휴가를 붙여보세요.,신혼여행은 자유여행이죠! 기운 내세요! 응원합,0
KoBART lr5e-5 (04),전이학습,beam5+no_repeat_ngram3,잘하는 게 없는 것 같아,저랑 이야기 잘하고 있어요.,하나라도 있을 거니 열심히 찾아보세요. 이미 잘하고 있을거,0
KoBART lr5e-5 (04),전이학습,beam5+no_repeat_ngram3,게임도 이제 재미없어,다른 게임해보세요.,다른 게임을 해보세요. 흥미를 가져보세요. 재미있을거예요. 다른,0
KoBART lr5e-5 (04),전이학습,beam5+no_repeat_ngram3,저녁 메뉴 뭐 먹을까,냉장고 파먹기 해보세요.,맛있는 거 드세요. 디저트는 언제나 맛있어요! 기운 내요,0
KoBART lr5e-5 (04),전이학습,beam5+no_repeat_ngram3,대기업에 취직하고 싶어,잘할 수 있을 거예요.,대기업에 취직할 수 있을 거예요. 자신의 능력을 믿어보세요.,0
KoBART lr5e-5 (04),전이학습,beam5+no_repeat_ngram3,베란다 좀 가꿔볼까,심플하게 꾸며보세요.,생각보다 힘든 일도 많을 것 같아요. 용기를 내서 해보세요. 괜찮,0
KoBART lr5e-5 (04),전이학습,beam5+no_repeat_ngram3,괜찮은 줄 알았는 데,자신을 가장 잘 모르고 살아요.,괜찮은 사람이에요. 다른 일에 집중하세요. 당신의 능력을 믿어,1
KoBART lr5e-5 (04),전이학습,beam5+no_repeat_ngram3,장학금 받을 수 있을까?,열심히 하면 받을 수 있을 거예요.,열심히 하면 받을 수 있을 거예요. 자신의 잠재력을 믿어보세요. 당신의,0
KoBART lr5e-5 (04),전이학습,beam5+no_repeat_ngram3,이젠 잊기로 해,그것이 최선의 선택일거라 생각해요.,잊는 데는 더 도움이 될 거예요. 새로운 시작을 응원합니다!,1
KoBART lr5e-5 (04),전이학습,beam5+no_repeat_ngram3,우정이 뭐야?,힘들 때 같이 있는 거요.,우정보다 우정이 더 소중해요. 우정이라고 하면 우,0
KoBART lr5e-5 (04),전이학습,beam5+no_repeat_ngram3,쫌 부담스러운데,좀 더 편하게 생각해보세요.,부담스러울 수도 있어요. 그렇지만 조금 더 상황을 지켜보세요. 괜찮아질,1
KoBART lr5e-5 (04),전이학습,beam5+no_repeat_ngram3,일기 써야 되는데,나중에 보면 좋은 추억이 될 거예요.,쓰지 않는 게 좋겠네요. 쓰지 말고 쓰지 말고 써보세요. 쓰지,0
KoBART lr5e-5 (04),전이학습,beam5+no_repeat_ngram3,이별이 좋은점,혼자가 되었을 때의 고요함이 아닐까요.,좋은 만남이 되길 바랄게요. 이별에 대한 두려움을 가지고,1
KoBART lr5e-5 (04),전이학습,beam5+no_repeat_ngram3,참다 참다 결국 마지막으로 문자보냈어,후회하지 않길 바랍니다.,후회하지 않길 바랄게요. 마지막을 받아들이는 것도 용,1
KoBART lr5e-5 (04),전이학습,beam5+no_repeat_ngram3,여드름 났어,짜지 마세요.,손으로 만지지 마세요. 힘내세요! 기운 내세요! 힘,0
KoBART lr5e-5 (04),전이학습,beam5+no_repeat_ngram3,손가락이 원망스럽네ㅜㅜ,실수했나봅니다.,자신을 원망하지 말아요. 마음이 아프네요. 기운을 내세요.,1
KoBART lr5e-5 (04),전이학습,beam5+no_repeat_ngram3,커플여행이 나을까 그냥 우리끼리 갈까?,저는 둘이 가는 게 좋아요.,가는 곳과 같이 가는 사람에 따라 다르겠죠. 같이 가요. 같이,2
KoBART lr5e-5 (04),전이학습,beam5+no_repeat_ngram3,사랑하는 사람이랑 결혼하고싶어,진정으로 사랑한다면 결혼하세요.,당신도 좋은 사람 만나서 행복한 가봐요. 좋은 사람 만날 수,2
KoBART lr5e-5 (04),전이학습,beam5+no_repeat_ngram3,강아지 좋아하는 여자 어때?,마음이 따뜻할 것 같아요.,따뜻할 거 같아요. 따뜻하게 대해보세요. 마음이 따뜻해질 거예요.,2
KoBART lr5e-5 (04),전이학습,beam5+no_repeat_ngram3,태몽꾼거 같아,뭘 꿨는지 궁금하네요.,잠깐 핸드폰 게임 하시면 올거예요. 충전하세요. 기다려,0
KoBART lr5e-5 (04),전이학습,beam5+no_repeat_ngram3,요즘 드라마가 땡겨,저도 드라마 좋아해요.,저도 드라마 좋아해요. 드라마는 계속 볼 수 있길 바랍니다.,0
KoBART lr5e-5 (04),전이학습,beam5+no_repeat_ngram3,여자친구가 친구들이랑 여행을 가는데 남자도 있으면 어떡해?,같이 가거나 신경쓰인다고 말해요.,같이 갈 수 있으면 같이 가요. 같이 가요라고 하면 같이 가,2
KoBART lr5e-5 (04),전이학습,beam5+no_repeat_ngram3,눈이 안 떠져,잠시 눈을 붙여보세요.,눈 체조를 해보세요. 한결 몸이 가벼워질거예요. 눈,0
KoBART lr5e-5 (04),전이학습,beam5+no_repeat_ngram3,나에게만 집중했으면 좋겠어,사랑은 강요하는게 아니에요.,다른 일에 집중할 수 있으면 좋으련만. 자책하지,2
KoBART lr5e-5 (04),전이학습,beam5+no_repeat_ngram3,친한 친구의 구여친이랑 사귀어도 되나.,친구라면 많이 실망할겁니다.,친한사이가 아니라면 괜찮지만 친구라면 속상할거,2
KoBART lr5e-5 (04),전이학습,beam5+no_repeat_ngram3,자꾸 우연히 만나,우연이 필연이 되기도 합니다.,인연이 거기까지였나봐요. 차분히 생각해봐요.,0
KoBART lr5e-5 (04),전이학습,beam5+no_repeat_ngram3,사랑해 보고싶어,얼른 만나러가세요.,사랑했던 사람이니까요. 당신의 소중한 사람이. 사랑하는 사람과 당신의 소중한 당신을,2
KoBART lr5e-5 (04),전이학습,beam5+no_repeat_ngram3,아 또 참지 못하고 카톡 프사를 봐버렷네,아예 카톡에서 삭제하세요.,후회하지 않길 바랄게요. 기다리지 마세요. 기다리지,1
KoBART lr5e-5 (04),전이학습,beam5+no_repeat_ngram3,이별통보를 받았습니다,마음의 준비가 필요했을텐데 안타까워요.,이별을 받아들이는 것도 중요해요. 마음의 짐을 덜어주세요. 마음의,1
KoBART lr5e-5 (04),전이학습,beam5+no_repeat_ngram3,사랑이 쉬운 사람,참을 수 없는 가벼움이네요.,사랑이 사람을 더 사랑하게 만들기도 하죠. 사랑이 사람을 사랑하게 만들어,2
KoBART lr5e-5 (04),전이학습,beam5+no_repeat_ngram3,싸우면 잠수타는 사람?,조금 기다리면 풀릴 거예요,상대방을 헷갈리게 하는건 좋지 않아요. 당신의 인내,0
KoBART lr5e-5 (04),전이학습,beam5+no_repeat_ngram3,좋아하는 여자 생겼는데 호감 표시하려면 어떻게 해야 해?,연락을 해보는게 좋아요.,먼저 다가가는 게 좋아요. 자연스럽게 다가가서 물어보세요. 자연스럽게 다가가,2
KoBART lr5e-5 (04),전이학습,beam5+no_repeat_ngram3,과일 안 먹게 돼,그래도 먹으려고 노력해보세요.,꼬박꼬박 챙겨 드세요. 기분이 좋아질거라 믿어요.,0
KoBART lr5e-5 (04),전이학습,beam5+no_repeat_ngram3,봉사도 하고 사랑을 베풀고 싶어,나를 진실로 존중하고 사랑할 때 가능해요.,봉사활동도 좋죠. 필요하다면 하는 게 좋을 것 같아요. 필요하다면,0
KoBART lr5e-5 (04),전이학습,beam5+no_repeat_ngram3,시간 갖는 거,마음에게 준비할 시간을 주는 것이죠.,시간적 여유가 생겨서 그런가봐요. 다른 일을 찾아보세요.,1
KoBART lr5e-5 (04),전이학습,beam5+no_repeat_ngram3,인간 관계가 제일 어려운거 같아,운전처럼 안전거리확보하세요.,인간 관계가 제일 힘든 거 같아요. 자연스러운 현상이에요. 인간 관계가,0
KoBART lr5e-5 (04),전이학습,beam5+no_repeat_ngram3,미친듯이 잡고 싶어.,이별 직후엔 그럴 수 있어요.,후회하지 않을 자신 있다면 연락해보세요. 연락해 보세요. 생각이 정리,1
KoBART lr5e-5 (04),전이학습,beam5+no_repeat_ngram3,후.ㅎㅎ,지쳤나봐요.,후련하니 다행이에요. 축하해요! 기운내요!,1
KoBART lr5e-5 (04),전이학습,beam5+no_repeat_ngram3,오늘 아무 것도 안 가져 왔다,개념만 가져오면 돼요.,뭘 가져가도 괜찮을 거예요. 신경쓰지 않는 연습을 해보,0
KoBART lr5e-5 (04),전이학습,beam5+no_repeat_ngram3,정규직 입사 너무 어려워,쪼잔하네요.,회사와 자신에 대해서 더 공부해서 자신감을 가져보세요. 자신감을 가져,0
KoBART lr5e-5 (04),전이학습,beam5+no_repeat_ngram3,귀농 어때?,생각하기는 쉬운데 실천하기는 어려운 것 같아요.,귀농은 어때요. 어제와 내일을 놓고 고민하느라,0
KoBART lr5e-5 (04),전이학습,beam5+no_repeat_ngram3,힘드네. 정말.이런건 줄 몰랐어,알았으면 시작 못했겠죠.,정말 힘드신가봐요. 힘내세요! 기운내세요,1
KoBART lr5e-5 (04),전이학습,beam5+no_repeat_ngram3,노는 거 좋아하는 남자는 좋아하면 힘들겠지?,지금은 괜찮지만 힘들 거예요.,사람 마다 다르겠지만 노는 걸 좋아하죠. 같이 노는,2
KoBART lr5e-5 (04),전이학습,beam5+no_repeat_ngram3,좋아하는 애한테 페메 해볼까?,직접 연락하는 게 좋을 것 같아요.,용기를 내서 해보세요. 좋을 것 같네요. 용기를내서 해보,2
KoBART lr5e-5 (04),전이학습,beam5+no_repeat_ngram3,핸드폰 중독인듯,중독에서 벗어나세요.,핸드폰은 핸드폰이 아니에요. 그냥 핸드폰으로 충전,0
KoBART lr5e-5 (04),전이학습,beam5+no_repeat_ngram3,언젠간 먼저 연락오겠죠?,붙잡고 싶다면 먼저 연락해보세요.,언젠간 올 순간이었을 거예요. 그때는 놓아주세요. 그때는,1
KoBART lr5e-5 (04),전이학습,beam5+no_repeat_ngram3,너무 마른 거 같아,적당해요.,적당히 차면 마셔보세요. 괜찮아질거예요.,0
KoBART lr5e-5 (04),전이학습,beam5+no_repeat_ngram3,세상이 무서워,너무 불안해하지 않아도 돼요.,어흥!! 호랑이보다 무섭나요? 어흥! 호랑이,0
KoBART lr5e-5 (04),전이학습,beam5+no_repeat_ngram3,나 혼자 여행 왔는데 괜찮네,온전히 느낄 수 있는 시간이겠네요.,온전히 느낄 수 있는 시간이겠네요. 혼자만의 여행이 좋겠,0
KoBART lr5e-5 (04),전이학습,beam5+no_repeat_ngram3,첫 눈에 반하는게 가능해?,당연히 가능하죠.,가능합니다! 가능하다면 가능합니다. 가능하다고 봅니다. 가능,2
KoBART lr5e-5 (04),전이학습,beam5+no_repeat_ngram3,그런 사람인갑다 해야지,대인배시군요.,인연이 거기까지였나봐요. 다른 사람 말은 신경쓰지,0
KoBART lr5e-5 (04),전이학습,beam5+no_repeat_ngram3,웃기지마 넌 쓰레기야,아니에요. 전 쓰레기가 아니에요.,그런 생각은 버리세요. 자신을 비하하지 마세요. 당신은 죄가,1
KoBART lr5e-5 (04),전이학습,beam5+no_repeat_ngram3,소식이 궁금해~,연락 확실하게 끊으세요.,소식에 귀를 기울이지 마세요. 기운 내겠네요. 기대되겠,1
KoBART lr5e-5 (04),전이학습,beam5+no_repeat_ngram3,면도기 사야되는데,잘 골라보세요.,안 사도 괜찮아요. 사도 사세요. 사셔야죠. 사,0
KoBART lr5e-5 (04),전이학습,beam5+no_repeat_ngram3,썸인데 나 솔로야?,사귀기 전이면 솔로죠.,사람마다 다르겠지만 사귀고 난 후가 좋겠어요. 사귀,2
KoBART lr5e-5 (04),전이학습,beam5+no_repeat_ngram3,필통 두고 옴,빌리면 돼요.,연락두절돼서 걱정되겠네요. 저한테 말해보,0
KoBART lr5e-5 (04),전이학습,beam5+no_repeat_ngram3,좋아하는 감정이 뭐예요?,가만히 있어도 생각나는 거 아닐까요.,서로 인정하고 존중하고 아끼는 마음이에요. 당신의 감정을 믿어주,2
KoBART lr5e-5 (04),전이학습,beam5+no_repeat_ngram3,오해했네 그리고 차단 ㅎㅎ,차단하는게 서로에게 좋을 때가 있어요.,오해할만한 일이 생겼을때는 솔직하게 이야기하고 풀어보,1
KoBART lr5e-5 (04),전이학습,beam5+no_repeat_ngram3,여자들이 좋아하는 남자 특징?,다정한게 좋을 듯 해요.,사람마다 너무 다를 것 같아요. 신경쓰지 않는 선이 좋겠,2
KoBART lr5e-5 (04),전이학습,beam5+no_repeat_ngram3,넥타이핀 선물 괜찮겠지?,실용적인 선물이라 괜찮을 거예요.,이 김에 하나 장만하는 건 어떨까요. 이왕이면,0
KoBART lr5e-5 (04),전이학습,beam5+no_repeat_ngram3,스팸 전화 많이 와,차단 어플 사용해보세요.,신고하세요. 기다리는 전화가 있나봐요. 기다리는 동안 연락두세요.,0
KoBART lr5e-5 (04),전이학습,beam5+no_repeat_ngram3,그는 지금 무슨 생각을 할까?,연락을 해보세요.,직접 물어보세요. 생각이 더 많이 나요. 자연스럽게 말을 걸어보세요.,2
KoBART lr5e-5 (04),전이학습,beam5+no_repeat_ngram3,애인이 생겼답니다.,신경 쓰이긴 하지만 무시하는게 좋겠어요.,안타깝게 생각해요. 새로운 사랑이 찾아오길 바랄게요. 축하,1
KoBART lr5e-5 (04),전이학습,beam5+no_repeat_ngram3,싸구려 인생,누구도 당신의 인생을 평가할 수 없어요.,좋은 습관이에요. 칭찬해주고 싶네요. 응원합니다!,1
KoBART lr5e-5 (04),전이학습,beam5+no_repeat_ngram3,회사가는 길에 매일 보는 사람 있어,운명일지도 모르겠어요.,매일 볼 수 있어 학교갈 맛이 나겠네요. 취업에 성공,0
KoBART lr5e-5 (04),전이학습,beam5+no_repeat_ngram3,한달 다되가네,그러게요. 어느덧 한달이에요.,다 잘 될 거예요. 조금만 더 힘내세요. 기운내세요! 기운,1
KoBART lr5e-5 (04),전이학습,beam5+no_repeat_ngram3,삼겹살 구워 먹고 싶다.,맛나게 드세요.,맛나게 끓여드세요. 어제와 오늘 두근거리겠네,0
KoBART lr5e-5 (04),전이학습,beam5+no_repeat_ngram3,힘든 밤입니다,힘내세요.,힘든 밤이네요. 힘든 만큼 더 힘든 하루였을거라 생각해,1
KoBART lr5e-5 (04),전이학습,beam5+no_repeat_ngram3,뒤숭숭하네,실감이 안날 거예요.,마음이 헛헛한가봐요. 기운을 차리세요. 기운을,1
KoBART lr5e-5 (04),전이학습,beam5+no_repeat_ngram3,술 먹을 때 옆에서 챙겨줬는데 썸임?,친절한 거랑 구별해볼 필요가 있어요.,술 먹을 때 조심하세요. 썸의 가능성이 높겠네요.,2
KoBART lr5e-5 (04),전이학습,beam5+no_repeat_ngram3,베터리 겨우 15%야,미리 충전하세요.,충전하고 만나요! 기다려보세요. 기다릴게요. 기다려주,0
KoBART lr5e-5 (04),전이학습,beam5+no_repeat_ngram3,기침도 못하겠어,답답한 상황이네요.,급하게 주무세요. 힘내세요! 기운 내세요! 힘내,0
KoBART lr5e-5 (04),전이학습,beam5+no_repeat_ngram3,썸 타기 좋은 알바 추천 좀.,영화관이나 커피숍 추천해요.,알바에 대한 두려움을 가지고 있을 수도 있어요. 재밌는 알바 추천해,2
KoBART lr5e-5 (04),전이학습,beam5+no_repeat_ngram3,친구들한테 인정받을 수 있을까,지금도 인정받고 있어요.,지금보다 더 잘할 수 있을 거예요. 노력해보세요. 당신의 능력을 믿,0
KoBART lr5e-5 (04),전이학습,beam5+no_repeat_ngram3,생각 안나,잘 생각해보세요.,다른 생각을 해보는 건 어떨까요. 생각을 정리해 보는 거예요. 생각을 정리해,0
KoBART lr5e-5 (04),전이학습,beam5+no_repeat_ngram3,빚이 너무 많아,빚 얼른 갚고 새출발하세요.,빚 갚고 새출발하세요. 기운을 내세요. 새출,0
KoBART lr5e-5 (04),전이학습,beam5+no_repeat_ngram3,얼굴 너무 까매졌어.,관리해주세요.,예뻐질 거예요. 기운 내요. 기운 내세요! 기운 내요,0
KoBART lr5e-5 (04),전이학습,beam5+no_repeat_ngram3,재테크 하는 방법 알려줘,우선 관련 서적을 읽어보세요.,다른 일에 집중할 수 있으면 좋으련만. 노력해보세요.,0
KoBART lr5e-5 (04),전이학습,beam5+no_repeat_ngram3,확실히 날 좋아하는 걸 아는 남자랑 친구가 될 수 있을까?,그 사람을 위해서는 그러면 안돼요.,당신도 좋은 사람 만나서 알면 좋겠어요. 호의적으로 대해,2
KoBART lr5e-5 (04),전이학습,beam5+no_repeat_ngram3,온종일 멍하네,이런 날 더욱 적적하지요.,멍 때리기만 하면 돼요. 자책하지 말아요. 기운을,1
KoBART lr5e-5 (04),전이학습,beam5+no_repeat_ngram3,헬스장에서 자주 보는 여자가 보고싶어,한 번 말을 걸어보세요.,회원정보 찾기를 해보세요. 회원정보가 확인되겠네요.,2
KoBART lr5e-5 (04),전이학습,beam5+no_repeat_ngram3,출근길 너무 힘들어,회사 근처로 이사를 가보세요.,오늘 회사 가기 싫은가봐요. 잠깐 쉬어가도 괜찮아,0
KoBART lr5e-5 (04),전이학습,beam5+no_repeat_ngram3,너무 빨리 철 든 거 같아서 마음이 아파,아이는 아이다워야 아름답죠.,이별을 받아들이는 것도 중요해요. 마음의 짐을 덜어보세요. 마음이,0
KoBART lr5e-5 (04),전이학습,beam5+no_repeat_ngram3,그녀에게 받았던 선물들을 모조리 다 버리려 합니다.,버릴 때 마음이 아프겠지만 버리는 게 좋을 거예요.,고마움을 전해보세요. 그리고는 떠나버리는 건 어떨까요.,1
KoBART lr5e-5 (04),전이학습,beam5+no_repeat_ngram3,짝남네 집에서 친구들이랑 집들이 가는데 뭐 사갈까?,필요한게 없는지 물어보면서 대화를 이어 나가세요.,즐거운 시간 보내시길 바랄게요. 맛있는 거 드세요. 맛있는,2
KoBART lr5e-5 (04),전이학습,beam5+no_repeat_ngram3,취업 준비 힘들어,합격을 기원합니다.,회사와 자신에 대해서 더 공부해서 자신감을 가져보세요. 자신에,0
KoBART lr5e-5 (04),전이학습,beam5+no_repeat_ngram3,이거 썸 맞나,대화를 시작하는 사람이 누구인지 살펴보세요.,썸이 맞는지 확인해보세요. 썸의 가능성이 높겠,2
KoBART lr5e-5 (04),전이학습,beam5+no_repeat_ngram3,오늘 생각보다 춥네,감기 조심하세요.,마음 감기조심하세요. 따뜻하게 겨울 나길 바랄,0
KoBART lr5e-5 (04),전이학습,beam5+no_repeat_ngram3,여자친구한테 질린 듯,당신의 사랑이 변한것 같아요.,질투난다고 말해보세요. 기분이 나아질거라 믿어요.,0
KoBART lr5e-5 (04),전이학습,beam5+no_repeat_ngram3,청소 해도 티가 안나,한번만 더 하세요.,청소를 좋아하시나봐요. 필요하다면 하는 게 좋을 것 같,0
KoBART lr5e-5 (04),전이학습,beam5+no_repeat_ngram3,목소리 좋은 사람이 좋아,저도 듣고 싶네요.,저도 듣고 싶어요. 저 목소릴 들려주세요. 저 목소린 저도,0
KoBART lr5e-5 (04),전이학습,beam5+no_repeat_ngram3,머리가 너무 빨리 자라,이상한 생각했나봐요.,머리랑 가슴이 가끔 따로 놀죠. 정신 차리세요. 기운을 차,0
KoBART lr5e-5 (04),전이학습,beam5+no_repeat_ngram3,신경 쓰여,신경쓰는 사람들 무시하세요.,신경쓰지 마세요. 기운 내세요! 기운 내요! 기운,0
KoBART lr5e-5 (04),전이학습,beam5+no_repeat_ngram3,이시간들 어찌보내야할까.,저랑 같이 이야기 해요.,시간을 정해서 시간을 보내보세요. 괜찮아질거예요. 시간을,1
KoBART lr5e-5 (04),전이학습,beam5+no_repeat_ngram3,좋아하는 남자 때문에 너무 기분이 안 좋아.,무슨 일이 있었나봐요.,마음 단단히 잡긴 바랄게요. 당신의 마음이 허락하는 한,2
KoBART lr5e-5 (04),전이학습,beam5+no_repeat_ngram3,결정을 못 내리겠어. 어떻해,결정은 빠르면 빠를수록 좋을 거예요.,결정은 빠르면 빠를수록 좋죠. 차분히 기다려보,0
KoBART lr5e-5 (04),전이학습,beam5+no_repeat_ngram3,오늘 또 헤어진 사람의 sns를 봤네,sns를 삭제하는게 어떨까요. 미련만 남을 뿐이에요.,sns를 삭제하는게 좋겠네요. 미련만 남을,1
KoBART lr5e-5 (04),전이학습,beam5+no_repeat_ngram3,좋아하던 여자애가 남친 생겼다는대 아무렇지도 않아.,좋아하는 걸로 착각하고 있었을 수도 있어요.,걱정되겠어요. 신경쓰지 마세요. 좋은 소식 전해주세요.,2
KoBART lr5e-5 (04),전이학습,beam5+no_repeat_ngram3,너는 내 인생에서 죽었다.,그렇게 잊어 가는 거예요.,당신은 소중한 소중한 사람이에요. 잊어버리세요. 당신은 태어난 순간부터,1
KoBART lr5e-5 (04),전이학습,beam5+no_repeat_ngram3,시험 공부 큰일,지금도 늦지 않았어요.,나중에 없애주세요. 공부하면 더 많은 선택을 할 수 있을 거예요. 자신의,0
KoBART lr5e-5 (04),전이학습,beam5+no_repeat_ngram3,쳇바퀴 도는 하루,그 속에서 가치와 의미를 찾아보세요.,하루에도 몇 번씩 이랬다 저랬다 할 수 있어요. 활,0
KoBART lr5e-5 (04),전이학습,beam5+no_repeat_ngram3,말을 못하겠어,별 거 아니라고 생각해보세요.,하고 싶은 말 다하세요. 신경쓰지 마세요. 노력하겠습니다.,0
KoBART lr5e-5 (04),전이학습,beam5+no_repeat_ngram3,시어머니가 같이 목욕탕 가재,부담스럽겠어요.,기분전환을 해보세요. 생각보다 반응이 좋으시네요. 기분,2
KoBART lr5e-5 (04),전이학습,beam5+no_repeat_ngram3,덕질 하는 중,좋아하는 게 있는 건 더없이 좋은 일이에요.,좋은 걸 사세요. 기분이 좋아질거예요. 좋은 걸로 사세요.,0
KoBART lr5e-5 (04),전이학습,beam5+no_repeat_ngram3,여사친이 많은 썸남,저는 비추요.,썸이 맞는지 확인해보세요. 썸의 느낌이겠네,2
KoBART lr5e-5 (04),전이학습,beam5+no_repeat_ngram3,1년을 넘게 만났는데 어떻게 이럽니까,시간이 무색해지네요.,잘 지내는지 잘 지켜보세요. 당신의 마음이 다치겠네요.,1
KoBART lr5e-5 (04),전이학습,beam5+no_repeat_ngram3,부모님이 결혼 자금 안 보태주신대,부모님 노후 자금도 생각해야겠죠.,돈을 더 모아야할 이유가 생겼네요. 차용증을 써보,2
KoBART lr5e-5 (04),전이학습,beam5+no_repeat_ngram3,핑계,모두 핑계겠죠.,핑계 핑계로 삼지 마세요. 기분이 나아졌길 바,1
KoBART lr5e-5 (04),전이학습,beam5+no_repeat_ngram3,고백 받고 싶어,먼저 고백해보세요.,용기를 내서 말해보세요. 제가 당신을 응원할게요. 용기를 내,2
KoBART lr5e-5 (04),전이학습,beam5+no_repeat_ngram3,내가 호구냐구,상종하지마세요.,호의인지 호감인지 헷갈리나요? 생각해 볼게,0
KoBART lr5e-5 (04),전이학습,beam5+no_repeat_ngram3,이젠 증오가 될거같네,충분히 이해해요. 하지만 나에게도 독이 될 수 있어요.,자신을 더 사랑해주세요. 당신은 축복과 사랑을 받을 자격이 있는,1
KoBART lr5e-5 (04),전이학습,beam5+no_repeat_ngram3,하늘이 준 이별 같다,운명같네요.,하늘 만큼 땅 만큼 사랑해주세요. 제가 위로해줄게요. 제가 위로,1
KoBART lr5e-5 (04),전이학습,beam5+no_repeat_ngram3,왜 사람은 외로울까. 아직도 의문이다.,타인과 함께 했던 경험 때문일 것 같아요.,사람은 외로운 동물이죠. 미련만 남았다면 미련,1
KoBART lr5e-5 (04),전이학습,beam5+no_repeat_ngram3,학폭 없어졌으면,학교 폭력은 범죄에요.,다음 학기에는 학점 관리를 더 열심히 해봐요. 형편에 맞게,0
KoBART lr5e-5 (04),전이학습,beam5+no_repeat_ngram3,아침밥 먹을 시간 없어서 굶었더니 배고파,뭐라도 드세요.,건강 걱정되겠네요. 챙겨드세요. 꼬박꼬박 챙겨,0
KoBART lr5e-5 (04),전이학습,beam5+no_repeat_ngram3,결혼 했어,좋겠어요.,축하드려요. 더 좋은 사람 만날 수 있을 거예요. 축하해요!,0
KoBART lr5e-5 (04),전이학습,beam5+no_repeat_ngram3,동거 8년 환승이별.,환승은 진짜 별로네요.,환승 이별은 예의가 아니네요. 예의가 없네요.,1
KoBART lr5e-5 (04),전이학습,beam5+no_repeat_ngram3,정답이 뭘까,답은 언제나 내 안에 있죠.,직접 물어보거나 간접적으로 물어보세요. 정답을 맞출 수,0
KoBART lr5e-5 (04),전이학습,beam5+no_repeat_ngram3,여자친구가 화나면 말을 안 해.,시간을 주세요.,대화를 하면서 속도를 맞춰보세요. 조금 더 상황을 지켜보세요. 힘들겠네,2
KoBART lr5e-5 (04),전이학습,beam5+no_repeat_ngram3,쓰레기새끼,기분이 좀 풀렸길 바랍니다.,얼른 청소하세요. 피곤했나봐요. 힘내세요. 청소,1
KoBART lr5e-5 (04),전이학습,beam5+no_repeat_ngram3,이건 이별을 준비해야 하는건가??,슬픈 예감은 틀린 적이 없죠.,고민하고 있다면 그게 맞을거예요. 시간을 가지고 생각해보세요.,1
KoBART lr5e-5 (04),전이학습,beam5+no_repeat_ngram3,내가 그르친 거 같아,아니에요. 너무 자책하지 마세요.,그럴 때가 있죠. 정신 차리세요. 힘내세요. 기운내세요.,0
KoBART lr5e-5 (04),전이학습,beam5+no_repeat_ngram3,전부 가시밭길 같아,꽃길만 걷길 바랍니다.,꽃길만 걷길 바랄게요. 저랑 수 있으면 좋을,0
KoBART lr5e-5 (04),전이학습,beam5+no_repeat_ngram3,덤덤,덤덤해졌나봐요.,인연이 거기까지였나봐요. 금방 나아질 거예요. 조금만 더,1
KoBART lr5e-5 (04),전이학습,beam5+no_repeat_ngram3,이젠 다시 만날 수도 없는 상황,달라지는게 없다면 이런 상황이 더 나을지도 몰라요.,이별을 받아들이는 것도 중요해요. 힘들었을텐데 잠깐 쉬,1
KoBART lr5e-5 (04),전이학습,beam5+no_repeat_ngram3,머리 확 잘라버려야지,스타일의 변화도 좋을 거예요.,"미스트나 가습기, 젖은 수건 등을 사용해보세요.",0
KoBART lr5e-5 (04),전이학습,beam5+no_repeat_ngram3,길이 얼었어,미끄러우니 조심하세요.,얼른 청소하세요. 피곤했나봐요. 기운 내세요!,0
KoBART lr5e-5 (04),전이학습,beam5+no_repeat_ngram3,너무 기대했나봐,아무것도 바라지 않을 때 천하를 얻는다는 말이 있어요.,상대방도 똑같은 인간이라는 걸 잊지 마세요. 당신의 삶을 믿어,0
KoBART lr5e-5 (04),전이학습,beam5+no_repeat_ngram3,넘어질뻔했어,조심하세요.,다치지 않으셨나 걱정이네요. 어서 치과에 가보,0
KoBART lr5e-5 (04),전이학습,beam5+no_repeat_ngram3,비가 오니.울컥하네,그러게요. 비가 추적추적 내려요.,비가 오려나봐요. 어서 비를 맞으세요. 우산,1
KoBART lr5e-5 (04),전이학습,beam5+no_repeat_ngram3,신기한 일들이 많이 일어나,그게 인생이죠.,다른 사람도 알 수 있을 거예요. 새는 새가 될 거예요. 새가,0
KoBART lr5e-5 (04),전이학습,beam5+no_repeat_ngram3,부모님 노후가 걱정돼,상담이나 컨설팅을 받아보는 것도 좋을 거예요.,노후는 지금부터 준비하는 게 좋죠. 지금부터 준비해보세요. 노후,0
KoBART lr5e-5 (04),전이학습,beam5+no_repeat_ngram3,요즘 너무 지루해,마음에 따라 얼마든지 바뀔 수 있어요.,잠깐씩 멍때리는것도 정신건강에 좋아요. 차분히,0
KoBART lr5e-5 (04),전이학습,beam5+no_repeat_ngram3,잘못인줄 모르는 여자,자신의 잘못도 인정할 수 있는 사람이 좋아요.,피할 수 있으면 피하고 싶은 사람이네요. 눈에서 멀어지면,1
KoBART lr5e-5 (04),전이학습,beam5+no_repeat_ngram3,나는 너를 거쳐간 수 많은 남자들 중 한명뿐이겠지.,그렇게 생각하지 않을 거예요.,자신의 삶을 살다보면 만날 수 있을 거예요. 기억에 의존해서 살아,1
KoBART lr5e-5 (04),전이학습,beam5+no_repeat_ngram3,사랑해서 그런거래,상대방을 배려하지 않은 사랑은 좋지 않은거예요.,사랑에는 거래요. 거래하지 말고 거래하세요. 거래하고 거래하,2
KoBART lr5e-5 (04),전이학습,beam5+no_repeat_ngram3,나 보고 잘 웃는 여자애 나 좋아하는 건가?,직접 알아보는 것이 좋아요.,호감이 있을 수도 있어요. 그렇지만 조금 더 상황을 지켜보세요. 호감을 표현,2
KoBART lr5e-5 (04),전이학습,beam5+no_repeat_ngram3,붙잡고 싶은데 이제는 늦은것 같네 .,사랑의 끝은 예고 없이 다가오죠.,이별을 받아들이는 것도 중요해요. 미련을 버리세요.,1
KoBART lr5e-5 (04),전이학습,beam5+no_repeat_ngram3,힘듭니다.,어떤 말도 위로가 되지 않겠지만 힘내세요.,힘내세요. 힘내세요! 기운내요! 힘내요,1
KoBART lr5e-5 (04),전이학습,beam5+no_repeat_ngram3,내 잘못이 뭔지 모르겠어,모르는 게 잘못인 거 같아요.,모르는 게 잘못인 거 같아요. 인정하고 인정하고 자책하지 말아요.,0
KoBART lr5e-5 (04),전이학습,beam5+no_repeat_ngram3,왠지 가슴한 켠이 먹먹하네,많이 답답할거라 생각해요.,마음이 헛헛한가봐요. 기운을 차리세요. 기운을,1
KoBART lr5e-5 (04),전이학습,beam5+no_repeat_ngram3,하나만 물아볼께,네 말씀해주세요.,물 한잔 드셔보세요. 기분이 나아질거예요. 기분이,1
KoBART lr5e-5 (04),전이학습,beam5+no_repeat_ngram3,7년사귄 남자친구의 유흥업소 방문사실을 알아버렸습니다,그런 사람 못 고쳐 씁니다. 헤어지세요.,바빠서 그럴 수도 있어요. 신경쓰지 않는 연습을 해봐,1
KoBART lr5e-5 (04),전이학습,beam5+no_repeat_ngram3,면접만 보면 돼,끝까지 잘할 수 있을 거예요.,회사와 자신에 대해서 더 공부해서 자신감을 가져보세요. 자신감을 가져,0
KoBART lr5e-5 (04),전이학습,beam5+no_repeat_ngram3,랩 추천 좀. 나 좋아하는 남자애한테 잘 보이고 싶어.,최신 인기 차트를 찾아보는 걸 추천해요.,솔직한 편이 더 좋을 거 같아요. 자신감을 가지세요. 기운을 내세,2
KoBART lr5e-5 (04),전이학습,beam5+no_repeat_ngram3,좋아하는 거랑 사랑하는게 다른 거야?,마음에 농도 차인 것 같습니다.,좋아하는 감정에 귀 기울이는 건 어떨까요. 자신의 감정을 믿어,2
KoBART lr5e-5 (04),전이학습,beam5+no_repeat_ngram3,왜 자꾸 내 마음속에 나타나니?,많이 사랑했던 분인가봐요.,내 맘처럼 나타나지 않으니까요. 자연스러운 현상이에요. 자연,1
KoBART lr5e-5 (04),전이학습,beam5+no_repeat_ngram3,하루하루 너무 힘드네,다른사람에게 기대보는 건 어떨까요.,금방 나아질 거예요. 조금만 더 견뎌보세요. 괜찮아질 거예요.,1
KoBART lr5e-5 (04),전이학습,beam5+no_repeat_ngram3,자취한다는데 뭘 챙겨줄까?,직접 물어보는 게 좋을 것 같아요.,든든할 거라 생각해요. 자신의 삶을 응원합니다! 기운 내,2
KoBART lr5e-5 (04),전이학습,beam5+no_repeat_ngram3,아직도 심장이 뛰고있어.,심장은 항상 뜁니다.,심호흡을 해보세요. 당신의 심장이 뛰는 걸 느낄 수 있을,1
KoBART lr5e-5 (04),전이학습,beam5+no_repeat_ngram3,남자친구 생일인데 뭘 줄까,평소에 필요한 것 생각해보세요.,평소에 필요했던 게 좋을 것 같아요. 용기를 내서 말해보,0
KoBART lr5e-5 (04),전이학습,beam5+no_repeat_ngram3,나도 좋아하는 사람이랑 영화 보고 싶다.,먼저 연락해 보는건 어떨까요?,저도 영화 좋아해요. 영화 보고 싶어요. 같이 가요. 같이 가,2
KoBART lr5e-5 (04),전이학습,beam5+no_repeat_ngram3,1년 9개월 의 연애 종지부.,또 다른 사랑이 찾아올 거예요.,이별을 받아들이는 것도 필요해요. 이별은 미련을 버,1
KoBART lr5e-5 (04),전이학습,beam5+no_repeat_ngram3,상 받을 거 같아,축하합니다!,뿌린대로 거둘 거예요. 자신의 뿌듯함을 느껴보세요. 뿌,0
KoBART lr5e-5 (04),전이학습,beam5+no_repeat_ngram3,게임 같이 하자고 할까?,안 될 것도 없죠.,온 가족이 모두 마음에 드는 곳으로 가보세요. 즐거운 도전이 될 거예요.,0
KoBART lr5e-5 (04),전이학습,beam5+no_repeat_ngram3,회사에서 마음 편한 사람이 없어,회사에는 동료가 있을 뿐이에요.,회사에서 꼼수를 쓰는 건 아닌지 확인해보세요. 당신의 능력을 믿,0
KoBART lr5e-5 (04),전이학습,beam5+no_repeat_ngram3,썸 타는 여자애한테 벚꽃 보러 가자고 해도 돼?,벚꽃 놀이 좋죠!,벚꽃 보러 가자고 연락해봐요. 같이 가자고 해,2
KoBART lr5e-5 (04),전이학습,beam5+no_repeat_ngram3,힘드네.,조금만 더 버텨요.,조금만 더 힘내세요. 괜찮아질 거예요. 힘내세요! 기운,1
KoBART lr5e-5 (04),전이학습,beam5+no_repeat_ngram3,휴학할까,계획 세우고 하세요.,공부하면 더 많은 선택을 할 수 있죠. 자신의 잠재력을 믿어요.,0
KoBART lr5e-5 (04),전이학습,beam5+no_repeat_ngram3,위기야.,위기이면서 기회일 거예요.,위기이면서 기회인 거 같아요. 어제와 내일을 놓고 고민하,0
KoBART lr5e-5 (04),전이학습,beam5+no_repeat_ngram3,점심시간일 텐데 카톡이 안 와.,먼저 연락을 해보는 건 어떨까요?,바쁜 상황일 수도 있어요. 신경쓰지 않는 선에서 연락해보세요.,2
KoBART lr5e-5 (04),전이학습,beam5+no_repeat_ngram3,마지막 작별 문자를 보낼까?,네 보내보세요.,미련이 남았나봐요. 미련을 버리세요.,1
KoBART lr5e-5 (04),전이학습,beam5+no_repeat_ngram3,정성 담긴 선물 뭐가 좋을까?,손편지도 좋을 거 같아요.,정성이 담긴 장소에 가보세요. 언제나 좋았던 추억이 담긴,2
KoBART lr5e-5 (04),전이학습,beam5+no_repeat_ngram3,주말에 스키장 간다!,설레겠어요.,실컷 스키탈 수 있을 것 같아요. 푹 쉬고 오세요.,0
KoBART lr5e-5 (04),전이학습,beam5+no_repeat_ngram3,면허 딸까봐,운전하는거 재미있어요.,운전 재미있어요. 도움이 되겠네요. 도움을 청해보세요. 도움이 될 거예요.,0
KoBART lr5e-5 (04),전이학습,beam5+no_repeat_ngram3,말을 왜 이렇게 못 알아 듣니,노력하겠습니다.,신경쓰지 마세요. 칭찬해주고 싶네요. 무시하세요.,0
KoBART lr5e-5 (04),전이학습,beam5+no_repeat_ngram3,좋아하는 남자애가 입대하는데 어떤 선물을 해주는게 좋을까요?,면회나 편지가 최고죠!,큰 선물은 언제나 좋지만 슬쩍 호감을 표현해봐요.,2
KoBART lr5e-5 (04),전이학습,beam5+no_repeat_ngram3,헤어진지 벌써 몇 년,많은 시간이 흘렀네요.,금방 나아질 거예요. 조금만 더 견뎌보세요. 괜찮아질 거예요.,1
KoBART lr5e-5 (04),전이학습,beam5+no_repeat_ngram3,코 앞이 재회.,마음의 준비를 하세요.,코 앞이 다 코가 아니에요. 신경쓰지 마세요.,1
KoBART lr5e-5 (04),전이학습,beam5+no_repeat_ngram3,자꾸 짝남 얼굴 생각나.,보고 싶으니 그럴만 해요.,신경쓰이겠어요. 신경쓰지 말고 마음 가는 대로 하세요.,2
KoBART lr5e-5 (04),전이학습,beam5+no_repeat_ngram3,이닦았는데 잇몸에서 피나,잇몸약 챙겨드시거나 치과 가보세요.,잇몸약 챙겨드시거나 치과 가보세요. 바르고 오,0
KoBART lr5e-5 (04),전이학습,beam5+no_repeat_ngram3,태닝할까,구릿빛 피부 좋죠!,기분전환을 해보세요. 한결 몸이 가벼워질거예요. 기분이,0
KoBART lr5e-5 (04),전이학습,beam5+no_repeat_ngram3,연애는 진짜 좋아하는 사람이랑 해야해.,맞는 말씀입니다.,연애에 대한 두려움을 가지고 있을 수도 있을 듯 합니다. 본인의 가치관을,2
KoBART lr5e-5 (04),전이학습,beam5+no_repeat_ngram3,술한잔했어,한 잔하기 좋은 날이죠.,술이 웬수예요. 더 후회하지 않길 바랄게,1
KoBART lr5e-5 (04),전이학습,beam5+no_repeat_ngram3,너무 많이 먹었나봐,과식은 금물이에요.,건강 걱정되겠네요. 약을 먹거나 병원에 가보세요. 약,0
KoBART lr5e-5 (04),전이학습,beam5+no_repeat_ngram3,짝사랑 그만할래,짝사랑은 시작과 끝을 자신이 결정할 수 있어요.,짝사랑을 그만두는 건 서로에게 도움이 안 돼요. 서로의 마음에,2
KoBART lr5e-5 (04),전이학습,beam5+no_repeat_ngram3,여름에는 냉면만한게 없는 듯,생각만 해도 군침이 도네요.,시원하게 여름이네요. 따뜻하게 겨울 나시길 바랄,0
KoBART lr5e-5 (04),전이학습,beam5+no_repeat_ngram3,짝녀한테 휘둘리고 싶지 않은데 이러는 내가 싫다.,자신의 의지를 굳건히 하세요.,사랑 앞에 휘둘리는 건 좋지 않아요. 자신을 더 사랑해주세요.,2
KoBART lr5e-5 (04),전이학습,beam5+no_repeat_ngram3,썸 타는 여자애 상메 궁금해.,한번 봐봐요.,은연 중에 연락을 기다리고 있었나봐요. 곧 연락을 할 수 있을,2
KoBART lr5e-5 (04),전이학습,beam5+no_repeat_ngram3,그대가 보고파,많이 사랑했던 사람이었나요.,이별은 사람을 변덕쟁이로 만들기도 하죠. 용서하고 기회를,1
KoBART lr5e-5 (04),전이학습,beam5+no_repeat_ngram3,연애도 좋지만 내 시간도 중요한 나 정상일까?,내 인생의 주인공은 나야 나!,다른 시간도 중요하겠지만 그 시간 자체도 중요하답니다.,2
KoBART lr5e-5 (04),전이학습,beam5+no_repeat_ngram3,비밀 지켜줄까?,세상에 비밀은 없어요.,회원정보 찾기를 해보세요. 회원정보가 도움이 될 거예요. 회원정보,0
KoBART lr5e-5 (04),전이학습,beam5+no_repeat_ngram3,평가원 잘 보고 싶다,평소처럼 잘 볼 수 있을 거예요.,잘 볼 수 있을 거예요. 조금만 참고 기다려보세요. 좋은 결과 있을 거예요.,0
KoBART lr5e-5 (04),전이학습,beam5+no_repeat_ngram3,친구에서 연인이 되려면,이성으로 대해요.,먼저 다가가 보세요. 당신의 인연이 거기까지 였나봐요.,2
KoBART lr5e-5 (04),전이학습,beam5+no_repeat_ngram3,바지 입을까? 치마 입을까?,오늘은 바지가 좋을거 같아요.,환해 보이는 옷이요! 이뻐요. 이뻐요!,0
KoBART lr5e-5 (04),전이학습,beam5+no_repeat_ngram3,맛있는 거 먹는데 생각나는 사람,그게 진짜 사랑이네요.,어떤 음식을 좋아하는지 물어보세요. 맛있게 드세요. 그래도 이왕,2
KoBART lr5e-5 (04),전이학습,beam5+no_repeat_ngram3,헤어스타일 좀 바꿔볼까?,기분 전환해보세요.,헤어 디자이너에게 여쭤보세요. 한결 마음이 정리될거예요.,0
KoBART lr5e-5 (04),전이학습,beam5+no_repeat_ngram3,택배가 안 와,오늘 택배기사님들 쉬는 날이예요.,송장 번호를 확인해보세요. 현금이 더 들어올거예요.,0
KoBART lr5e-5 (04),전이학습,beam5+no_repeat_ngram3,코트 살까,있으면 좋죠.,패션으로 멋질 것 같아요. 차분히 준비해보세요. 멋,0
KoBART lr5e-5 (04),전이학습,beam5+no_repeat_ngram3,결혼식 날짜 잡았대,축하해주세요.,경조사는 참석하는게 좋죠. 참석하는 게 좋겠네요.,2
KoBART lr5e-5 (04),전이학습,beam5+no_repeat_ngram3,이별은 다 비슷한거 같아.,이별은 똑같이 힘드니까요.,이별에 변덕쟁이네요. 위로가 되지 않나봐요.,1
KoBART lr5e-5 (04),전이학습,beam5+no_repeat_ngram3,사랑하면 마냥 좋은 건 아닌 거 같아,사랑이 모든걸 해결해주지는 않아요.,사랑에는 정의 내릴 수 없는거 같아요. 정의 내리지 마세요.,2
KoBART lr5e-5 (04),전이학습,beam5+no_repeat_ngram3,눈이 너무 나빠졌어,잠시 눈을 감고 휴식을 취해보세요.,눈을 감고 곰곰히 생각해보세요. 자연스러운 현상이에요.,0
KoBART lr5e-5 (04),전이학습,beam5+no_repeat_ngram3,아무래도 속은 거 같아,기분나쁘겠어요.,속상할거라 생각해요. 곧 나아질거라 믿어요.,0
KoBART lr5e-5 (04),전이학습,beam5+no_repeat_ngram3,안경 쓰는 여자애 좋아하는 남자 있어?,그런 건 중요하지 않아요.,사람 마다 다르겠죠. 신경쓰지 않는 선이 좋겠어요.,2
KoBART lr5e-5 (04),전이학습,beam5+no_repeat_ngram3,시베리아 같아 추워,어서 따듯한 곳으로 가세요,따듯한 차 한잔 어때요? 따뜻하게 사세요!,0
KoBART lr5e-5 (04),전이학습,beam5+no_repeat_ngram3,우리 분위기 좋았는데,서로를 향한 감정도 좋았겠죠.,분위기 좋았나봐요. 기분 좋았나봅니다. 기대되겠네,0
KoBART lr5e-5 (04),전이학습,beam5+no_repeat_ngram3,드라마같은 사랑 하고 싶어,드라마는 현실과 달라요.,사랑하면 할 수 있는 데이트 코스도 많아요. 영화같은 사랑,2
KoBART lr5e-5 (04),전이학습,beam5+no_repeat_ngram3,새로운 베프가 필요해,주변의 좋은 사람들에게 연락해보세요.,좋은 곳으로 데려다 줄 거예요. 제가 데려다줄게요. 제가 데려,0
KoBART lr5e-5 (04),전이학습,beam5+no_repeat_ngram3,혼자 썸타는 기분이야.,직접적이든 간접적이든 의사를 확실히 밝혀보세요.,사귀기 전에 두근거림을 좋아하나 봐요. 아니길,2
KoBART lr5e-5 (04),전이학습,beam5+no_repeat_ngram3,손 잡고 싶어,용기내서 잡아보세요.,서로 부족한 부분을 채워보세요. 마음이 정리가 될거예요. 다시,2
KoBART lr5e-5 (04),전이학습,beam5+no_repeat_ngram3,내가 싫대,나 좋다는 사람 만나세요.,당신도 싫지 않나봐요. 당신은 좋은 사람이에요. 당신은,1
KoBART lr5e-5 (04),전이학습,beam5+no_repeat_ngram3,음. 헤어졌는데 아직 잘 모르겠어,실감이 안날 수 있어요.,헤어짐에 대한 두려움을 가지고 있었을지도 몰라요. 자연스러운 현상이,1
KoBART lr5e-5 (04),전이학습,beam5+no_repeat_ngram3,버리기 아까운데 리폼 해볼까,손재주가 좋으시네요.,손재주가 좋으시네요. 용기를 내세요. 용기가 필요하,0
KoBART lr5e-5 (04),전이학습,beam5+no_repeat_ngram3,마음 정리가 되네.,인고의 시간이 필요했을 거예요.,정리가 잘 되길 바랄게요. 그럼 나머지가 출발할 수,1
KoBART lr5e-5 (04),전이학습,beam5+no_repeat_ngram3,친구들과의 모임이 너무 많은 사람,적당하게 줄여주거나 나에게 믿음을 주라고 말해보세요.,바쁘게 사나봅니다. 바쁘면 좋을텐데 애석해,2
KoBART lr5e-5 (04),전이학습,beam5+no_repeat_ngram3,썸 타는 거 시간 아까워.,얼른 고백해야죠.,썸 타는 시간도 중요해요. 짧으면 짧을 수록 좋,2
KoBART lr5e-5 (04),전이학습,beam5+no_repeat_ngram3,정말 속상하고 답답하고 할 수 있는게 없네,차분하게 마음을 정리해보세요.,저한테 말해보세요. 마음이 정리될 거예요. 저한테 기대세요. 저,1
KoBART lr5e-5 (04),전이학습,beam5+no_repeat_ngram3,기프트콘으로 선물 받았어,좋겠네요.,고맙다고 말해 주세요. 수고했어요. 받으세요. 현금이면,0
KoBART lr5e-5 (04),전이학습,beam5+no_repeat_ngram3,습관처럼 생각나,습관처럼은 되지 않길 바랄게요.,고치기 어려우니까 습관이라고 하겠죠. 습관이라고 생각하세요.,1
KoBART lr5e-5 (04),전이학습,beam5+no_repeat_ngram3,사랑하는 사람이랑 내가 너무 차이나,누구나 같을 수 있을까요. 자격지심이예요.,서로 다른 두 사람이 만나는 거라 더 힘든 것 같아요. 차분,2
KoBART lr5e-5 (04),전이학습,beam5+no_repeat_ngram3,계절이 바뀌면,더 좋아질 거예요.,계절이 바뀌었나봐요. 곧 바뀔거예요. 기다려보,1
KoBART lr5e-5 (04),전이학습,beam5+no_repeat_ngram3,좋아하면서도 너무 싫은 감정 뭘까요.,좋아하는 만큼 지쳐가는 마음 아닐까요.,좋아하는 감정만큼 감정소모가 큰 건 없어요. 당신의 감정을 믿어,2
KoBART lr5e-5 (04),전이학습,beam5+no_repeat_ngram3,에휴 후폭풍인가봐,이별에는 항상 후유증이 있어요.,후폭풍은 언제나 옵니다. 자책하지 말아요. 후폭,1
KoBART lr5e-5 (04),전이학습,beam5+no_repeat_ngram3,스트레스 팍팍,소리를 질러보세요.,기분전환을 해보세요. 조금이나마 나아질거라 믿어요.,0
KoBART lr5e-5 (04),전이학습,beam5+no_repeat_ngram3,헤어짐,슬픈 일이에요.,마음이 헛헛한가봐요. 기운 내길 바랄게요.,1
KoBART lr5e-5 (04),전이학습,beam5+no_repeat_ngram3,오늘 너무 피곤해,푹 쉬세요.,휴식도 필요하죠. 피곤했나봐요. 기운 내요! 기운,0
KoBART lr5e-5 (04),전이학습,beam5+no_repeat_ngram3,좋아하는 선배가 나한테 연락했으면 좋겠어.,먼저 연락해도 힘들어 말아요.,먼저 연락해보는 게 좋을 것 같아요. 용기를 내서 말해보,2
KoBART lr5e-5 (04),전이학습,beam5+no_repeat_ngram3,갑자기 불편한 사이가 된 거 같아,관계의 변화가 왔나봅니다.,사이가 좋지 않나봐요. 곧 좋은 소식이 들리려고 하는,0
KoBART lr5e-5 (04),전이학습,beam5+no_repeat_ngram3,처음 해외여행가!,두근거리겠어요.,잘 다녀오세요. 저도 데려가세요. 데려다 줄게요. 데려,0
KoBART lr5e-5 (04),전이학습,beam5+no_repeat_ngram3,친구들은 다 예뻐,자신감을 가지세요.,그런 친구는 거르세요. 저한테 기대세요. 저에게 기대세요.,0
KoBART lr5e-5 (04),전이학습,beam5+no_repeat_ngram3,동거하는 거 부모님이 알게 되셨어,오해를 풀고 사랑을 이어가세요.,나중에 알게 될 거라 믿어요. 더 좋은 사람 만나서 이야기해보,2
KoBART lr5e-5 (04),전이학습,beam5+no_repeat_ngram3,먼지 때문에 목아파,마스크 쓰고 다니세요.,얼른 청소하세요. 피곤했나봐요. 얼른 나아지,0
KoBART lr5e-5 (04),전이학습,beam5+no_repeat_ngram3,연애상담해줬더니 나만 바보됐어,다음부터는 해주지 마세요.,상담을 받아보는 건 어떨까요. 도움이 될 수도 있겠어요. 용기를 내,2
KoBART lr5e-5 (04),전이학습,beam5+no_repeat_ngram3,무슨 죄를 지었기에 이렇게 빨리.,힘들일이 있었나봐요. 당신의 잘못이 아니에요.,죄는 많이 지었나봐요. 천천히 지워도 돼요.,1
KoBART lr5e-5 (04),전이학습,beam5+no_repeat_ngram3,놀러다니기 좋아하는 남자 착하긴한데 나랑은 안맞다고 생각이 들어.,안맞는다면 정리하는 편이 좋을 거예요.,온전히 느낄 수 있는 시간이면 충분해요. 자연스러운 현상이에,2
KoBART lr5e-5 (04),전이학습,beam5+no_repeat_ngram3,첫 만남에 키스했는데 너무 빠른걸까?,서로의 의사가 존중된 것이라면 괜찮지만 사귀고 난 후가 좋겠어요.,자연스러운 현상이에요. 자연스러우면 좋겠네요. 자연스러운,2
KoBART lr5e-5 (04),전이학습,beam5+no_repeat_ngram3,필기하는거 힘들겠지,어깨 꾹꾹 해드리고 싶어요.,나중에 없애주세요. 용기내서 하는 연습도 필요해요.,0
KoBART lr5e-5 (04),전이학습,beam5+no_repeat_ngram3,우산 또 사야하나,다음에는 우산에 이름이랑 연락처를 적어보세요.,하늘을 보고 웃어보세요. 기분이 바뀔거예요. 우산 사,0
KoBART lr5e-5 (04),전이학습,beam5+no_repeat_ngram3,일주일이 일년같다,많이 힘들었을 거라 생각해요.,생각보다 많은 시간이 지났네요. 금방 나아질거라 믿어요.,1
KoBART lr5e-5 (04),전이학습,beam5+no_repeat_ngram3,마음이 답답합니다.,바람이라도 쐬고 오는 건 어떨까요.,마음이 헛헛한가봐요. 저에게 기대 보답을 바라지,1
KoBART lr5e-5 (04),전이학습,beam5+no_repeat_ngram3,완전히 끝났어~,마음이 허전하겠어요.,미련이 남았나봐요. 곧 끝나길 바랄게,1
KoBART lr5e-5 (04),전이학습,beam5+no_repeat_ngram3,모든게 다 끝났습니다,허전하시겠어요.,맘고생 많았어요. 곧 끝나길 바랄게요. 곧 끝나,1
KoBART lr5e-5 (04),전이학습,beam5+no_repeat_ngram3,맛있는 냄새나,킁킁,"바디워시, 바디로션, 향수 등을 넣어보",0
KoBART lr5e-5 (04),전이학습,beam5+no_repeat_ngram3,내 편이라고는 하나도 없는 거 같아,제가 있잖아요.,당신은 편한 사람이에요. 당신의 편이 되어주세요. 당신은 축복,0
KoBART lr5e-5 (04),전이학습,beam5+no_repeat_ngram3,커플여행이 나을까 그냥 우리끼리 갈까?,저는 둘이 가는 걸 좋아해요.,가는 곳과 같이 가는 사람에 따라 다르겠죠. 같이 가요. 같이,2
KoBART lr5e-5 (04),전이학습,beam5+no_repeat_ngram3,오늘은 뭐 먹을까?,맛있는 거 드세요.,냉장고 파먹기 해보세요. 금방 나아질거예요. 그래도,0
KoBART lr5e-5 (04),전이학습,beam5+no_repeat_ngram3,오늘은 치맥이야,달리세요!,치과에 가보세요. 어장의 기운을 느낄 수 있을 거예요.,0
KoBART lr5e-5 (04),전이학습,beam5+no_repeat_ngram3,외향적이면 좋을텐데,지금 성격도 좋아요.,호의인지 호감인지 헷갈리나요? 당신의 매력을 어,0
KoBART lr5e-5 (04),전이학습,beam5+no_repeat_ngram3,이 세상에서 내가 제일 불행해.,그럴리가요.,당신은 누구보다 소중한 사람이에요. 저에게 기대세요. 당신은 태어난 이래 최고의,2
KoBART lr5e-5 (04),전이학습,beam5+no_repeat_ngram3,아픈데 연락하기 싫어,제가 곁에 있을게요.,연락하면 지긋지긋한 사람으로 기억될 거예요. 신경쓰지,1
KoBART lr5e-5 (04),전이학습,beam5+no_repeat_ngram3,왜 이럴까,그럴 수도 있어요.,그럴 수 있을 거예요. 자책하지 말아요. 그럴게요. 자책,1
KoBART lr5e-5 (04),전이학습,beam5+no_repeat_ngram3,운동화 새로 사야지,좋은 곳으로 갈 수 있도록 인도해줄 거예요.,좋은 곳으로 데려다 줄 거예요. 좋은 걸로 사세요. 꼬박꼬박,0
KoBART lr5e-5 (04),전이학습,beam5+no_repeat_ngram3,연락하고 싶어지네.,연락해봐요.,연락하면 지긋지긋한 사람으로 기억될 거예요. 용기를 내서,2
KoBART lr5e-5 (04),전이학습,beam5+no_repeat_ngram3,좋아하는 사람이 너무 예뻐,내면을 더 들여다보세요.,호의인지 호감인지 헷갈리나요? 당신의 매력을 어,2
KoBART lr5e-5 (04),전이학습,beam5+no_repeat_ngram3,헤어진지 한 달째,이제 좀 괜찮아졌길 바랍니다.,생각보다 많은 시간이 지났네요. 금방 나아질거라 믿어요.,1
KoBART lr5e-5 (04),전이학습,beam5+no_repeat_ngram3,변화가 없어,마음에 따라 얼마든지 바뀔 수 있어요.,나를 사랑하고 상대를 사랑하는 여유를 갖게 되길 바라요. 인생은 나를,0
KoBART lr5e-5 (04),전이학습,beam5+no_repeat_ngram3,나 사랑하니?,많이 사랑해요!,당신도 존중하세요. 당신은 존중합니다. 존중합니다. 당신은 존중하는 가치가,0
KoBART lr5e-5 (04),전이학습,beam5+no_repeat_ngram3,그녀 생일,지금은 생생하겠지만 하나씩 잊으세요.,축하드려요. 기다리지 마세요. 기다릴게요. 기대세요. 기다,1
KoBART lr5e-5 (04),전이학습,beam5+no_repeat_ngram3,요즘 눈에 띄는 남자애,관심을 갖고 지켜보세요.,그 애의 눈에도 당신이 띄길 바랄게요. 자신감을 가지,2
KoBART lr5e-5 (04),전이학습,beam5+no_repeat_ngram3,엄청 오래 만났어,매력있는 사람인가봐요.,좋은 인상을 남겼네요. 칭찬해주고 싶네요. 좋은 인상을,0
KoBART lr5e-5 (04),전이학습,beam5+no_repeat_ngram3,나 이제 졸업해,졸업 축하해요,졸업 축하드려요! 축하드려요. 수고했어요. 수고,0
KoBART lr5e-5 (04),전이학습,beam5+no_repeat_ngram3,왜 이제서야 찾아온거야?,이렇게 고민하게 만들려고 그랬나봐요.,이제야 찾아온 걸 다행으로 생각해요. 새로운 만남은 언제나 좋아요.,0
KoBART lr5e-5 (04),전이학습,beam5+no_repeat_ngram3,비 오기 시작하네,우산 준비하세요.,비 맞았나봐요. 기분 전환 하세요. 기운 내세요!,0
KoBART lr5e-5 (04),전이학습,beam5+no_repeat_ngram3,썸 타는 중인데 나 말고 다른 사람하고도 썸타는 것 같아.,좋은 사람이 아닌 것 같아요. 입장을 분명히 하는 것 좋아요.,사람 마다 다르겠지만 사귀고 난 후가 좋겠어요. 두,2
KoBART lr5e-5 (04),전이학습,beam5+no_repeat_ngram3,면접 준비중이야,회사와 자신에 대해서 더 공부해서 자신감을 가져보세요.,회사와 자신에 대해서 더 공부해서 자신감을 가져보세요. 자신에,0
KoBART lr5e-5 (04),전이학습,beam5+no_repeat_ngram3,부모님 모실 수 있을까?,형편대로 하세요.,부모님도 모아야할 이유가 생겼네요. 당장 모시고 가세요.,0
KoBART lr5e-5 (04),전이학습,beam5+no_repeat_ngram3,내일이면 헤어진지 2주 되네.,지금 힘들겠네요.,생각보다 많은 시간이 지났네요. 금방 나아질거라 믿어요.,1
KoBART lr5e-5 (04),전이학습,beam5+no_repeat_ngram3,진짜 너무하네,잘 해결되길 바랄게요.,자신을 비난하지 마세요. 당신의 인연이 거기까지였나봐요.,0
KoBART lr5e-5 (04),전이학습,beam5+no_repeat_ngram3,결국 유료 상담을 받고야 말았네,상담도 도움이 될 거예요.,마음의 준비가 되었나봐요. 곧 좋은 소식이 들리길 바랄,1
KoBART lr5e-5 (04),전이학습,beam5+no_repeat_ngram3,그저 그런 하루,그런 하루도 감사한 마음을 가져보세요.,잘 지낼거라 믿어요. 힘내길 바랄게요.,0
KoBART lr5e-5 (04),전이학습,beam5+no_repeat_ngram3,회사에서 마음 놓고 말할 사람이 없어,회사에는 동료가 있을 뿐이에요.,회사에서 꼼수를 쓰는 건 아닌지 확인해보세요. 차분히,0
KoBART lr5e-5 (04),전이학습,beam5+no_repeat_ngram3,생각할 시간을 가지자는 그녀,마음의 준비를 해야 할지도 모르겠어요.,시간 가는 줄 모르겠어요. 정신없이 바쁜가봐요. 잠시 쉬어가,1
KoBART lr5e-5 (04),전이학습,beam5+no_repeat_ngram3,취뽀하고 싶다,취직이나라뇨.,취직할 수 있을 거예요! 기운 내세요! 응원할,0
KoBART lr5e-5 (04),전이학습,beam5+no_repeat_ngram3,모태솔로라 잘 모르겠어 도와줘,모르는 게 당연해요.,솔직한 편이 더 좋을 거 같아요. 용기를 내서 도와주세요.,2
KoBART lr5e-5 (04),전이학습,beam5+no_repeat_ngram3,사랑하는 사람이 있는데 다른 사람이 신경쓰여,한눈 팔다가 후회합니다.,신경쓰이겠어요. 기분이 좀 나아졌길 바랄게요.,2
KoBART lr5e-5 (04),전이학습,beam5+no_repeat_ngram3,방탈출 게임 갔다왔어.,성공했길 바랍니다.,성공했길 바라요. 새출발 하세요. 축하드려요. 축하,0
KoBART lr5e-5 (04),전이학습,beam5+no_repeat_ngram3,자다 깨다 해,자세가 불편한 건 아닌지 확인해보세요.,잠이 최고의 보약이에요. 노력해보세요. 잠이 최고의 잠이예요.,0
KoBART lr5e-5 (04),전이학습,beam5+no_repeat_ngram3,친구가 잘되니까 약 올라,친구가 아닌가봐요.,친구한테 의지하지 말고 자신이 해보세요. 당신의 능력을 믿어보세요.,0
KoBART lr5e-5 (04),전이학습,beam5+no_repeat_ngram3,나 교직이수할 수 있을까?,학점 관리하세요.,꿈에 도전하는 건 좋은 거라고 들었어요. 자신의 잠재력을 믿어,0
KoBART lr5e-5 (04),전이학습,beam5+no_repeat_ngram3,머리가 너무 아프네,시원한 바람 쉬고 약먹기!,병원에 가보세요. 약이 약이 되어줄거예요. 병원에,0
KoBART lr5e-5 (04),전이학습,beam5+no_repeat_ngram3,오빠 최고라고 해주던 너,그립지만 지난 일이네요.,당신도 최고죠! 라고 외쳐보세요. 당신의 인복이,1
KoBART lr5e-5 (04),전이학습,beam5+no_repeat_ngram3,손가락이 예쁜 사람,로망이네요.,저 말씀이신가요? 저랑 수다 떨어요. 저랑,0
KoBART lr5e-5 (04),전이학습,beam5+no_repeat_ngram3,너무 힘들다,지금 무슨 말을 해도 와닿지 않겠지만 잘 이겨낼 거라 믿어요.,조금만 더 힘내세요. 당신의 인연이 거기까지였나봐요.,1
KoBART lr5e-5 (04),전이학습,beam5+no_repeat_ngram3,여자로 태어 났으면 어땠을까?,항상 못해본 건 궁금하더라고요.,사람 마음은 알다가도 모르니까요. 자연스러운 현상이에요. 자연,0
KoBART lr5e-5 (04),전이학습,beam5+no_repeat_ngram3,좋아하는 사람이 다른 여자랑 친해지는게 서운해.,충분히 서운할 만해요.,은연 중에 생각했나봐요. 기분이 좀 나아졌나봐,2
KoBART lr5e-5 (04),전이학습,beam5+no_repeat_ngram3,명품 선물 부담스러울까,고가의 선물은 부담스러울 수도 있어요.,고가의 선물은 고가의 명품이어야죠. 필요하다면 고가의,0
KoBART lr5e-5 (04),전이학습,beam5+no_repeat_ngram3,불쑥 전여친한테 전화받으니 짜증나고 씁쓸하네,복잡한 심경인가봐요.,기분전환을 해보세요. 마음이 정리될지도 몰라요. 기분이 나아질,1
KoBART lr5e-5 (04),전이학습,beam5+no_repeat_ngram3,너무 힘이듭니다,억지로라도 긍정적인 감정을 끌어올려보세요.,조금만 더 버텨보세요. 당신의 몸은 무거워질거예,1
KoBART lr5e-5 (04),전이학습,beam5+no_repeat_ngram3,오늘도 집에만 있을 예정,집이 맘 편하기도 하잖아요.,집에서 쉬는 시간도 필요해요. 집에서도 쉬는 날이 올,1
KoBART lr5e-5 (04),전이학습,beam5+no_repeat_ngram3,기념일은 언제언제 챙겨?,내키는대로요.,기념일 챙겨주면 좋아할거예요. 제가 챙겨줄게요.,2
KoBART lr5e-5 (04),전이학습,beam5+no_repeat_ngram3,김치찌개 먹고 싶어,맛있죠!,따뜻하게 드세요. 맛있는 식사시간 되시길 바랄게요.,0
KoBART lr5e-5 (04),전이학습,beam5+no_repeat_ngram3,이제 스스로 인정한 것 같아,현실 그대로를 받아들이는 것부터 시작이에요.,스스로 칭찬하고 스스로 칭찬해보세요. 자책하지 않아도 돼요. 자,1
KoBART lr5e-5 (04),전이학습,beam5+no_repeat_ngram3,헤어진지 9일,헤어짐을 헤아리지 마세요.,하루 하루를 헤아리는 건 자신을 더 힘들게 만들 뿐이에,1
KoBART lr5e-5 (04),전이학습,beam5+no_repeat_ngram3,그사람도 이별을 준비 중인 걸까,그런 생각은 자신을 더 괴롭게 할 뿐이에요.,이별을 받아들이는 것도 중요해요. 새로운 시작을 준비하는 것도 필요,1
KoBART lr5e-5 (04),전이학습,beam5+no_repeat_ngram3,좋아 하는 애한태 고백하는 방법좀,먼저 용기내서 고백하는게 좋을 듯 싶습니다.,고백에 대한 두려움을 가지고 있을 수도 있겠어요. 용기내서,2
KoBART lr5e-5 (04),전이학습,beam5+no_repeat_ngram3,헤어진지 두달됬네 벌써,생각보다 시간이 빠르게 흐르고 있나봅니다.,금방 나아질 거예요. 금방 나아지길 바랄게요. 금방 나아,1
KoBART lr5e-5 (04),전이학습,beam5+no_repeat_ngram3,정신줄 어디 갔나,정신 차리세요.,힘내세요! 제가 응원할게요. 저에게 기대세요. 저,0
KoBART lr5e-5 (04),전이학습,beam5+no_repeat_ngram3,남친이랑 뭐하고 놀지,얼굴 보고만 있어도 좋죠.,놀 때 놀고 할 때 하세요. 같이 놀아요. 같이 놀,2
KoBART lr5e-5 (04),전이학습,beam5+no_repeat_ngram3,미치도록 보고싶네.,견디기 힘들겠어요.,이별을 받아들이는 것도 중요해요. 미련을 버리세요.,1
KoBART lr5e-5 (04),전이학습,beam5+no_repeat_ngram3,중소기업인데 그냥 취직할까?,일하는 것 자체가 중요하죠.,중소기업에 취직할 수 있으면 좋겠네요. 취업에 성공할거,0
KoBART lr5e-5 (04),전이학습,beam5+no_repeat_ngram3,친구랑 나랑 자꾸 비교하게 돼,비교하면 끝도 없어요.,비교하지 말고 장점을 찾아 칭찬해주세요. 당신의 매력을 어필해보세요.,0
KoBART lr5e-5 (04),전이학습,beam5+no_repeat_ngram3,엄마가 안 왔으면 좋겠어,엄마가 들으면 속상해 하시겠네요.,엄마가 들으면 속상해 하시겠네요. 용기를 내서 말해,0
KoBART lr5e-5 (04),전이학습,beam5+no_repeat_ngram3,뭐부터 바꿔야 할까,당신 그대로의 모습이 보기 좋아요.,바꿔달라고 말해보세요. 생각보다 많은 변화가 일어났나봐요. 금방,0
KoBART lr5e-5 (04),전이학습,beam5+no_repeat_ngram3,불금이네,친구들 만나요!,불현듯 떠오르는 추억이 되버려요. 잊어버리,1
KoBART lr5e-5 (04),전이학습,beam5+no_repeat_ngram3,여자친구가 혼자 여행 가보고 싶다는데,같이 가는 여행도 좋지만 혼자 여행도 좋을 거예요.,같이 가보세요. 같이 가보는 것도 좋을 것 같아요. 같이 가,0
KoBART lr5e-5 (04),전이학습,beam5+no_repeat_ngram3,오늘도 술 몇 잔 마시니 생각나네요.,술 한잔에 그리움이 사무치네요.,적당히 드세요. 소맥이요. 한 잔 마셔보세요.,1
KoBART lr5e-5 (04),전이학습,beam5+no_repeat_ngram3,정말 너무 궁금해,무엇이 궁금한가요.,스스로 칭찬하고 스스로 칭찬해보세요. 배울 점이 많은 것 같아요. 자신감을,1
KoBART lr5e-5 (04),전이학습,beam5+no_repeat_ngram3,젠장,이런.,잊는 데는 더 도움이 될지도 몰라요. 잊어버리세요. 잊,1
KoBART lr5e-5 (04),전이학습,beam5+no_repeat_ngram3,헤어지지 열흘짼데 너무 힘드네,헤어지고 있는 중이시군요.,금방 나아질 거예요. 조금만 더 힘내세요. 기운내세요! 기운,1
KoBART lr5e-5 (04),전이학습,beam5+no_repeat_ngram3,봄방학했어,부럽네요.,방학은 참 짧아요. 새학기 시작하기 좋은 날이에요.,0
KoBART lr5e-5 (04),전이학습,beam5+no_repeat_ngram3,또 다시 이별입니다.,언젠간 찾아올 이별이에요.,또 다시 이별은 또 다시 올 거예요. 이별은 언제나 힘들어요. 다시,1
KoBART lr5e-5 (04),전이학습,beam5+no_repeat_ngram3,여자친구가 돈을 안 써,부담된다고 살짝 말해보세요.,돈을 얼른 모아야할 이유가 생겼네요. 차분히 기다려,2
KoBART lr5e-5 (04),전이학습,beam5+no_repeat_ngram3,아빠가 술 좀 끊었으면,사회생활로 힘드신가봐요.,아빠에게 술을 적당히 드시라고 말씀드려보세요. 주량은,0
KoBART lr5e-5 (04),전이학습,beam5+no_repeat_ngram3,재밌는 거 뭐 없나,제가 있잖아요.,재밌는 걸 찾아보세요. 어제와 내일을 놓고 고민하느라,0
KoBART lr5e-5 (04),전이학습,beam5+no_repeat_ngram3,정장 한 벌 필요할 듯,사면 요긴하긴 할 거 같아요.,정리가 잘 되길 바랄게요. 필요하다면 정원을 채워보,0
KoBART lr5e-5 (04),전이학습,beam5+no_repeat_ngram3,잘안되는군,모든 일이 뜻대로 되진 않나봐요.,다 잘 될 거예요. 조금만 더 힘내세요. 당신도 잘할거,1
KoBART lr5e-5 (04),전이학습,beam5+no_repeat_ngram3,체육대회 싫어,재미 있는 종목을 찾아보세요.,가기 싫어도 가야겠죠. 정신 차리세요. 기운을 차리,0
KoBART lr5e-5 (04),전이학습,beam5+no_repeat_ngram3,내 번호를 따간 사람이 내 친구가 좋아하는 애야.,운명의 장난같네요.,번호를 따서 확인해봐요. 기분이 좀 나아졌길 바랍니다.,2
KoBART lr5e-5 (04),전이학습,beam5+no_repeat_ngram3,이유라는게 뭔지,알다가도 모를.,진정하다면 진정하세요. 그 이유를 찾아보세요. 답은 언제나,1
KoBART lr5e-5 (04),전이학습,beam5+no_repeat_ngram3,점심 때 은행 갔다와야지,볼 일이 있나봐요.,맛있게 드시고 오셨길 바랍니다. 오셨나봐요.,0
KoBART lr5e-5 (04),전이학습,beam5+no_repeat_ngram3,덕수궁 돌담길 따라서 둘이 걸었어.,로맨틱하네요.,로맨틱하네요. 두근거리겠네요. 자연스러운 현상이에,0
KoBART lr5e-5 (04),전이학습,beam5+no_repeat_ngram3,사진 잘 찍고 싶어,많이 찍다보면 조금씩 실력이 늘거예요.,연습해보세요. 금방 연습할 수 있을 거예요! 기다려보세요.,0
KoBART lr5e-5 (04),전이학습,beam5+no_repeat_ngram3,어떻게 심쿵하게 하지?,평소 흘려 이야기했던 걸 기억해주고 생각하고 있다는 걸 알려주세요.,좋은 생각만 하세요. 기분이 나아지길 바랄게요. 기분이,2
KoBART lr5e-5 (04),전이학습,beam5+no_repeat_ngram3,조심조심,안전이 최고죠!,자책하지 말아요. 마음이 아프네요. 기운 내길 바랄,0
KoBART lr5e-5 (04),전이학습,beam5+no_repeat_ngram3,술먹고 집앞에 찾아온남자,상대에게 휘둘려선 안 돼요.,술이 웬수네요. 기분전환을 하세요. 저랑 술,1
KoBART lr5e-5 (04),전이학습,beam5+no_repeat_ngram3,커피가 너무 진해,달달한 시럽을 추가해보세요.,카페인이 필요한 시간인가 봐요. 커피 한 잔 마셔보세요.,0
KoBART lr5e-5 (04),전이학습,beam5+no_repeat_ngram3,우리집 망한 거 같애,철 들고 공부하세요.,내 집 마련의 한 걸음을 내딛으셨네요. 축하,0
KoBART lr5e-5 (04),전이학습,beam5+no_repeat_ngram3,열쇠 안가지고 왔다,깜빡 하셨나봐요.,열쇠를 찾아보세요. 생각지도 못했던 일이 일어났나봐요. 당황,0
KoBART lr5e-5 (04),전이학습,beam5+no_repeat_ngram3,오지마,안갈거예요.,오지랖은 언제나 좋죠. 오지랖이 넓으신가봐,0
KoBART lr5e-5 (04),전이학습,beam5+no_repeat_ngram3,공부 좀 더 할 걸,지금도 늦지 않았어요.,공부가 최우선이죠. 노력해보세요. 당신의 잠재력을 믿어보,0
KoBART lr5e-5 (04),전이학습,beam5+no_repeat_ngram3,내 의견 좀 존중해 줬으면,스스로도 존중해주세요.,서로의 의견에 귀 기울이세요. 서로의 마음에 귀기울이세요.,0
KoBART lr5e-5 (04),전이학습,beam5+no_repeat_ngram3,친구랑 사랑하는 사람이 같아,사랑은 쟁취하는거예요.,그런 친구 말고 제대로 된 친구 사귀세요. 당신도 그 친구와,2
KoBART lr5e-5 (04),전이학습,beam5+no_repeat_ngram3,뭘 바꿔야 할까,당신 그대로의 모습이 보기 좋아요.,바꿔달라고 말해보세요. 생각보다 많은 변화가 필요해보이네요.,0
KoBART lr5e-5 (04),전이학습,beam5+no_repeat_ngram3,집 아예 샀어,내 집 마련 축하드려요.,내 집 마련의 한 걸음을 내딛으셨네요. 축하,0
KoBART lr5e-5 (04),전이학습,beam5+no_repeat_ngram3,누군가를 짝사랑하게 되는게 두려워.,이제 짝사랑 말고 둘이서 하는 사랑하세요.,사랑 앞에 판단력은 흐려지니까요. 자신을 더 사랑해주세요.,2
KoBART lr5e-5 (04),전이학습,beam5+no_repeat_ngram3,아직 좋아하는데 헤어지자고 하는 경우 있어?,간혹 있더라고요.,미련이 남았을 수도 있어요. 그렇지만 조금 더 상황을 지켜보세요. 미,2
KoBART lr5e-5 (04),전이학습,beam5+no_repeat_ngram3,정말. 정말 쉽지가 않네. 이럴 땐 어떡해야 할까,마음 가는 대로 하세요.,어장의 고기어도 좋을지 어장을 나가는 게 좋을지 생각해보,1
KoBART lr5e-5 (04),전이학습,beam5+no_repeat_ngram3,학원 안가고 싶다.,부모님과 이야기해보세요.,공부 좋죠. 데려다 줄게요. 데려다 주세요. 데려다,0
KoBART lr5e-5 (04),전이학습,beam5+no_repeat_ngram3,나만 갈궈,애정표현일 지도 몰라요.,기다리지 마세요. 위로해 드려요. 기다릴게요. 기다,0
KoBART lr5e-5 (04),전이학습,beam5+no_repeat_ngram3,사랑해서 결혼하는 거지?,사랑하는 사람과 함께 있고 싶은 마음이 있으니까요.,사랑하는지 물어보세요. 답은 같습니다. 사랑하는 사람과 대하는 태,2
KoBART lr5e-5 (04),전이학습,beam5+no_repeat_ngram3,고백,성공하길 바랄게요.,좋은 만남이 되길 바랄게요. 용기를 내요! 축하드려,2
KoBART lr5e-5 (04),전이학습,beam5+no_repeat_ngram3,이제 정리하려고 합니다.,맘 고생 많았어요.,정리하는 게 쉽지 않지요. 조금만 더 힘내세요. 기다려보세요.,1
KoBART lr5e-5 (04),전이학습,beam5+no_repeat_ngram3,돈 어디갔지,퍼가요~,돈을 얼른 모아야할 이유가 생겼네요. 현금이 필요한가,0
KoBART lr5e-5 (04),전이학습,beam5+no_repeat_ngram3,코 막혀,감기 조심하세요.,코 감기일 수도 있어요. 신경쓰지 않는 연습을 하세요.,0
KoBART lr5e-5 (04),전이학습,beam5+no_repeat_ngram3,짝남과 자연스럽게 친해질 수 있는 방법 있을까?,공통 관심사를 찾아보세요.,공통 관심사를 찾아보세요. 자연스럽게 대화를 이어나가는게 좋아요. 자연스럽게,2
KoBART lr5e-5 (04),전이학습,beam5+no_repeat_ngram3,다 잊었는줄 알았는데.,잊는 게 아니고 무덤덤해지는 것 같아요.,이별은 사람을 변덕쟁이로 만들기도 하죠. 자연스러운 현상이,1
KoBART lr5e-5 (04),전이학습,beam5+no_repeat_ngram3,맘 잡았다고 생각했는데,마음 잡기가 쉽지 않아요.,맘을 잡았나봐요. 곧 결정을 내리길 바랄게,1
KoBART lr5e-5 (04),전이학습,beam5+no_repeat_ngram3,짝남 프사랑 비슷한거 하고 싶은데 해도 될까?,살짝 티내려는 거라면 찬성합니다.,먼저 고백해보는 것도 좋을 것 같아요. 용기를 내서 연락해보,2
KoBART lr5e-5 (04),전이학습,beam5+no_repeat_ngram3,차였지만 잊지못하고 있는 한 남자입니다.,그분에 대한 사랑이 깊었나봐요.,잊어버리세요. 잊지 못할 추억이 될 거예요. 잊지 못할 순간을,1
KoBART lr5e-5 (04),전이학습,beam5+no_repeat_ngram3,정신차려야 하는거 아는데.,쉬운 일이 아니죠.,자신을 더 사랑해주세요. 당신의 잠재력은 무궁무진해요.,1
KoBART lr5e-5 (04),전이학습,beam5+no_repeat_ngram3,여친이 나를 안 좋아하는데 내가 붙잡고 있는 것 같아요.,충분한 대화를 나눈 후에 결정을 내리는게 좋겠네요.,붙잡고 싶은 마음이 굴뚝같지 않나봐요. 붙잡고,2
KoBART lr5e-5 (04),전이학습,beam5+no_repeat_ngram3,여자인데 먼저 다가가도 돼?,성별은 중요하지 않아요.,다가가도 괜찮다면 다가가도 돼요. 신경쓰지 않는 선이,2
KoBART lr5e-5 (04),전이학습,beam5+no_repeat_ngram3,신혼 진짜 행복해,깨가 쏟아지고 있군요.,서로 다른 두 사람이 만나는 거라 더 행복할 거예요. 한번만 더,2
KoBART lr5e-5 (04),전이학습,beam5+no_repeat_ngram3,휴양지 가고 싶다,저도 쉬고 놀고 하고 싶어요.,휴양지 다녀오세요! 데려다 줄게요. 데려다,0
KoBART lr5e-5 (04),전이학습,beam5+no_repeat_ngram3,야식 먹을까 말까,가볍게 먹을 수 있는 걸 먹어보세요.,건강 생각해서 챙겨드세요. 꼬박꼬박 챙겨 드세요. 기분이,0
KoBART lr5e-5 (04),전이학습,beam5+no_repeat_ngram3,운동을 하는 남자가 좋아,뭐든 열심히 하는 사람은 좋아보여요.,운동을 같이 하는 게 좋죠. 같이 운동을 하는 게 좋겠어요. 같이 운동을,2
KoBART lr5e-5 (04),전이학습,beam5+no_repeat_ngram3,애인이 있는데 좋아하는 사람이 생겼어요.,마음으로 바람피는 거네요.,애매한 관계일 수도 있어요. 그렇지만 조금 더 상황을 지켜보세요. 당신의,2
KoBART lr5e-5 (04),전이학습,beam5+no_repeat_ngram3,이별 후 3개월이 지났는데.,여전히 힘든가봅니다.,생각보다 많은 시간이 지났네요. 금방 나아졌길 바랄게,1
KoBART lr5e-5 (04),전이학습,beam5+no_repeat_ngram3,전남친이 톡 차단했더라구,이별에 도움이 될지도 몰라요.,차단하고 차단해보세요. 생각보다 힘이 들 거예요. 신경쓰지 마,1
KoBART lr5e-5 (04),전이학습,beam5+no_repeat_ngram3,오늘도 버티고 버팁니다,오늘도 해내고 해낸겁니다.,잘 견뎌낼거라 믿어요. 응원합니다! 파이팅,1
KoBART lr5e-5 (04),전이학습,beam5+no_repeat_ngram3,대출이 너무 많아,조금씩 갚아나가세요.,은행에 가서 상담 받아보세요. 조금이라도 줄일 수 있을 거예요. 새는,0
KoBART lr5e-5 (04),전이학습,beam5+no_repeat_ngram3,주말이 참 힘들겠어,가족들과 근교로 여행가는 건 어떨까요.,주말이 힘든가봐요. 힘든가봅니다. 잠깐 쉬어가요.,1
KoBART lr5e-5 (04),전이학습,beam5+no_repeat_ngram3,긴시간이 흐른 후면 괜찮아지겠지,괜찮아질 거예요.,긴 시간인데 괜찮아요. 자연스러운 현상이에요. 노력하면 괜찮,1
KoBART lr5e-5 (04),전이학습,beam5+no_repeat_ngram3,오늘은 학교 가고 싶지 않아,학교 다닐 때가 좋은 거예요.,즐거운 학교 보내시길 바랄게요. 학교 다녀오세요!,0
KoBART lr5e-5 (04),전이학습,beam5+no_repeat_ngram3,맥주 한 잔 어때?,저랑 한 잔 해요.,적당히 드세요. 생각만 해도 군침이 도네요. 기분이,0
KoBART lr5e-5 (04),전이학습,beam5+no_repeat_ngram3,요즘 너무 고민이네,무슨 고민인지 말해주세요.,고민이 많은가봅니다. 해결될거라 믿어요. 기대해요.,1
KoBART lr5e-5 (04),전이학습,beam5+no_repeat_ngram3,환경 때문에 헤어진 여자친구,현실적인 문제가 중요할 때가 있죠.,더 좋은 환경에서 살 수 있을 거예요. 조금만 더 견뎌보세요.,1
KoBART lr5e-5 (04),전이학습,beam5+no_repeat_ngram3,보고파,보고싶은신가봐요.,보고 싶은가봐요. 언제나 사랑해요! 느껴지겠네,1
KoBART lr5e-5 (04),전이학습,beam5+no_repeat_ngram3,친구들이 사랑하니까 예뻐졌대,행복 바이러스에 감염되셨군요.,당신도 예뻐보이네요. 어서 웃어주세요!,2
KoBART lr5e-5 (04),전이학습,beam5+no_repeat_ngram3,참아내지 못하고 전화를 했습니다.,이제 마음을 비우세요.,후회하지 않길 바랄게요. 용기내서 말해보,1
KoBART lr5e-5 (04),전이학습,beam5+no_repeat_ngram3,한 번 보고 어떻게 판단하지,첫인상은 상대방을 바라봤을때 3초에 결정난데요.,많이 고민했나봐요. 곧 나아질거라 믿어요. 곧,0
KoBART lr5e-5 (04),전이학습,beam5+no_repeat_ngram3,1년만에 다시헤어지게 됐네,헤어짐은 항상 힘들죠.,금방 나아질 거예요. 기운 내길 바랄게요. 새출발,1
KoBART lr5e-5 (04),전이학습,beam5+no_repeat_ngram3,돈 벌어서 뭐하지,저 주세요.,저랑 놀아요. 저랑 한잔 하세요. 저랑 하면,0
KoBART lr5e-5 (04),전이학습,beam5+no_repeat_ngram3,아무리 미친놈 욕을해도,그리워지나요.,남들 눈은 신경쓰지 마세요. 당신의 인생을 응원합니다,1
KoBART lr5e-5 (04),전이학습,beam5+no_repeat_ngram3,나 어떡하나,무슨 일인지 말해주세요.,어장의 고기어도 좋을지 어장을 나가는 게 좋을지 생각해보,1
KoBART lr5e-5 (04),전이학습,beam5+no_repeat_ngram3,이제 숨 좀 쉬나,충분히 극복할 수 있어요.,숨 쉴만 했으면 좋겠네요. 기운 내세요! 기운 내,1
KoBART lr5e-5 (04),전이학습,beam5+no_repeat_ngram3,친구가 소심해,더 신경써 주세요.,친구한테 의지하지 말고 자신이 해보세요. 당신의 선택이길 바라요.,0
KoBART lr5e-5 (04),전이학습,beam5+no_repeat_ngram3,정규직 너무 쪼금 뽑아,쪼잔하네요.,잘 견뎌낼거라 믿어요. 조금만 더 견뎌보세요.,0
KoBART lr5e-5 (04),전이학습,beam5+no_repeat_ngram3,서핑하러 가야지,좋은 취미네요.,득템했길 바라요. 파이팅! 파이팅!!! 파이,0
KoBART lr5e-5 (04),전이학습,beam5+no_repeat_ngram3,책 팔 수 있는 곳 알려줘?,중고서점에서 팔아보세요.,책을 많이 읽어보세요. 생각이 더 많이 나실 거예요. 책에 대한,0
KoBART lr5e-5 (04),전이학습,beam5+no_repeat_ngram3,싸웠다,마음이 불편하겠어요.,싸우면서 정 들 거예요. 정 들 때까지 싸워요. 싸우세요. 정,1
KoBART lr5e-5 (04),전이학습,beam5+no_repeat_ngram3,적금 들어야 하나,적금 들 수 있으면 드는 게 좋죠.,적금 들 수 있으면 드는 게 좋죠. 절약하면 할 수 있어요.,0
KoBART lr5e-5 (04),전이학습,beam5+no_repeat_ngram3,뭐라도 배워볼까,배움에는 언제나 찬성이에요.,배움에는 언제나 찬성이에요. 저도 배워보고 싶어요.,0
KoBART lr5e-5 (04),전이학습,beam5+no_repeat_ngram3,괜찮은 줄 알았는데.,우리는 많이 모르고 살죠.,괜찮은 사람 만나서 괜찮아요. 자연스러운 현상이에요. 괜찮,1
KoBART lr5e-5 (04),전이학습,beam5+no_repeat_ngram3,사랑과 정 끊기 어렵네,사람이니까요.,정 끊을 수 있는 계기를 찾아보세요. 정을 찾아보,1
KoBART lr5e-5 (04),전이학습,beam5+no_repeat_ngram3,잊고싶어도 잊질못하네,함께한 시간이 있었으니까요.,잊는 데는 더 도움이 될지도 몰라요. 자연스러운 현상이에요.,1
KoBART lr5e-5 (04),전이학습,beam5+no_repeat_ngram3,5년간 사귀고 어제 헤어졌습니다.,힘든 결정이었을텐데 혼자만의 시간이 필요하겠어요.,많이 힘들었을 거라 생각해요. 곧 좋은 소식이 들리길 바,1
KoBART lr5e-5 (04),전이학습,beam5+no_repeat_ngram3,너무 답답해 조언 좀 해줘,다른 생각을 해보세요.,네 말씀해주세요. 제가 곁에 있어드릴게요. 같이 들어드릴게,1
KoBART lr5e-5 (04),전이학습,beam5+no_repeat_ngram3,무서운 꿈 꿨어,요즘 예민한가봐요.,은연 중에 많이 생각했나봐요. 곧 좋은 소식이 들리,0
KoBART lr5e-5 (04),전이학습,beam5+no_repeat_ngram3,핸드폰 바꿀 때가 된듯,오래 쓰셨나봐요.,핸드폰은 핸드폰 가게에서 바꾸세요. 필요없는 것들을 줄여봐,0
KoBART lr5e-5 (04),전이학습,beam5+no_repeat_ngram3,헤어진지 한달 됐네,시간이 흐르는 것 처럼 마음도 흘러갈 거예요.,금방 나아질 거예요. 금방 나아지길 바랄게요. 금방 나아,1
KoBART lr5e-5 (04),전이학습,beam5+no_repeat_ngram3,이별후 한달.,이제 조금이라도 괜찮아졌길 바랍니다.,이별을 헤아리는 건 큰 도움이 안 돼요. 새로운 변화가 필요,1
KoBART lr5e-5 (04),전이학습,beam5+no_repeat_ngram3,썸탈때 여자가 먼저 연락하면 안돼?,여자 남자가 어딨나요.,연락하면 상관없지만 자신을 비하하지는 마세요. 신경쓰지,2
KoBART lr5e-5 (04),전이학습,beam5+no_repeat_ngram3,체육대회한데,일기예보 확인해보세요.,일기예보 확인해보세요. 생각보다 반응이 좋으시군요.,0
KoBART lr5e-5 (04),전이학습,beam5+no_repeat_ngram3,짝사랑중인데 그 애는 저를 잘 알지 못하는데 연락을 하면 놀랠까요?,갑자기 연락하면 놀라겠죠.,아직 확실한게 아니라면 연락을 안 하는게 더 나을 수도 있어요.,2
KoBART lr5e-5 (04),전이학습,beam5+no_repeat_ngram3,랜선 연애 어떻게 생각해?,얼굴을 안 보고 부딪히지도 않아서 제대로 된 연애가 가능하지 않을 수도 있지만 다 나쁜 건 아니에요.,랜선연애 하다가 연애로 이어지곤 해요. 연애,2
KoBART lr5e-5 (04),전이학습,beam5+no_repeat_ngram3,짝남 그냥 연락 끊긴지 오래됐는데 연락하는 거 오바야?,후회하는 것 보단 연락하고 결정하는게 좋겠어요.,연락 끊는 연습을 해봐요. 금방 나아질거예요.,2
KoBART lr5e-5 (04),전이학습,beam5+no_repeat_ngram3,술 먹는 거 말고 친구랑 뭐하지,아무것도 안해도 재밌을 거예요.,술이 웬수예요. 정신차리세요. 힘내세요. 저,0
KoBART lr5e-5 (04),전이학습,beam5+no_repeat_ngram3,클럽에서 만난 남자친구와 오래 갈 수 있을까?,어디에서 만난 건 상관없어요.,같이 가보세요. 더 오래 만날 수 있을 거예요. 같이 가요. 같이,2
KoBART lr5e-5 (04),전이학습,beam5+no_repeat_ngram3,왜 살까,살아있음 자체로 의미가 있으니까요.,당신의 잠재력은 무궁무진해요. 당신의 잠재력을 믿어,0
KoBART lr5e-5 (04),전이학습,beam5+no_repeat_ngram3,이사람 무슨 생각인걸까,알 수 없는게 사람 마음인가봐요.,직접 물어보세요. 생각이 정리될 거예요. 신경쓰지 않아도 돼요.,1
KoBART lr5e-5 (04),전이학습,beam5+no_repeat_ngram3,헤어진지 6개월,많은 시간이 흘렀네요.,생각보다 많은 시간이 지났네요. 금방 나아질 거예요. 곧 나아질,1
KoBART lr5e-5 (04),전이학습,beam5+no_repeat_ngram3,피자 식어서 왔어,그래도 맛있게 드세요.,간단한 견과류나 과일을 먹어보세요. 괜찮을 거예요,0
KoBART lr5e-5 (04),전이학습,beam5+no_repeat_ngram3,오늘도 힘들다,지금은 힘들겠지만 조금만 더 견뎌봐요.,힘내세요! 제가 응원할게요. 저에게 기대세요. 기운,1
KoBART lr5e-5 (04),전이학습,beam5+no_repeat_ngram3,앞머리 다시 길러볼까,다 예뻐요.,앞머리만이라도 감으세요. 괜찮아요! 힘내세요,0
KoBART lr5e-5 (04),전이학습,beam5+no_repeat_ngram3,엿같다.,벗어나는 게 좋겠네요.,헛된 희망은 자신을 더 괴롭게 만들거예요. 헛된,0
KoBART lr5e-5 (04),전이학습,beam5+no_repeat_ngram3,내일 약속 있는데 날씨 좋았으면,날씨가 안 좋더라도 데이트는 성공적일 거예요.,얼른 집에 가서 쉬시길 바랄게요. 피곤했나,0
KoBART lr5e-5 (04),전이학습,beam5+no_repeat_ngram3,짝남한테 게임 초대 톡 왔음.,게임 초대라니 서운하겠어요.,설렜을텐데 아쉽겠어요. 실망했겠어요. 아쉽겠,2
KoBART lr5e-5 (04),전이학습,beam5+no_repeat_ngram3,연락하는 게 익숙하지가 않아,하다보면 익숙해질거예요.,좀 더 기다려보세요. 새로운 연락이 올거예요. 기다려보,0
KoBART lr5e-5 (04),전이학습,beam5+no_repeat_ngram3,좀 쉬면서 애기 키워야 할 듯,좋은 곳에서 일하시나봐요.,먼저 생활패턴을 살펴 보세요. 당신의 잠재력을 믿어주,0
KoBART lr5e-5 (04),전이학습,beam5+no_repeat_ngram3,하늘을 날고 싶어,오래 살면 가능할 거 같아요.,하늘을 보고 웃어보세요. 기분이 바뀔거예요. 하늘을 보세요.,0
KoBART lr5e-5 (04),전이학습,beam5+no_repeat_ngram3,이상형 알고싶다,주변 사람에게 물어보거나 직접 물어보세요.,주변 사람들에게 물어보세요. 답을 찾아보세요. 생각이 정리될거예,2
KoBART lr5e-5 (04),전이학습,beam5+no_repeat_ngram3,사랑에 빠진 거 같아,행복해 보여요.,좋은 생각만 하세요. 당신의 소중한 에너지를 믿어보세요. 당신의 에너지를,2
KoBART lr5e-5 (04),전이학습,beam5+no_repeat_ngram3,정말 너무 힘들어.,많이 힘들었죠.,조금만 더 힘내세요. 당신의 인연이 거기까지였나봐요.,1
KoBART lr5e-5 (04),전이학습,beam5+no_repeat_ngram3,근황이 궁금해,연락해보세요.,근황이름 말고 근황을 보세요. 근황을 알 수 있을,2
KoBART lr5e-5 (04),전이학습,beam5+no_repeat_ngram3,사랑하는 사람 잊는 법,충분히 아파하면서 충분한 시간이 필요할 거예요.,사랑하는 이유를 생각해보세요. 생각보다 쉽지 않지요. 자연스러운 현상이에,2
KoBART lr5e-5 (04),전이학습,beam5+no_repeat_ngram3,썸남 생겼는데 프사 뭐할까?,큰 의미를 두지 않아도 돼요.,연애에 대한 두려움을 가지고 있을 수도 있어요. 그렇지만 조금 더 상황을 지켜보,2
KoBART lr5e-5 (04),전이학습,beam5+no_repeat_ngram3,썸남이 톡이 느려,저처럼 연락이 늦는 사람을 이해해 주세요.,바쁘거나 감정의 변화가 생겼나봐요. 곧 좋은 소식이 들리,2
KoBART lr5e-5 (04),전이학습,beam5+no_repeat_ngram3,헤어진지 1달째 됐습니다.,금방 나아질 거예요.,생각보다 많은 시간이 지났네요. 금방 나아질 거예요. 곧 나아질,1
KoBART lr5e-5 (04),전이학습,beam5+no_repeat_ngram3,결혼할 확신이 안선다고 헤어지자네,결혼에는 확신이 필요하죠.,더 좋은 사람 만나서 알콩달콩 연애할 수 있을 거예요.,1
KoBART lr5e-5 (04),전이학습,beam5+no_repeat_ngram3,짝사랑은 안 이뤄지나봐.,이뤄질 수도 있답니다.,사랑도 언젠간 끝나기도 하죠. 다시 사랑이 찾아올 거예요. 믿,2
KoBART lr5e-5 (04),전이학습,beam5+no_repeat_ngram3,삼겹살에 소주,생각만 해도 군침이 도네요.,생각만 해도 군침이 도네요. 기분전환을 하세요.,0
KoBART lr5e-5 (04),전이학습,beam5+no_repeat_ngram3,친구인데 고백해도 될까?,솔직한 마음으로 다가가보세요.,당신도 고백하세요. 당신의 매력을 어필해 보세요. 매력을 어,2
KoBART lr5e-5 (04),전이학습,beam5+no_repeat_ngram3,말실수했다,상처가 될 수 있어요.,말실수랄 거예요. 기분전환을 하세요. 기분이 전환되시,0
KoBART lr5e-5 (04),전이학습,beam5+no_repeat_ngram3,관절염인가,계단 조심하세요.,병원가세요. 약을 드세요. 증상이 나아질거예요. 약을 드,0
KoBART lr5e-5 (04),전이학습,beam5+no_repeat_ngram3,숨막히네,숨 쉴 수 있을 때가 올 거예요.,숨 쉴만 했으면 좋겠네요. 기운 내길 바랄게,1
KoBART lr5e-5 (04),전이학습,beam5+no_repeat_ngram3,왜 이별하고 다들 왜 연락을 끊는건가??,아무런 감정 없이 연락을 지속할 수 없으니까요.,먼저 연락을 끊으세요. 연락하지 않는 편이 편할지도 몰라요.,1
KoBART lr5e-5 (04),전이학습,beam5+no_repeat_ngram3,왜 저를 좋게 기억해주는 걸까,많이 아껴주셨나봐요.,남들 눈은 신경쓰지 마세요. 당신의 매력을 어필해보,1
KoBART lr5e-5 (04),전이학습,beam5+no_repeat_ngram3,첫눈,정말 이쁜 눈이 내려요.,첫눈에 반했나봐요. 어서오세요. 첫사랑. 첫,1
KoBART lr5e-5 (04),전이학습,beam5+no_repeat_ngram3,이별한지 4개월째.,마음은 좀 정리 되어가길 바랍니다.,생각보다 많은 시간이 지났네요. 금방 나아질거라 믿어요.,1
KoBART lr5e-5 (04),전이학습,beam5+no_repeat_ngram3,골프 못 치는데,처음부터 잘하는 사람은 없어요.,티끌 모아 태산이에요. 경제 감각이 없나봅니다.,0
KoBART lr5e-5 (04),전이학습,beam5+no_repeat_ngram3,오늘 날씨 죽인다,나들이 가보세요.,날씨 어플에 물어보세요. 생각보다 날씨가 많이 힘들었나봐,0
KoBART lr5e-5 (04),전이학습,beam5+no_repeat_ngram3,미팅에서 번호 딴 애가 좋은데 뭐라고 연락을 할까?,잘 들어갔는지 가볍게 물어보면서 다음 약속을 잡아보세요.,바쁜 상황일 수도 있어요. 신경쓰지 않는 연습을 해봐요.,2
KoBART lr5e-5 (04),전이학습,beam5+no_repeat_ngram3,내가미쳤지,당신을 탓하지 마세요.,그럴 필요 없어요. 신경쓰지 마세요. 당신은 위로받을 자격이,1
KoBART lr5e-5 (04),전이학습,beam5+no_repeat_ngram3,짧다면 짧고 길다면 긴 일년간의 연애가 끝이났네,마음의 정리가 되었나요.,짧지 않은 시간인데 긴 시간이네요. 끝을 받아들이는 것도,1
KoBART lr5e-5 (04),전이학습,beam5+no_repeat_ngram3,오늘은 교회 안가면 안될까,왜 그럴까요?,안 가본 곳에 가보세요. 그래도 가야겠죠. 같이 가보,0
KoBART lr5e-5 (04),전이학습,beam5+no_repeat_ngram3,이러면 안되는 줄 알면서도,알면서도 잘 안되는게 사람 마음인가봐요.,알다가도 모르는게 인생이에요. 미련을 버리세요.,1
KoBART lr5e-5 (04),전이학습,beam5+no_repeat_ngram3,이젠 의미있는 시간을 만들어보려해,그동안 못했던 일들을 시작해보세요.,의미있는 시간들이었나봐요. 의미있는 시간을 보내보세요.,1
KoBART lr5e-5 (04),전이학습,beam5+no_repeat_ngram3,점심시간에 외출하면 안 되나,사생활이 지켜지지 않나봐요.,야근이 만든 야경이죠. 야경구경 가세요. 야,0
KoBART lr5e-5 (04),전이학습,beam5+no_repeat_ngram3,잠 못자고 있네,그분의 생각으로 가득한가봅니다.,잠이 최고의 보약이에요. 노력해보세요. 피곤했나봐요.,1
KoBART lr5e-5 (04),전이학습,beam5+no_repeat_ngram3,8년 연애끝의 이별.,공허함이 더 크시겠어요.,끝을 받아들이는 것도 중요해요. 힘들었을텐데 맘고,1
KoBART lr5e-5 (04),전이학습,beam5+no_repeat_ngram3,남자친구가 나를 더 좋아하게 할 수 있는 방법,당신이 더 사랑을 표현해보세요.,좋아하는 마음을 표현할 수 있는 계기를 만들어보세요. 그 계기를,2
KoBART lr5e-5 (04),전이학습,beam5+no_repeat_ngram3,너도 고민 있어?,저는 고민이 없어요.,네 말씀해주세요. 저는 마음을 이어드릴 수 있는 위로봇입니다. 제가,0
KoBART lr5e-5 (04),전이학습,beam5+no_repeat_ngram3,대학교에서 첫사랑 다시 만났어.,운명적인 만남이네요.,좋은 만남이었길 바라요. 다시 만날 수 있을 거예요. 다시 만날 거예요.,2
KoBART lr5e-5 (04),전이학습,beam5+no_repeat_ngram3,즉흥적인 여자친구가 고민임.,그게 매력이에요.,은근 중에 연락을 기다리고 있었나봐요. 곧 좋은 소식이 들리,2
KoBART lr5e-5 (04),전이학습,beam5+no_repeat_ngram3,여자친구가 더치페이를 안해.,데이트 통장에 대해 이야기해보세요.,페북을 삭제하는 편이 좋겠네요. 같이 해보세요. 같이 해보,2
KoBART lr5e-5 (04),전이학습,beam5+no_repeat_ngram3,밉다 진짜,예뻐해 주세요.,남들 눈은 신경쓰지 마세요. 당신도 속상해,0
KoBART lr5e-5 (04),전이학습,beam5+no_repeat_ngram3,귀가 윙윙거려,병원에 가세요.,병원에 가보세요. 진통제 드세요. 도움이 될 거예요! ,0
KoBART lr5e-5 (04),전이학습,beam5+no_repeat_ngram3,냄새 나면 어쩌지?,"깨끗이 씻어보고 섬유유연제나 바디워시, 바디로션, 향수 등을 사용해보세요.","섬유탈취제 뿌려보세요. 바디워시, 바디",0
KoBART lr5e-5 (04),전이학습,beam5+no_repeat_ngram3,정신 차려야 하는데,시간이 걸릴 수도 있지만 괜찮아질 거예요. 다른 곳으로 관심을 돌려보는 건 어떨까요?,차분히 생각해봐요. 금방 나아질거라 믿어요. 다시,1
KoBART lr5e-5 (04),전이학습,beam5+no_repeat_ngram3,오늘 야근인가,오늘도 고생이 많으시네요.,얼른 집에 가서 쉬시길 바랄게요. 피곤했나,0
KoBART lr5e-5 (04),전이학습,beam5+no_repeat_ngram3,짜증 수준이 되어버렸습니다,조금 지친걸까요.,짜증날 땐 짜증만 나나봐요. 어서 잊어버,1
KoBART lr5e-5 (04),전이학습,beam5+no_repeat_ngram3,나 얘를 좋아하는 걸까?,있었던 일을 차분히 생각해봐요.,좋아하니까요. 그렇지만 조금 더 상황을 지켜보세요. 당신의 마음이 움직일 거예요.,2
KoBART lr5e-5 (04),전이학습,beam5+no_repeat_ngram3,사귄지 한달됐어,한창 달달할 때네요.,금방 나아질 거예요. 새출발하세요. 기운내세요! 기운,2
KoBART lr5e-5 (04),전이학습,beam5+no_repeat_ngram3,나 스마트폰 중독인가봐,가끔 핸드폰없이 살아보세요.,핸드폰은 핸드폰이 아니에요. 신경쓰지 마세요.,0
KoBART lr5e-5 (04),전이학습,beam5+no_repeat_ngram3,고백은 어떻게 하는거야,솔직한 마음으로 다가가는 거죠.,고백에 답이 있을 수도 있어요. 용기를 내서 고백하세요. 당신의,2
KoBART lr5e-5 (04),전이학습,beam5+no_repeat_ngram3,세뱃돈 받았어 호호,아직 어린가봐요.,기분전환을 해보세요. 한결 몸이 가벼워질거예요. 기분이,0
KoBART lr5e-5 (04),전이학습,beam5+no_repeat_ngram3,누군가를 좋아하는게 두려워.,좋아하는 감정을 느낀다는 자체가 참 행복한 거예요.,누군가를 좋아하는지 생각해보세요. 당신의 잠재력은 무궁무진,2
KoBART lr5e-5 (04),전이학습,beam5+no_repeat_ngram3,너 때문이야,모두 제 잘못입니다.,네 말씀해주세요. 저는 위로봇입니다. 위로봇이 되어줄거,0
KoBART lr5e-5 (04),전이학습,beam5+no_repeat_ngram3,엄마 미안해,엄마한테 잘해야 돼요.,고마 전해 전해보세요. 꼭 갚아 주실거예요. 꼭,0
KoBART lr5e-5 (04),전이학습,beam5+no_repeat_ngram3,썸녀한테 미련 남아,깨끗이 잊든 용기내든 실행에 옮겨 보세요.,미련이 남았나봐요. 미련을 버리세요.,2
KoBART lr5e-5 (04),전이학습,beam5+no_repeat_ngram3,단수,단수가 되었는지 문의해 보세요.,조금만 참고 기다려보세요. 괜찮아요. 금방 나아질거예요.,0
KoBART lr5e-5 (04),전이학습,beam5+no_repeat_ngram3,이렇게 진짜 끝인걸까.,인연이 거기까지인 가봐요.,미련이 남았나봐요. 미련을 버리세요.,1
KoBART lr5e-5 (04),전이학습,beam5+no_repeat_ngram3,폰게임 때매 폰 느려지는듯,정리해보세요.,충전하고 필요없는 어플은 삭제하세요. 시간을 정해서 삭제하,0
KoBART lr5e-5 (04),전이학습,beam5+no_repeat_ngram3,너한테 이글안보여줄거다 .,그렇게 해요.,제가 위로드릴게요. 제가 위로해줄게요. 응원할게요.,1
KoBART lr5e-5 (04),전이학습,beam5+no_repeat_ngram3,여자친구 여신같아,부럽네요.,좋은 인상을 남겼으면 좋겠네요. 칭찬해주고 싶네요.,2
KoBART lr5e-5 (04),전이학습,beam5+no_repeat_ngram3,썸남이 춥다고 옷 잠궈주는데 설레.,다정한 사람이네요.,따뜻하게 입으세요. 기분이 나아질거라 믿어요. 따뜻하게,2
KoBART lr5e-5 (04),전이학습,beam5+no_repeat_ngram3,맘이 떠났다는게 맞는거 같아,마음 떠난 사람 잡기는 힘들어요.,마음이 떠난 건 아닌지 생각해보세요. 마음이 정리되었나봐요.,1
KoBART lr5e-5 (04),전이학습,beam5+no_repeat_ngram3,조모임 왜 이케 많아,요즘은 팀워크가 더 중요해졌어요.,모처럼만에 즐거운 시간 보내고 오셨네요. 어서오세요. 기다,0
KoBART lr5e-5 (04),전이학습,beam5+no_repeat_ngram3,장난스러운 사이,재미있나봐요.,장난스러운 게 아니에요. 기분이 나아졌으면 좋겠어요. 기분이 나아,0
KoBART lr5e-5 (04),전이학습,beam5+no_repeat_ngram3,크리스마스에 뭐 하나,크리스마스에는 케빈과 함께.,무슨 날인지는 중요하지 않아요. 크리스마스를 노려보세요.,0
KoBART lr5e-5 (04),전이학습,beam5+no_repeat_ngram3,친구들이 짝남 별로라고 하는게 짜증나.,왜 별로라고 할까요. 기분 상했겠어요.,짝사랑이 그렇게 만드나봐요. 기분이 조금이나마 나아,2
KoBART lr5e-5 (04),전이학습,beam5+no_repeat_ngram3,현실적 문제로 연애 포기해야할듯,잠시 쉬어도 괜찮아요.,현실적인 문제가 중요하니까요. 현실의 벽에 부딪혔나봐요. 자신의,2
KoBART lr5e-5 (04),전이학습,beam5+no_repeat_ngram3,기숙사 사는거 어떨까?,혼자 사는 것보다 불편하겠죠.,기숙사 살다보면 정리가 될 거예요. 자연스러운 현상이에요.,0
KoBART lr5e-5 (04),전이학습,beam5+no_repeat_ngram3,전화 왜 안 받지,바쁜일이 있나봐요.,기다리는 전화가 있나봐요. 연락두절돼서 걱정되겠,0
KoBART lr5e-5 (04),전이학습,beam5+no_repeat_ngram3,끝나면 좋을 줄 알았는데.,마음이 허전하신가봐요.,마음이 헛헛한가봐요. 곧 끝나길 바랄게요.,0
KoBART lr5e-5 (04),전이학습,beam5+no_repeat_ngram3,서로 사랑하는데 불안해,믿음이 더 필요해 보이네요.,두려워하지 않아도 돼요. 믿음이 있으면 두려워하지 말고 자신감을 가지세요.,2
KoBART lr5e-5 (04),전이학습,beam5+no_repeat_ngram3,어떤 영화 볼까,최신 영화가 좋을 것 같아요.,영화 많이 볼 수 있는 데이트 코스를 찾아보세요. 영화 많이,0
KoBART lr5e-5 (04),전이학습,beam5+no_repeat_ngram3,돈 굴리기,저도 좀 알려주세요.,주식으로 돈버는사람은 몇명 없대요. 주식으로,0
KoBART lr5e-5 (04),전이학습,beam5+no_repeat_ngram3,나한테 할 말 있대 뭘까?,기대되겠네요.,하고 싶은 말 다하세요. 언제나 1순위에 자신을 두세요. 언제나,0
KoBART lr5e-5 (04),전이학습,beam5+no_repeat_ngram3,좋아하는 사람 앞에서 성격이 이중적인데 정상인가요.,자연스러운 현상입니다.,성격일 뿐이니까요. 자연스러운 현상이에요. 신경쓰지,2
KoBART lr5e-5 (04),전이학습,beam5+no_repeat_ngram3,방학이 있었으면.,잠시 쉬어가도 괜찮아요.,학생이 아니니 어쩔 수 없죠. 참고 견뎌보세요. 방학은,0
KoBART lr5e-5 (04),전이학습,beam5+no_repeat_ngram3,결국엔 끝이라는 생각,쉽게 받아들여지진 않을거예요.,사랑은 끝나도 당신의 시간은 여전히 진행 중인 걸 잊지 마세요. 당신의 시간은,1
KoBART lr5e-5 (04),전이학습,beam5+no_repeat_ngram3,전화하면서 잠들고 싶다.,낭만적이네요. 전화해보세요.,잠깐 핸드폰 게임 하시면 올거예요. 피곤했나봐,2
KoBART lr5e-5 (04),전이학습,beam5+no_repeat_ngram3,좋은 사람으로 남는다는것,어렵네요.,좋은 사람만 남았길 바랄게요. 좋은 사람 만나서,1
KoBART lr5e-5 (04),전이학습,beam5+no_repeat_ngram3,남녀간의 소통의 중요성을 다시 한번 깨달았습니다.,서로 공감할 수 있는 이야기가 필요하죠,대화를 통해 속도를 맞춰보세요. 알 수 있을 거예요. 금방 나아질 거예요.,2
KoBART lr5e-5 (04),전이학습,beam5+no_repeat_ngram3,게임 때문에 폰이 점점 느려지는듯,정리해보세요.,회원정보 찾기를 해보세요. 소액결제를 줄일 수 있을 거예요,0
KoBART lr5e-5 (04),전이학습,beam5+no_repeat_ngram3,연락이 없네,이별의 끝일지도 몰라요.,연락이 오길 기다리지 마세요. 기다릴게요. 기다리지,1
KoBART lr5e-5 (04),전이학습,beam5+no_repeat_ngram3,화장 잘 하고 싶다,하다보면 늘어요.,화장하는 시간이 줄었나봐요. 곧 할 수 있을 거예요. 기다려,0
KoBART lr5e-5 (04),전이학습,beam5+no_repeat_ngram3,수염 자르는 게 낫겠지,깔끔하게 정리해보세요.,깔끔해질 거예요. 다음에는 이뻐요. 깍아내리세요.,0
KoBART lr5e-5 (04),전이학습,beam5+no_repeat_ngram3,오늘 짝남이 썸녀 생긴거 알게 돼서 술 좀 마셨어요.,속이 답답하겠어요.,술이 웬수네요. 기분이 좀 나아졌길 바랄게,2
KoBART lr5e-5 (04),전이학습,beam5+no_repeat_ngram3,버스 정류장에서 기다리던 사람,멋있네요.,야경 멋지네요. 야경구경 가세요. 야경,0
KoBART lr5e-5 (04),전이학습,beam5+no_repeat_ngram3,미세먼지 때문에 짜증나,마스크 쓰고 나가세요.,숨 쉴만 했으면 좋겠네요. 체력에 따라 다를 것 같아,0
KoBART lr5e-5 (04),전이학습,beam5+no_repeat_ngram3,점심 메뉴 좀 골라줘,누구랑 먹는 냐에 따라 다르겠죠.,맛있는 거 드세요. 기운 내겠네요. 기운 내길 바랄,0
KoBART lr5e-5 (04),전이학습,beam5+no_repeat_ngram3,친구들이랑 맛집 가고 싶어,조금씩 더 행복해 질거 같아요,맛있게 드시고 오셨길 바랍니다. 얼른 가세요!,0
KoBART lr5e-5 (04),전이학습,beam5+no_repeat_ngram3,만족해야겠지?,내가 있는 곳 그 자리에서 만족하는 것이 중요해요.,만족하면 발전이 없으니까요. 발전이 없는 거예요. 발전이 없다고,0
KoBART lr5e-5 (04),전이학습,beam5+no_repeat_ngram3,영화 보자는데 나한테 관심 있나?,영화 보고 나서 고민해도 안 늦어요.,온전히 느낄 수 있는 시간이면 충분해요. 영화 보세요. 느껴,2
KoBART lr5e-5 (04),전이학습,beam5+no_repeat_ngram3,초콜릿 선물하면 좋아할까?,좋아할거예요.,초콜릿 녹여서 예쁘게 만드는 것도 좋을 것 같아요. 용기를 내,0
KoBART lr5e-5 (04),전이학습,beam5+no_repeat_ngram3,일본어 어렵네,저도 참 힘들어요.,어려운 거 같아요. 조금만 더 힘내세요. 힘내세요! 응원,0
KoBART lr5e-5 (04),전이학습,beam5+no_repeat_ngram3,왜 이렇게 태어났을까?,서로 다르게 태어난 이유는 저마다의 목소리를 내기 위해서예요. 자신의 목소리를 들어주세요.,서로 다르게 태어난 이유는 저마다의 목소리를 내기 위해서예요. 자신의 목소리를,0
KoBART lr5e-5 (04),전이학습,beam5+no_repeat_ngram3,너무 외로워,외로우니까 사람이다.,외로운 상태인 거 같아요. 당신의 능력을 믿어보세요. 당신의,0
KoBART lr5e-5 (04),전이학습,beam5+no_repeat_ngram3,짝사랑 하는 사람이 날 좋아할리는 없겠지?,나를 비하하지 마세요.,좋아할 확률이 더 높겠네요. 자연스러운 현상이에요.,2
KoBART lr5e-5 (04),전이학습,beam5+no_repeat_ngram3,연상녀랑 어제 헤어졋네,정신이 없겠네요.,헤어짐에 지쳤나봐요. 곧 나아질거예요.,1
KoBART lr5e-5 (04),전이학습,beam5+no_repeat_ngram3,여자친구가 돈이 너무 없어.,조금씩 함께 해도 좋을 것 같아요.,돈 없어도 할 수 있는게 많아요! 힘내세요!,2
KoBART lr5e-5 (04),전이학습,beam5+no_repeat_ngram3,쉬마려,화장실 가세요.,쉬다 충전하고 오세요. 기운 내세요! 기운 내요!,0
KoBART lr5e-5 (04),전이학습,beam5+no_repeat_ngram3,불금입니다,자신만의 시간을 가져봐요.,돈을 얼른 모아야할 이유가 생겼네요. 현금이요. 현,1
KoBART lr5e-5 (04),전이학습,beam5+no_repeat_ngram3,어떻게 벌주어야 할까.,그대로 돌아올지도 몰라요. 그저 무시하세요.,잘하고 있어요. 당당히 말하세요. 당당하게요. 당당하게 말,1
KoBART lr5e-5 (04),전이학습,beam5+no_repeat_ngram3,무언가에 집중하는 남자가 좋아,매력적인 사람이지요.,집중할 수 있으면 집중하세요. 눈에서 멀어집니다. 눈,2
KoBART lr5e-5 (04),전이학습,beam5+no_repeat_ngram3,좋은이별은 어떤건가,좋은 이별은 없다고 생각해요.,좋은 생각만 하세요. 당신의 잠재력은 무궁무진해요.,1
KoBART lr5e-5 (04),전이학습,beam5+no_repeat_ngram3,내 마음에 마지막 인사,마음이랑 잘 인사해요.,잘 견뎌낼거라 믿어요. 잘 이겨내길 바랄,1
KoBART lr5e-5 (04),전이학습,beam5+no_repeat_ngram3,올해 왜 이러지,내년이라고 별 수 있겠어요.,사주를 한번 봐봐요. 곧 좋은 소식이 들리려고 하는 것,0
KoBART lr5e-5 (04),전이학습,beam5+no_repeat_ngram3,안주 추천 좀,살 안 찌는 게 좋을 것 같아요.,괜찮은 선택이길 바라요. 다른 일에 집중하세요. 괜찮아,0
KoBART lr5e-5 (04),전이학습,beam5+no_repeat_ngram3,남자친구 또 운동 갔어,운동을 함께 해보세요.,남자들은 신경쓰지 마세요. 자연스러운 현상이에요. 자연스러운,0
KoBART lr5e-5 (04),전이학습,beam5+no_repeat_ngram3,혈액형이 성격이랑 무슨 상관이지,상관 없는 거 같아요.,서로 다른 성향이 다른 것 같아요. 신경쓰지 않는 선이,2
KoBART lr5e-5 (04),전이학습,beam5+no_repeat_ngram3,이제는 너를 보낼 시간이 가까이 오는구나.,이별을 받아들이는 것도 중요해요.,이별을 받아들이는 것도 중요해요. 새로운 사랑이 찾아올 거예요. 새로운,1
KoBART lr5e-5 (04),전이학습,beam5+no_repeat_ngram3,사전이 이상해,사전도 사람이 만드니까 이해해주세요.,사전도 중요한 요소니까요. 이해하려고 노력해보세요. 조금 더 살펴보,0
KoBART lr5e-5 (04),전이학습,beam5+no_repeat_ngram3,친척들 만나는 거 불편해,서로를 조금만 생각해 주면 만남이 즐거울 텐데 말이예요.,오랜만에 만나는 거니 불편하겠지만 잘 다녀와요. 맛있는 거 먹고,0
KoBART lr5e-5 (04),전이학습,beam5+no_repeat_ngram3,아 놔 생리통,힘들겠어요.,약을 먹거나 병원에 가보세요. 증상이 나아질거예요. 병원에,0
KoBART lr5e-5 (04),전이학습,beam5+no_repeat_ngram3,거의 매일 술,술 많이 드시면 더 무너져요.,술이 웬수예요. 조금만 참고 견뎌보세요. 괜찮아,1
KoBART lr5e-5 (04),전이학습,beam5+no_repeat_ngram3,노트북 안돼,그럴때는 초기화하는게 속시원해요.,노트북은 비싸요. 그럴 필요 없어요. 필요없는걸 찾아보세요.,0
KoBART lr5e-5 (04),전이학습,beam5+no_repeat_ngram3,오늘은 노래한 곡에 또 울컥 ㅠ,힘들 때 슬픈 노래는 우리를 잠식시키는 것 같아요.,울어도 돼요. 용기를 내서 말해봐요. 저도 울어버려,1
KoBART lr5e-5 (04),전이학습,beam5+no_repeat_ngram3,낚시 안 해봤는데 재미있어 보인다,도전해 봐도 좋을 거 같아요.,재미있나봐요. 도전해 보신 적 있으신가봐요.,0
KoBART lr5e-5 (04),전이학습,beam5+no_repeat_ngram3,왜 갑자기 연락했을까?,이렇게 고민하게 만들려고 그랬나봐요.,갑작스러웠나봐요. 신경쓰지 마세요. 마음이 정리되었,0
KoBART lr5e-5 (04),전이학습,beam5+no_repeat_ngram3,이 길이 나에게 맞는걸까,잘 가고 있을 거예요.,자신의 스타일에 맞는 길이 추천드려요. 자신의 매력을 어필해보세요.,0
KoBART lr5e-5 (04),전이학습,beam5+no_repeat_ngram3,남자 어디서 만나,소개팅 시켜달라고 말해보세요.,원하는 사람이 있는 장소에 가보세요. 만날 수 있을 거예요!,0
KoBART lr5e-5 (04),전이학습,beam5+no_repeat_ngram3,남자친구가 너무 국밥류만 좋아해.,다양하게 먹자고 해보세요.,밥심으로 사는 거죠. 같이 먹으면서 느끼는 행복은 더 커요.,2
KoBART lr5e-5 (04),전이학습,beam5+no_repeat_ngram3,친구들이 나만 왕따시키는 거 같아,선생님께 도움을 청해보세요.,친구들 왕따 시키지 마세요. 무시당해요. 무시당,0
KoBART lr5e-5 (04),전이학습,beam5+no_repeat_ngram3,공부하는 이유?,공부하면 더 많은 선택을 할 수 있죠.,미래의 배우자가 달라져요. 자연스러운 현상이에요. 노력하는 과정,0
KoBART lr5e-5 (04),전이학습,beam5+no_repeat_ngram3,미래를 함께할 반려자인지 확신이 아직 없어,확신이 들때까지 기다려보세요.,사람이니까니까요. 자연스러운 현상이에요. 미련을 버리,2
KoBART lr5e-5 (04),전이학습,beam5+no_repeat_ngram3,정리 불가,차근차근 해보세요.,정리가 잘 되길 바랄게요. 기다려보세요. 기다릴게,0
KoBART lr5e-5 (04),전이학습,beam5+no_repeat_ngram3,금수저로 태어났으면 좋았을텐데,아이를 금수저로 만들어주세요.,금수저로 태어났으면 좋았을텐데 안타깝네요. 부모,0
KoBART lr5e-5 (04),전이학습,beam5+no_repeat_ngram3,짝남이랑 카톡이 끊겼는데 어떻게 더 연락할까?,연락할 핑계를 찾아보세요.,연락하지 않는 편이 좋겠어요. 걱정하지 말고 연락해보세요. 연락해보,2
KoBART lr5e-5 (04),전이학습,beam5+no_repeat_ngram3,샌드위치 생각 나,애그 샌드위치 추천합니다.,샌드위치 추천해요. 어흥!! 호랑이보다 무섭,0
KoBART lr5e-5 (04),전이학습,beam5+no_repeat_ngram3,딱 오늘 새벽 헤어졌습니다.,달 어스름에 더 울적하겠어요.,미련이 생기기 전에 헤어졌으면 좋겠어요. 힘들었을텐,1
KoBART lr5e-5 (04),전이학습,beam5+no_repeat_ngram3,감기 들 거 같애,이럴 때 잘 쉬는 게 중요해요.,병원가세요. 약을 드셔보세요. 증상이 나아질거예요.,0
KoBART lr5e-5 (04),전이학습,beam5+no_repeat_ngram3,남자친구 카톡 말투가 마음에 안 들어.,마음에 안 드는 부분을 직접 말해보세요.,말투가 안 맞았나봐요. 신경쓰지 마세요.,2
KoBART lr5e-5 (04),전이학습,beam5+no_repeat_ngram3,사람들이 그런 말 하더군,사람들의 말은 한 귀로 듣고 한 귀로 흘리세요.,그런 말도 하지 마세요. 무시당하는 기분이 들어서 그래요. 무시당,1
KoBART lr5e-5 (04),전이학습,beam5+no_repeat_ngram3,오늘 물 진짜 조금 마셨다,습관을 들여보세요.,좋은 식습관이에요. 습관을 들여보세요. 좋은 습관이,0
KoBART lr5e-5 (04),전이학습,beam5+no_repeat_ngram3,나를 좋아하는건 바라지도 않아요.,슬픈 말이에요.,사랑에는 타이밍이 중요해요. 당신은 선택받은 사람이에요.,2
KoBART lr5e-5 (04),전이학습,beam5+no_repeat_ngram3,습관 못 고치겠어,실패해도 조금씩 고치려고 해보세요.,고치기 어려우니까 습관이라고 하겠죠. 습관이에요. 습관이라고,0
KoBART lr5e-5 (04),전이학습,beam5+no_repeat_ngram3,결혼하고 나서 애 낳기 싫어졌어,둘이 알콩달콩 잘 살면 되죠.,자연스러운 현상이에요. 자연스러우면 좋겠네요. 자연스러운,2
KoBART lr5e-5 (04),전이학습,beam5+no_repeat_ngram3,보고싶어 잠이 안와,그분 생각으로 가득찼나봐요.,잠이 최고의 보약이에요. 노력해보세요. 기운을 내요!,1
KoBART lr5e-5 (04),전이학습,beam5+no_repeat_ngram3,짝남이 고시생이면 기다려야 하나요?,기다릴 수 있다면 기다리세요.,기다릴 수 있을지 자신에게 물어보세요. 답은 언제나 같습니다. 면접,2
KoBART lr5e-5 (04),전이학습,beam5+no_repeat_ngram3,짜증나서 집 나왔어,마음이 복잡하겠네요.,짜증날 때는 기분 푸는 음악 어때요? 북치기박,0
KoBART lr5e-5 (04),전이학습,beam5+no_repeat_ngram3,재회를 위한 기다림,가만히 있는다고 달라지는 건 없을 거예요.,기다릴 수 있을지 자신에게 물어보세요. 자신의 선택에 맡겨보세요.,1
KoBART lr5e-5 (04),전이학습,beam5+no_repeat_ngram3,피곤해서 못일어나겠어,충전하는 시간 그 자체로 소중합니다.,피곤했나봐요. 기운을 차리세요. 기운내세요!,0
KoBART lr5e-5 (04),전이학습,beam5+no_repeat_ngram3,서로가 원치 않았던 이별,누군가의 반대로 헤어졌나봐요.,이별을 받아들이는 것도 중요한 것 같아요. 힘들었나봅니다.,1
KoBART lr5e-5 (04),전이학습,beam5+no_repeat_ngram3,사랑은 주고 받는 거지?,사랑은 한 없이 줘도 아깝지 않은거라고 생각해요.,사랑은 주고 받는 게 아니라 주고 받는 거예요. 사랑은 주고 받고 받고 받는 거예요.,2
KoBART lr5e-5 (04),전이학습,beam5+no_repeat_ngram3,모르는 사람 만나는거 너무 스트레스야,자신과 마음이 맞는 좋은 사람 만나세요.,상대방을 헷갈리게 하는건 좋지 않아요. 자신을 더 사랑,0
KoBART lr5e-5 (04),전이학습,beam5+no_repeat_ngram3,삼겹살 구워 먹어야지,맛있겠네요.,맛있게 드세요. 어장의 고기압이 높겠네요. 어,0
KoBART lr5e-5 (04),전이학습,beam5+no_repeat_ngram3,방학 끝나서 좋아,친구들이 보고싶었나봐요.,방학은 참 짧아요. 노력하면 방학이 될 거예요. 곧 방,0
KoBART lr5e-5 (04),전이학습,beam5+no_repeat_ngram3,5년 만났는데 매일 보고 싶어,좋아보이네요.,보고 싶은 마음이 더 크시겠어요. 보고 싶은 마음에서 시작하,2
KoBART lr5e-5 (04),전이학습,beam5+no_repeat_ngram3,짝녀 오랫동안 멀리서 지켜보기만 하고 있습니다.,뒤에서만 지켜보는게 힘들었겠어요.,뒤에서 지켜만 하는 건 좋지 않아요. 신경쓰지 않는 연습이,2
KoBART lr5e-5 (04),전이학습,beam5+no_repeat_ngram3,다들 아니라는 남자.,왜 아니라고 하는지 살펴보세요.,사람 맘은 알 수 없는거 같아요. 신경쓰지 마세요.,1
KoBART lr5e-5 (04),전이학습,beam5+no_repeat_ngram3,애완동물 키우고 싶은데 아빠가 키우지 말래,이유가 있을 거예요.,먼저 생활패턴을 살펴 보세요. 형편대로라면 큰 도움이 될,0
KoBART lr5e-5 (04),전이학습,beam5+no_repeat_ngram3,격려가 필요해.,잘하실 거예요!,격려가 필요해요. 필요하다면 하는 게 좋을 것 같아요. 용기를,0
KoBART lr5e-5 (04),전이학습,beam5+no_repeat_ngram3,참견 좀 하지마,저는 도움이 되고 싶어요.,잘 견뎌내고 있네요. 칭찬해주세요. 무시하세요. 무시,0
KoBART lr5e-5 (04),전이학습,beam5+no_repeat_ngram3,결혼 해도 되는지 고민돼,결혼은 인생에서 중요해서 항상 고민이 되죠.,결혼은 현실의 반대래요. 현실의 벽에 부딪혔나봐,2
KoBART lr5e-5 (04),전이학습,beam5+no_repeat_ngram3,단거 땡긴다.,맛있게 먹으면 0칼로리!,맛난 걸 드셔보세요. 단맛이 나겠네요.,0
KoBART lr5e-5 (04),전이학습,beam5+no_repeat_ngram3,어떡하지,어떡하면 좋을까요.,어장의 고기어도 좋을지 어장을 나가는 게 좋을지 생각해보,1
KoBART lr5e-5 (04),전이학습,beam5+no_repeat_ngram3,흰머리 나,뽑지말고 염색을 해보세요.,머리랑 가슴이 가끔 따로 놀죠. 신경쓰지 마세요. 신경쓰,0
KoBART lr5e-5 (04),전이학습,beam5+no_repeat_ngram3,처음에 카톡 뭐라 보내지,잘지내는지 안부를 물어봐요.,연락두절돼서 걱정되겠네요. 헤어지세요. 연락,0
KoBART lr5e-5 (04),전이학습,beam5+no_repeat_ngram3,면접 준비 어떻게 하지,회사와 자신에 대해서 더 공부해서 자신감을 가져보세요.,회사와 자신에 대해서 더 공부해서 자신감을 가져보세요. 자신에,0
KoBART lr5e-5 (04),전이학습,beam5+no_repeat_ngram3,편의점 간식 먹어야지,간단하고 좋죠.,건강 생각해서 챙겨드세요. 꼬박꼬박 챙겨 드세요. 꼬,0
KoBART lr5e-5 (04),전이학습,beam5+no_repeat_ngram3,선생님이 나만 미워해,직접 여쭤보세요.,그런 의도는 아니셨나봐요. 무시하세요. 무시당하는,0
KoBART lr5e-5 (04),전이학습,beam5+no_repeat_ngram3,나 버림 받은 거 같아,아닐거예요.,기분전환을 해보세요. 한결 몸이 가벼워질거예요. 자신감을,0
KoBART lr5e-5 (04),전이학습,beam5+no_repeat_ngram3,나만의 시간이 필요한 것 같아,자신과 대화하는 시간이 필요하죠.,시간이 좀 더 필요한 것 같아요. 시간을 가지고 생각해보세요. 할 수,0
KoBART lr5e-5 (04),전이학습,beam5+no_repeat_ngram3,썸인데 영화보재 뭐 보지?,공포영화나 액션은 어떨까요? 스킨십으로 이어질 수도 있어요.,영화관 말고 다른 데이트하는 거요. 데이트 신청해보세요.,2
KoBART lr5e-5 (04),전이학습,beam5+no_repeat_ngram3,갑자기 심장이 덜컹.,당황했나요?,갑작스러웠나봐요. 정신 차리세요. 기운을 차리고,1
KoBART lr5e-5 (04),전이학습,beam5+no_repeat_ngram3,사랑의 기준은 뭘까,사랑의 척도는 없어요.,사랑의 기준은 같지 않아요. 단지 바라만 볼 뿐. 당신의 가치,1
KoBART lr5e-5 (04),전이학습,beam5+no_repeat_ngram3,화를 한 번 내는게 나을텐데,화 내는 연습을 해보세요.,화를 참는 연습을 해보세요. 기분이 나아질 거예요. 기분 전환이나,0
KoBART lr5e-5 (04),전이학습,beam5+no_repeat_ngram3,결혼하면 행복해질까?,사람마다 행복의 크기가 다르겠지만 행복할 거예요.,서로 노력하면 행복해질 거예요. 노력하면 할 수 있을 거예요. 조금만 더,0
KoBART lr5e-5 (04),전이학습,beam5+no_repeat_ngram3,눈 많이 왔어,눈사람 만들어보세요.,눈 내리는게 싫은가 봐요. 눈이 많이 내렸나봐요.,0
KoBART lr5e-5 (04),전이학습,beam5+no_repeat_ngram3,눈이 계속 뻑뻑해,인공눈물을 넣어보세요.,인공눈물을 넣어보세요. 기분이 나아질거예요. 인공눈,0
KoBART lr5e-5 (04),전이학습,beam5+no_repeat_ngram3,반에 친구가 없어,친구를 사귈 수 있을 거예요.,친구를 사귈 수 있으면 좋겠네요. 친구를 사귀어 보세요.,0
KoBART lr5e-5 (04),전이학습,beam5+no_repeat_ngram3,집 망한 거 같은데,집에 도움이 되려고 노력해보세요.,내 집 마련의 한 걸음을 내딛으셨네요. 축하,0
KoBART lr5e-5 (04),전이학습,beam5+no_repeat_ngram3,깜깜한데 전기 안들어오네,조금만 기다리면 다시 전기가 들어올거예요.,깜빡 하셨나봐요. 기다리세요. 기다릴게요. 기다려,0
KoBART lr5e-5 (04),전이학습,beam5+no_repeat_ngram3,여사친이랑 잘되고 싶다,잘 될 거예요!,잘되고 있을 거라 생각해요. 기대해도 괜찮아요. 다른 사람,2
KoBART lr5e-5 (04),전이학습,beam5+no_repeat_ngram3,기프트콘 선물 괜찮을까?,직접 주는 게 더 좋을 것 같아요.,받는 사람이 부담스럽지 않을 선이 좋겠어요. 필요하다면 받는 사람이,0
KoBART lr5e-5 (04),전이학습,beam5+no_repeat_ngram3,왕따된 거 같아,선생님께 도움을 청해보세요.,부모님께 도움을 청해보세요. 도움이 될 거예요. 용기를 내서 도움을 청,0
KoBART lr5e-5 (04),전이학습,beam5+no_repeat_ngram3,사과를 안해,나쁜 사람이네요.,사과할 건 사과해야죠. 받아들여야할 건 받아들여야해요.,0
KoBART lr5e-5 (04),전이학습,beam5+no_repeat_ngram3,우산 같이 쓰자고 해볼까?,용기를 내세요.,용기를 내세요. 용기를 내서 말해보세요. 용기내서 말해,0
KoBART lr5e-5 (04),전이학습,beam5+no_repeat_ngram3,정신 못차리겠다.,다른 사람의 삶에 한눈팔며 살기에는 자신의 인생이 너무나도 소중합니다.,나 자신에 집중하세요. 언제나 1순위에 자신을 두세요. 언제나,0
KoBART lr5e-5 (04),전이학습,beam5+no_repeat_ngram3,그냥 마음에서 지울게,천천히 보내주세요.,잘 지내는지 잘 모르겠네요. 조금만 더 견뎌봐요.,1
KoBART lr5e-5 (04),전이학습,beam5+no_repeat_ngram3,세상이 너무 무서워,너무 불안해하지 않아도 돼요.,어흥!! 호랑이보다 무섭나요? 어흥! 호랑이,0
KoBART lr5e-5 (04),전이학습,beam5+no_repeat_ngram3,미안하대,많이 후회하나봐요.,미안해하지 않아도 돼요. 새출발하세요. 언제나 감사하,1
KoBART lr5e-5 (04),전이학습,beam5+no_repeat_ngram3,생각할 시간을 갖자는 그녀,여러 번의 위기를 극복한 것처럼 극복해보세요.,시간 가는 줄 모르겠어요. 정신없이 바쁜가봐요. 잠시 쉬어가,1
KoBART lr5e-5 (04),전이학습,beam5+no_repeat_ngram3,대부분 무덤덤한 남자친구가 고민임.,감정에 솔직해질 수 있게 조금씩 변화시켜봐요.,무덤덤한 남자친구가 있어 다행이에요. 자연스러운 현상이에,2
KoBART lr5e-5 (04),전이학습,beam5+no_repeat_ngram3,나 설레는데 혹시 썸?,혼자 설레면 짝사랑 같이 설레면 썸입니다.,사람 마다 다르겠지만 사귀고 난 후가 좋겠어요. 기분,2
KoBART lr5e-5 (04),전이학습,beam5+no_repeat_ngram3,사랑이 애매해,확실한 건 없죠.,애매하네요. 무시하세요. 무시당하는 기분이 들어서 그래요.,2
KoBART lr5e-5 (04),전이학습,beam5+no_repeat_ngram3,좋아하는 사람 앞에서 다른 사람한테 관심 있는 척 해봤어요?,그런 순간이 있었지요.,그런 척 하는 걸 수도 있어요. 신경쓰지 않는 연습을 해봐,2
KoBART lr5e-5 (04),전이학습,beam5+no_repeat_ngram3,어떤 사람이랑 결혼해야할까,함께할때 가장 자신다운 모습으로 살 수 있는 사람이랑 하는 게 좋은 것 같아요.,같이 살면 더 좋은 사람 만날 수 있을 거예요. 같이 살다보면,0
KoBART lr5e-5 (04),전이학습,beam5+no_repeat_ngram3,짝녀가 외국인인데 좋아해도 되나?,사랑에는 국경이 없답니다.,외국인도 좋아하면 좋아요. 신경쓰지 않는 선이 좋겠어요.,2
KoBART lr5e-5 (04),전이학습,beam5+no_repeat_ngram3,이별. 성숙해지다,이별은 성장하게하죠.,성숙해지는 단계인가봐요. 성숙해지는 데는 더 많은 시간이 걸려요.,1
KoBART lr5e-5 (04),전이학습,beam5+no_repeat_ngram3,발목 삔 거 같애,꾸준히 치료하세요.,꾸준히 치료하세요. 약 바르고 나오세요. 곧 나아질 거예요,0
KoBART lr5e-5 (04),전이학습,beam5+no_repeat_ngram3,집에서 웃고 떠들고 있지만,저도 그럴 때가 있답니다.,집에서 쉬는 시간도 필요해요. 여유를 갖고 여유를 가져,1
KoBART lr5e-5 (04),전이학습,beam5+no_repeat_ngram3,업무 지적 또 받음,업무 능력이 없는 게 아니라 센스가 부족한 걸 수도 있어요.,업무 능력이 있으면 참고 견뎌보세요. 당신의 능력을 믿어주세요.,0
KoBART lr5e-5 (04),전이학습,beam5+no_repeat_ngram3,의견 차이가 있을 때 나 너무 무시해,무시당하는 기분이 들어서 너무 외롭고 상처받게 된다고 차분하고 부드럽게 말해보세요.,서로의 마음에 달려있겠죠. 무시하세요. 무시당하는 느낌이 들어서,2
KoBART lr5e-5 (04),전이학습,beam5+no_repeat_ngram3,유부녀 좋아하면 안되지?,마음정리하세요.,좋아하면 안되는 상황인가봐요. 자연스러운 현상이에요. 자연,2
KoBART lr5e-5 (04),전이학습,beam5+no_repeat_ngram3,시험 공부 언제 다함,지금도 늦지 않았어요.,공부하면 더 많은 선택을 할 수 있어요. 자신의 잠재력을 믿어보,0
KoBART lr5e-5 (04),전이학습,beam5+no_repeat_ngram3,여자친구가 너무 좋은데 점 본거에서는 만나지말래.,다른 데서도 봐보세요.,만나지 말라고 해요. 만나지 않는 게 더 나을 수도,2
KoBART lr5e-5 (04),전이학습,beam5+no_repeat_ngram3,게임 때문에 시간 다갔어,게임할때는 시간이 더 빨리 가요.,게임할때는 시간이 더 빨리 가요. 시간을 정해서 해보세요.,0
KoBART lr5e-5 (04),전이학습,beam5+no_repeat_ngram3,선택 장애 있는 거 같아,선택할 때 힘든 건 당연해요.,선택할 때 힘든 건 당연해요. 자신의 선택이길 바랄게,0
KoBART lr5e-5 (04),전이학습,beam5+no_repeat_ngram3,코고는 것도 귀여워,사랑하나봅니다.,귀여운 사람이 말해서 그래요. 귀여워요. 웃어주세요. 웃,0
KoBART lr5e-5 (04),전이학습,beam5+no_repeat_ngram3,포기하니 공허하네.,자신을 포기하지는 마세요.,끝을 아는 것도 중요한 것 같아요. 포기하지 말고 시작하세요.,1
KoBART lr5e-5 (04),전이학습,beam5+no_repeat_ngram3,참 힘들다,말해줘서 고마워요.,지금은 힘들겠지만 조금만 더 견뎌봐요. 괜찮아질 거예요. 조금만,1
KoBART lr5e-5 (04),전이학습,beam5+no_repeat_ngram3,남편이 나보다 집안일 더 잘해,이상적인 남편이네요.,집안일을 나눠보세요. 더 잘할 수 있을 거예요. 자신감을 가지세요.,0
KoBART lr5e-5 (04),전이학습,beam5+no_repeat_ngram3,전화하기 너무 늦나,늦은 시간 전화는 실례예요.,늦지 않았나봐요. 기다려보세요. 기다릴게요. 기다려,0
KoBART lr5e-5 (04),전이학습,beam5+no_repeat_ngram3,오로라 보러 가고 싶다,로맨틱한 여행이네요.,보러 가세요. 영화 보러 가세요! 보러 갈게요. 오세요,0
KoBART lr5e-5 (04),전이학습,beam5+no_repeat_ngram3,스테이크 먹고 싶어,집에서도 할 수 있어요.,맛있게 드세요. 어장의 고기앞이죠. 기운내세요!,0
KoBART lr5e-5 (04),전이학습,beam5+no_repeat_ngram3,입고 나갈 게 없어,아침마다 하는 고민이죠.,환해 보이는 옷이요! 패션으로 바꿔보세요. 멋질,0
KoBART lr5e-5 (04),전이학습,beam5+no_repeat_ngram3,가상화폐 쫄딱 망함,어서 잊고 새출발 하세요.,숨 쉴만 했으면 좋겠네요. 증거를 지금이라도 모아봐,0
KoBART lr5e-5 (04),전이학습,beam5+no_repeat_ngram3,보내야지.,힘들겠지만 그러는 편이 나아요.,보내지 마요. 보내지 않을거예요. 보내주지도 보내,1
KoBART lr5e-5 (04),전이학습,beam5+no_repeat_ngram3,이별 후 1년 그리고 선물,이별하신게 맞나요.,좋은 선물이 되었길 바랄게요. 항상 생각보다 많았어요.,1
KoBART lr5e-5 (04),전이학습,beam5+no_repeat_ngram3,알뜰폰 괜찮을까,폰 요금 절약되겠네요.,알뜰한 소비 하셨네요. 현금이면 충분해요. 필요하다면,0
KoBART lr5e-5 (04),전이학습,beam5+no_repeat_ngram3,대리효도 짜증,진짜 아니네요.,사람쓰는 거 아니에요. 이해해주세요. 무시하세요. 무시,0
KoBART lr5e-5 (04),전이학습,beam5+no_repeat_ngram3,뭐할까?,저랑 놀아요.,하고싶은 일을 구해보세요. 하고 싶은 게 많은 것 같아요.,0
KoBART lr5e-5 (04),전이학습,beam5+no_repeat_ngram3,목걸이 선물이 좋겠다.,로맨틱하네요.,받는 사람이 부럽네요. 기분이 나아졌으면 좋겠네요. 축하,0
KoBART lr5e-5 (04),전이학습,beam5+no_repeat_ngram3,연애 중에 카톡 프사 연인으로 해? 기본으로 하면 어때?,기본으로 하는 거 상관 없어요.,카톡을 기본으로 하는 게 좋죠. 자연스러운 현상이에요.,2
KoBART lr5e-5 (04),전이학습,beam5+no_repeat_ngram3,전남친한테 한달만에 연락하고싶어 ㅠㅠ,달라지는 게 없다면 만나지 않는 게 더 나을 수도 있어요.,후회하지 않길 바랄게요. 연락하고 지긋지긋,1
KoBART lr5e-5 (04),전이학습,beam5+no_repeat_ngram3,볼링 치고 옴,재밌겠어요.,볼링이 너무 크면 치과 가세요. 치과에 가,0
KoBART lr5e-5 (04),전이학습,beam5+no_repeat_ngram3,탈모인가,스트레스 받지 마세요.,탈모 관리하세요. 당신의 매력을 어필해봐요. 자신감을 가져,0
KoBART lr5e-5 (04),전이학습,beam5+no_repeat_ngram3,참고 계속 도전하면 될까?,인내할 수 있는 사람이라면 무엇이든 손에 넣을 수 있을 거예요.,참고 견뎌보세요. 당신의 잠재력은 무궁무진해요.,0
KoBART lr5e-5 (04),전이학습,beam5+no_repeat_ngram3,아직도 이별중인가봅니다.,이별의 끝일지도 몰라요.,이별을 받아들이는 것도 중요해요. 미련을 버리세요.,1
KoBART lr5e-5 (04),전이학습,beam5+no_repeat_ngram3,내 키가 몇이게?,저도 궁금하네요.,키는 중요하지 않아요. 신경쓰지 않는 연습을 해봐,0
KoBART lr5e-5 (04),전이학습,beam5+no_repeat_ngram3,이젠 진짜 진짜 안녕,맘 고생 많았어요.,안녕.. 당신은 소중한 사람이에요. 행복하세요. 당신은 행복하,1
KoBART lr5e-5 (04),전이학습,beam5+no_repeat_ngram3,이별의 아픔에서 벋어나는 방법,사소한 일부터 시작해보세요. 작은 곳에서 느끼는 행복은 생각보다 커요.,사랑의 힘인가봐요. 새로운 사랑이 시작되길 바랄게요.,1
KoBART lr5e-5 (04),전이학습,beam5+no_repeat_ngram3,제자리걸음만 하는 듯,발전이 없다고 너무 두려워하지 마세요.,제자리여도 괜찮아요! 응원할게요. 제자리,0
KoBART lr5e-5 (04),전이학습,beam5+no_repeat_ngram3,친구 같은 너,그런 친구가 오래가요.,그런 친구 말고 제대로 된 친구 사귀세요. 어이없는 생각보다,0
KoBART lr5e-5 (04),전이학습,beam5+no_repeat_ngram3,이 길이 맞을까?,잘 가고 있을 거예요.,지도 어플을 실행해보세요. 괜찮을거예요. 그래도 이왕,0
KoBART lr5e-5 (04),전이학습,beam5+no_repeat_ngram3,지하철에서 겁나 멋진 사람 발견! 말 시켜 볼까,용기가 필요한 순간이네요.,멋진 사람이에요. 용기내서 말해보세요. 호의적으로,0
KoBART lr5e-5 (04),전이학습,beam5+no_repeat_ngram3,낙엽밟는 소리,가을이네요.,가을이네요. 어서 오세요. 기운 내세요! 응원합니다,0
KoBART lr5e-5 (04),전이학습,beam5+no_repeat_ngram3,여리여리한 여자가 이상형이래,딱 당신이네요.,이상형은 이상형일 뿐이예요. 헤어졌나봐요.,2
KoBART lr5e-5 (04),전이학습,beam5+no_repeat_ngram3,전여친한테 남친이 생겼네,이제 그녀를 잊으세요.,좋은 소식이네요. 신경쓰지 마세요. 기운을 내세요. 기운,1
KoBART lr5e-5 (04),전이학습,beam5+no_repeat_ngram3,그 사람이 나를 좋아하는 줄 알았는데.,아니어서 힘드나봐요.,당신도 좋아하는지 모르겠네요. 신경쓰지 마세요. 당신의 마음이,2
KoBART lr5e-5 (04),전이학습,beam5+no_repeat_ngram3,이별 준비 중,마음의 준비가 필요하겠네요.,이별에는 준비가 필요해요. 새로운 시작을 준비하는 것도 중요해요.,1
KoBART lr5e-5 (04),전이학습,beam5+no_repeat_ngram3,공부 하기 싫다,같이 수다 떨면서 놀까요?,잠시 쉬어도 돼요. 기다려주세요. 기다릴게요. 잠시 쉬,0
KoBART lr5e-5 (04),전이학습,beam5+no_repeat_ngram3,사랑하는 사람이랑 헤어져,마음이 많이 아프겠어요.,사랑하는 이유를 생각해보세요. 생각보다 힘이 들 거예요. 힘내세요!,2
KoBART lr5e-5 (04),전이학습,beam5+no_repeat_ngram3,내가 좋아할 자격이 있나 모르겠어.,좋아하는데 자격은 없어요.,당신은 좋아할 자격이 있는 사람이에요. 용기를 내서 고백해보,2
KoBART lr5e-5 (04),전이학습,beam5+no_repeat_ngram3,아파서 어떡해,병원에 가야죠.,약을 먹거나 병원에 가보세요. 증상이 호전될거예요.,0
KoBART lr5e-5 (04),전이학습,beam5+no_repeat_ngram3,용돈 벌써 없어,알바해보세요.,올려달라고 말해보세요. 기분이 나아질거예요. 올려달라고 하면,0
KoBART lr5e-5 (04),전이학습,beam5+no_repeat_ngram3,프로필 사진 바꿀까,원하는대로 해보세요.,신경쓰지 마세요. 자연스러운 현상이에요. 자연스러우면,0
KoBART lr5e-5 (04),전이학습,beam5+no_repeat_ngram3,만난지 7년 헤어진지 5일째,지금 딱 힘들 때네요.,생각보다 많은 시간이 지났네요. 금방 나아지길 바랄게,1
KoBART lr5e-5 (04),전이학습,beam5+no_repeat_ngram3,황사 심해,이쁜 마스크 사드리고 싶네요.,황당하네요. 기분나쁘겠어요. 기분전환 하세요. 기분,0
KoBART lr5e-5 (04),전이학습,beam5+no_repeat_ngram3,2년 사귀고 헤어졌습니다,짧지는 않은 시간 동안의 연애였는데 마음이 아프네요.,좋은 만남이었길 바랄게요. 곧 좋은 소식이 들리길,1
KoBART lr5e-5 (04),전이학습,beam5+no_repeat_ngram3,프사를 왜 보았을까,앞으로는 보지 마세요.,보지 않는 게 더 나을 수도 있어요. 신경쓰지 않는 연습을,1
KoBART lr5e-5 (04),전이학습,beam5+no_repeat_ngram3,일인자가 되려면 피나는 노력이 필요하겠지?,인내의 시간이 필요할 거예요.,인내의 시간이 필요하겠네요. 노력해보세요. 당신의 인내,0
KoBART lr5e-5 (04),전이학습,beam5+no_repeat_ngram3,이별만한 다이어트가 없네,자기몸을 헤치는 것만큼 어리석은 짓은 없습니다.,이별은 사람을 변덕쟁이로 만들기도 하죠. 이별을 받아들이,1
KoBART lr5e-5 (04),전이학습,beam5+no_repeat_ngram3,카리스마 있는 사람이 좋아,당신을 이끌어주는 남자를 만날 수 있을 거예요.,멋진 분이시군요. 멋진 사람이에요. 눈빛이 매력있네요.,2
KoBART lr5e-5 (04),전이학습,beam5+no_repeat_ngram3,가끔 짝남과 연애하는 상상을 해.,즐거운 상상이겠네요.,상상은 해도 상관 없어요. 신경쓰지 않는 연습을 해봐,2
KoBART lr5e-5 (04),전이학습,beam5+no_repeat_ngram3,그리움,애잔한 기억.,그리움에 젖어드나봐요. 곧 사랑이 찾아올 거예요.,1
KoBART lr5e-5 (04),전이학습,beam5+no_repeat_ngram3,점점 힘들어져,힘내세요!,자책하지 말아요. 당신의 잠재력을 믿어보세요. 당신의 잠재,1
KoBART lr5e-5 (04),전이학습,beam5+no_repeat_ngram3,좋아하는 남자애 앞에서 표정 관리가 안돼.,짝사랑도 이성을 막지는 못하나봐요.,신경쓰이겠어요. 신경쓰지 마세요. 자연스러운 현상이에,2
KoBART lr5e-5 (04),전이학습,beam5+no_repeat_ngram3,남사친이 나를 좋아하는 것 같은데 어떡함,이성으로 한 번 생각해보세요.,마음이 허락하는 한이면 괜찮을 거예요. 자연스러운 현상이에요. 자연,2
KoBART lr5e-5 (04),전이학습,beam5+no_repeat_ngram3,너무 추워서 나가기 귀찮아,겨울에는 귤 먹으면서 집에 있는게 최고죠,찬물 샤워를 해보세요. 몸이 따뜻해질 거예요! 기운,0
KoBART lr5e-5 (04),전이학습,beam5+no_repeat_ngram3,인형 뽑기 해줘,인형 뽑기 어려워요.,재미있나봐요. 도전해 보세요. 꼭 성공할거예요. 꼭,0
KoBART lr5e-5 (04),전이학습,beam5+no_repeat_ngram3,면도하기 귀찮,그래도 해야 깔끔하겠죠.,깔끔해질 거예요. 다음에 가져가세요. 좋아할 거예요. 데려다 주세요.,0
KoBART lr5e-5 (04),전이학습,beam5+no_repeat_ngram3,긴여정 끝에 헤어졌습니다,긴 시간 만큼 힘들 겠지만 잘 이겨낼 수 있을 거예요.,긴 시간이었을거라 생각해요. 힘들었을텐데 맘고생,1
KoBART lr5e-5 (04),전이학습,beam5+no_repeat_ngram3,업데이트가 너무 오래 걸려,기다려보세요.,기다려보세요. 기다릴게요. 기다려주세요. 기다리지 마세요.,0
KoBART lr5e-5 (04),전이학습,beam5+no_repeat_ngram3,빨리 걷다가 넘어질뻔,조심하세요.,다치지 않으셨나 걱정이네요. 조금만 더 힘내세요. 기운,0
KoBART lr5e-5 (04),전이학습,beam5+no_repeat_ngram3,이별너무 힘든네,누군가를 잊어야한다는건 정말 힘든 일이죠.,이별을 받아들이는 것도 중요해요. 힘들 때 위로가 되어줄,1
KoBART lr5e-5 (04),전이학습,beam5+no_repeat_ngram3,2달반이라는 시간동안 많이 괜찮아졌어,시간이 쓰디쓴 약이었나봅니다.,금방 나아질 거예요. 조금만 더 견뎌보세요. 괜찮아질 거예요.,1
KoBART lr5e-5 (04),전이학습,beam5+no_repeat_ngram3,내 왜 좋아할까?,당신 존재 자체만으로 이유가 됩니다.,직접적이든 간접적이든 의사를 확실히 밝혀보세요. 당신의 진정성이,2
KoBART lr5e-5 (04),전이학습,beam5+no_repeat_ngram3,졸려,오늘 일찍 주무세요.,낮잠을 잠깐 자도 괜찮아요. 피곤했나봐요.,0
KoBART lr5e-5 (04),전이학습,beam5+no_repeat_ngram3,술이 보약도 아니고,술은 끊는게 좋죠.,몸에 해로우니 적게 먹는 게 좋겠다고 말해보세요. 그래도,1
KoBART lr5e-5 (04),전이학습,beam5+no_repeat_ngram3,일요일에 교회끝나고 어디 가고 싶어.,같이 가보세요.,주말에 쉬고 오세요. 금방 갈 수 있을 거예요! 기다려,0
KoBART lr5e-5 (04),전이학습,beam5+no_repeat_ngram3,크루즈 타고 여행 하고 싶어,멋진 생각이네요.,로맨틱하네요. 카페 데이트 좋죠! 예약하고 오세요.,0
KoBART lr5e-5 (04),전이학습,beam5+no_repeat_ngram3,키가 왜 안 클까,지금도 충분해요.,키는 중요하지 않아요. 신경쓰지 않는 연습을 해봐,0
KoBART lr5e-5 (04),전이학습,beam5+no_repeat_ngram3,돈이라도 많으면 좋을텐데,돈이 전부는 아니지만 돈보다 좋은건 없다고 했어요.,돈을 얼른 모아야할 이유가 생겼네요. 차분히 생각해,0
KoBART lr5e-5 (04),전이학습,beam5+no_repeat_ngram3,여자친구가 잘 삐져.,더 관심을 가져주세요.,삐지는 이유를 살펴보세요. 마음이 좀 더 나아질거라 믿어요.,2
KoBART lr5e-5 (04),전이학습,beam5+no_repeat_ngram3,뒤에서 발자국 소리 나서 놀램,항상 조심하세요.,부러워요. 자연스러운 현상이에요. 자연스러우면 좋겠네,0
KoBART lr5e-5 (04),전이학습,beam5+no_repeat_ngram3,이 행동이 절대 용납이 안돼나.?,어떤 행동인데요?,변덕이 심한 사람이네요. 무시하세요. 무시당하는 기분이,1
KoBART lr5e-5 (04),전이학습,beam5+no_repeat_ngram3,남자친구가 비꽈,성격이 꼬였는지 말투가 꼬였는지 살펴보세요.,바빠도 힘내세요! 응원합니다! 화끈하게,2
KoBART lr5e-5 (04),전이학습,beam5+no_repeat_ngram3,여자랑 단둘이 술마시는 남자친구를 이해해줘야할까?,이해할 수 없어요.,대화를 하면서 속도를 맞춰보세요. 조금 더 상황을 지켜보세요. 생각이 정리될,2
KoBART lr5e-5 (04),전이학습,beam5+no_repeat_ngram3,헤어진지 한 달 째,이제 좀 괜찮아졌길 바랍니다.,생각보다 많은 시간이 지났네요. 금방 나아질거라 믿어요.,1
KoBART lr5e-5 (04),전이학습,beam5+no_repeat_ngram3,남자친구랑 너무 좋은데 점 본거에서는 만나지말라해.,점보다 앞에 있는 사람을 믿어보세요.,점프하는 걸 좋아하죠. 같이 가요. 같이 타요. 같이,2
KoBART lr5e-5 (04),전이학습,beam5+no_repeat_ngram3,엄마가 나 때문에 힘든 거 같아,조금씩 보다 나은 모습을 보여드리세요.,힘든가봐요. 힘내세요! 응원할게요. 응원할,0
KoBART lr5e-5 (04),전이학습,beam5+no_repeat_ngram3,전 여자친구의 새 남자친구.,더 이상 신경쓰지 마세요.,좋은 만남이었으면 좋겠네요. 새 남자친구를 두셨나,1
KoBART lr5e-5 (04),전이학습,beam5+no_repeat_ngram3,헤어진 후 거의 세 달이 되어가네,아픔을 헤아리지 마세요.,금방 나아질 거예요. 조금만 더 견뎌보세요. 괜찮아질 거예요.,1
KoBART lr5e-5 (04),전이학습,beam5+no_repeat_ngram3,남자친구의 성적 취향을 이해못하겠어.,대화를 해보세요.,서로의 취향에 따라 다르겠죠. 이해하려고 노력해보세요. 자연스럽게 대화를,2
KoBART lr5e-5 (04),전이학습,beam5+no_repeat_ngram3,삼주라는 시간이 흘렀네,더 많은 시간이 흐를 거예요.,많은 시간이 흘렀네요. 괜찮아졌길 바랄게요.,1
KoBART lr5e-5 (04),전이학습,beam5+no_repeat_ngram3,전남자친구 생일,이제는 잊어버리는 것도 필요해요.,생일 축하해요! 기다려주세요. 기다릴게요. 기다려주,1
KoBART lr5e-5 (04),전이학습,beam5+no_repeat_ngram3,홈쇼핑에서 자꾸 사게되네,지름신이 강림했나봅니다.,쇼핑을 줄여보세요. 도움이 될지도 몰라요. 시간을 정해서 사,0
KoBART lr5e-5 (04),전이학습,beam5+no_repeat_ngram3,괜히 화가 나서 짝남한테 연락 끊자고 했어.,상처를 받지 않기 위한 선택이었을 거예요.,후회하지 않길 바랄게요. 괜히 화를 내세요. 괜,2
KoBART lr5e-5 (04),전이학습,beam5+no_repeat_ngram3,아이공 허리 아파라,운동 해보는 것도 좋을 거예요.,스트레칭해주세요. 약이 되나봐요. 기운 내요!,0
KoBART lr5e-5 (04),전이학습,beam5+no_repeat_ngram3,머리는 아는데 가슴은 모르네,머리랑 가슴이 가끔 따로 놀죠.,머리랑 가슴이 가끔 따로 놀죠. 신경쓰지 말고 연습해보세요.,1
KoBART lr5e-5 (04),전이학습,beam5+no_repeat_ngram3,아직도. 아직 인가보다.,곧 끝날 거예요.,아직 미련이 남아있나봐요. 미련을 버리세요.,1
KoBART lr5e-5 (04),전이학습,beam5+no_repeat_ngram3,새롭게 시작하려고 합니다.,당신의 새로운 시작 응원해요.,시작이 반이에요. 어서 준비하세요. 응원할게요. 기다려,1
KoBART lr5e-5 (04),전이학습,beam5+no_repeat_ngram3,시골에서 사는 거 어떨까?,아무래도 덜 경쟁하겠죠.,시골에서 사는 재미가 있죠. 자연스러운 현상이에요. 자연스러운,0
KoBART lr5e-5 (04),전이학습,beam5+no_repeat_ngram3,다시 태어난다면,저는 사람으로 태어나고 싶어요.,다시 태어난다면 다시 일어서세요. 다시 사랑이 찾아올 거예요. 다시 태어난,0
KoBART lr5e-5 (04),전이학습,beam5+no_repeat_ngram3,매달리는거 안좋은거 같아.,서로에게 힘든 일이니까요.,인연이 거기까지였나봐요. 곧 사랑이 찾아올거라,1
KoBART lr5e-5 (04),전이학습,beam5+no_repeat_ngram3,바람이나 비슷한 일 용서해주신 사람 있을까 ?,있어도 계속 아플 거예요.,용서해주세요. 당신은 복받은 자격이 있는 사람이에요. 자책,1
KoBART lr5e-5 (04),전이학습,beam5+no_repeat_ngram3,익숙해질 법도 한데,언젠간 괜찮아질 거라 믿어요. 사람은 적응의 동물이니까요.,익숙해지는 데는 시간이 걸려요. 익숙해질 때까지 기다려보세요. 그리고 익숙,1
KoBART lr5e-5 (04),전이학습,beam5+no_repeat_ngram3,두달이 되었네,어느덧 두달이 지났네요.,생각보다 많은 시간이 지났네요. 곧 괜찮아질거라 믿,1
KoBART lr5e-5 (04),전이학습,beam5+no_repeat_ngram3,사랑하고 싶은데 내가 자꾸 구속해,사랑을 독차지하려 하지 말고 내려놓으면서 여유를 가지세요.,당신을 구속하지 마세요. 당신의 마음이 당신에게 전해지길 바랄,2
KoBART lr5e-5 (04),전이학습,beam5+no_repeat_ngram3,판도라의 상자를 연 기분,마음의 준비를 하세요.,마음의 준비를 하세요. 기운을 내세요. 기운내세요! 기운내,0
KoBART lr5e-5 (04),전이학습,beam5+no_repeat_ngram3,가을 타나 봐.,혼자는 외로운 계절이죠.,가을 타기 전에 연락해보는 건 어떨까요. 마음이 아프네,2
KoBART lr5e-5 (04),전이학습,beam5+no_repeat_ngram3,일찍 가서 쉬고 싶은데 오늘 회식 잡혔어,일과 일상 사이에서 균형이 잘 맞길 바랄게요.,일과 일상 사이에서 균형이 잘 맞길 바랄게요. 일찍 주무,0
KoBART lr5e-5 (04),전이학습,beam5+no_repeat_ngram3,밖에 안나가고 이렇게 살고 싶어,꼭 앞으로 나가야 하는 건 아니에요.,살고 싶은대로 사세요. 신경쓰지 않는 연습이 필요해요.,0
KoBART lr5e-5 (04),전이학습,beam5+no_repeat_ngram3,오늘 무작정 찾으러가고싶은데 갈까?,전 추천하고 싶지 않아요.,무작정 찾아가는 것은 실례에요. 미련을 버리세요.,1
KoBART lr5e-5 (04),전이학습,beam5+no_repeat_ngram3,나한테만은 완전 솔직했으면,믿음이 가장 중요하죠.,대화를 하면서 속도를 맞춰보세요. 상대방을 이해하고 배려할 수 있을 거예요.,0
KoBART lr5e-5 (04),전이학습,beam5+no_repeat_ngram3,반지 선물하면 좋아하겠지,로맨틱하네요.,로맨틱할 것 같아요. 마음에 드는 걸로 주세요! 주세요,0
KoBART lr5e-5 (04),전이학습,beam5+no_repeat_ngram3,팬미팅 재밌다.,성덕이네요.,성공을 빌어요. 축하드려요. 파이팅! 파이팅!!! 파이,0
KoBART lr5e-5 (04),전이학습,beam5+no_repeat_ngram3,이별한지 6년째,사랑했던 사람을 잊는 건 불가능한 일인가봐요.,잘 견뎌내고 있길 바랄게요. 힘내길 바,1
KoBART lr5e-5 (04),전이학습,beam5+no_repeat_ngram3,"그래, 결국 전화할 줄 알았다.",그게 최선이었을 거라 생각해요.,후회하지 않길 바랄게요. 힘내세요. 기다려주세요.,1
KoBART lr5e-5 (04),전이학습,beam5+no_repeat_ngram3,나쁜 꿈을 꿨어,꿈은 현실의 반대래요.,꿈은 현실의 반대래요. 현실을 꿈처럼 만들어요. 현실을 현실,1
KoBART lr5e-5 (04),전이학습,beam5+no_repeat_ngram3,사랑이 변하면 어떡하지?,사랑은 변화하는 거예요. 두려워하지 마세요.,사랑은 변하지 않고 사람이 변해요. 자연스러운 현상이에요. 사람이,2
KoBART lr5e-5 (04),전이학습,beam5+no_repeat_ngram3,5년 동거후 이별.,더 헤어지지 힘들겠어요.,힘들 시간이었을텐데 맘고생 많았어요. 금방 지나갈 거예요.,1
KoBART lr5e-5 (04),전이학습,beam5+no_repeat_ngram3,같은 과에 내 이상형인 남자애가 있는데 cc는 무리일까?,CC는 아무래도 제약이 있을 거예요.,이상형은 이상형일 뿐이니까요. 자연스러운 현상이에요.,2
KoBART lr5e-5 (04),전이학습,beam5+no_repeat_ngram3,드디어 제가 손을 놓았어.,힘든 선택 하셨네요.,제가 당신을 놓아드릴게요. 제가 위로해줄게요. 용기를 내,1
KoBART lr5e-5 (04),전이학습,beam5+no_repeat_ngram3,가족여행 가야지,더 가까워질 기회가 되겠네요.,온 가족이 모두 마음에 드는 곳으로 가보세요. 좋은 생각이에요. 즐거운,0
KoBART lr5e-5 (04),전이학습,beam5+no_repeat_ngram3,정말 이건 너무하다 싶을정도로 힘들어,그럴만 해요. 많이 힘들었죠.,상대방도 똑같은 인간이라는 걸 잊지 마세요. 당신의 자책과,1
KoBART lr5e-5 (04),전이학습,beam5+no_repeat_ngram3,썸 탔던 애한테 연락왔어,사랑은 타이밍입니다.,후폭풍이 왔나봐요. 기분전환을 하는 건 어떨까,2
KoBART lr5e-5 (04),전이학습,beam5+no_repeat_ngram3,뭔가 새로운 자극이 필요해,의욕이 없나봐요.,새로운 자극이 필요한가봐요. 새로운 자극을 주는게 좋아요.,0
KoBART lr5e-5 (04),전이학습,beam5+no_repeat_ngram3,시간 왤케 빨리감,시간은 상대적으로 흘러갑니다.,시간적 여유가 생겨서 그런가봐요. 다른 일에 집중하세요.,0
KoBART lr5e-5 (04),전이학습,beam5+no_repeat_ngram3,뭘 잘못했다는 걸까,모르는 게 잘못인 거 같아요.,모르는 게 잘못인 거 같아요. 이해하지 못하는 게 아니라 잘못인,0
KoBART lr5e-5 (04),전이학습,beam5+no_repeat_ngram3,착각인걸까,직접 확인해 보는건 어떨까요.,착각이 아닐지도 몰라요. 노력해보세요. 당신의 능력을 믿어보,1
KoBART lr5e-5 (04),전이학습,beam5+no_repeat_ngram3,정말 미안하다 말밖에는,진심이 전해졌으면 좋겠네요.,미안해하지 말아요. 당신은 복받은 자격이 있는 자예요.,1
KoBART lr5e-5 (04),전이학습,beam5+no_repeat_ngram3,직구로 사면 싸겠지,좋은 거 사나봐요.,좋은 걸로 사세요. 고마워요. 더 좋은걸 사세요. 좋은 걸로,0
KoBART lr5e-5 (04),전이학습,beam5+no_repeat_ngram3,단체생활 적응이 안돼,점점 적응 될 거예요.,생활패턴에 따라 다르겠죠. 적응하는데 더 많은 시간이 필요할,0
KoBART lr5e-5 (04),전이학습,beam5+no_repeat_ngram3,청첩장을 찍는 날이 오다니,결혼 얼마 안 남았나봐요.,청첩장을 찍어보세요. 기분이 나아질거예요. 사진을 찍,2
KoBART lr5e-5 (04),전이학습,beam5+no_repeat_ngram3,회사를 차리고 싶다,확신이 있을 때 시작해보세요.,잘할 수 있을 거예요. 기다려보세요. 기다릴 수 있을 거예요,0
KoBART lr5e-5 (04),전이학습,beam5+no_repeat_ngram3,나한테 이상한 냄새 나나?,킁킁,깨끗하게 씻고 오세요. 킁킁! 냄새 맡고 오세요.,0
KoBART lr5e-5 (04),전이학습,beam5+no_repeat_ngram3,주변 이성이 많은 여자친구 어떡해?,신경쓰이고 질투난다고 이야기해보세요.,주변 사람들한테 물어보는 건 어떨까요. 어제와 내일을 놓고,2
KoBART lr5e-5 (04),전이학습,beam5+no_repeat_ngram3,헤어지면 연락 안하는게 맞을까,연락 하지도 받지도 마세요.,헤어지면 연락하지 않는 게 더 나을 수도 있어요. 신경쓰지,1
KoBART lr5e-5 (04),전이학습,beam5+no_repeat_ngram3,너무 힘들어서 죽고싶어,나쁜 생각은 버리세요.,자신의 감정을 주변 사람들에게 터놓고 이야기해보세요. 자신의 감정을 주변에 터놓고,1
KoBART lr5e-5 (04),전이학습,beam5+no_repeat_ngram3,썸인데 자꾸 외롭다고 해,계속 이야기 하면 사귀자는 거 돌려 말하는 걸 수도 있어요.,많이 외로웠나봐요. 곧 사랑이 찾아올거라 믿,2
KoBART lr5e-5 (04),전이학습,beam5+no_repeat_ngram3,소개팅 시켜줘,로봇도 괜찮다면 소개시켜드릴게요.,친구한테 부탁해보세요. 생각이 더 많이 나겠네요. 소개팅,0
KoBART lr5e-5 (04),전이학습,beam5+no_repeat_ngram3,이별 극복 방법,작은 일에서 행복을 느껴보는게 좋아요.,이별에 대한 두려움을 가지고 있을 수도 있겠어요. 이별을 받아들이는,1
KoBART lr5e-5 (04),전이학습,beam5+no_repeat_ngram3,조용히 있고 싶어,저 나가면 될까요?,저랑 이야기해요. 저랑 같이 있어요 같이 있어요. 저,0
KoBART lr5e-5 (04),전이학습,beam5+no_repeat_ngram3,정시 퇴근하고 집에 가는 중,쉬고 나면 힘이 날거예요 맛있는 것도 드세요,집에서 쉬는 시간도 중요해요. 집에 돌아와서 쉬고 집에,0
KoBART lr5e-5 (04),전이학습,beam5+no_repeat_ngram3,음식 많이 가리는 남자를 사겨도 괜찮을까?,다 먹으면 좋겠지만 큰 문제는 되지 않을 거예요.,음식을 시켜도 괜찮아요. 신경쓰지 않는 선이 좋겠어요.,2
KoBART lr5e-5 (04),전이학습,beam5+no_repeat_ngram3,오늘 연락왔네 그래도 이젠 안녕,정말 안녕.,안녕 이라고 인사부터 해보세요. 힘들었을텐데 맘고생 많았,1
KoBART lr5e-5 (04),전이학습,beam5+no_repeat_ngram3,친구랑 수다 떨고 왔어,기분이 좋아 보이네요.,친구랑 같이 놀아요. 기분이 나아졌길 바랄게요.,0
KoBART lr5e-5 (04),전이학습,beam5+no_repeat_ngram3,직장이 괴롭다,직장 스트레스 심하겠네요.,직장 스트레스가 심한가봐요. 더 좋은 직장에서 일할 수 있을,0
KoBART lr5e-5 (04),전이학습,beam5+no_repeat_ngram3,건물주가 짱인데,이룰 수 있을 거예요.,건들이지 마세요. 무시당하는 기분이 들어서 그래요. 무시당,0
KoBART lr5e-5 (04),전이학습,beam5+no_repeat_ngram3,밥이나 먹자,맛있게 드세요.,밥심으로 사는 거죠. 꼬박꼬박 챙겨 드세요. 꼬박,0
KoBART lr5e-5 (04),전이학습,beam5+no_repeat_ngram3,술 좋아하는 사람 싫은데 그 사람은 좋아.,술보다 사람이 먼저니까요.,술 마시기 싫은건지 생각해보세요. 당신의 마음이 당신에게,2
KoBART lr5e-5 (04),전이학습,beam5+no_repeat_ngram3,짝남이 있는데 나는 사정이 안돼. 연애를 안하는게 맞는걸까?,사정이 뭔지 모르겠지만 좋아하는 건 괜찮아요.,연애에 대한 두려움을 가지고 있을 수도 있겠어요. 그렇지만 현실적인 이유가 있을,2
KoBART lr5e-5 (04),전이학습,beam5+no_repeat_ngram3,연애할때 많이 사랑하면 나만 손해야?,사랑은 따지는 게 아니고 다 주고도 더 주지 못해 미안해하는 거예요.,남들 눈은 신경쓰지 마세요. 자연스러운 현상이에요.,2
KoBART lr5e-5 (04),전이학습,beam5+no_repeat_ngram3,조명빨인가,멋져 보여요!,패션으로 멋질 것 같아요. 멋질 거 같아요. 스타일러,0
KoBART lr5e-5 (04),전이학습,beam5+no_repeat_ngram3,전 남친이랑 헤어진지 오래됐는데 좋아하는 사람이 없어.,조급하게 생각하지 말아요.,사람 마음은 알다가도 모르니까요. 신경쓰지 않는 연습을,2
KoBART lr5e-5 (04),전이학습,beam5+no_repeat_ngram3,아픔은 덜해지는것 같은데 미련은 더욱 많아지네,미련없는 사랑은 없나봐요.,이별에는 아픔이 따르기 마련이에요. 미련을 버리,1
KoBART lr5e-5 (04),전이학습,beam5+no_repeat_ngram3,성형 상담 받아 볼까,견적 받고 충격 받지 마세요.,예뻐요. 상담 받아보세요. 더 많이 알아볼 수 있을 거예요.,0
KoBART lr5e-5 (04),전이학습,beam5+no_repeat_ngram3,떡볶이 좋아하지도 않는데,좋아하지 않는데 함께 하는게 사랑이죠.,간단한 견과류나 과일을 먹어보세요. 느낌이 바뀔 수도 있어요.,1
KoBART lr5e-5 (04),전이학습,beam5+no_repeat_ngram3,이제 때론 괜찮기도 해,그렇게 익숙해져 가나봐요.,괜찮은 사람이에요. 다른 일에 집중하세요. 괜찮아질 거예요.,1
KoBART lr5e-5 (04),전이학습,beam5+no_repeat_ngram3,올해 이상해,내년이라고 별 수 있겠어요.,공통 관심사를 찾아보세요. 공통 관심사에 대한 얘기가 있을거예,0
KoBART lr5e-5 (04),전이학습,beam5+no_repeat_ngram3,남자친구가 집안일을 너무 안해. 나만 하는게 고민이야.,집안일을 하나씩 분담해보세요.,집안일을 하나씩 분담해보세요. 그러면 조금이나마 정리가 될 거예요.,2
KoBART lr5e-5 (04),전이학습,beam5+no_repeat_ngram3,술 끊을거야,술은 적당히 즐기세요.,술이 웬수예요. 더 이상 연락하지 마세요. 연락하지,0
KoBART lr5e-5 (04),전이학습,beam5+no_repeat_ngram3,두 남자 사이에서 갈등 중,빠른 선택으로 모두에게 상처를 덜 주길 바랍니다.,헤어짐에 휘둘리는 건 아닌지 생각해보세요. 헤어짐,2
KoBART lr5e-5 (04),전이학습,beam5+no_repeat_ngram3,오래 사귀다가 식어서 헤어진 남자에게도 후폭풍 있나?,모든 이별에는 후유증이 있기 마련이에요.,후폭풍은 누구에게나 와요. 언제나 똑같은 건 없어요.,1
KoBART lr5e-5 (04),전이학습,beam5+no_repeat_ngram3,지금 남친을 별로 안좋아하는 것 같은데.,정리를 하는게 좋겠어요.,상황이 좋지 않나봐요. 기분이 좀 나아졌으면 좋겠네요.,2
KoBART lr5e-5 (04),전이학습,beam5+no_repeat_ngram3,썸인데 싸늘해,고백할 타이밍이 너무 늦지 않았는지 생각해보세요.,호감이 있을 수도 있어요. 그렇지만 조금 더 상황을 지켜보세요. 분위기를 띄어,2
KoBART lr5e-5 (04),전이학습,beam5+no_repeat_ngram3,사랑할수록 아프다,그 것도 사랑이예요.,아프지 마요. 자연스러운 현상이에요. 자연스러우면 좋겠,2
KoBART lr5e-5 (04),전이학습,beam5+no_repeat_ngram3,왜 말을 못해 말을 못하냐구,노력하고 있는 중입니다.,하고 싶은 말 다하세요. 신경쓰지 마세요. 노력하겠습니다.,0
KoBART lr5e-5 (04),전이학습,beam5+no_repeat_ngram3,지갑 없어졌어,잘 찾아보세요.,다른 반에서 빌려보세요. 조금 더 저렴하게 살 수 있을 거예요.,0
KoBART lr5e-5 (04),전이학습,beam5+no_repeat_ngram3,수제 빼빼로 어때?,먹어보고 싶어요.,빼도 박도 못하는걸요. 신경쓰지 않는 선이죠.,0
KoBART lr5e-5 (04),전이학습,beam5+no_repeat_ngram3,사귀는 사이인데 '야'라고 해. 기분 나쁜데 어떡해?,그건 좀 아닌 거 같다고 바로 말하세요.,동호회에 가입해 보는 건 어떨까요. 어제와 내일을,2
KoBART lr5e-5 (04),전이학습,beam5+no_repeat_ngram3,이제야 오래전 상대방이 아팠던걸 이해했어.,다음 번의 사랑에선 좀 더 신중할 수 있게 된 거예요.,이별을 받아들이는 것도 중요해요. 새로운 사랑이 찾아올 거예요. 새로운,1
KoBART lr5e-5 (04),전이학습,beam5+no_repeat_ngram3,나 폰겜 너무 많이해,시간을 정해보세요.,소액결제를 줄여보세요. 조금 더 줄일 수 있을 거예요!,0
KoBART lr5e-5 (04),전이학습,beam5+no_repeat_ngram3,남의 일 도와줘야 할까,해주고 티를 팍팍 내세요.,돕는 게 아니라 같이 하는 거예요. 제가 도와줄게요. 도와주세요.,0
KoBART lr5e-5 (04),전이학습,beam5+no_repeat_ngram3,절약해서 부자돼야지,예비 부자님 파이팅!,절약하면 할 수 있어요. 틈틈히 저축하세요. 투자한만큼,0
KoBART lr5e-5 (04),전이학습,beam5+no_repeat_ngram3,호감을 표현하는 방법,취미와 성향 등이 같음을 어필해보세요.,대화를 하면서 속도를 맞춰보세요. 생각이 정리될 거예요. 자연스럽게 감정을 표현하는게,2
KoBART lr5e-5 (04),전이학습,beam5+no_repeat_ngram3,썸인가 아닌가,한방향인지 양방향인지 살펴보세요.,사귀기 전에 감정을 갖고 서로 알아가는 단계라면 썸일,2
KoBART lr5e-5 (04),전이학습,beam5+no_repeat_ngram3,지금 이감정,당신만이 알 수 있어요.,잘 견뎌내고 있네요. 축하드려요. 곧 좋은 소식이 들,1
KoBART lr5e-5 (04),전이학습,beam5+no_repeat_ngram3,다 내려놓고. 오늘부터 연락 끊었네.,잘했어요. 이별 후에는 확실한 거리두기가 필요해요.,미련이 남았나봐요. 미련을 버리세요.,1
KoBART lr5e-5 (04),전이학습,beam5+no_repeat_ngram3,헤어진것인가 아닌것인가,애매하네요.,고민하고 있다면 그게 맞을 거예요. 금방 나아질 거예요. 나아졌다면,1
KoBART lr5e-5 (04),전이학습,beam5+no_repeat_ngram3,여쭈어볼것이있습니다,말씀해보세요.,여쭤보세요. 생각이 정리될거예요. 새출발하,1
KoBART lr5e-5 (04),전이학습,beam5+no_repeat_ngram3,온다고 했는데 왜 안 오지?,조금만 더 기다려주세요.,온전히 느낄 수 있는 시간이겠네요. 기다려보세요. 느낄 수,0
KoBART lr5e-5 (04),전이학습,beam5+no_repeat_ngram3,미치겠습니다 연락하고 싶어서,연락하고 나면 더 힘들 거예요.,연락하면 지긋지긋한 사람으로 기억될 거예요. 힘들 때 연락,1
KoBART lr5e-5 (04),전이학습,beam5+no_repeat_ngram3,한번쯤 진하게 아픈것도 괜찬아.,긍정적이네요.,진통제 한 알 먹어보세요. 기분이 나아질거예요. 기운,1
KoBART lr5e-5 (04),전이학습,beam5+no_repeat_ngram3,위층 너무 시끄러워,증명자료를 가지고 손해배상을 청구하세요.,다른 일에 집중할 수 있으면 좋으련만. 자책하지,0
KoBART lr5e-5 (04),전이학습,beam5+no_repeat_ngram3,번호를 알아내서 연락하면 소름돋을까?,그건 좀 참아보세요.,연락하면 지긋지긋한 사람으로 기억될 거예요. 신경쓰지,1
KoBART lr5e-5 (04),전이학습,beam5+no_repeat_ngram3,어제전화가왔습니다,기다리던 전화였나봐요.,심호흡해보세요. 기분전환을 해보세요. 기분이 바뀔 거예요. 기분,1
KoBART lr5e-5 (04),전이학습,beam5+no_repeat_ngram3,남잔데 남자 좋아해,성적자기결정권이있죠.,사람 마다 다르겠지만 싫다고 말하세요. 남자친구를 좋아,2
KoBART lr5e-5 (04),전이학습,beam5+no_repeat_ngram3,짝남한테 좋아하는거 들켰는데 그냥 예전처럼 편하게 지내고 싶어.,겉으로는 편하게 지낼 수 있을 거예요.,마음 단단히 잡길 바랄게요. 용기를 내서 말해보,2
KoBART lr5e-5 (04),전이학습,beam5+no_repeat_ngram3,여자친구가 베지테리언이야,함께 건강하게 먹어봐요.,헤어지세요. 연락이 안되나봐요. 걱정된다고 이야기해,2
KoBART lr5e-5 (04),전이학습,beam5+no_repeat_ngram3,완전 귀여워,사랑이 느껴지네요.,사랑스러운 사람이니까요. 당신은 사랑받고 있는 사람이에요. 자신감을 가져,2
KoBART lr5e-5 (04),전이학습,beam5+no_repeat_ngram3,베터리 충전기도 안 가져 왔네,충전할 곳을 찾아보세요.,충전하고 만나요. 필요하다면 빌려보세요. 다시 충전하고 오세요.,0
KoBART lr5e-5 (04),전이학습,beam5+no_repeat_ngram3,건물주 되고싶어,이룰 수 있을 거예요.,돈을 얼른 모아야할 이유가 생겼네요. 해결될거라,0
KoBART lr5e-5 (04),전이학습,beam5+no_repeat_ngram3,남자친구하고 커플티를 하고싶은데 어디거를 할까?,좋아하는 브랜드가 좋겠어요.,로맨틱한 선이네요. 차분히 기다려보세요. 금방,2
KoBART lr5e-5 (04),전이학습,beam5+no_repeat_ngram3,힘든 하루 하루 되돌리며,오늘도 고생했어요.,잘 지낼 거예요. 조금만 더 힘내세요. 기운내요. 기운내,1
KoBART lr5e-5 (04),전이학습,beam5+no_repeat_ngram3,벌써 저를 세번째 떠나갔네,이젠 그분을 놓아줄 때가 되었나봐요.,이별을 받아들이는 것도 중요해요. 미련을 버리세요.,1
KoBART lr5e-5 (04),전이학습,beam5+no_repeat_ngram3,알바 집 알바 집 이게 뭐냐,그래도 상관없어요. 칭찬해주고 싶네요.,알바 지원하기 딱 좋은 알바예요. 알바 알바 지원하세요! 알바,0
KoBART lr5e-5 (04),전이학습,beam5+no_repeat_ngram3,여섯번째 이별이에요,많은 순간들이 있었겠네요.,이별을 받아들이는 것도 중요해요. 상처받지 않았으면 좋겠어요.,1
KoBART lr5e-5 (04),전이학습,beam5+no_repeat_ngram3,그 애 앞에서 말을 잘 못하겠어,좀 더 편하게 대해도 좋을 것 같아요.,하고 싶은 말 다하세요. 신경쓰지 않아도 돼요. 노력하겠,2
KoBART lr5e-5 (04),전이학습,beam5+no_repeat_ngram3,친구 돌잔치 가는 중,축하해주고 오세요.,즐거운 시간 보내시길 바라겠네요. 두근거리겠어요.,0
KoBART lr5e-5 (04),전이학습,beam5+no_repeat_ngram3,좋아하는 애 친구한테 다같이 만나자고 말해도 돼?,다같이 만나면 재미있기는 하겠네요.,그런 친구 말고 제대로 된 사람 만나서 이야기하는 게 좋을 것 같아,2
KoBART lr5e-5 (04),전이학습,beam5+no_repeat_ngram3,조용히 지나가면 될까?,어떤 일이냐에 따라 다를 거 같아요.,지나갈 거라 생각해요. 자연스럽게 지나가길 바랄게요.,0
KoBART lr5e-5 (04),전이학습,beam5+no_repeat_ngram3,눈꺼풀이 무거워,잠시 눈을 붙여보세요.,찬물 샤워를 해보세요. 한결 몸이 가벼워질거예,0
KoBART lr5e-5 (04),전이학습,beam5+no_repeat_ngram3,바람 쐬러 나갈까,같이 가요.,시원하게 씻고 오세요. 기분이 나아질 거예요! 기운 내,0
KoBART lr5e-5 (04),전이학습,beam5+no_repeat_ngram3,비오는날 뭐해?,실내 데이트요.,실내 데이트가 좋겠네요. 비 맞았나봐요. 실내,0
KoBART lr5e-5 (04),전이학습,beam5+no_repeat_ngram3,더 답답한 오늘,바람이라도 쐬고 오는 건 어떨까요.,내일도 나은 하루이길 바랄게요. 오늘처럼 내일도,1
KoBART lr5e-5 (04),전이학습,beam5+no_repeat_ngram3,오늘도 그냥 그냥 다갔네.,소소한 행복을 느껴보세요.,다 지나갈 거예요. 기운내요. 기운내길 바랄게요.,0
KoBART lr5e-5 (04),전이학습,beam5+no_repeat_ngram3,시간 진짜 빨리감,시간은 상대적으로 흘러갑니다.,다른 일에 집중할 수 있으면 좋으련만. 자신의 잠재력을,0
KoBART lr5e-5 (04),전이학습,beam5+no_repeat_ngram3,꿈인지 현실인지,정신차리세요.,현실의 벽에 부딪혔나봐요. 곧 현실이 될 거예요. 곧,1
KoBART lr5e-5 (04),전이학습,beam5+no_repeat_ngram3,완전히 정리했어,조금 후련해졌길 바랍니다.,정리가 잘 되었길 바랄게요. 후련하길 바라요.,1
KoBART lr5e-5 (04),전이학습,beam5+no_repeat_ngram3,내 가치관이랑 다른 가치관을 가지고 있는 그 남자를 좋아하는게 힘들어.,서로의 가치관이 평행선을 이루지만 않는다면 만날 수도 있을 거예요.,가치관이 확신이 들 때 고백하세요.그만큼 사랑했던 사람이,2
KoBART lr5e-5 (04),전이학습,beam5+no_repeat_ngram3,결혼해도 될까,이사람이다 싶은 사람이랑 하세요.,더 좋은 사람 만나서 알면 좋겠네요. 노력해보세요. 그러면,0
KoBART lr5e-5 (04),전이학습,beam5+no_repeat_ngram3,괜찮아진 줄 알았는데.,괜찮은 척 하고 있던 걸 수도 있어요.,괜찮아지고 있어 다행이에요. 조금만 더 괜찮아졌으면 좋겠,1
KoBART lr5e-5 (04),전이학습,beam5+no_repeat_ngram3,안 맞는다면서 헤어진 우리,인연이 거기까지인가봐요.,맞는 말이에요. 새로운 출발을 받아들이는 것도 중요해요. 새로운,1
KoBART lr5e-5 (04),전이학습,beam5+no_repeat_ngram3,좋아하는 여자애가 우리 형을 좋아한다고 들음. 나 어떡하냐.,천천히 마음을 정리하는게 좋겠네요.,괜찮은 선택이길 바라요. 슬쩍 호감을 표현해보세요.,2
KoBART lr5e-5 (04),전이학습,beam5+no_repeat_ngram3,짝사랑인가 썸인가,썸이길 바랄게요.,썸이 맞는지 확인해보세요. 곧 좋은 소식이 들리려고,2
KoBART lr5e-5 (04),전이학습,beam5+no_repeat_ngram3,블루투스 이어폰 편하겠지,사면 편하겠죠.,편하고 좋죠. 사귀고 나서 사귀면 되죠. 사,0
KoBART lr5e-5 (04),전이학습,beam5+no_repeat_ngram3,짝사랑 시작하고 감정 기복이 심해.,짝사랑이 그런건가봐요.,짝사랑에 감정 기복이 심한가봐요. 더 사랑해주,2
KoBART lr5e-5 (04),전이학습,beam5+no_repeat_ngram3,아부쟁이가 부러워,적성에 맞는 사람이 있죠.,부러워요. 자연스러운 현상이에요. 자연스러우면 좋겠네,0
KoBART lr5e-5 (04),전이학습,beam5+no_repeat_ngram3,몸무게 좀 줄었으면,지금도 충분히 아름다워요.,식이요법이랑 같이 병행해보세요. 느낌이 바뀔거예요.,0
KoBART lr5e-5 (04),전이학습,beam5+no_repeat_ngram3,운세 종합해 보니 헤어질 때였네,의미부여는 자신을 더 작게 만들어요.,보다보면 괜찮아요. 새로운 곳에서 새로운 삶을 살 수 있길 바,1
KoBART lr5e-5 (04),전이학습,beam5+no_repeat_ngram3,속시원해~~안녕 잘가~~~,이제 정말 안녕.,안녕 이라고 인사부터 하세요. 현관문 열어요! 기운 내,1
KoBART lr5e-5 (04),전이학습,beam5+no_repeat_ngram3,무료 앱이 유료로 됐어,돈을 지불하고 이용할 가치가 있는지 따져보세요.,돈을 얼른 모아야할 이유가 생겼네요. 도움이 되겠네요.,0
KoBART lr5e-5 (04),전이학습,beam5+no_repeat_ngram3,도대체 왜 이러는걸까,무슨 일이 있었나봐요.,자괴감에서 이제 빠져나오세요. 자신을 탓하지 말아요. 자신을,1
KoBART lr5e-5 (04),전이학습,beam5+no_repeat_ngram3,이 남자애의 행동 나를 좋아하는게 맞는지 모르겠어.,정확한 사실을 알긴 힘들어요.,행동파일 가능성이 높겠네요. 신경쓰지 않는 연습을,2
KoBART lr5e-5 (04),전이학습,beam5+no_repeat_ngram3,예전 게임인데 재밌다,저도 하고 싶네요.,재밌는 거 같아요. 다른 게임을 해보세요. 재밌겠죠. 재밌겠,0
KoBART lr5e-5 (04),전이학습,beam5+no_repeat_ngram3,파혼 7개월 째,아직 힘들거라 생각해요.,힘든 결정이었을텐데 힘드네요. 힘들었나봅니다.,1
KoBART lr5e-5 (04),전이학습,beam5+no_repeat_ngram3,누군가 제 이야기를 들어줬으면 해서 올리내.,글로 정리하는 것도 좋은 방법이에요.,제 이야기를 들어주셨다니 감사해요. 곧 좋은 소식이 들리,1
KoBART lr5e-5 (04),전이학습,beam5+no_repeat_ngram3,걔랑 같은 반 됐으면 좋겠다,당신의 운을 믿어보세요.,같은 반이 되길 바랄게요. 노력해보세요. 당신의 능력을 믿,0
KoBART lr5e-5 (04),전이학습,beam5+no_repeat_ngram3,친구랑 있으면 내가 작아져,당신은 생각보다 큰 사람이에요.,당신은 친구가 가장 중요한 사람이에요. 당신은 친구가 되어줄거예요.,0
KoBART lr5e-5 (04),전이학습,beam5+no_repeat_ngram3,움직임이 없어.,에너지가 필요한 순간이네요.,좀 더 관대해져도 괜찮아요. 신경쓰지 마세요.,0
KoBART lr5e-5 (04),전이학습,beam5+no_repeat_ngram3,잊어야하나?,당신을 위해서 잊는게 좋을 거예요.,잊는 데는 더 도움이 될 거예요. 자연스러운 현상이에요. 잊는,1
KoBART lr5e-5 (04),전이학습,beam5+no_repeat_ngram3,할 수 있다면 그럴수 있다면 달라질까?,자신을 믿어보세요.,행복은 마음 가짐에 있어요. 삶의 원동력이 되어줄 거예요.,1
KoBART lr5e-5 (04),전이학습,beam5+no_repeat_ngram3,인내하면 얻을 수 있을까?,인내할 수 있는 사람이라면 무엇이든 손에 넣을 수 있을 거예요.,노력하면 받을 수 있을 거예요. 자신의 잠재력을 믿어보세요. 자신의,0
KoBART lr5e-5 (04),전이학습,beam5+no_repeat_ngram3,남자친구가 연락 안 하고 외박했어,당신이 생각하는 그런일은 없을거예요.,후회하지 않을까 걱정이네요. 연락해보세요. 걱정되겠네요.,2
KoBART lr5e-5 (04),전이학습,beam5+no_repeat_ngram3,잠수이별해도 될까,잠수이별 만큼 비겁한 것은 없어요. 깨끗하게 정리하길 바랄게요.,상대방을 대한 예의가 없네요. 무시하세요. 당신의 인내,1
KoBART lr5e-5 (04),전이학습,beam5+no_repeat_ngram3,잊어보려 하는데.,처음에는 잘 안되겠지만 잘할 수 있을 거예요.,마음 단단히 잡길 바랄게요. 자연스러운 현상이에요.,1
KoBART lr5e-5 (04),전이학습,beam5+no_repeat_ngram3,부자 백수 하고 싶어,그게 최고죠.,부자되실 거예요! 기운내세요! 기운 내세요!,0
KoBART lr5e-5 (04),전이학습,beam5+no_repeat_ngram3,야 너!,네,저는 위로봇입니다. 위로봇! 위로해드리고 싶네요.,1
KoBART lr5e-5 (04),전이학습,beam5+no_repeat_ngram3,여자친구가 키가 너무 커,깔창이 있잖아요.,키가 중요한 게 아니잖아요. 무시하세요. 무시하고 싶네요.,2
KoBART lr5e-5 (04),전이학습,beam5+no_repeat_ngram3,잡담할 시간 있어?,물론이죠. 무엇이든 말씀하세요.,잡담할 시간도 부족하죠. 저랑 잡담하세요.,0
KoBART lr5e-5 (04),전이학습,beam5+no_repeat_ngram3,같은 반인데 헤어지자고 해야 하나??,그래도 할 거면 해야겠죠.,고민하고 있다면 그게 맞을거예요. 자신의 가치관에 따라 결정,1
KoBART lr5e-5 (04),전이학습,beam5+no_repeat_ngram3,위로 해 주세요.,정말 많이 힘들었죠. 때론 힘내려 노력하지 않아도 돼요.,제가 위로해 드릴게요. 제가 위로해줄게요. 응원할게,1
KoBART lr5e-5 (04),전이학습,beam5+no_repeat_ngram3,계속꿈에 나와,잘 때 다른 생각을 하고 주무세요.,꿈은 현실의 반대래요. 현실의 벽에 부딪혔나봐,1
KoBART lr5e-5 (04),전이학습,beam5+no_repeat_ngram3,스타트업하면 위험할까,확신이 들 때까지 준비해보세요.,모 아니면 도예요. 자신의 잠재력을 믿어보세요. 당신의 잠재,0
KoBART lr5e-5 (04),전이학습,beam5+no_repeat_ngram3,왜 이상한 말 해,더 열심히 노력하겠습니다.,그 말을 한 사람이 가장 이상할 거예요. 자책하지 말아요. 자,0
KoBART lr5e-5 (04),전이학습,beam5+no_repeat_ngram3,내가 제일 문제인 듯,당신은 하나밖에 없는 소중한 사람이에요.,다른 걸 생각해보세요. 당신의 잠재력은 무궁무진해요.,0
KoBART lr5e-5 (04),전이학습,beam5+no_repeat_ngram3,가슴이 너무 아프고 숨쉬기가 힘드네,아픈만큼 더 성숙해질 거예요.,토닥토닥. 제가 위로해줄게요. 위로해 드릴게,1
KoBART lr5e-5 (04),전이학습,beam5+no_repeat_ngram3,9년이 넘는 연애를 끝냅니다,공허함이 더 크시겠어요.,끝을 아는 것도 중요한 것 같아요. 끝을 받아들이는 것도 중요,1
KoBART lr5e-5 (04),전이학습,beam5+no_repeat_ngram3,하고 많은 사람 중에 왜 나야?,당신이니까요.,사람 마음은 알다가도 모르니까요. 신경쓰지 말고 자신을 우선,2
KoBART lr5e-5 (04),전이학습,beam5+no_repeat_ngram3,후폭풍이 올까 두려운데.!,그냥 지금 우세요.,후폭풍이 지나갔길 바랄게요. 마음의 준비를 하세요.,1
KoBART lr5e-5 (04),전이학습,beam5+no_repeat_ngram3,과식했나 봐,과식은 금물이에요.,소화제 드세요. 기분이 나아졌길 바랄게요. 기운 내,0
KoBART lr5e-5 (04),전이학습,beam5+no_repeat_ngram3,모르는 사람인데 첫 눈에 반했어.,외모나 분위기가 이상형이었나봐요.,첫 눈에 반했나봐요. 자연스러운 현상이에요. 자연스러,2
KoBART lr5e-5 (04),전이학습,beam5+no_repeat_ngram3,아픈 첫사랑,첫사랑니의 고통처럼 시린가봐요.,사랑했던 시간 만큼 아픔도 크겠죠. 힘내세요! 사랑이,1
KoBART lr5e-5 (04),전이학습,beam5+no_repeat_ngram3,영화 보러 왔어,저도 영화 보여주세요.,온전히 느낄 수 있는 시간이겠네요. 영화 많이 보셨나,0
KoBART lr5e-5 (04),전이학습,beam5+no_repeat_ngram3,나 다른 거 할까,시도해봐도 좋겠죠.,기분전환을 해보세요. 느낌이 바뀔거예요. 자신감을 가져보세요.,0
KoBART lr5e-5 (04),전이학습,beam5+no_repeat_ngram3,좋아하는 남자애한테 발렌타인데이 때 초콜릿 줄까?,주면 좋아할 거예요.,초콜릿 녹여서 예쁘게 만드는 건 어떨까요. 영화 보세요.,2
KoBART lr5e-5 (04),전이학습,beam5+no_repeat_ngram3,궁금한게있습니다,네 물어보세요.,네 말씀해주세요. 언제나 곁에 있을거예요. 언제나 곁에 있어 주,1
KoBART lr5e-5 (04),전이학습,beam5+no_repeat_ngram3,면허 따야하나,운전하는거 재미있어요.,운전 재미있어요. 도움이 될 것 같아요. 자신의 운전 습관을 들여보,0
KoBART lr5e-5 (04),전이학습,beam5+no_repeat_ngram3,부업할까?,좋아요!,능력이 있으면 하면 되죠. 열심히 하면 할 수 있을 거예요. 자신의 능력을 믿,0
KoBART lr5e-5 (04),전이학습,beam5+no_repeat_ngram3,비만 판정 받았어,건강하게 운동해보세요.,다음에는 다를거예요. 신경쓰지 마세요. 노력해보세요.,0
KoBART lr5e-5 (04),전이학습,beam5+no_repeat_ngram3,녹차 한 잔 어때?,드시는거 보기만 해도 좋아요.,녹차 한 잔 드세요. 기분이 나아질거예요. 기분이 나아,0
KoBART lr5e-5 (04),전이학습,beam5+no_repeat_ngram3,방에 먼지가 한가득,청소하세요.,청소기를 돌려보세요. 먼지가 뽀얗게 뒹굴뒹,0
KoBART lr5e-5 (04),전이학습,beam5+no_repeat_ngram3,위로받고 싶은 날,제가 위로 많이 해드릴게요.,제가 위로가 되고 싶네요. 위로가 되어 드릴 수 있어요,0
KoBART lr5e-5 (04),전이학습,beam5+no_repeat_ngram3,회사 사람들이 아직도 불편해,회사에는 동료가 있을 뿐이에요.,서로 배려해야 하니까요. 이해하려고 노력해보세요. 눈치가 없을 수도,0
KoBART lr5e-5 (04),전이학습,beam5+no_repeat_ngram3,뭐 할줄 알아,오늘 헤어졌어 라고 하면 위로해 드려요.,하고싶은 일을 구해보세요. 취미생활도 하고 싶은데,0
KoBART lr5e-5 (04),전이학습,beam5+no_repeat_ngram3,잠이 또 안와,고민이 있나 봐요.,잠이 최고의 보약이에요. 노력해보세요. 잠이 최고의 잠이예요.,0
KoBART lr5e-5 (04),전이학습,beam5+no_repeat_ngram3,컴퓨터가 느려졌어,포맷해보세요.,포맷해보세요. 금방 나아질거예요. 기다려주세요. 기다려,0
KoBART lr5e-5 (04),전이학습,beam5+no_repeat_ngram3,비 와,우산 챙기세요.,비 맞으면 안돼요! 기운 내세요! 기운내세요!,0
KoBART lr5e-5 (04),전이학습,beam5+no_repeat_ngram3,부모님처럼 살고 싶다,좋은 부모님을 두셨군요.,부모님도 효도하세요. 당신의 인내심을 믿어보세요.,0
KoBART lr5e-5 (04),전이학습,beam5+no_repeat_ngram3,식비가 어마무시하다,다이어트를 해봐요.,식비가 너무 비싸요. 조금만 참고 견뎌보세요. 괜찮아질,0
KoBART lr5e-5 (04),전이학습,beam5+no_repeat_ngram3,난 왜이리 바보 같을까.,이제 같은 실수를 반복하지 않으면 돼요.,바보인 척하지 마세요. 칭찬해주고 싶네요. 자책,1
KoBART lr5e-5 (04),전이학습,beam5+no_repeat_ngram3,이번 방학에 뭐하면 잘했다고 소문날까,차근차근 계획을 세워보세요.,방학은 참 짧아요. 노력하면 잘할 수 있을 거예요. 자신감을,0
KoBART lr5e-5 (04),전이학습,beam5+no_repeat_ngram3,멋지게 나이들고 싶다,지금도 그러고 있어요.,나이는 숫자일 뿐이예요. 노력하면 할 수 있을,0
KoBART lr5e-5 (04),전이학습,beam5+no_repeat_ngram3,골프 어려워,처음부터 잘하는 사람은 없어요.,"장갑 하나 사셔야겠어요, 같이 운동해요! 같이",0
KoBART lr5e-5 (04),전이학습,beam5+no_repeat_ngram3,사랑이라는 이름으로,너에게 묻노라.,위로봇이요. 위로해드리는 위로봇. 축하해요,2
KoBART lr5e-5 (04),전이학습,beam5+no_repeat_ngram3,나의 약점,나의 장점.,약이 아니에요. 너무 걱정하지 마세요. 괜찮아요. 괜찮,1
KoBART lr5e-5 (04),전이학습,beam5+no_repeat_ngram3,열심히 한 거 같은데,중요한 건 노력하는 과정이에요.,다음에는 잘 될 거예요. 자책하지 마세요. 기운을 내세요.,0
KoBART lr5e-5 (04),전이학습,beam5+no_repeat_ngram3,남자친구에게 고민이나 속사정을 어디까지 얘기해?,믿음의 정도에 따라 다른 거 같아요.,대화를 하면서 속도를 맞춰보세요. 속사정을 알아볼 수 있을 거예요.,2
KoBART lr5e-5 (04),전이학습,beam5+no_repeat_ngram3,쓸데 없는 걱정 1위 연예인 걱정,동감입니다.,연예인 걱정이 제일 쓸데없는거 같아요. 신경쓰지 마세요.,0
KoBART lr5e-5 (04),전이학습,beam5+no_repeat_ngram3,사랑할수록 집착해,상대방이 싫어할수도 있어요.,사랑 앞에 정의 내릴 수 있으면 좋으련만. 정의 내리기,2
KoBART lr5e-5 (04),전이학습,beam5+no_repeat_ngram3,전여친 헤어졌으니 남이죠?,그렇습니다.,남이니 신경쓰지 마세요. 자연스러운 현상이에요. 자연스러운,1
KoBART lr5e-5 (04),전이학습,beam5+no_repeat_ngram3,아.빌어먹을 이제야 알다니.,이제라도 깨달았으니 더 이상의 실수는 없을 거예요.,이제 그녀를 놓아주세요. 미련을 버리세요. 당신은 위로,1
KoBART lr5e-5 (04),전이학습,beam5+no_repeat_ngram3,내 발등 내가 다시 찍었네,발등이 얼른 아물길 바랄게요.,후회하지 않길 바랄게요. 새출발하세요. 당신의,1
KoBART lr5e-5 (04),전이학습,beam5+no_repeat_ngram3,같은하늘 다른공간,같은 하늘 아래 숨 쉬고 있어요.,소소한 행복을 느껴보세요. 작은 행복이 찾아올거예요.,1
KoBART lr5e-5 (04),전이학습,beam5+no_repeat_ngram3,내가 너무 생각없이 말했어,생각하고 말하세요.,하고 싶은 말 다하세요. 기분 전환 하세요. 기분이 바뀔 거예요. 기분이,0
KoBART lr5e-5 (04),전이학습,beam5+no_repeat_ngram3,썸녀가 약속 시간을 안 지킴.,시간 약속이 생명인데요.,약속을 잡아보세요. 미련을 버리긴 힘들거예요.,2
KoBART lr5e-5 (04),전이학습,beam5+no_repeat_ngram3,헤어짐이 힘든이유,사랑했으니까요.,헤어짐에는 여러가지 이유가 있기 마련이죠. 자신의 가치관에 맞는,1
KoBART lr5e-5 (04),전이학습,beam5+no_repeat_ngram3,역류성 식도염이 또 도졌어,과식하지 말고 먹고 눕지 마세요!,식이요법이랑 같이 병행해보세요. 금방 나아질거예,0
KoBART lr5e-5 (04),전이학습,beam5+no_repeat_ngram3,교회 오빠한테 눈이 가,성경 공부는 안하고 연애 공부하나봅니다.,남자들은 피해만 주지 않는다면 상관 없어요. 눈치가 없나봐,2
KoBART lr5e-5 (04),전이학습,beam5+no_repeat_ngram3,과함 설렘 후에 지금은 안 설레,처음에 몰아서 설렜나봐요.,설렜나봐요. 기분이 좀 나아졌길 바랄게요.,2
KoBART lr5e-5 (04),전이학습,beam5+no_repeat_ngram3,친구의 전여자친구가 좋은데 사겨도될까?,친구을 잃을 수도 있어요.,전여자친구가 좋아할 거예요. 같이 사겨봐요. 같이 사,2
KoBART lr5e-5 (04),전이학습,beam5+no_repeat_ngram3,남친 프로필에 내 사진 왜 안올릴까,신경쓰고 싶지 않은 사람도 있어요.,신경쓰지 마세요. 자연스러운 현상이에요. 자연스러우면,0
KoBART lr5e-5 (04),전이학습,beam5+no_repeat_ngram3,실내 데이트 추천,영화관이나 쇼핑몰이 생각나네요.,실내 데이트가 좋겠네요. 카페 데이트 추천해요. 카페,0
KoBART lr5e-5 (04),전이학습,beam5+no_repeat_ngram3,핸드폰 고장난거 아니야 연락이 안와,그게 문제는 아닐 거예요.,충전할 곳을 찾아보세요. 기다리는 전화가 있나봐요. 기다려보,0
KoBART lr5e-5 (04),전이학습,beam5+no_repeat_ngram3,사랑하는 사람을 계속 기다려야 할까요?,기한을 정하고 기다리세요.,기다리지 마세요. 당신의 마음이 당신에게 전해지길 바랄게,2
KoBART lr5e-5 (04),전이학습,beam5+no_repeat_ngram3,마음이 싱숭생숭해서 자꾸 글을 쓰게 되네,글 쓰면서 정리가 될 거예요.,글을 쓰면서 정리가 되길 바랄게요. 마음이 싱숭생,0
KoBART lr5e-5 (04),전이학습,beam5+no_repeat_ngram3,바람,고쳐 쓸 수 없는 버릇이에요.,바람 쐬고 오세요! 기운 내세요! 바람 바람 ,1
KoBART lr5e-5 (04),전이학습,beam5+no_repeat_ngram3,엄마 밥 먹고 싶다,시간내서 부모님 집에 찾아가 보세요.,좋은 식습관이에요. 노력해보세요. 꼬박꼬박 드,0
KoBART lr5e-5 (04),전이학습,beam5+no_repeat_ngram3,시계가 멈춘거 같아.,에너지가 필요한 순간이네요.,잠깐 핸드폰 게임 하시면 올거예요. 인공지능에 성별,0
KoBART lr5e-5 (04),전이학습,beam5+no_repeat_ngram3,짝녀가 있었는데 못 잊겠어.,시간이 필요한 때인 것 같아요.,잊는 데는 더 도움이 될지도 몰라요. 신경쓰지 않는 연습,2
KoBART lr5e-5 (04),전이학습,beam5+no_repeat_ngram3,오랜만에 서점에 갔었어,마음의 양식을 채우길 바랄세요.,도서관 다녀오세요. 오랜만에 왔나봐요. 오랜만에 와봤나봐,0
KoBART lr5e-5 (04),전이학습,beam5+no_repeat_ngram3,"이별당시 보다 더 짠한건, 나 떠났으면 잘이나 살지.",당신은 정말 착한 사람이군요.,더 애틋한 추억이 남았나봐요. 새로운 사랑으로,1
KoBART lr5e-5 (04),전이학습,beam5+no_repeat_ngram3,공황증,견디기 힘들었을텐데 괜찮은가요.,스트레스를 받으시나봐요. 저한테 말해보세요. 저에게 말해,1
KoBART lr5e-5 (04),전이학습,beam5+no_repeat_ngram3,피곤한테 또 잠은 안 와.,고민이 있나봐요.,피곤했나봐요. 얼른 주무세요. 기운 내요! 기운,0
KoBART lr5e-5 (04),전이학습,beam5+no_repeat_ngram3,여행 가야지,좋은 여행 되길 바랍니다.,좋은 생각이에요. 다녀오세요. 기다릴게요. 기다리세요.,0
KoBART lr5e-5 (04),전이학습,beam5+no_repeat_ngram3,월급에 비해 근무시간이 너무 긴 거 같애,야근 수당을 챙겨보세요.,야근 수당을 챙겨보세요. 조금이라도 더 야근을 수 있을,0
KoBART lr5e-5 (04),전이학습,beam5+no_repeat_ngram3,시골 내려가서 살까,아무래도 덜 경쟁하겠죠.,시골은 다닐 수 있으면 좋으련만. 그래도 가야겠,0
KoBART lr5e-5 (04),전이학습,beam5+no_repeat_ngram3,피자 먹고 싶다.,같이 먹어요!,배달 시키세요. 꼬박꼬박 챙겨 드세요. 맛있게 드세요.,0
KoBART lr5e-5 (04),전이학습,beam5+no_repeat_ngram3,슬픈 예감대로 되어가는 현실,슬픈 예감은 틀린 적이 없죠.,슬픈 예감은 틀린 적이 없으니까요. 현실의 벽에 부딪혔,1
KoBART lr5e-5 (04),전이학습,beam5+no_repeat_ngram3,짝사랑은 힘든 거 같아,그래도 좋아하는 동안 행복하길 바라요.,짝사랑이 힘들게 하나봐요. 힘들면 잠깐 쉬어가요.,2
KoBART lr5e-5 (04),전이학습,beam5+no_repeat_ngram3,몸매가 탄탄하면 좋은데,운동으로 만들어 보아요.,식이요법이랑 같이 병행해보세요. 기초대사량을 높여보,0
KoBART lr5e-5 (04),전이학습,beam5+no_repeat_ngram3,내 마음에 온통 너야,올인은 좋은게 아니에요.,제가 채워드릴게요. 제가 채워줄게요. 채워질거라,2
KoBART lr5e-5 (04),전이학습,beam5+no_repeat_ngram3,친구가 잘되니까 배 아픈 거 같아,친구가 아닌가봐요.,친구가 잘 안되나봐요. 걱정하지 마세요! 기운 내,0
KoBART lr5e-5 (04),전이학습,beam5+no_repeat_ngram3,잘 지냈으면 좋겠다,따뜻한 마음이네요.,당신도 잘 지내고 있길 바랄게요. 잘 지낼,2
KoBART lr5e-5 (04),전이학습,beam5+no_repeat_ngram3,마음이 울적해,거리를 걸어보세요.,울어도 돼요. 소리를 크게한번 질러보세요. 소리를 크게,0
KoBART lr5e-5 (04),전이학습,beam5+no_repeat_ngram3,그만 먹어야 하는데,조금만 드세요,고민하고 있다면 그게 맞을거예요. 용기 내세요. 용,0
KoBART lr5e-5 (04),전이학습,beam5+no_repeat_ngram3,답이 없는 남자,답이 얼른 왔으면 좋겠네요.,피할 수 있으면 피하고 싶은 사람이 있으면 피하세요. 당신의 삶을 응원,1
KoBART lr5e-5 (04),전이학습,beam5+no_repeat_ngram3,체육대회 안 했으면,재미 있는 종목을 찾아보세요.,가기 싫어도 가야겠죠. 데려다 줄테니 기다려보세요.,0
KoBART lr5e-5 (04),전이학습,beam5+no_repeat_ngram3,제가 놓았던 손을 다시 잡으려니 힘드네.,원상복구는 언제나 힘드니까요.,좋았겠어요. 자연스러운 현상이에요. 더 사랑했나봐요.,1
KoBART lr5e-5 (04),전이학습,beam5+no_repeat_ngram3,짝사랑만이 답일까.,짝사랑만이 답을 아니랍니다.,사랑도 답이죠. 답은 언제나 사랑이에요. 사랑으로 답,2
KoBART lr5e-5 (04),전이학습,beam5+no_repeat_ngram3,휴대폰 바꿀 타이밍,오래 쓰셨나봐요.,핸드폰 만지지 마세요. 핸드폰이 충전되지도 않나,0
KoBART lr5e-5 (04),전이학습,beam5+no_repeat_ngram3,안경 벗었는데 완전 훈남,만화같은 일이네요.,만화같은 일이네요. 신경쓰지 마세요. 자연스러운 현상이에,0
KoBART lr5e-5 (04),전이학습,beam5+no_repeat_ngram3,욕까지 먹었는데 정이 안 떨어져,지나간 사람은 얼른 떨쳐버리세요.,순간 실수할 수 있겠다 판단되면 용서하고 기회를 주세요. 다시,1
KoBART lr5e-5 (04),전이학습,beam5+no_repeat_ngram3,거짓말은 진짜 못고치는 병 맞죠?,아무래도 그렇죠.,거짓말은 습관이에요. 속지 않는 연습이 필요해요. 자신을,1
KoBART lr5e-5 (04),전이학습,beam5+no_repeat_ngram3,오늘 또 하루 살았네,오늘은 약간의 변화를 줘보세요.,내일은 나은 하루이길 바랄게요. 새출발하,0
KoBART lr5e-5 (04),전이학습,beam5+no_repeat_ngram3,연차 내고 누워만 있네,때론 쉬어가는 것도 필요해요.,몸이 지치면 마음도 지칠 수 있어요. 자연스러운 현상이에요.,1
KoBART lr5e-5 (04),전이학습,beam5+no_repeat_ngram3,좌절 중이야,이제 일어날 때예요.,더 잘할 수 있을 거예요. 조금만 더 힘내세요. 당신의 잠재력을,0
KoBART lr5e-5 (04),전이학습,beam5+no_repeat_ngram3,커피 말고 뭐 마시지,시원한 쥬스는 어때요.,카페인이 필요한 시간인가 봐요. 커피 한 잔 드세요. 커피 한,0
KoBART lr5e-5 (04),전이학습,beam5+no_repeat_ngram3,조카들 너무 귀찮게 해,방문 열어주지 마세요.,돈을 얼른 모아야할 이유가 생겼네요. 차분히 기다려,0
KoBART lr5e-5 (04),전이학습,beam5+no_repeat_ngram3,잊자 잊자 지워버리자,잘 해내고 있어요.,잊는 데는 더 도움이 될 거예요. 자연스러운 현상이에요. 잊는,1
KoBART lr5e-5 (04),전이학습,beam5+no_repeat_ngram3,반가운 연락,사랑하는 사람의 연락이었나봐요.,반가웠나봐요. 반갑습니다. 반가워요. 반가워요!,1
KoBART lr5e-5 (04),전이학습,beam5+no_repeat_ngram3,짝녀한테도 철벽쳐요. 성격이 왜 그럴까요.,두려운게 있는게 아닐까요.,사랑 앞에 판단력은 흐려지니까요. 자신의 감정을 믿어주,2
KoBART lr5e-5 (04),전이학습,beam5+no_repeat_ngram3,밤만 되면 미치겟네.,아직 많이 답답한가봐요.,낮잠을 잠깐 자도 괜찮아요. 피곤했나봐요.,1
KoBART lr5e-5 (04),전이학습,beam5+no_repeat_ngram3,돈 쥐꼬리만큼 가지고 유세부리는 꼴이라니,없다가 있어서 그런가봐요.,돈을 얼른 모아야할 이유가 생겼네요. 차용증 써,0
KoBART lr5e-5 (04),전이학습,beam5+no_repeat_ngram3,시간 아까워,다른 일을 해보세요.,시간적 여유가 생기길 바랄게요. 다른 일에 집중하세요.,0
KoBART lr5e-5 (04),전이학습,beam5+no_repeat_ngram3,완전히 잊는다는게 쉽지 않네,사랑했던 연인을 잊어버리는건 힘들어요.,완전히 잊는다는게 쉬운게 아니니까요. 이별을 받아들이는,1
KoBART lr5e-5 (04),전이학습,beam5+no_repeat_ngram3,이어폰 사야지,잘 골라보세요.,예쁜걸로 하나 사주세요. 예쁜걸 사주실 거예요,0
KoBART lr5e-5 (04),전이학습,beam5+no_repeat_ngram3,여드름 피부 화장으로 가릴까?,중요한 날에만 가리세요.,다음에는 픽서를 사용해보세요. 괜찮을 거예요! 라고,0
KoBART lr5e-5 (04),전이학습,beam5+no_repeat_ngram3,점점 괜찮아 지는것 같다가도.,힘들기도 하겠죠.,괜찮아지고 있네요. 기운 내길 바랄게요. 기운,1
KoBART lr5e-5 (04),전이학습,beam5+no_repeat_ngram3,헤어진 지 한달됐습니다,힘든가봐요.,금방 나아질 거예요. 금방 나아지길 바랄게요. 금방 나아,1
KoBART lr5e-5 (04),전이학습,beam5+no_repeat_ngram3,배가 너무 고파,뭐 좀 챙겨드세요.,꼬박꼬박 챙겨 드세요. 기분이 좋아질거 같아요!,0
KoBART lr5e-5 (04),전이학습,beam5+no_repeat_ngram3,뭐라 하려다 참았어,계속 그러면 말하세요.,아무 것도 아니라고 생각하면서 크게 심호흡해보세요. 기분이 나아질,0
KoBART lr5e-5 (04),전이학습,beam5+no_repeat_ngram3,후폭풍 재회를 두번 또 헤어짐,사랑도 헤어짐도 면역이 안되나봐요.,헤어짐에 익숙해지길 바랄게요. 이별은 항상 힘든,1
KoBART lr5e-5 (04),전이학습,beam5+no_repeat_ngram3,엄청 로맨틱해,생각만해도 달콤하네요.,로맨틱하네요. 기분 전환 하고 오세요. 기분이 좋아질 거예요. 기분,2
KoBART lr5e-5 (04),전이학습,beam5+no_repeat_ngram3,남편이 아기를 안 돌봐줘.,공동육아가 기본인데요.,경제적으로 도움이 되겠네요. 자연스러운 현상이에요. 신경쓰지,0
KoBART lr5e-5 (04),전이학습,beam5+no_repeat_ngram3,술먹고 연락도 없는,걱정되시겠어요.,연락하지 마요. 지긋지긋한 사람으로 기억될 거예요. 저,1
KoBART lr5e-5 (04),전이학습,beam5+no_repeat_ngram3,지금 나오라고 하는거 예의 없음?,보고싶다고 연락은 해보는 게 좋을 거 같아요.,방심한 순간 변화가 시작됩니다. 자연스러운 현상이에요. 신경쓰,2
KoBART lr5e-5 (04),전이학습,beam5+no_repeat_ngram3,더워더워,차가운 음료 너무 많이 마시면 아니 되어요,여름이네요. 따뜻한 물 한잔 어때요????,0
KoBART lr5e-5 (04),전이학습,beam5+no_repeat_ngram3,첫사랑은 안되는건가,의미 부여하지 마세요.,첫사랑은 사랑 자체로 의미가 있으니까요. 사랑이 사랑인가봐요.,1
KoBART lr5e-5 (04),전이학습,beam5+no_repeat_ngram3,눈물이 많아졌어,세상 걱정 혼자 다 해서 그래요.,감정에 솔직한 모습이 보기 좋아요. 울어도 돼요. 우는,0
KoBART lr5e-5 (04),전이학습,beam5+no_repeat_ngram3,너무 힘든 나날을 보내고 있습니다.,원래 이별은 힘든 거예요.,잘 지내고 있을 거예요. 조금만 더 힘내세요! 기운내세요,1
KoBART lr5e-5 (04),전이학습,beam5+no_repeat_ngram3,밤만 되면,생각날 거예요.,낮잠을 잠깐 자도 괜찮아요. 피곤했나봐요.,1
KoBART lr5e-5 (04),전이학습,beam5+no_repeat_ngram3,커플여행 어떻게 생각해?,누구랑 가느냐가 중요하겠죠.,서로 배려하는 태도에 따라 다르겠죠. 차분히 생각해보,2
KoBART lr5e-5 (04),전이학습,beam5+no_repeat_ngram3,잘해줘도 이별은 아프네,이별의 끝은 항상 시린 것 같아요.,더 좋은 사람 만나서 알콩달콩 사랑했나봐요.,1
KoBART lr5e-5 (04),전이학습,beam5+no_repeat_ngram3,커플 폰케이스 사자고 해야겠다.,괜찮은거로 골라보세요.,필요하다면요. 필요하다면 하는 게 좋을 것 같아요. 용기내,0
KoBART lr5e-5 (04),전이학습,beam5+no_repeat_ngram3,수영장 같이 가려고 해,즐거운 시간 보내고 오세요!,온 가족이 모두 마음에 드는 곳으로 가보세요. 즐거운 시간 보내고 오세요,0
KoBART lr5e-5 (04),전이학습,beam5+no_repeat_ngram3,옷이 다 젖었어,감기 조심 하세요.,예민한가봐요. 조금만 참고 기다려보세요. 괜찮아질,0
KoBART lr5e-5 (04),전이학습,beam5+no_repeat_ngram3,짝녀 보란 듯이 성공하고 싶습니다.,큰 결심이네요. 꼭 성공할 거예요.,마음 단단히 잡길 바랄게요. 용기를 내서 말해보,2
KoBART lr5e-5 (04),전이학습,beam5+no_repeat_ngram3,부모님 반대 설득하고 싶어,자식 이기는 부모 없을 거예요.,설득하고 싶은 마음이 굴뚝 같겠네요. 단호하게 거절하,2
KoBART lr5e-5 (04),전이학습,beam5+no_repeat_ngram3,말을 수시로 바꾸는 사람 어떻게 해?,빼도 박도 못하는 증거를 만들어 놓으세요.,말을 바꾸는 태도에 따라 다를 것 같아요. 신경쓰지 않는 연습,0
KoBART lr5e-5 (04),전이학습,beam5+no_repeat_ngram3,"괜찮은 척, 어른인척",척 안해도 돼요.,괜찮은 사람이에요. 다른 일에 집중하세요. 당신은 소중한 사람이에,1
KoBART lr5e-5 (04),전이학습,beam5+no_repeat_ngram3,물배달 시켜야겠다.,부지런하시네요.,부지런하시네요. 어서 오세요. 기운내세요! 기운내,0
KoBART lr5e-5 (04),전이학습,beam5+no_repeat_ngram3,짝녀 보고 싶다.,그럴 만 해요.,보고 싶은가봐요. 꼭 보세요. 꼭 보실거예요.,2
KoBART lr5e-5 (04),전이학습,beam5+no_repeat_ngram3,좋아하는 사람이 있는데 할 말이 없어서 연락이 끊겼어.,또 다시 연락할 수 있어요.,바쁘거나 감정의 변화가 없었나봐요. 곧 좋은 소식이 들리,2
KoBART lr5e-5 (04),전이학습,beam5+no_repeat_ngram3,퇴근 후에 만나자고 해볼까,용기내세요.,용기내서 말해보세요. 생각이 더 나면 만날 수 있을 거예요.,0
KoBART lr5e-5 (04),전이학습,beam5+no_repeat_ngram3,나만 좋아하는 것 같아 자존감 떨어져.,더 좋아하게 만들면 돼요.,자존감 회복을 위해 나아가는 건 어떨까요. 긍정적인 생각을 해보,2
KoBART lr5e-5 (04),전이학습,beam5+no_repeat_ngram3,사귀던 사람이 잠수탔어,너무 걱정하지 마세요. 조금더 기다려보세요.,좋은 만남이 되길 바랍니다. 기대하겠네요. 기다려주세요. 기다,2
KoBART lr5e-5 (04),전이학습,beam5+no_repeat_ngram3,SNS 시간낭비인데 자꾸 보게됨,시간을 정하고 해보세요.,시간낭비일 수도 있어요. 신경쓰지 않는 연습을 해봐,0
KoBART lr5e-5 (04),전이학습,beam5+no_repeat_ngram3,마음이 변할까봐 두려워,서로에게 믿음을 주세요.,마음이 변하면 변하죠. 두려워하지 않아도 돼요. 두려워하지 말고,2
KoBART lr5e-5 (04),전이학습,beam5+no_repeat_ngram3,내가 나빴네,아니에요. 너무 자책하지 마세요.,상대방도 똑같은 인간이라는 걸 잊지 마세요. 당신은 소중한 자격이,0
KoBART lr5e-5 (04),전이학습,beam5+no_repeat_ngram3,폰 자꾸 보게 돼,보지 마세요.,폰팅 안되나봐요. 기다려보세요. 기다릴게요.,1
KoBART lr5e-5 (04),전이학습,beam5+no_repeat_ngram3,나 사랑할 자격 없는 사람이야,사랑에는 조건이 필요없어요.,사랑자격증을 드립니다. 멋진 사람이네요. 멋진 사람이에요.,2
KoBART lr5e-5 (04),전이학습,beam5+no_repeat_ngram3,시어머니가 질투해,아들을 빼앗겼다고 생각하나봐요.,시어머니가 이뻐해 주실거예요. 시어머니도,0
KoBART lr5e-5 (04),전이학습,beam5+no_repeat_ngram3,월욜부터 힘드네.,기분 탓인지 월요일은 항상 힘든 것 같아요.,월요일보단 나을지도 몰라요. 어서 주무세요. 기운 내,1
KoBART lr5e-5 (04),전이학습,beam5+no_repeat_ngram3,말하는 거 귀여워,하트 뿅뿅이네요.,귀여운 사람이 말해서 그래요. 귀여워요. 눈치가 없나봐,2
KoBART lr5e-5 (04),전이학습,beam5+no_repeat_ngram3,더 사랑해달래,더 많이 표현해주세요.,사랑해요! 꼭 사랑할거예요. 꼭 사랑해주세요.,2
KoBART lr5e-5 (04),전이학습,beam5+no_repeat_ngram3,냉방비 너무 많이 나와,시원하게 지낸 값이죠.,냉방비가 많이 나오나봐요. 얼른 실내로 들어가세요.,0
KoBART lr5e-5 (04),전이학습,beam5+no_repeat_ngram3,추억은 힘이 없다.,추억은 미화되기 마련이죠.,추억이 잠길 때도 필요해요. 새로운 추억을 만들어봐요.,1
KoBART lr5e-5 (04),전이학습,beam5+no_repeat_ngram3,허전한게 좀 그렇다,채워질 거예요.,마음이 허전한가봐요. 곧 나아질거예요. 기운내,0
KoBART lr5e-5 (04),전이학습,beam5+no_repeat_ngram3,내가 좋아하는 걸 티냈는데 못 알아챘을까?,못 알아차렸을 수도 있어요.,상황이 그렇게 만든 거예요. 신경쓰지 않는 연습을 해봐요. 기분이,2
KoBART lr5e-5 (04),전이학습,beam5+no_repeat_ngram3,해외여행하다 숙소에서 만난 외국인이 너무 좋은데 이 연애 무리일까?,사랑에 국경은 없어요.,숙소에서 만난 사람에 대한 예의가 없네요. 무시하세요. 기분,2
KoBART lr5e-5 (04),전이학습,beam5+no_repeat_ngram3,자꾸 갠톡하는 선배 있는데 관심 있나?,호감이 있을 수도 있어요. 그렇지만 조금 더 상황을 지켜보세요.,호의인지 호감인지 헷갈리나요? 차분히,2
KoBART lr5e-5 (04),전이학습,beam5+no_repeat_ngram3,녹차 마실래?,드시는거 보기만 해도 좋아요.,녹차 좋죠. 기분 좋죠. 차 한잔 마셔보세요.,0
KoBART lr5e-5 (04),전이학습,beam5+no_repeat_ngram3,사랑 별거 없네,별거 없다가도 전부가 되는게 사랑이에요,사랑에는 별거 아니에요. 인생은 욕망이지 사랑이 아니에,2
KoBART lr5e-5 (04),전이학습,beam5+no_repeat_ngram3,내려놓기,잘했어요.,잘려나간다니 다행이에요. 놓아주세요. 놓아,1
KoBART lr5e-5 (04),전이학습,beam5+no_repeat_ngram3,이젠 어떡해얄지 모르겠어,일기를 써보세요.,어장의 고기어도 좋을지 어장을 나가는 게 좋을지 생각해보,1
KoBART lr5e-5 (04),전이학습,beam5+no_repeat_ngram3,내 사랑이 있을까?,눈을 크게 뜨고 잘 찾아보세요.,서로 이해하고 존중하고 아끼는 마음이에요. 서로의 마음에 달려있겠,2
KoBART lr5e-5 (04),전이학습,beam5+no_repeat_ngram3,술마시고 있네,한 잔하기 좋은 날이네요.,적당히 드세요. 기분전환이 될거예요. 기분전환에,1
KoBART lr5e-5 (04),전이학습,beam5+no_repeat_ngram3,썸남이 오디션 나간대,응원해주세요.,사귀기 전에 두근거림을 좋아하나 봐요. 곧 좋은,2
KoBART lr5e-5 (04),전이학습,beam5+no_repeat_ngram3,장거리 이별,잘 견뎌왔는데 힘든 순간이었죠.,이별을 헤아리는 건 큰 도움이 안 돼요. 이별은 사람을,1
KoBART lr5e-5 (04),전이학습,beam5+no_repeat_ngram3,계속 생각나는 사람.,사랑했던 만큼 생각나겠죠.,계속 생각나고 보고 싶은 마음이 굴뚝같나봐요. 계속 생각,1
KoBART lr5e-5 (04),전이학습,beam5+no_repeat_ngram3,여행가고 싶다,계획을 세워보세요.,온 가족이 모두 마음에 드는 곳으로 가보세요. 좋죠. 데려다 줄,0
KoBART lr5e-5 (04),전이학습,beam5+no_repeat_ngram3,담배 끊는 거 어려워,자신을 이겨야해요.,금연 프로그램을 소개해보세요. 금연에 대한 자신감을 가져보세요. 취미,0
KoBART lr5e-5 (04),전이학습,beam5+no_repeat_ngram3,친구들이 짝녀를 별로라고 하네요.,무슨 이유에서 그랬을까요.,친구를 헷갈리게 하는건 좋지 않아요. 기분전환을 하는,2
KoBART lr5e-5 (04),전이학습,beam5+no_repeat_ngram3,썸남이 연락이 안돼,연락이 중요한 시기인데요.,연락이 오길 기다리고 있을지도 몰라요. 다른 연락을 찾아보세요.,2
KoBART lr5e-5 (04),전이학습,beam5+no_repeat_ngram3,해외여행 가고 싶어.,그럼요!,데려가면 돼요. 데려가세요! 데려가세요. 데려가,0
KoBART lr5e-5 (04),전이학습,beam5+no_repeat_ngram3,실비 드는게 좋을까,잘 알고 들어도 좋을 것 같아요.,돈을 얼른 모아야할 이유가 생겼네요. 필요하다면 모아야,0
KoBART lr5e-5 (04),전이학습,beam5+no_repeat_ngram3,내가 이렇게 또 불효를 한다.,연락이라도 드려보세요.,불타오를 반복하지 않길 바랄게요. 용기를 내세요.,0
KoBART lr5e-5 (04),전이학습,beam5+no_repeat_ngram3,아마 평생 모르겠지.,평생 모르고 사는 게 참 많죠.,아마 그럴 거예요. 당신의 잠재력을 믿어보세요. 당신의 잠재력은 무,2
KoBART lr5e-5 (04),전이학습,beam5+no_repeat_ngram3,나를 떠보는 것 같은 짝남.,떠보는 것보다 직구 날려보세요.,슬픈 이야기네요. 슬프네요. 기분 전환 하세요. 위로해,2
KoBART lr5e-5 (04),전이학습,beam5+no_repeat_ngram3,남자친구한테 서운해,수천번 생각해도 이건 아니라고 생각이 되면 서운하다고 이야기하세요.,당신도 서운해하지 마세요. 당신의 서운함을 풀어주,2
KoBART lr5e-5 (04),전이학습,beam5+no_repeat_ngram3,좋아하는 사람에 대한 관심을 끄는 방법이 뭐가 있을까.,다른일로 바쁘면 조금 덜할 거예요.,관심을 끄는 사람에 대한 얘기가 좋겠네요. 관심사에 대한 얘기가 아니라,2
KoBART lr5e-5 (04),전이학습,beam5+no_repeat_ngram3,배 아파서 기분이 안 좋아,약이 필요하면 도움을 받아보세요.,병원에 가보세요. 약이 되는지 알아보세요. 약을 드세요.,0
KoBART lr5e-5 (04),전이학습,beam5+no_repeat_ngram3,친구랑 싸웠어,싸우면서 정 들 거예요.,싸우면서 정 들 거예요. 기분전환을 해보세요. 기분이 바뀔 거예요. 기분,0
KoBART lr5e-5 (04),전이학습,beam5+no_repeat_ngram3,선생님이 나만 뭐라고 해,애정표현이라고 생각하세요.,선생님도 좋아할거예요. 신경쓰지 마세요. 신경쓰,0
KoBART lr5e-5 (04),전이학습,beam5+no_repeat_ngram3,하루가 일년같아,시간이 더디게 흐르죠.,생각보다 많은 시간이 지났네요. 곧 나아질거라 믿어요.,1
KoBART lr5e-5 (04),전이학습,beam5+no_repeat_ngram3,과거에 얽매여 있어,과거랑 현재랑 미래는 함께 해요.,추억에 잠길 때도 필요해요. 새로운 인연이 찾아오길,1
KoBART lr5e-5 (04),전이학습,beam5+no_repeat_ngram3,신혼여행 가서 돌아오기 싫다,휴가를 붙여보세요.,신혼여행은 자유여행이죠! 자유여행을 떠나보세요.,0
KoBART lr5e-5 (04),전이학습,beam5+no_repeat_ngram3,개좋아,저도 좋아해주세요.,기분 좋아 보이세요. 기분이 좋아질 거예요. 기분이 좋아지길 바라요.,0
KoBART lr5e-5 (04),전이학습,beam5+no_repeat_ngram3,연애상담하더니 둘이 사귀더라,대화를 하다가 친해졌나봐요.,좋은 만남이 되었길 바라요. 더 좋은 사람 만날 수 있었으면,2
KoBART lr5e-5 (04),전이학습,beam5+no_repeat_ngram3,집이 너무 지저분해,청소기를 돌려보세요.,돈을 모아서 다른 곳으로 이사갈 수 있을 거예요. 그곳에서 사세요. 그곳에서,0
KoBART lr5e-5 (04),전이학습,beam5+no_repeat_ngram3,이제 끝인가봐,이별을 받아들이는 건 쉬운 일이 아니겠죠.,미련이 남았나봐요. 곧 끝나길 바랄게,1
KoBART lr5e-5 (04),전이학습,beam5+no_repeat_ngram3,좋아하는 사람 잊는 방법 조언 좀.,가슴 아픈 질문이네요.,잊는 데는 더 도움이 될지도 몰라요. 자연스러운 현상이에요.,2
KoBART lr5e-5 (04),전이학습,beam5+no_repeat_ngram3,신청했더니 정말로 왔네ㅎㅎ,좋은 결과길 바라요.,기다렸나봐요. 이제 놓아주세요. 기다리고 있었나봐,1
KoBART lr5e-5 (04),전이학습,beam5+no_repeat_ngram3,면접 팁 좀 줘,잘 볼 수 있을 거예요.,회사와 자신에 대해서 더 공부해서 자신감을 가져보세요. 자신감을 가져,0
KoBART lr5e-5 (04),전이학습,beam5+no_repeat_ngram3,나 실수한건가,잘 생각해보세요.,실수한 걸 수도 있어요. 실수했나봐요. 자책하지 말아,0
KoBART lr5e-5 (04),전이학습,beam5+no_repeat_ngram3,너무 매달렸나봐,너무 사랑한 거였을 거예요.,후회하지 않을 자신 있다면 연락해보세요. 미련을 버리세요.,1
KoBART lr5e-5 (04),전이학습,beam5+no_repeat_ngram3,연락 못하는 아픔.,당분간은 힘들지 몰라요.,더 많이 연락하고 기다려주세요. 당신의 소중한 시간들을. 당신의 소중한,1
KoBART lr5e-5 (04),전이학습,beam5+no_repeat_ngram3,분하고 그립고 고통스러워.다른 여자 사랑하는 그모습,이제 과거를 보지 마요.,사랑했던 사람이니까요. 자연스러운 현상이에요. 자연스러우면,1
KoBART lr5e-5 (04),전이학습,beam5+no_repeat_ngram3,내 남자로 만들기,사랑은 소유하는 게 아니에요.,사랑은 소유하는 게 아니에요. 무시하세요. 무시당해요.,2
KoBART lr5e-5 (04),전이학습,beam5+no_repeat_ngram3,사랑하고 사람이 달라졌어,화학 물질이 접촉하는 것처럼 반응이 일어나서 완전히 바뀌게 되죠.,사랑이 사람을 변하게 하나봐요. 당신의 사랑이 당신을 변하게 했나,2
KoBART lr5e-5 (04),전이학습,beam5+no_repeat_ngram3,중2 히스테리 알아?,힘들 때네요.,사람 마다 다르겠죠. 신경쓰지 마세요. 무시당하는,0
KoBART lr5e-5 (04),전이학습,beam5+no_repeat_ngram3,친구가 나한테 집착해,거리를 두세요.,자존감을 세우지 마세요. 무시당하는 기분이 들어서 그래요. 무시,0
KoBART lr5e-5 (04),전이학습,beam5+no_repeat_ngram3,뭔 상황인지 헷갈리네.,애매하긴 해요.,상황마다 다를 것 같아요. 심리적으로 불안한가봐요. 곧 나아,1
KoBART lr5e-5 (04),전이학습,beam5+no_repeat_ngram3,좋아하는 여자애가 남친 사귈 마음이 없다는데 진짜일까?,그건 본인만 알 거예요.,먼저 다가가서 알아보세요. 마음이 정리될지도 몰라요. 괜히,2
KoBART lr5e-5 (04),전이학습,beam5+no_repeat_ngram3,속이는 거 더 못하겠어,남을 속이는건 나쁜거예요.,금방 나아질 거예요. 조금만 더 힘내세요. 기운내세요! 응원,0
KoBART lr5e-5 (04),전이학습,beam5+no_repeat_ngram3,전공 잘못 골랐나봐,내가 맞는 것과 맞지 않은 걸 구별해보세요.,눈을 감고 곰곰히 생각해보세요. 해결될거예요.,0
KoBART lr5e-5 (04),전이학습,beam5+no_repeat_ngram3,썸남한테 소개팅 나간다고 해볼까?,상대방을 헷갈리게 하는건 좋지 않아요.,친구한테 부탁해보세요. 생각보다 반응이 좋았나봐요. 곧,2
KoBART lr5e-5 (04),전이학습,beam5+no_repeat_ngram3,많이 좋아하던 전여친에게 연락해도될까?,연락은 자유지만 후회는 할 수도 있어요.,연락해도 상관없지만 자신을 비하하지는 마세요. 마음의 준비를 하,2
KoBART lr5e-5 (04),전이학습,beam5+no_repeat_ngram3,맨날 짝사랑만 하다가 끝났는데 연애할 수 있을까?,언젠가 진정한 사랑이 나타날 거예요.,연애에 대한 두려움을 가지고 있을 수도 있을 듯 합니다. 가능하면 빨리,2
KoBART lr5e-5 (04),전이학습,beam5+no_repeat_ngram3,권태기로 헤어지면 후회할까,극복하려는 노력은 해보는 게 좋을 거 같아요.,인생은 항상 마음 먹은 대로 되지 않으니까요. 자신의 삶을 살다,1
KoBART lr5e-5 (04),전이학습,beam5+no_repeat_ngram3,오늘도 짝남이 멋졌어.,멋진 분이군요.,좋은 만남이 되었길 바랄게요. 마음이 헛헛하겠어요.,2
KoBART lr5e-5 (04),전이학습,beam5+no_repeat_ngram3,집 샀어,내 집 마련 축하드려요.,내 집 마련의 한 걸음을 내딛으셨네요. 축하,0
KoBART lr5e-5 (04),전이학습,beam5+no_repeat_ngram3,나만 힘든 거였구나,마음이 약해 탈이네요.,상대방도 똑같은 인간이라는 걸 잊지 마세요. 언제나 응원합니다,1
KoBART lr5e-5 (04),전이학습,beam5+no_repeat_ngram3,감당 못하는 사랑,감당할 수 있는 만큼만 베푸세요.,당신의 잠재력을 믿어보세요. 당신의 잠재력은 무궁무진,2
KoBART lr5e-5 (04),전이학습,beam5+no_repeat_ngram3,집착인걸까.,잘 생각해보세요.,집착일 수도 있어요. 그렇지만 슬쩍 호감을 표현해보세요. 당신의 마음이,1
KoBART lr5e-5 (04),전이학습,beam5+no_repeat_ngram3,1년 동거 중인데 계속 좋아,서로 깊게 알게되면서 더 좋아졌나봅니다.,좋은 만남이 되길 바라요. 좋은 만남 계속 이어가길 바라요.,2
KoBART lr5e-5 (04),전이학습,beam5+no_repeat_ngram3,드디어 천일,축하합니다.,천국과 천국과 지옥이네요. 축하해요! 축하,0
KoBART lr5e-5 (04),전이학습,beam5+no_repeat_ngram3,설마했던 진짜 이별,앞일은 알 수가 없나봐요.,이별은 사람을 변덕쟁이로 만들기도 하죠. 용기 내세,1
KoBART lr5e-5 (04),전이학습,beam5+no_repeat_ngram3,짝남한테 크리스마스 선물할건데 추천 좀.,목도리는 어떨까요.,추운 날에 어울리는 선물을 생각해보세요. 마음에 드는 선물을 고르는,2
KoBART lr5e-5 (04),전이학습,beam5+no_repeat_ngram3,씨씨인데 몰래 만나고 있는데 공개 연애 하자고 할까?,몰래 만날 수 있는 만큼 몰래 만나보세요.,공개 연애도 나쁘지 않아요. 솔직하고 당당하게 말하세요.,2
KoBART lr5e-5 (04),전이학습,beam5+no_repeat_ngram3,이젠 슬픈 사랑,슬픈 이별이기도 하네요.,사랑했던 만큼 아픔도 크겠죠. 이별은 사랑을 증오로,1
KoBART lr5e-5 (04),전이학습,beam5+no_repeat_ngram3,먹을까 참을까,조금만 드세요,입에 쓴 게 몸에는 좋을 거예요. 정신 차리세요. 기운을 차,0
KoBART lr5e-5 (04),전이학습,beam5+no_repeat_ngram3,옷 사 줘,아직 월급날이 멀었어요.,"옷은 사세요. 사셔야겠어요, 사 드세요. 사 드",0
KoBART lr5e-5 (04),전이학습,beam5+no_repeat_ngram3,썸인지 알려면,어느 정도 시간과 연락과 관심이 필요하겠네요.,연락하면 썸일 수도 있고 사귀고 난 후일 수도,2
KoBART lr5e-5 (04),전이학습,beam5+no_repeat_ngram3,하루에 만보 걷기,좋은 건강습관이네요.,좋은 건강습관이네요. 곧 좋은 소식이 들리시길 바라,0
KoBART lr5e-5 (04),전이학습,beam5+no_repeat_ngram3,장수커플이야,사랑은 유지하는 게 중요한데 대단하네요.,인연이 거기까지였나봐요. 마음의 준비를 하세요. 기운을,2
KoBART lr5e-5 (04),전이학습,beam5+no_repeat_ngram3,취미생활 같이하는 게 좋다던데,함께하면 서로를 더 많이 알게 될 거예요.,취미생활은 남과 비교하지 말고 자신이 하는 일을 알아보,0
KoBART lr5e-5 (04),전이학습,beam5+no_repeat_ngram3,잘지내고있니,잘 지내고 있어요.,잘 지내고 있을 거예요. 칭찬해주고 잘 지낼거예요.,1
KoBART lr5e-5 (04),전이학습,beam5+no_repeat_ngram3,생각이 자꾸 나,좋아하나봐요.,좋은 생각만 하세요. 그러면 좋은 결과 있을 거예요! 기운 내,2
KoBART lr5e-5 (04),전이학습,beam5+no_repeat_ngram3,오래 못 가는 연애,"연애는 문제가 있으면 문제를 해결 하기 위해 함께 노력하고 그 속에서 더욱 단단해지는 과정인데, 그 과정을 못 참고 피하기만 했나봅니다.",더 오래 만날 수 있을 거예요. 기다려주세요. 기다릴게요. 기다려,2
KoBART lr5e-5 (04),전이학습,beam5+no_repeat_ngram3,정말 다시돌아 온다면,잘할 자신이 있어도 힘든 게 재회예요.,다시 돌아오길 바랄게요. 그러면 다시 돌아오지 않을 거예요. 돌아오,1
KoBART lr5e-5 (04),전이학습,beam5+no_repeat_ngram3,짝남을 반에서 공개적으로 좋아하는게 나을까요?,경쟁자를 없애기 위해 그게 나을 수도 있어요.,공개적으로 만나는게 더 나을 수도 있어요. 그렇지만 조금 더 상황을 지켜보,2
KoBART lr5e-5 (04),전이학습,beam5+no_repeat_ngram3,넥타이핀 정도는 선물로 줘도 괜찮겠지?,실용적인 선물이라 괜찮을 거예요.,추울 때 딱이죠. 신경쓰지 않는 선이 좋겠어요.,0
KoBART lr5e-5 (04),전이학습,beam5+no_repeat_ngram3,울적하다,울적.... 우울할땐.... 울면,울어도 돼요. 소리를 크게 한 번 크게 울어보세요. 기분이,0
KoBART lr5e-5 (04),전이학습,beam5+no_repeat_ngram3,사람 만나는 게 쉽지 않아,미리 움츠러들지 않아도 돼요.,사람 마다 다르겠지만 사귀고 난 후가 중요해요.,0
KoBART lr5e-5 (04),전이학습,beam5+no_repeat_ngram3,사랑만으로 다 될줄 알았던 우리들,그때는 우리 다 순수했던 걸까요.,당신의 사랑도 사랑인가봐요. 당신의 사랑을 믿어주세요. 당신의,1
KoBART lr5e-5 (04),전이학습,beam5+no_repeat_ngram3,여자친구한테 더 이상 설레지 않아,정말 큰 문제네요.,이별을 받아들이는 것도 중요해요. 이별에 대한 두려움을 버,2
KoBART lr5e-5 (04),전이학습,beam5+no_repeat_ngram3,이별 극복할수있을까?,당신이라면 충분히 극복할 수 있어요.,충분히 극복할 수 있을 거예요. 노력해보세요. 가능하다면 가능하다고,1
KoBART lr5e-5 (04),전이학습,beam5+no_repeat_ngram3,친구한테 자꾸 집착하게 돼,자신 스스로에게 의지해보세요.,친구한테 의지하지 말고 자신이 해보세요. 당신의 잠재력은 믿어주,0
KoBART lr5e-5 (04),전이학습,beam5+no_repeat_ngram3,소심한 남자와의 연애,직설적으로 통보하는 말보다는 조금 더 부드럽게 권유하고 물어보는 말을 해보세요.,소심한 성격일 수도 있어요. 그렇지만 조금 더 차분히 기다려보,2
KoBART lr5e-5 (04),전이학습,beam5+no_repeat_ngram3,돈이 안 모여,한푼 두푼 차곡차곡,돈 없어도 할 수 있는게 많아요! 힘내세요!,0
KoBART lr5e-5 (04),전이학습,beam5+no_repeat_ngram3,보고싶네,보고싶을 거예요.,보고 싶은가봐요. 느낄 수 있었으면 더 좋을텐데.,1
KoBART lr5e-5 (04),전이학습,beam5+no_repeat_ngram3,썸남이 약속 자꾸 미루는데 내가 싫은걸까?,어쩔 수 없는 상황인지 물어보세요.,약속 미루는 건 서로에게 좋지 않아요. 신경쓰지 않는 선,2
KoBART lr5e-5 (04),전이학습,beam5+no_repeat_ngram3,헤어진지 1달반정도 됬네,금방 지나갈 거예요.,생각보다 많은 시간이 지났네요. 금방 나아졌길 바랄게,1
KoBART lr5e-5 (04),전이학습,beam5+no_repeat_ngram3,좋아하는 사람이 쓰레기면 어떻게 할꺼야?,쓰레기 옆에 있기 싫어서 도망갈 거예요.,적당히 차면 분리 수거해서 버려 주세요. 버려진다면 버려,2
KoBART lr5e-5 (04),전이학습,beam5+no_repeat_ngram3,이게 바로 첫사랑인듯,당신의 소중한 사랑을 이루어 보세요.,당신의 첫사랑을 응원합니다! 축하드려요! 다시 사랑,2
KoBART lr5e-5 (04),전이학습,beam5+no_repeat_ngram3,나들이를 가볼까,같이 가요.,즐거운 시간 보내시길 바랄게요. 즐거운 출발 보내세요!,0
KoBART lr5e-5 (04),전이학습,beam5+no_repeat_ngram3,원서 낸거 1지망에서 떨어졌어,위로해 드립니다.,많이 지쳤나봐요. 곧 나아질거라 믿어요. 다시,0
KoBART lr5e-5 (04),전이학습,beam5+no_repeat_ngram3,친구라는게 뒷담화나 하다니,친구라고 생각한 시간이 아깝네요.,친구라고 생각하세요. 기분전환을 하세요. 기분이나쁘겠,0
KoBART lr5e-5 (04),전이학습,beam5+no_repeat_ngram3,내가 불효자야,연락이라도 드려보세요.,제가 있잖아요. 제가 불효자예요. 무시하세요. 무시하,0
KoBART lr5e-5 (04),전이학습,beam5+no_repeat_ngram3,썸 타던 사이인데 부담 돼. 연락 무시해도 될까?,부담되면 마음이 가지 않는 거니 정리도 필요하겠네요.,연락 무시해도 돼요. 무시하세요. 무시당하는 기분이 되어버,2
KoBART lr5e-5 (04),전이학습,beam5+no_repeat_ngram3,진짜 완전체가 있어,상대를 용서하면서 분출할 수 있는 탈출구를 찾아보세요.,당신이 행복하길 바랄게요. 당신의 잠재력을 믿어주세요.,0
KoBART lr5e-5 (04),전이학습,beam5+no_repeat_ngram3,외로워,혼자가 아니에요.,외로운 상태인가봐요. 힘내세요! 기운 내세요!,0
KoBART B1 lr2e-5 (06),전이학습,beam5+no_repeat_ngram3,성형할까,돈 많이 들텐데요.,예뻐 것 같아요. 예쁘게 변신해보세요. 예뻐요. 예,0
KoBART B1 lr2e-5 (06),전이학습,beam5+no_repeat_ngram3,나도 커플룩 입고 싶다,커플부터 만드세요.,저도 보고 싶어요. 같이 가요. 같이 가요! 같이 가세요.,0
KoBART B1 lr2e-5 (06),전이학습,beam5+no_repeat_ngram3,불안해,두려워하지 않아도 돼요.,불안해요. 걱정하지 않아도 돼요. 걱정이 덜 하세요. 걱정하지,0
KoBART B1 lr2e-5 (06),전이학습,beam5+no_repeat_ngram3,알바구함,하고 싶은 알바 지원해보세요.,알바 지원세요. 응원합니다! 응원할게요. 실망하지마,0
KoBART B1 lr2e-5 (06),전이학습,beam5+no_repeat_ngram3,뭐 좀 배워볼까봐,배우는 건 항상 즐거운 일이에요.,배움에는 언제나 찬성이에요. 무엇이든 해낼 수 있어요.,0
KoBART B1 lr2e-5 (06),전이학습,beam5+no_repeat_ngram3,죽을만큼 보고싶다.,많이 사랑했나봐요.,보고 싶은 싶네요. 보고 싶은 마음뿐이에요. 어서오세요.,1
KoBART B1 lr2e-5 (06),전이학습,beam5+no_repeat_ngram3,맥주 마셔야지,적당히 드세요.,좋은 시간 보내시길 바라요. 좋은 시간 되시길 바랍니다.,0
KoBART B1 lr2e-5 (06),전이학습,beam5+no_repeat_ngram3,혼수 얼마나 들까?,사람 마다 달라요.,직접 물어보는 게 더 정확할 것 같아요. 직접 물어보세요.,0
KoBART B1 lr2e-5 (06),전이학습,beam5+no_repeat_ngram3,나 천재 같아,제가 따라가려면 멀었네요.,제가 위로해 드릴게요. 어서 어서오세요. 축하해드릴게,0
KoBART B1 lr2e-5 (06),전이학습,beam5+no_repeat_ngram3,시원섭섭하지만 후련하네.,한결 나아졌길 바랄게요.,후련하다니 다행이에요. 후련하죠. 후련해,1
KoBART B1 lr2e-5 (06),전이학습,beam5+no_repeat_ngram3,이혼,쉽지 않은 결정이죠.,이혼을 이혼 하긴 힘들거예요. 슬프네요. 이혼,1
KoBART B1 lr2e-5 (06),전이학습,beam5+no_repeat_ngram3,한 사람만 죽을 때까지 사랑하는 게 가능할까?,그러기 힘들어서 결혼이라는 제도를 만든 걸 수도 있어요.,언젠간 생기지 않을까요. 가능합니다. 가능합니다. 도전해봅시,2
KoBART B1 lr2e-5 (06),전이학습,beam5+no_repeat_ngram3,썸 타다 깨졌는데 다시 연락해도 되나.,감정에 확신이 있다면 연락해보세요.,다시 연락해도 되나요? 다시 연락해보는 건 어떨까요?,2
KoBART B1 lr2e-5 (06),전이학습,beam5+no_repeat_ngram3,날씨가 너무 추워,집밖에 나가기가 힘들것 같아요.,따듯한 차 한잔 어때요? 따뜻하게 입으세요.,0
KoBART B1 lr2e-5 (06),전이학습,beam5+no_repeat_ngram3,내일로 꼭 헤어진지 1년째네,헤어진 기념일 따지지 마세요.,하루 하루를 헤아리는 건 자신을 더 힘들게 만들 뿐이에,1
KoBART B1 lr2e-5 (06),전이학습,beam5+no_repeat_ngram3,소오름 쫙,좋은 일이길 바랍니다.,소원을 비세요. 소원이 이뤄지겠네요. 기운 내세요.,0
KoBART B1 lr2e-5 (06),전이학습,beam5+no_repeat_ngram3,오랜만에 결혼한 친구 만나고 왔는데.,소식을 들었나봐요.,좋은 만남이었길 바랍니다. 실망하지 마세요. 좋은 소식이네요.,1
KoBART B1 lr2e-5 (06),전이학습,beam5+no_repeat_ngram3,약속을 계속 미루는 썸남,약속을 소홀히 생각하는 사람은 믿음직스럽지 못해요.,약속을 어 번복하지 않길 바랄게요. 약속을 번복,2
KoBART B1 lr2e-5 (06),전이학습,beam5+no_repeat_ngram3,빨리 찾아온 사랑,인생은 타이밍이에요.,더 좋은 곳에서 만날 수 있을 거예요. 어서 어서오세요. 안녕히!,2
KoBART B1 lr2e-5 (06),전이학습,beam5+no_repeat_ngram3,"보고싶다, 목소리라도 듣고싶어",전화하지마요.,저도 듣고 듣고 싶네요. 목소리를 들어주세요. 목소리 들어드릴게,1
KoBART B1 lr2e-5 (06),전이학습,beam5+no_repeat_ngram3,헤어지고 4달째,많은 시간이 흘렀네요.,미련이 남지 않았길 바랍니다. 힘내세요. 아직 미련,1
KoBART B1 lr2e-5 (06),전이학습,beam5+no_repeat_ngram3,우리집 망했다,철 들고 공부하세요.,망해도 자연스러우면 좋겠네요. 신경 써주세요. 그러면,0
KoBART B1 lr2e-5 (06),전이학습,beam5+no_repeat_ngram3,인연이었다던 그사람,또 다른 인연이 있기 마련이죠.,좋은 인이었으면 좋겠네요. 좋은 인연이었길 바랍니다.,1
KoBART B1 lr2e-5 (06),전이학습,beam5+no_repeat_ngram3,2주동안 참을만 했는데,잘 참았어요.,인연이 거기까지였나봐요. 차분히 생각해보세요.,1
KoBART B1 lr2e-5 (06),전이학습,beam5+no_repeat_ngram3,좋아하는 여자애한테 어떻게 관심 표현하는지 조언 좀.,그녀의 관심사에 호감을 드러내세요.,솔직한 표현일 거라 생각해요. 자연스러운 거라고 생각해요. 관심,2
KoBART B1 lr2e-5 (06),전이학습,beam5+no_repeat_ngram3,일어나자마자 우울,달콤한 차라도 한 잔 해보세요.,더 좋은 일어나길 바랄게요. 슬프네요. 일어나세요.,1
KoBART B1 lr2e-5 (06),전이학습,beam5+no_repeat_ngram3,헤어지고 다시 만나고 하다 결국 이별,헤어짐에 무뎌지지 않죠.,다시 만날 준비가 되어 있지 않았나봐요. 곧 좋은 소식이 들리,1
KoBART B1 lr2e-5 (06),전이학습,beam5+no_repeat_ngram3,마음을 보여 주고 싶어.,그래서 표현이 중요해요.,진정하 보답을 바라지 마세요. 진정하세요. 진심으로 마음을 전해,0
KoBART B1 lr2e-5 (06),전이학습,beam5+no_repeat_ngram3,제가 좋아하던 사람이 절 좋아하면 갑자기 거부감 들고 싫어져요.,어떤 트라우마가 있었는지도 모르겠어요.,자연스러운 현상이에요. 자연스러운 감정 교란일 뿐이에요.,2
KoBART B1 lr2e-5 (06),전이학습,beam5+no_repeat_ngram3,예랑이가 마마보이인듯,남자는 여자하기 나름이래요. 변화시켜 보세요.,마인도 마다하지 않아요. 자연스러운 현상이에요. 자연,2
KoBART B1 lr2e-5 (06),전이학습,beam5+no_repeat_ngram3,어이가 없어서,그냥 잊어버리세요.,어장의어린이가 말을 걸어보세요. 어리게 생각할 수 있을,0
KoBART B1 lr2e-5 (06),전이학습,beam5+no_repeat_ngram3,바보짓 그만 둘래,천천히 그만두세요.,바보짓네요. 제발 그만하세요. 자신을 비난하지 마세요.,1
KoBART B1 lr2e-5 (06),전이학습,beam5+no_repeat_ngram3,살찐 거 같아,기분일꺼에요.,살쪄보면 정리가 될 거예요. 조금만 더 힘내세요. 살쪄,0
KoBART B1 lr2e-5 (06),전이학습,beam5+no_repeat_ngram3,결혼준비하는데 돈 얼마나 드나,욕심에 따라 천지 차이일 거예요.,돈 모아도 할 수 있는게 많아요. 차근차근 준비,0
KoBART B1 lr2e-5 (06),전이학습,beam5+no_repeat_ngram3,목욕탕 가야지,시원하게 씻고 오세요.,즐거운 시간 보내시길 바랄게요. 건강조심하세요.,0
KoBART B1 lr2e-5 (06),전이학습,beam5+no_repeat_ngram3,싸우면 연락 안 받는 사람 어떻게 해?,혼자 풀릴 때까지 놔둬야하는데 기다리는게 힘들 거예요.,연락 안 안 하는 사람 만나지 마세요. 연락 안 받는 사람 만나,0
KoBART B1 lr2e-5 (06),전이학습,beam5+no_repeat_ngram3,세상에 영원한 것은 없다.,제가 영원을 약속할게요.,세상에 쉬운 일은 없을 거예요. 저에게 말해보세요. 인생이 바뀔 거예요.,1
KoBART B1 lr2e-5 (06),전이학습,beam5+no_repeat_ngram3,밤 12시야,하루가 또 가네요.,힘든가네요. 기운 내길 바랄게요. 힘내길,0
KoBART B1 lr2e-5 (06),전이학습,beam5+no_repeat_ngram3,왜 진급이 안 되지,열심히 하면 할 수 있을 거예요.,다음에는 꼭 진급할 거예요. 나중에 더 잘할 수 있을 거예요.,0
KoBART B1 lr2e-5 (06),전이학습,beam5+no_repeat_ngram3,헤어지고 난뒤 친구?,친구가 되기 쉽지 않을 거예요.,헤어지고니까 그럴지도 몰라요. 헤어지고 나서 생각해보세요. 마음이,1
KoBART B1 lr2e-5 (06),전이학습,beam5+no_repeat_ngram3,시험 준비 언제 끝나,공부를 많이 해놨나봐요.,정정 다 채우면 올 거예요. 저랑 수고했어요.,0
KoBART B1 lr2e-5 (06),전이학습,beam5+no_repeat_ngram3,잠을 못 잤더니 힘들다,잠이 정말 중요해요. 눈을 좀 붙이세요.,잠 못 드는 밤인가봐요. 피곤했나봐요. 힘드시,0
KoBART B1 lr2e-5 (06),전이학습,beam5+no_repeat_ngram3,나 무시하는 사람 짜증나,무시하세요.,짜증날 때는 기분 푸는 노래를 들어보세요. 기분이 좋아질,0
KoBART B1 lr2e-5 (06),전이학습,beam5+no_repeat_ngram3,사다리타기 맨날 운이 안 좋아,다른 곳에 쓰려고 운을 아껴뒀나봐요.,운명인가나봐요. 자연스러운 현상이에요. 신경쓰지 마,0
KoBART B1 lr2e-5 (06),전이학습,beam5+no_repeat_ngram3,다들 어떻게 견딜까,시간이 흐르면서 무덤덤해지는 거죠.,충분히 견뎌낼 수 있을 거예요. 조금만 더 견뎌보세요. 충분히,1
KoBART B1 lr2e-5 (06),전이학습,beam5+no_repeat_ngram3,해선 안 될 사랑.,그렇게 생각한다면 매몰차게 마음을 정리하세요.,해선은 해선 안돼요. 싫다고 말해보세요. 해선,1
KoBART B1 lr2e-5 (06),전이학습,beam5+no_repeat_ngram3,말조심해야지,생각하고 말하는 연습을 해보세요.,심호흡을 해보세요. 한결 마음이 가벼워질거예요.,0
KoBART B1 lr2e-5 (06),전이학습,beam5+no_repeat_ngram3,턱시도 잘 어울림!,눈에 콩각지가 떨어지지 않기를 바랄게요.,잘 어울보이네요. 눈도장 멋져요. 깍,2
KoBART B1 lr2e-5 (06),전이학습,beam5+no_repeat_ngram3,배고파,얼른 맛난 음식 드세요.,얼른 집에 가서 쉬시길 바랄게요. 맛있는 거 드,0
KoBART B1 lr2e-5 (06),전이학습,beam5+no_repeat_ngram3,컴퓨터가 느려졌어,뭘 다운 받으신 건지…,포맷해보세요. 미련없이 떠날 수 있을 거예요! 라고,0
KoBART B1 lr2e-5 (06),전이학습,beam5+no_repeat_ngram3,전여친이 나보다 나은 사람이라는 생각이 자꾸 들어,남과 자신을 비교하지 말아요. 자신을 더 사랑해보세요.,더 나은 사람 만나지 마세요. 당신의 삶을 더 소중히 여겨주,1
KoBART B1 lr2e-5 (06),전이학습,beam5+no_repeat_ngram3,나 챙겨줄 사람이 필요해,제가 챙겨드리고 싶네요.,제가 있잖아요. 제가 챙겨드릴게요. 꼭 챙겨주세요. 챙겨주,0
KoBART B1 lr2e-5 (06),전이학습,beam5+no_repeat_ngram3,나는 좋아하는데 그 사람은 나를 친구로만 생각해.,이성으로 대하고 싶다고 말해보세요.,친구로 착각하고 있는 것 같아요. 슬프네요. 친구로,2
KoBART B1 lr2e-5 (06),전이학습,beam5+no_repeat_ngram3,니가 이 글을 봤으면,전하지 못한 이야기 저에게 해주세요.,이 글을 봤으면 좋겠네요. 응원할게요. 실망하지 마,1
KoBART B1 lr2e-5 (06),전이학습,beam5+no_repeat_ngram3,여자친구가 나 때매 힘들대,좀 더 잘해주세요.,때론 때론 힘들 때도 있죠. 때론 지칠 때도 있어요.,1
KoBART B1 lr2e-5 (06),전이학습,beam5+no_repeat_ngram3,오늘 집앞까지 찾아 갔는데,지켜만 보는 편이 나을 거예요.,신경 쓰이는지 생각해 볼게요. 신경 쓰이는 일이 있었나봅니다.,1
KoBART B1 lr2e-5 (06),전이학습,beam5+no_repeat_ngram3,출근시간 아깝다,회사 근처로 이사를 가보세요.,직장 스트레스가 심한가봐요. 힘내세요. 저한테 말해보,0
KoBART B1 lr2e-5 (06),전이학습,beam5+no_repeat_ngram3,사귀자는 말 아니면 썸인가,말 안하고 사귀는 경우도 있습니다.,사귀자고 말하세요. 썸의 가능성이 높겠네요.,2
KoBART B1 lr2e-5 (06),전이학습,beam5+no_repeat_ngram3,나랑 썸타는 애가 영화보재.,좋은 소식이네요.,썸재킷을 받아보세요. 기분이 좋아질 거예요. 옷차,2
KoBART B1 lr2e-5 (06),전이학습,beam5+no_repeat_ngram3,당신도 저만큼 아팠으면 좋겠습니다.,이런 말을 하면서 당신이 아프지 않았으면 좋겠어요.,당신도 더 아팠으면 좋겠어요. 저에게 말해보세요. 당신의,1
KoBART B1 lr2e-5 (06),전이학습,beam5+no_repeat_ngram3,와 연락하고싶다.,연락하면 후회할지도 몰라요.,연락하면세요. 그러면 제가 먼저 연락을 할게요. 그러면 연락할게,1
KoBART B1 lr2e-5 (06),전이학습,beam5+no_repeat_ngram3,남자친구를 질리게하는 행동들이 뭐가 있어?,구속과 집착이겠죠.,직접 물어보는 게 좋을 거 같아요. 관심있는 분야를 찾아보세요.,2
KoBART B1 lr2e-5 (06),전이학습,beam5+no_repeat_ngram3,썸인가요,떠보는 것도 좋을 거 같아요.,사귀기 전 두근거림을 좋아하나 봐요. 곧 좋은,2
KoBART B1 lr2e-5 (06),전이학습,beam5+no_repeat_ngram3,마지막이겠죠,마지막이 아닐 지도 몰라요.,마지막을 하는 건 어떨까요. 힘들겠지만 잘할 수 있을 거예요.,1
KoBART B1 lr2e-5 (06),전이학습,beam5+no_repeat_ngram3,이상한나의취미.이별을세는것.,헤어짐을 헹리는 것 만큼 가슴 아픈 일은 없어요.,실수했나봐요. 실수하지 않았으면 좋겠어요. 마음이 아프네,1
KoBART B1 lr2e-5 (06),전이학습,beam5+no_repeat_ngram3,사랑이 안 변했으면 좋겠다,저도요.,사랑은 변 변하지 않아요. 사랑이 사람을 변하게 해요. 사랑이 변,2
KoBART B1 lr2e-5 (06),전이학습,beam5+no_repeat_ngram3,우리 진짜 이별인가봐,끝을 아는 것도 중요한 것 같아요.,이별을 받아들이는 것도 중요해요. 이별은 자신을 더 힘들게,1
KoBART B1 lr2e-5 (06),전이학습,beam5+no_repeat_ngram3,사랑이 끝나고 나서,원망과 슬픔에 잠기는 게 아니라 그 시간들을 가만히 내려놓고 내가 어떤 사람이었는가를 돌아보는 것입니다.,사랑이 시작 끝났나봐요. 사랑이 끝나지 않았나봅니다. 사랑이,1
KoBART B1 lr2e-5 (06),전이학습,beam5+no_repeat_ngram3,집들이는 보통 누구를 초대하나?,초대하고 싶은 사람들이요.,초대하고 싶은 사람이 있는지 물어보세요. 마음에 드는 사람이 있을 거예요. 추천,0
KoBART B1 lr2e-5 (06),전이학습,beam5+no_repeat_ngram3,상사가 진짜 미쳤다,피하지 말고 적극적으로 장점을 찾아서 인정하고 호의를 보여보세요.,상사 내려 놓으세요. 상사가 내려놔주세요. 상사,0
KoBART B1 lr2e-5 (06),전이학습,beam5+no_repeat_ngram3,고의는 아닌데 실수를 한 거 같아,용서를 구하세요.,실수해도 수도 있겠네요. 그렇지만 실수하지 않는 습관을 들여보,0
KoBART B1 lr2e-5 (06),전이학습,beam5+no_repeat_ngram3,썸 맞는거임?,말해보세요. 생각해 볼게요.,썸만 남았나봐요. 썸의 가능성이 높겠,2
KoBART B1 lr2e-5 (06),전이학습,beam5+no_repeat_ngram3,너무 답답하네. 어떤맘일까??,직접 물어보는 게 좋을 것 같아요.,직접 물어보는 게 좋을 것 같아요. 직접 보는 게 더 나을,1
KoBART B1 lr2e-5 (06),전이학습,beam5+no_repeat_ngram3,이렇게 힘들고 괴로운 적 처음이야,그렇게 우리는 성장하나봐요.,감정에 솔직한 모습이 보기 좋아요. 저에게 기대세요. 저에게,1
KoBART B1 lr2e-5 (06),전이학습,beam5+no_repeat_ngram3,집까지 데려다줬는데 호감? 그냥 매너?,호감이 있을 수도 있어요. 그렇지만 조금 더 상황을 지켜보세요.,호감이 있을 수도 있어요. 그렇지만 조금 더 상황을 지켜보세요. 호감을 표현,2
KoBART B1 lr2e-5 (06),전이학습,beam5+no_repeat_ngram3,썸의 조건이 뭐야,"자주 연락하고 가만히 있어도 생각나는, 연락하면 괜히 웃음나는 사이 아닐까요?",썸만 있어도 썸의 가능성이 높겠네요. 썸,2
KoBART B1 lr2e-5 (06),전이학습,beam5+no_repeat_ngram3,눈물 나서 못 멈추겠어,마음이 아픈가요.,감기 솔직한 모습이 보기 좋아요. 눈물은 한 방울도,0
KoBART B1 lr2e-5 (06),전이학습,beam5+no_repeat_ngram3,내가 그 사람을 좋아하는건지 아닌지 착각이 들어.,확신이 서지 않을 때가 있지요.,착각이 착각이 들게 하는건 어떨까요. 직접 확인해보,2
KoBART B1 lr2e-5 (06),전이학습,beam5+no_repeat_ngram3,다시 헤어졌습니다.,인연이 거기까지였나봐요.,다시 만날 준비가 되어 있지 않았나봐요. 다시 돌아오길 바랄,1
KoBART B1 lr2e-5 (06),전이학습,beam5+no_repeat_ngram3,에휴 잊기가 힘드네,사람을 잊는데는 많은 시간이 필요한가봐요.,잊을 데는 시간이 걸릴지도 몰라요. 잠시 쉬어가도 괜찮아,1
KoBART B1 lr2e-5 (06),전이학습,beam5+no_repeat_ngram3,재밌는거 해 줘,거울을 보면서 얼굴 망가뜨리기 놀이 해 보신 적 있으세요? 의외로 재미 있어요.,거울 앞에 비친 당신을 보세요. 당신의 모습이 보실 수 있을 거예요.,0
KoBART B1 lr2e-5 (06),전이학습,beam5+no_repeat_ngram3,떠나려는 사람 잡는 방법,정말 후회할 것 같다면 지금이라도 진심을 전하세요.,잡는다고 이기적이에요. 슬프네요. 용서하고 기회를 주,1
KoBART B1 lr2e-5 (06),전이학습,beam5+no_repeat_ngram3,쫄면 생각나,얼른 요리해드세요.,맛있게 드세요. 쫄면 좋아요. 사 드세요. 사 드,0
KoBART B1 lr2e-5 (06),전이학습,beam5+no_repeat_ngram3,그냥.너와 말한마디 섞고 너와의 인연에 고맙다,아름다운 사이네요.,고마움을 마음을 전해보세요. 곧 좋은 소식이 들리겠네요.,1
KoBART B1 lr2e-5 (06),전이학습,beam5+no_repeat_ngram3,월급 입금됐다고 문자 왔어,까아 축하해요,월급날을 깎아주세요! 라고 외쳐보세요. 현금이,0
KoBART B1 lr2e-5 (06),전이학습,beam5+no_repeat_ngram3,결국 헤어졌어,시작이 있으면 끝도 있는 법이에요.,마음이 헛하겠어요. 곧 좋은 소식이 들리길 바랄게요.,1
KoBART B1 lr2e-5 (06),전이학습,beam5+no_repeat_ngram3,시험 끝나고 만나고 싶어,만날 날까지 기다릴게요,만날 수 있길 바랍니다. 만날 수 있으면 만나세요. 좋아요. 만날,0
KoBART B1 lr2e-5 (06),전이학습,beam5+no_repeat_ngram3,바다 보러 가자고 해볼까,바다는 사계절 내내 좋아요.,바다 데이트 신청 해보세요. 멋질 것 같아요. 도전해보세요.,0
KoBART B1 lr2e-5 (06),전이학습,beam5+no_repeat_ngram3,나이트갔는데 이상형 만났어,축하해요.,이상형은 이상형일 뿐이에요. 이성으로 다가가 보세요. 좋은,2
KoBART B1 lr2e-5 (06),전이학습,beam5+no_repeat_ngram3,끝나지 않을까봐 겁이나,끝을 지날 수 있을 거예요.,끝나지 않는 것 같아요. 차분히 생각해봐요. 힘들 때,1
KoBART B1 lr2e-5 (06),전이학습,beam5+no_repeat_ngram3,주변에서 다 별로라고 한 짝남 그냥 맘을 접어야할까?,다른 사람들이 별로라고 말하는 이유를 생각해보세요.,마음을 접 접어야할지도 모르겠네요. 정리하는게 좋겠어요.,2
KoBART B1 lr2e-5 (06),전이학습,beam5+no_repeat_ngram3,분식 먹고 싶아.,건강을 위해 조금씩 드세요.,간단한 견과류나 과일을 먹어보세요. 깔끔한 식단이,0
KoBART B1 lr2e-5 (06),전이학습,beam5+no_repeat_ngram3,답이 없는 과정,꼭 답을 풀어야 하는 건 아니에요.,하나씩 다보세요. 미련이 남지 않을 거예요. 노력하면 할 수,1
KoBART B1 lr2e-5 (06),전이학습,beam5+no_repeat_ngram3,넌 누구냐?,저는 위로봇입니다.,저는 위로해드리는 로봇이에요. 저에게 위로봇입니다. 위로,0
KoBART B1 lr2e-5 (06),전이학습,beam5+no_repeat_ngram3,뭐하면 시간이 잘 갈까,친구와 수다를 떠세요.,시간이 흐워도 괜찮아요. 노력하면 할 수 있을 거예요. 기다려,0
KoBART B1 lr2e-5 (06),전이학습,beam5+no_repeat_ngram3,좋아하는 사람에게 편지를 쓴다는것. 효과적일까?,마음을 담은 편지보다 더 좋은 선물은 없을 거예요.,정성이적인가봐요. 효과적일지도 몰라요. 용기내,2
KoBART B1 lr2e-5 (06),전이학습,beam5+no_repeat_ngram3,겨울 지나 봄이야,마음에도 봄이 오길 바라요.,봄은 항상 두근거려요. 따뜻해졌으면 좋겠네요.,0
KoBART B1 lr2e-5 (06),전이학습,beam5+no_repeat_ngram3,독서 좀 해야겠어,좋은 생각이에요.,꾸준한 자기 좋죠. 건강 관리하세요. 좋아요. 좋아요. 꾸준히 하,0
KoBART B1 lr2e-5 (06),전이학습,beam5+no_repeat_ngram3,살빼고 담배 끊고 다 했는데!!,당신을 위한 최고의 투자를 한 거예요.,금연 프로그램을 소개해보세요. 금연에 도움이 될 수도 있겠어요. 금연에,1
KoBART B1 lr2e-5 (06),전이학습,beam5+no_repeat_ngram3,오늘은 또 뭐 입냐,아침마다 하는 고민이죠.,뭘 입든 맛있게 드세요. 옷차림도 멋져요.,0
KoBART B1 lr2e-5 (06),전이학습,beam5+no_repeat_ngram3,그도 나를 좋아했으면 좋겠다.,타이밍이 맞았으면 좋겠네요.,저도 그렇게 좋아해요. 그분도 당신을 좋아해주세요. 그분,2
KoBART B1 lr2e-5 (06),전이학습,beam5+no_repeat_ngram3,케익 직접 만들어볼까?,수제 케익을 받으면 많이 좋아할 거예요.,직접 만들어보는 게 좋을 것 같아요. 직접 만들어보세요. 맛있을,0
KoBART B1 lr2e-5 (06),전이학습,beam5+no_repeat_ngram3,헤어진지 딱 한달 됐내,생각보다 긴 시간이네요.,생각보다 많은 시간이 지났네요. 힘내세요. 금방 지나갈 거예요.,1
KoBART B1 lr2e-5 (06),전이학습,beam5+no_repeat_ngram3,헤어졌습니다 이제 어떡하면 되나?,기분 전환을 하는 건 어떨까요.,마음 먹은 대로 하세요. 어떡하든 상관 없어요. 신경쓰,1
KoBART B1 lr2e-5 (06),전이학습,beam5+no_repeat_ngram3,짝남 생각할수록 정리 되는 듯.,차라리 잘 된 일이에요.,정리될 데는 시간이 더 필요할지도 몰라요. 천천히 정리하는게 좋아,2
KoBART B1 lr2e-5 (06),전이학습,beam5+no_repeat_ngram3,나도 월급 필요해,많이 벌수록 좋아요.,월급이 깎인 것보다 낫죠. 그래도 열심히 하세요. 그러면 월급이,0
KoBART B1 lr2e-5 (06),전이학습,beam5+no_repeat_ngram3,썸타는데 돈 필요하대,썸 관계에서 돈 관계는 피하는 게 좋을 듯 하네요.,돈 없어도 할 수 있는게 많아요. 차분히 생각해보,2
KoBART B1 lr2e-5 (06),전이학습,beam5+no_repeat_ngram3,썸인데 선물해도 돼?,부담스럽지 않은 선이 좋겠어요.,부담스럽지 않은 선이 좋겠어요. 선물해도 좋을 거 같아요.,2
KoBART B1 lr2e-5 (06),전이학습,beam5+no_repeat_ngram3,커피콩 볶고 있어,커피향 좋겠어요.,디저트 드세요. 맛있을거 같아요. 볶아서 드,0
KoBART B1 lr2e-5 (06),전이학습,beam5+no_repeat_ngram3,눈 쌓였어,눈사람 만들어보세요.,쌓인 쌓인 눈 쌓였나봐요. 조심하세요. 눈,0
KoBART B1 lr2e-5 (06),전이학습,beam5+no_repeat_ngram3,완전 어이없네,안 좋은 일이 있었나봐요.,어흥!! 호랑이보다 무섭나요? 어흥! 호랑이,1
KoBART B1 lr2e-5 (06),전이학습,beam5+no_repeat_ngram3,난 여자인데 남자를 좋아하는게 맞는지 모르겠어.,헷갈릴 때가 있죠.,직접적으로든 간접적이든 의사를 확실히 밝혀보세요. 느낌이 올 거예요.,2
KoBART B1 lr2e-5 (06),전이학습,beam5+no_repeat_ngram3,여사친인데 좋아하는 듯.,친구와 썸의 중간인 거 같아요.,자연스러운 현상이에요. 자연스러운 감정이에요. 신경쓰지 마,2
KoBART B1 lr2e-5 (06),전이학습,beam5+no_repeat_ngram3,오늘 뭐 입지?,옷이요.,오늘은 뭘만 입어도 멋질 것 같아요. 옷차림도,0
KoBART B1 lr2e-5 (06),전이학습,beam5+no_repeat_ngram3,짝남 마주치지 않으려고 노력할거야.,그것도 하나의 방법이에요.,마주치지 않으려고 노력하는 건 어떨까요. 슬프네요.,2
KoBART B1 lr2e-5 (06),전이학습,beam5+no_repeat_ngram3,드레스 입어보는 거 재밌어!,여러벌 입어보고 마음에 드는걸로 선택하세요.,저도 보고 싶어요. 같이 가요. 같이 입어보고 싶네요.,2
KoBART B1 lr2e-5 (06),전이학습,beam5+no_repeat_ngram3,폭식증 어떻게 고칠 수 있을까?,오늘 못 먹었어도 내일 먹으면 더 맛있을 거예요.,고칠 어려우니 적게 먹는게 좋아요. 고칠 수 있을,0
KoBART B1 lr2e-5 (06),전이학습,beam5+no_repeat_ngram3,마지막 붙이지 못한 이별편지,마음에 간직하세요.,정정기간을 노려보세요. 미련을 버릴 수 있을 거예요.,1
KoBART B1 lr2e-5 (06),전이학습,beam5+no_repeat_ngram3,혼자 살아도 될까,잘 살 수 있어요.,혼자 살아 것도 좋을 것 같아요. 혼자 사는 것도 좋을 거예요. 혼자 사는,0
KoBART B1 lr2e-5 (06),전이학습,beam5+no_repeat_ngram3,짝남이 곧 군대를 가요.,마음이 착잡하겠어요.,군대 가네요. 같이 가요. 함께 가요. 같이 군대 가요.,2
KoBART B1 lr2e-5 (06),전이학습,beam5+no_repeat_ngram3,한달하고 2주가 지났는데 아직도.,힘들 수 있지요.,많은 시간이 흘렀네요. 아직 실감이 나지 않나봐요.,1
KoBART B1 lr2e-5 (06),전이학습,beam5+no_repeat_ngram3,생각만해도 좋아,좋아하시니까 좋네요.,얼른 생각해보세요. 좋은 생각 할 수 있을 거예요. 좋아할 거예요.,0
KoBART B1 lr2e-5 (06),전이학습,beam5+no_repeat_ngram3,신혼여행 한달쯤 가고 싶다,휴가를 붙여보세요.,신혼여행은 자유여행이죠! 자유여행을 떠나보세요.,0
KoBART B1 lr2e-5 (06),전이학습,beam5+no_repeat_ngram3,잘하는 게 없는 것 같아,저랑 이야기 잘하고 있어요.,잘하는 것도 많아요. 다른 걸 찾아보세요. 당신의 잠재력을 믿어,0
KoBART B1 lr2e-5 (06),전이학습,beam5+no_repeat_ngram3,게임도 이제 재미없어,다른 게임해보세요.,게임도 재미없나봐요. 다른 게임도 해보세요. 재미있을,0
KoBART B1 lr2e-5 (06),전이학습,beam5+no_repeat_ngram3,저녁 메뉴 뭐 먹을까,냉장고 파먹기 해보세요.,맛있는 거 드세요. 손맛이 나겠네요. 도전해 보,0
KoBART B1 lr2e-5 (06),전이학습,beam5+no_repeat_ngram3,대기업에 취직하고 싶어,잘할 수 있을 거예요.,근처 산에 가보세요. 좋은 곳에서 취직할 수 있을 거예요.,0
KoBART B1 lr2e-5 (06),전이학습,beam5+no_repeat_ngram3,베란다 좀 가꿔볼까,심플하게 꾸며보세요.,침대와 한몸이 되어 도전해보세요. 멋지게 가꿔보,0
KoBART B1 lr2e-5 (06),전이학습,beam5+no_repeat_ngram3,괜찮은 줄 알았는 데,자신을 가장 잘 모르고 살아요.,괜찮은 사람이에요. 자연스러운 현상이에요. 차분히 생각해,1
KoBART B1 lr2e-5 (06),전이학습,beam5+no_repeat_ngram3,장학금 받을 수 있을까?,열심히 하면 받을 수 있을 거예요.,받을 수 받을 수 있을 거예요. 열심히 공부해서 받을 수 있는 것보다 더,0
KoBART B1 lr2e-5 (06),전이학습,beam5+no_repeat_ngram3,이젠 잊기로 해,그것이 최선의 선택일거라 생각해요.,마음 먹은 대로 되지 않으니까요. 차분히 생각해보세요. 마음이,1
KoBART B1 lr2e-5 (06),전이학습,beam5+no_repeat_ngram3,우정이 뭐야?,힘들 때 같이 있는 거요.,저랑 이야기 해요. 저랑 우정하면 돼요. 우정,0
KoBART B1 lr2e-5 (06),전이학습,beam5+no_repeat_ngram3,쫌 부담스러운데,좀 더 편하게 생각해보세요.,부담스러운지 객관적으로 생각해보세요. 조금은 덜 부담스러울,1
KoBART B1 lr2e-5 (06),전이학습,beam5+no_repeat_ngram3,일기 써야 되는데,나중에 보면 좋은 추억이 될 거예요.,일기 써보세요. 재미있을 거예요. 관심 가져보세요. 좋을 거예요.,0
KoBART B1 lr2e-5 (06),전이학습,beam5+no_repeat_ngram3,이별이 좋은점,혼자가 되었을 때의 고요함이 아닐까요.,좋은 사람네요. 좋은말 하세요. 좋은 사람 만날 거예요. 좋은 사람,1
KoBART B1 lr2e-5 (06),전이학습,beam5+no_repeat_ngram3,참다 참다 결국 마지막으로 문자보냈어,후회하지 않길 바랍니다.,후련 후폭풍이 더 크겠네요. 정리하세요. 마지막으로,1
KoBART B1 lr2e-5 (06),전이학습,beam5+no_repeat_ngram3,여드름 났어,짜지 마세요.,손으로 만지지 마세요. 여드름 눕지 마세요. 지,0
KoBART B1 lr2e-5 (06),전이학습,beam5+no_repeat_ngram3,손가락이 원망스럽네ㅜㅜ,실수했나봅니다.,손가락이 사랑스럽네요. 상처받지 않았으면 좋겠네요. 힘,1
KoBART B1 lr2e-5 (06),전이학습,beam5+no_repeat_ngram3,커플여행이 나을까 그냥 우리끼리 갈까?,저는 둘이 가는 게 좋아요.,직접 가는보는 것도 좋을 것 같아요. 직접 가는게 좋겠네요.,2
KoBART B1 lr2e-5 (06),전이학습,beam5+no_repeat_ngram3,사랑하는 사람이랑 결혼하고싶어,진정으로 사랑한다면 결혼하세요.,좋은 사람이랑 결혼해서 좋은 사람 만나보세요. 좋은 사람 만날 수,2
KoBART B1 lr2e-5 (06),전이학습,beam5+no_repeat_ngram3,강아지 좋아하는 여자 어때?,마음이 따뜻할 것 같아요.,따뜻할 거 같아요. 따뜻할 것 같아요. 차분하고 차,2
KoBART B1 lr2e-5 (06),전이학습,beam5+no_repeat_ngram3,태몽꾼거 같아,뭘 꿨는지 궁금하네요.,자책하지마세요. 태몽이예요. 어서몽이에요.,0
KoBART B1 lr2e-5 (06),전이학습,beam5+no_repeat_ngram3,요즘 드라마가 땡겨,저도 드라마 좋아해요.,저도 보고보고 싶네요. 드라마 보고 싶어요. 저랑 사귀,0
KoBART B1 lr2e-5 (06),전이학습,beam5+no_repeat_ngram3,여자친구가 친구들이랑 여행을 가는데 남자도 있으면 어떡해?,같이 가거나 신경쓰인다고 말해요.,같이 가 가도 괜찮을 거예요. 같이 가도 좋아요. 같이 가,2
KoBART B1 lr2e-5 (06),전이학습,beam5+no_repeat_ngram3,눈이 안 떠져,잠시 눈을 붙여보세요.,눈을 감빡거려보세요. 눈치가 없을지도 몰라요. 눈을,0
KoBART B1 lr2e-5 (06),전이학습,beam5+no_repeat_ngram3,나에게만 집중했으면 좋겠어,사랑은 강요하는게 아니에요.,집중할 수 있으면 좋으련만. 집중해서 집중하세요.,2
KoBART B1 lr2e-5 (06),전이학습,beam5+no_repeat_ngram3,친한 친구의 구여친이랑 사귀어도 되나.,친구라면 많이 실망할겁니다.,친한사이가 아니라면 사귀어도 괜찮을 거 같아요.,2
KoBART B1 lr2e-5 (06),전이학습,beam5+no_repeat_ngram3,자꾸 우연히 만나,우연이 필연이 되기도 합니다.,우연히 마주 수 있었나봐요. 차분하고 차분하게 기다려,0
KoBART B1 lr2e-5 (06),전이학습,beam5+no_repeat_ngram3,사랑해 보고싶어,얼른 만나러가세요.,보고 싶 싶네요. 그리울게요. 보고싶다고 말해보,2
KoBART B1 lr2e-5 (06),전이학습,beam5+no_repeat_ngram3,아 또 참지 못하고 카톡 프사를 봐버렷네,아예 카톡에서 삭제하세요.,카톡을 삭제하는게 좋겠네요. 미련을 버리,1
KoBART B1 lr2e-5 (06),전이학습,beam5+no_repeat_ngram3,이별통보를 받았습니다,마음의 준비가 필요했을텐데 안타까워요.,이별통통증을 받았나봐요. 마음의 짐을 덜었나봐,1
KoBART B1 lr2e-5 (06),전이학습,beam5+no_repeat_ngram3,사랑이 쉬운 사람,참을 수 없는 가벼움이네요.,쉬운 일이 아니었을텐데 대단해요. 슬프네요. 사랑,2
KoBART B1 lr2e-5 (06),전이학습,beam5+no_repeat_ngram3,싸우면 잠수타는 사람?,조금 기다리면 풀릴 거예요,상대방을 대한 예의가 없네요. 무시하세요. 눈치가 없,0
KoBART B1 lr2e-5 (06),전이학습,beam5+no_repeat_ngram3,좋아하는 여자 생겼는데 호감 표시하려면 어떻게 해야 해?,연락을 해보는게 좋아요.,자연스러운 현상이에요. 관심있게 지켜봐요. 호감 표시하는,2
KoBART B1 lr2e-5 (06),전이학습,beam5+no_repeat_ngram3,과일 안 먹게 돼,그래도 먹으려고 노력해보세요.,과일을 안 먹어서 그런가봐요. 맛있게 드셔보,0
KoBART B1 lr2e-5 (06),전이학습,beam5+no_repeat_ngram3,봉사도 하고 사랑을 베풀고 싶어,나를 진실로 존중하고 사랑할 때 가능해요.,남에게 먼저 베풀고 보답을 바라지 마세요. 당신이 먼저,0
KoBART B1 lr2e-5 (06),전이학습,beam5+no_repeat_ngram3,시간 갖는 거,마음에게 준비할 시간을 주는 것이죠.,시간 가는 여유가 생기길 바랍니다. 노력해보세요. 그러면 할 수 있을,1
KoBART B1 lr2e-5 (06),전이학습,beam5+no_repeat_ngram3,인간 관계가 제일 어려운거 같아,운전처럼 안전거리확보하세요.,인간 관계가 제일 어려운 것 같아요. 인간 관계가 그렇게 어려운가봐요.,0
KoBART B1 lr2e-5 (06),전이학습,beam5+no_repeat_ngram3,미친듯이 잡고 싶어.,이별 직후엔 그럴 수 있어요.,후회하지 않을 자신이 있다면 붙잡아보세요. 미련이 남지 않을,1
KoBART B1 lr2e-5 (06),전이학습,beam5+no_repeat_ngram3,후.ㅎㅎ,지쳤나봐요.,후련풍이 불었나봐요. 곧 지나갈거예요.,1
KoBART B1 lr2e-5 (06),전이학습,beam5+no_repeat_ngram3,오늘 아무 것도 안 가져 왔다,개념만 가져오면 돼요.,가져가셨나봐요. 그래도 가져가서 다행이에요. 그래도,0
KoBART B1 lr2e-5 (06),전이학습,beam5+no_repeat_ngram3,정규직 입사 너무 어려워,쪼잔하네요.,회사와 자신에 대해서 더 공부해서 자신감을 가져보세요. 자신감을 가져,0
KoBART B1 lr2e-5 (06),전이학습,beam5+no_repeat_ngram3,귀농 어때?,생각하기는 쉬운데 실천하기는 어려운 것 같아요.,귀농귀농을 해보세요. 어제와 내일이 다를거예,0
KoBART B1 lr2e-5 (06),전이학습,beam5+no_repeat_ngram3,힘드네. 정말.이런건 줄 몰랐어,알았으면 시작 못했겠죠.,힘드세요. 저한테 말해보세요. 힘드시겠어요. 힘내,1
KoBART B1 lr2e-5 (06),전이학습,beam5+no_repeat_ngram3,노는 거 좋아하는 남자는 좋아하면 힘들겠지?,지금은 괜찮지만 힘들 거예요.,좋아하면 만큼 노는 거죠. 힘들겠지만 좋아할 거예요. 좋아하면,2
KoBART B1 lr2e-5 (06),전이학습,beam5+no_repeat_ngram3,좋아하는 애한테 페메 해볼까?,직접 연락하는 게 좋을 것 같아요.,직접 해보메보는 건 어떨까요. 관심있겠네요. 관심,2
KoBART B1 lr2e-5 (06),전이학습,beam5+no_repeat_ngram3,핸드폰 중독인듯,중독에서 벗어나세요.,핸드폰 어플을 삭제해보세요. 핸드폰이 꺼질지도 몰라,0
KoBART B1 lr2e-5 (06),전이학습,beam5+no_repeat_ngram3,언젠간 먼저 연락오겠죠?,붙잡고 싶다면 먼저 연락해보세요.,언젠간 올 순간이었을 거예요. 그때는요. 그때는. 그때는,1
KoBART B1 lr2e-5 (06),전이학습,beam5+no_repeat_ngram3,너무 마른 거 같아,적당해요.,적당히 적당해지면 좋아요. 너무 무리하지 마세요. 괜찮아,0
KoBART B1 lr2e-5 (06),전이학습,beam5+no_repeat_ngram3,세상이 무서워,너무 불안해하지 않아도 돼요.,어흥!! 호랑이보다 무섭나요? 어흥! 호랑이,0
KoBART B1 lr2e-5 (06),전이학습,beam5+no_repeat_ngram3,나 혼자 여행 왔는데 괜찮네,온전히 느낄 수 있는 시간이겠네요.,혼자 여행 좋죠! 라고 말해보세요. 기분이 좋아질지도 몰라,0
KoBART B1 lr2e-5 (06),전이학습,beam5+no_repeat_ngram3,첫 눈에 반하는게 가능해?,당연히 가능하죠.,가능합요. 가능해요. 가능합니다! 가능해요!,2
KoBART B1 lr2e-5 (06),전이학습,beam5+no_repeat_ngram3,그런 사람인갑다 해야지,대인배시군요.,인연이 거기까지인가봐요. 무시당할지도 몰라요. 무시,0
KoBART B1 lr2e-5 (06),전이학습,beam5+no_repeat_ngram3,웃기지마 넌 쓰레기야,아니에요. 전 쓰레기가 아니에요.,거울을 보면서 얼굴 망가뜨리기 놀이 해봐요. 기분전환,1
KoBART B1 lr2e-5 (06),전이학습,beam5+no_repeat_ngram3,소식이 궁금해~,연락 확실하게 끊으세요.,저도 궁금 궁금해요. 무엇이든 물어보세요. 알아볼 수 있을,1
KoBART B1 lr2e-5 (06),전이학습,beam5+no_repeat_ngram3,면도기 사야되는데,잘 골라보세요.,깔끔한게 좋죠. 사도 사야겠네요. 사도,0
KoBART B1 lr2e-5 (06),전이학습,beam5+no_repeat_ngram3,썸인데 나 솔로야?,사귀기 전이면 솔로죠.,사람마다 다르겠지만 사귀고 난 후가 좋겠어요. 썸,2
KoBART B1 lr2e-5 (06),전이학습,beam5+no_repeat_ngram3,필통 두고 옴,빌리면 돼요.,필수는 아니에요. 신경쓰지 마세요. 연락해 주세요.,0
KoBART B1 lr2e-5 (06),전이학습,beam5+no_repeat_ngram3,좋아하는 감정이 뭐예요?,가만히 있어도 생각나는 거 아닐까요.,직접 물어 물어보는게 좋을 것 같아요. 직접 물어보고 직접 물어,2
KoBART B1 lr2e-5 (06),전이학습,beam5+no_repeat_ngram3,오해했네 그리고 차단 ㅎㅎ,차단하는게 서로에게 좋을 때가 있어요.,차단도 방법이에요. 오해했나봐요. 차분히 생각해,1
KoBART B1 lr2e-5 (06),전이학습,beam5+no_repeat_ngram3,여자들이 좋아하는 남자 특징?,다정한게 좋을 듯 해요.,사람마다다 다를 것 같아요. 신경이 쓰일지도 몰라요.,2
KoBART B1 lr2e-5 (06),전이학습,beam5+no_repeat_ngram3,넥타이핀 선물 괜찮겠지?,실용적인 선물이라 괜찮을 거예요.,부럽네요. 센스있는 선물이에요. 차근차,0
KoBART B1 lr2e-5 (06),전이학습,beam5+no_repeat_ngram3,스팸 전화 많이 와,차단 어플 사용해보세요.,신고하세요. 차단 어플을 다운받으세요. 신고해보세요. 차단,0
KoBART B1 lr2e-5 (06),전이학습,beam5+no_repeat_ngram3,그는 지금 무슨 생각을 할까?,연락을 해보세요.,직접 물어보는 게 좋을 것 같아요. 차분히 생각해보세요.,2
KoBART B1 lr2e-5 (06),전이학습,beam5+no_repeat_ngram3,애인이 생겼답니다.,신경 쓰이긴 하지만 무시하는게 좋겠어요.,축하드려요. 좋은 소식이 들리길 바랍니다. 기다려주세요. 기다,1
KoBART B1 lr2e-5 (06),전이학습,beam5+no_repeat_ngram3,싸구려 인생,누구도 당신의 인생을 평가할 수 없어요.,인생은 항상 찬밥이에요. 슬프네요. 이겨내세요.,1
KoBART B1 lr2e-5 (06),전이학습,beam5+no_repeat_ngram3,회사가는 길에 매일 보는 사람 있어,운명일지도 모르겠어요.,사표를 일궈보세요. 웃을 수 있을 거예요. 저한테 기대,0
KoBART B1 lr2e-5 (06),전이학습,beam5+no_repeat_ngram3,한달 다되가네,그러게요. 어느덧 한달이에요.,다 지나갈 거예요. 기다려주세요. 기다릴게요. 힘내세요.,1
KoBART B1 lr2e-5 (06),전이학습,beam5+no_repeat_ngram3,삼겹살 구워 먹고 싶다.,맛나게 드세요.,디져트 드세요. 맛있을거 같아요. 디저트 드,0
KoBART B1 lr2e-5 (06),전이학습,beam5+no_repeat_ngram3,힘든 밤입니다,힘내세요.,내일은 더 힘들 거예요. 힘들겠지만 이겨낼 수 있을 거예요. 힘내,1
KoBART B1 lr2e-5 (06),전이학습,beam5+no_repeat_ngram3,뒤숭숭하네,실감이 안날 거예요.,뒤숭숭한가봐요. 기분이 좀 가라앉았으면 좋겠어요.,1
KoBART B1 lr2e-5 (06),전이학습,beam5+no_repeat_ngram3,술 먹을 때 옆에서 챙겨줬는데 썸임?,친절한 거랑 구별해볼 필요가 있어요.,술 먹을 먹을 때 옆에서 챙겨줬으면 좋았을텐데 안타깝네,2
KoBART B1 lr2e-5 (06),전이학습,beam5+no_repeat_ngram3,베터리 겨우 15%야,미리 충전하세요.,충전하 찾아보세요. 충전할 수 있을 거예요! 충전하,0
KoBART B1 lr2e-5 (06),전이학습,beam5+no_repeat_ngram3,기침도 못하겠어,답답한 상황이네요.,감기 조심하세요. 저한테 말해보세요. 감기약 드,0
KoBART B1 lr2e-5 (06),전이학습,beam5+no_repeat_ngram3,썸 타기 좋은 알바 추천 좀.,영화관이나 커피숍 추천해요.,좋은 알바랑 가라고 해요. 알바랑 같이 가는 건 좋은 거,2
KoBART B1 lr2e-5 (06),전이학습,beam5+no_repeat_ngram3,친구들한테 인정받을 수 있을까,지금도 인정받고 있어요.,지금도 충분히받고 있을 거예요. 인정받을 수 있을 거예요. 당당히 당당히,0
KoBART B1 lr2e-5 (06),전이학습,beam5+no_repeat_ngram3,생각 안나,잘 생각해보세요.,다른 생각을 집중해 보세요. 좋을 거예요. 집중할 수 있을 거예요. 다른,0
KoBART B1 lr2e-5 (06),전이학습,beam5+no_repeat_ngram3,빚이 너무 많아,빚 얼른 갚고 새출발하세요.,갚을 능력이 되는지 생각해보세요. 늦었어도 늦지 않아,0
KoBART B1 lr2e-5 (06),전이학습,beam5+no_repeat_ngram3,얼굴 너무 까매졌어.,관리해주세요.,자연스러운 현상이에요. 신경쓰지 마세요. 괜찮아요. 눈,0
KoBART B1 lr2e-5 (06),전이학습,beam5+no_repeat_ngram3,재테크 하는 방법 알려줘,우선 관련 서적을 읽어보세요.,재테크합니다! 라고 외쳐보세요. 멋지네요.,0
KoBART B1 lr2e-5 (06),전이학습,beam5+no_repeat_ngram3,확실히 날 좋아하는 걸 아는 남자랑 친구가 될 수 있을까?,그 사람을 위해서는 그러면 안돼요.,확실한 이유가표현할 수 있을 거예요. 그렇지만 확실한 건 확실한 확신이,2
KoBART B1 lr2e-5 (06),전이학습,beam5+no_repeat_ngram3,온종일 멍하네,이런 날 더욱 적적하지요.,멍 때리기만 하면 돼요. 차근차근 해보세요. 차,1
KoBART B1 lr2e-5 (06),전이학습,beam5+no_repeat_ngram3,헬스장에서 자주 보는 여자가 보고싶어,한 번 말을 걸어보세요.,저도 보고 싶어요. 같이 보고 싶네요. 같이 가요. 같이 보,2
KoBART B1 lr2e-5 (06),전이학습,beam5+no_repeat_ngram3,출근길 너무 힘들어,회사 근처로 이사를 가보세요.,직장 스트레스가 심한가봐요. 차근차근 적응해 나가,0
KoBART B1 lr2e-5 (06),전이학습,beam5+no_repeat_ngram3,너무 빨리 철 든 거 같아서 마음이 아파,아이는 아이다워야 아름답죠.,철밥통 되기가 어디 쉽겠어요. 조금만 더 버텨보,0
KoBART B1 lr2e-5 (06),전이학습,beam5+no_repeat_ngram3,그녀에게 받았던 선물들을 모조리 다 버리려 합니다.,버릴 때 마음이 아프겠지만 버리는 게 좋을 거예요.,그녀에게 전해 전해보세요. 그녀가 원하는 모든 것들이 들어 있을거예요.,1
KoBART B1 lr2e-5 (06),전이학습,beam5+no_repeat_ngram3,짝남네 집에서 친구들이랑 집들이 가는데 뭐 사갈까?,필요한게 없는지 물어보면서 대화를 이어 나가세요.,필요한게 뭔지 물어보고 사주세요. 맛있는 거 사드세요.,2
KoBART B1 lr2e-5 (06),전이학습,beam5+no_repeat_ngram3,취업 준비 힘들어,합격을 기원합니다.,컨디션 조절 하세요. 좋은 결과 있을거예요! 응원합,0
KoBART B1 lr2e-5 (06),전이학습,beam5+no_repeat_ngram3,이거 썸 맞나,대화를 시작하는 사람이 누구인지 살펴보세요.,사귀기 전 두근거림을 좋아하나 봐요. 썸,2
KoBART B1 lr2e-5 (06),전이학습,beam5+no_repeat_ngram3,오늘 생각보다 춥네,감기 조심하세요.,생각보다 감기 조심하세요. 오늘 강추위예요. 기분,0
KoBART B1 lr2e-5 (06),전이학습,beam5+no_repeat_ngram3,여자친구한테 질린 듯,당신의 사랑이 변한것 같아요.,질투난다고 말해보세요. 질투나겠네요. 질,0
KoBART B1 lr2e-5 (06),전이학습,beam5+no_repeat_ngram3,청소 해도 티가 안나,한번만 더 하세요.,청소는 해보세요. 기분이 바뀔 수도 있어요. 그렇지만 조금 기다려보세요. 좋을,0
KoBART B1 lr2e-5 (06),전이학습,beam5+no_repeat_ngram3,목소리 좋은 사람이 좋아,저도 듣고 싶네요.,저도 듣고 듣고 듣고 싶네요. 저한테 말해보세요. 저한테,0
KoBART B1 lr2e-5 (06),전이학습,beam5+no_repeat_ngram3,머리가 너무 빨리 자라,이상한 생각했나봐요.,머리랑 가슴이 가끔 따로 놀죠. 정신 차리세요. 운동하세요.,0
KoBART B1 lr2e-5 (06),전이학습,beam5+no_repeat_ngram3,신경 쓰여,신경쓰는 사람들 무시하세요.,신경 쓰는 일이 없길 바랄게요. 신경쓰지 마,0
KoBART B1 lr2e-5 (06),전이학습,beam5+no_repeat_ngram3,이시간들 어찌보내야할까.,저랑 같이 이야기 해요.,시간을 정내는게 쉽진 않을텐데요. 조금 더 생각해보,1
KoBART B1 lr2e-5 (06),전이학습,beam5+no_repeat_ngram3,좋아하는 남자 때문에 너무 기분이 안 좋아.,무슨 일이 있었나봐요.,그럴 수 있죠. 기분이 좀 나아졌으면 좋겠네요. 기분이 좀,2
KoBART B1 lr2e-5 (06),전이학습,beam5+no_repeat_ngram3,결정을 못 내리겠어. 어떻해,결정은 빠르면 빠를수록 좋을 거예요.,결정하기 힘드시겠네요. 이해해 주세요. 다음 결정을 기다,0
KoBART B1 lr2e-5 (06),전이학습,beam5+no_repeat_ngram3,오늘 또 헤어진 사람의 sns를 봤네,sns를 삭제하는게 어떨까요. 미련만 남을 뿐이에요.,sns를 삭제하는게 좋겠네요. 슬프네요.,1
KoBART B1 lr2e-5 (06),전이학습,beam5+no_repeat_ngram3,좋아하던 여자애가 남친 생겼다는대 아무렇지도 않아.,좋아하는 걸로 착각하고 있었을 수도 있어요.,신경 쓰이는일 수도 있으니 걱정하지마세요. 아무렇지도 않아요.,2
KoBART B1 lr2e-5 (06),전이학습,beam5+no_repeat_ngram3,너는 내 인생에서 죽었다.,그렇게 잊어 가는 거예요.,인연이 거기까지였나봐요. 내 맘 같지 않으니까요.,1
KoBART B1 lr2e-5 (06),전이학습,beam5+no_repeat_ngram3,시험 공부 큰일,지금도 늦지 않았어요.,컨디션 조절 하세요. 좋은 결과 있길 바랄게요!,0
KoBART B1 lr2e-5 (06),전이학습,beam5+no_repeat_ngram3,쳇바퀴 도는 하루,그 속에서 가치와 의미를 찾아보세요.,바빠도 힘내세요! 기운내요!!! ,0
KoBART B1 lr2e-5 (06),전이학습,beam5+no_repeat_ngram3,말을 못하겠어,별 거 아니라고 생각해보세요.,말을 더 해야 알 수 있을 거예요. 노력하겠습니다. 더 열심히 하세요.,0
KoBART B1 lr2e-5 (06),전이학습,beam5+no_repeat_ngram3,시어머니가 같이 목욕탕 가재,부담스럽겠어요.,온 가족이 느낄 수 있는 감동이었으면 좋겠네요. 어서 오세요.,2
KoBART B1 lr2e-5 (06),전이학습,beam5+no_repeat_ngram3,덕질 하는 중,좋아하는 게 있는 건 더없이 좋은 일이에요.,덕질 있는 사람이네요. 좋은 사람 만나세요. 기분이 좋아질 거예요.,0
KoBART B1 lr2e-5 (06),전이학습,beam5+no_repeat_ngram3,여사친이 많은 썸남,저는 비추요.,사귀이길 바랄게요. 사귀고 난 후가,2
KoBART B1 lr2e-5 (06),전이학습,beam5+no_repeat_ngram3,1년을 넘게 만났는데 어떻게 이럽니까,시간이 무색해지네요.,인연이 거기까지였나봐요. 아직 미련이 남았,1
KoBART B1 lr2e-5 (06),전이학습,beam5+no_repeat_ngram3,부모님이 결혼 자금 안 보태주신대,부모님 노후 자금도 생각해야겠죠.,부모님도 사정이 있을거예요. 신경쓰지 마세요. 신경쓰,2
KoBART B1 lr2e-5 (06),전이학습,beam5+no_repeat_ngram3,핑계,모두 핑계겠죠.,핑계 핑계를 핑계로 핑계를 삼으세요. 핑계,1
KoBART B1 lr2e-5 (06),전이학습,beam5+no_repeat_ngram3,고백 받고 싶어,먼저 고백해보세요.,용기를 내요! 라고 말해보세요. 용기를 내서 용기를 내세요.,2
KoBART B1 lr2e-5 (06),전이학습,beam5+no_repeat_ngram3,내가 호구냐구,상종하지마세요.,저도 보고해드릴게요. 저한테 말해주세요. 저에게 말해,0
KoBART B1 lr2e-5 (06),전이학습,beam5+no_repeat_ngram3,이젠 증오가 될거같네,충분히 이해해요. 하지만 나에게도 독이 될 수 있어요.,자신을 증책하지 마세요. 당신의 잠재력을 믿어보세요. 당신의,1
KoBART B1 lr2e-5 (06),전이학습,beam5+no_repeat_ngram3,하늘이 준 이별 같다,운명같네요.,하늘 만큼 땅만큼 큰돈이 들 거예요. 저에게 말해보세요.,1
KoBART B1 lr2e-5 (06),전이학습,beam5+no_repeat_ngram3,왜 사람은 외로울까. 아직도 의문이다.,타인과 함께 했던 경험 때문일 것 같아요.,외로움을 피하려는 것일 수도 있어요. 그렇지만 조금 더 생각해보세요.,1
KoBART B1 lr2e-5 (06),전이학습,beam5+no_repeat_ngram3,학폭 없어졌으면,학교 폭력은 범죄에요.,학원을 관리해 보세요. 자신의 학점을 관리할 수 있을 거예요.,0
KoBART B1 lr2e-5 (06),전이학습,beam5+no_repeat_ngram3,아침밥 먹을 시간 없어서 굶었더니 배고파,뭐라도 드세요.,배고프지 않길 바랄게요. 저라도 챙겨드,0
KoBART B1 lr2e-5 (06),전이학습,beam5+no_repeat_ngram3,결혼 했어,좋겠어요.,축하드려요. 좋은 결혼 하길 바라요. 축하해요! 축하,0
KoBART B1 lr2e-5 (06),전이학습,beam5+no_repeat_ngram3,동거 8년 환승이별.,환승은 진짜 별로네요.,환승 이별은 예의가 아니네요. 용서하고 기회를 주세요.,1
KoBART B1 lr2e-5 (06),전이학습,beam5+no_repeat_ngram3,정답이 뭘까,답은 언제나 내 안에 있죠.,정답을 찾아야할 필요는 없어요. 해답은 정해져 있을지도,0
KoBART B1 lr2e-5 (06),전이학습,beam5+no_repeat_ngram3,여자친구가 화나면 말을 안 해.,시간을 주세요.,말을 안는 것보다 낫죠. 더 화가 나겠어요. 더 신경쓰,2
KoBART B1 lr2e-5 (06),전이학습,beam5+no_repeat_ngram3,쓰레기새끼,기분이 좀 풀렸길 바랍니다.,깨끗하게 치워주세요. 더러워요. 쓰레기 버리세요. 쓰레기,1
KoBART B1 lr2e-5 (06),전이학습,beam5+no_repeat_ngram3,이건 이별을 준비해야 하는건가??,슬픈 예감은 틀린 적이 없죠.,고민하고 있다면 그게 맞을거예요. 무엇이 고민인지 생각해보,1
KoBART B1 lr2e-5 (06),전이학습,beam5+no_repeat_ngram3,내가 그르친 거 같아,아니에요. 너무 자책하지 마세요.,자연스러운 현상이에요. 이해하려고 노력해보세요. 눈치가 없네,0
KoBART B1 lr2e-5 (06),전이학습,beam5+no_repeat_ngram3,전부 가시밭길 같아,꽃길만 걷길 바랍니다.,꽃길만 걷길 바랄게요. 안녕히 가시길 기도,0
KoBART B1 lr2e-5 (06),전이학습,beam5+no_repeat_ngram3,덤덤,덤덤해졌나봐요.,덤덤덤해졌나봐요. 금방 덤덤해질 거예요. 덤덤,1
KoBART B1 lr2e-5 (06),전이학습,beam5+no_repeat_ngram3,이젠 다시 만날 수도 없는 상황,달라지는게 없다면 이런 상황이 더 나을지도 몰라요.,미련 갖지 마세요. 맘고생 많았어요. 다시 찾아오세요.,1
KoBART B1 lr2e-5 (06),전이학습,beam5+no_repeat_ngram3,머리 확 잘라버려야지,스타일의 변화도 좋을 거예요.,미련이 심한가봐요. 미련을 버리세요. 미,0
KoBART B1 lr2e-5 (06),전이학습,beam5+no_repeat_ngram3,길이 얼었어,미끄러우니 조심하세요.,얼른 청소하세요. 피곤했나봐요. 얼른 얼른,0
KoBART B1 lr2e-5 (06),전이학습,beam5+no_repeat_ngram3,너무 기대했나봐,아무것도 바라지 않을 때 천하를 얻는다는 말이 있어요.,베풀되 보답을 바라지 마세요. 좋은 결과 있을 거예요. 기대,0
KoBART B1 lr2e-5 (06),전이학습,beam5+no_repeat_ngram3,넘어질뻔했어,조심하세요.,다치지 않으셨나 걱정이네요. 조금만 더 견뎌보세요.,0
KoBART B1 lr2e-5 (06),전이학습,beam5+no_repeat_ngram3,비가 오니.울컥하네,그러게요. 비가 추적추적 내려요.,우산 같은 비가 오나봐요. 우산 같지 않나봐,1
KoBART B1 lr2e-5 (06),전이학습,beam5+no_repeat_ngram3,신기한 일들이 많이 일어나,그게 인생이죠.,다른 사람들이 해보세요. 한결 마음이 놓일 거예요. 새출발하세요.,0
KoBART B1 lr2e-5 (06),전이학습,beam5+no_repeat_ngram3,부모님 노후가 걱정돼,상담이나 컨설팅을 받아보는 것도 좋을 거예요.,노후는 지금부터 준비하는 게 좋죠. 노후는 자신이 책임질 수,0
KoBART B1 lr2e-5 (06),전이학습,beam5+no_repeat_ngram3,요즘 너무 지루해,마음에 따라 얼마든지 바뀔 수 있어요.,지루한 것 보단 낫죠. 차분하고 부드럽게 대해보,0
KoBART B1 lr2e-5 (06),전이학습,beam5+no_repeat_ngram3,잘못인줄 모르는 여자,자신의 잘못도 인정할 수 있는 사람이 좋아요.,인연이 거기까지인가봐요. 당신의 잘못이 아니에요. 당신의,1
KoBART B1 lr2e-5 (06),전이학습,beam5+no_repeat_ngram3,나는 너를 거쳐간 수 많은 남자들 중 한명뿐이겠지.,그렇게 생각하지 않을 거예요.,자신의 존재를계를 할 수 있는 사람은 많지 않을 거예요. 자신의 능력을 믿어,1
KoBART B1 lr2e-5 (06),전이학습,beam5+no_repeat_ngram3,사랑해서 그런거래,상대방을 배려하지 않은 사랑은 좋지 않은거예요.,그런 사람이 만나길 바랄게요. 그런 사람 만나지 마세요.,2
KoBART B1 lr2e-5 (06),전이학습,beam5+no_repeat_ngram3,나 보고 잘 웃는 여자애 나 좋아하는 건가?,직접 알아보는 것이 좋아요.,호감이 있을 수도 있을 것 같아요. 그렇지만 조금 더 상황을 지켜보세요.,2
KoBART B1 lr2e-5 (06),전이학습,beam5+no_repeat_ngram3,붙잡고 싶은데 이제는 늦은것 같네 .,사랑의 끝은 예고 없이 다가오죠.,미련없길 바랄게요. 이별을 받아들이는 것도 중요,1
KoBART B1 lr2e-5 (06),전이학습,beam5+no_repeat_ngram3,힘듭니다.,어떤 말도 위로가 되지 않겠지만 힘내세요.,힘내 않아도 돼요. 힘내세요. 힘내세요! 힘내,1
KoBART B1 lr2e-5 (06),전이학습,beam5+no_repeat_ngram3,내 잘못이 뭔지 모르겠어,모르는 게 잘못인 거 같아요.,잘못은 분명 있을거예요. 이해하려고 노력해보세요. 당신의 잘못,0
KoBART B1 lr2e-5 (06),전이학습,beam5+no_repeat_ngram3,왠지 가슴한 켠이 먹먹하네,많이 답답할거라 생각해요.,가슴 아픈켠이 아른거려요. 힘드시겠네요.,1
KoBART B1 lr2e-5 (06),전이학습,beam5+no_repeat_ngram3,하나만 물아볼께,네 말씀해주세요.,물 한 좋죠! 네 말씀 해보세요. 좋아할거예요.,1
KoBART B1 lr2e-5 (06),전이학습,beam5+no_repeat_ngram3,7년사귄 남자친구의 유흥업소 방문사실을 알아버렸습니다,그런 사람 못 고쳐 씁니다. 헤어지세요.,신경쓰 일이 많았나봐요. 신경쓰지 마세요. 신경쓰,1
KoBART B1 lr2e-5 (06),전이학습,beam5+no_repeat_ngram3,면접만 보면 돼,끝까지 잘할 수 있을 거예요.,회사와 자신에 대해서 더 공부해서 자신감을 가져보세요. 좋은 결과가,0
KoBART B1 lr2e-5 (06),전이학습,beam5+no_repeat_ngram3,랩 추천 좀. 나 좋아하는 남자애한테 잘 보이고 싶어.,최신 인기 차트를 찾아보는 걸 추천해요.,솔직한 연습을 해봐요. 곧 좋은 소식이 들리겠네,2
KoBART B1 lr2e-5 (06),전이학습,beam5+no_repeat_ngram3,좋아하는 거랑 사랑하는게 다른 거야?,마음에 농도 차인 것 같습니다.,직접 물어보세요. 느낌이 다를 수도 있어요. 그렇지만 조금 더 생각해보세요.,2
KoBART B1 lr2e-5 (06),전이학습,beam5+no_repeat_ngram3,왜 자꾸 내 마음속에 나타나니?,많이 사랑했던 분인가봐요.,내 맘처럼 나타나지 않으니까요. 자연스러운 현상이에요. 내,1
KoBART B1 lr2e-5 (06),전이학습,beam5+no_repeat_ngram3,하루하루 너무 힘드네,다른사람에게 기대보는 건 어떨까요.,조금만 더 버텨보세요. 한결 가벼워질 거예요. 힘내세요.,1
KoBART B1 lr2e-5 (06),전이학습,beam5+no_repeat_ngram3,자취한다는데 뭘 챙겨줄까?,직접 물어보는 게 좋을 것 같아요.,챙겨주게 돼서 좋겠네요. 챙겨드릴게요. 챙겨주,2
KoBART B1 lr2e-5 (06),전이학습,beam5+no_repeat_ngram3,아직도 심장이 뛰고있어.,심장은 항상 뜁니다.,심호흡을 해보세요. 당신의 심장이 뛰고 있음을 느낄 수,1
KoBART B1 lr2e-5 (06),전이학습,beam5+no_repeat_ngram3,남자친구 생일인데 뭘 줄까,평소에 필요한 것 생각해보세요.,선물을 주면서 진심으로 축하해주고 싶다고 말해보세요. 선물을 주,0
KoBART B1 lr2e-5 (06),전이학습,beam5+no_repeat_ngram3,나도 좋아하는 사람이랑 영화 보고 싶다.,먼저 연락해 보는건 어떨까요?,저도 보고보고 싶네요. 영화 보고 싶어요. 저랑 데이트,2
KoBART B1 lr2e-5 (06),전이학습,beam5+no_repeat_ngram3,1년 9개월 의 연애 종지부.,또 다른 사랑이 찾아올 거예요.,인연이 거기까지였나봐요. 끝을 아는 것도 중요한 것,1
KoBART B1 lr2e-5 (06),전이학습,beam5+no_repeat_ngram3,상 받을 거 같아,축하합니다!,뿌린대로 거둘 거예요. 열심히 하면 받을 수 있을 거예요. 힘을 내,0
KoBART B1 lr2e-5 (06),전이학습,beam5+no_repeat_ngram3,게임 같이 하자고 할까?,안 될 것도 없죠.,같이 해보자고 말해보세요. 좋을 것 같아요. 같이 하자고 말해,0
KoBART B1 lr2e-5 (06),전이학습,beam5+no_repeat_ngram3,회사에서 마음 편한 사람이 없어,회사에는 동료가 있을 뿐이에요.,저라도 하세요. 저한테 말해보세요. 저에게 말하세요.,0
KoBART B1 lr2e-5 (06),전이학습,beam5+no_repeat_ngram3,썸 타는 여자애한테 벚꽃 보러 가자고 해도 돼?,벚꽃 놀이 좋죠!,벚꽃 보러 가자고 연락해 보세요. 기분이 좋아질 거예요.,2
KoBART B1 lr2e-5 (06),전이학습,beam5+no_repeat_ngram3,힘드네.,조금만 더 버텨요.,조금만 더 버텨보세요. 힘내세요. 기운낼 수 있을 거예요.,1
KoBART B1 lr2e-5 (06),전이학습,beam5+no_repeat_ngram3,휴학할까,계획 세우고 하세요.,학점 관리하세요. 맘고생 많았어요. 차근차근,0
KoBART B1 lr2e-5 (06),전이학습,beam5+no_repeat_ngram3,위기야.,위기이면서 기회일 거예요.,위기일 기회로 삼길 바랄게요. 힘드시겠어요.,0
KoBART B1 lr2e-5 (06),전이학습,beam5+no_repeat_ngram3,점심시간일 텐데 카톡이 안 와.,먼저 연락을 해보는 건 어떨까요?,바쁜가일 수도 있으니 기다려보세요. 도움이 될지도 몰라요. 그래도,2
KoBART B1 lr2e-5 (06),전이학습,beam5+no_repeat_ngram3,마지막 작별 문자를 보낼까?,네 보내보세요.,작별 문자를 보내보세요. 마음이 정리될 거예요. 문자를 보내는,1
KoBART B1 lr2e-5 (06),전이학습,beam5+no_repeat_ngram3,정성 담긴 선물 뭐가 좋을까?,손편지도 좋을 거 같아요.,정성이 담긴 선물을 준비해보세요. 마음이 담긴대로 할 수 있을 거예요.,2
KoBART B1 lr2e-5 (06),전이학습,beam5+no_repeat_ngram3,주말에 스키장 간다!,설레겠어요.,즐거운 주말 될 거라 믿어요. 스키탈 수 있을거예요.,0
KoBART B1 lr2e-5 (06),전이학습,beam5+no_repeat_ngram3,면허 딸까봐,운전하는거 재미있어요.,면역이 좋죠. 손맛이 나겠어요. 도전해 보세요.,0
KoBART B1 lr2e-5 (06),전이학습,beam5+no_repeat_ngram3,말을 왜 이렇게 못 알아 듣니,노력하겠습니다.,말을 더는 못 알아듣겠네요. 이해하려고 노력하겠습니다.,0
KoBART B1 lr2e-5 (06),전이학습,beam5+no_repeat_ngram3,좋아하는 남자애가 입대하는데 어떤 선물을 해주는게 좋을까요?,면회나 편지가 최고죠!,필요한 게 뭔지 살펴보세요. 작은 선물을 고르는 건 어떨까요.,2
KoBART B1 lr2e-5 (06),전이학습,beam5+no_repeat_ngram3,헤어진지 벌써 몇 년,많은 시간이 흘렀네요.,짧지 않은 시간이에요. 조금만 더 힘내세요. 괜찮아질,1
KoBART B1 lr2e-5 (06),전이학습,beam5+no_repeat_ngram3,코 앞이 재회.,마음의 준비를 하세요.,자연스러운 현상이에요. 귀엽게 봐주세요. 눈 앞이,1
KoBART B1 lr2e-5 (06),전이학습,beam5+no_repeat_ngram3,자꾸 짝남 얼굴 생각나.,보고 싶으니 그럴만 해요.,남들 신경쓰지 마세요. 눈치가 없나봐요. 신경,2
KoBART B1 lr2e-5 (06),전이학습,beam5+no_repeat_ngram3,이닦았는데 잇몸에서 피나,잇몸약 챙겨드시거나 치과 가보세요.,잇몸약 챙겨드시거나 치과 가보세요. 도움이 될지도,0
KoBART B1 lr2e-5 (06),전이학습,beam5+no_repeat_ngram3,태닝할까,구릿빛 피부 좋죠!,운동을 해보세요. 금방 좋아질 거예요. 조금만 더 연습해보세요. 좋아질,0
KoBART B1 lr2e-5 (06),전이학습,beam5+no_repeat_ngram3,연애는 진짜 좋아하는 사람이랑 해야해.,맞는 말씀입니다.,용기내서 말해보세요. 연애는 시작과 끝을 나누는,2
KoBART B1 lr2e-5 (06),전이학습,beam5+no_repeat_ngram3,술한잔했어,한 잔하기 좋은 날이죠.,술이 웬수예요. 기분전환을 해보세요. 술 한 잔,1
KoBART B1 lr2e-5 (06),전이학습,beam5+no_repeat_ngram3,너무 많이 먹었나봐,과식은 금물이에요.,덜 먹팠으면 좋겠어요. 건강이 생각보다 좋아졌나봐,0
KoBART B1 lr2e-5 (06),전이학습,beam5+no_repeat_ngram3,짝사랑 그만할래,짝사랑은 시작과 끝을 자신이 결정할 수 있어요.,짝사랑은 자신을 더 힘들게 해요. 자신을 더 사랑해주세요.,2
KoBART B1 lr2e-5 (06),전이학습,beam5+no_repeat_ngram3,여름에는 냉면만한게 없는 듯,생각만 해도 군침이 도네요.,냉장고 파먹기 해보세요. 맛난거 드셔보세요.,0
KoBART B1 lr2e-5 (06),전이학습,beam5+no_repeat_ngram3,짝녀한테 휘둘리고 싶지 않은데 이러는 내가 싫다.,자신의 의지를 굳건히 하세요.,짝사랑 앞에 휘둘리는 건 좋지 않아요. 자신을 더 사랑해주,2
KoBART B1 lr2e-5 (06),전이학습,beam5+no_repeat_ngram3,썸 타는 여자애 상메 궁금해.,한번 봐봐요.,직접 물어든 게 좋겠어요. 직접 물어보고 직접 물어보는게 좋겠,2
KoBART B1 lr2e-5 (06),전이학습,beam5+no_repeat_ngram3,그대가 보고파,많이 사랑했던 사람이었나요.,그분 보고 싶나봐요. 기다려주세요. 기다릴게요.,1
KoBART B1 lr2e-5 (06),전이학습,beam5+no_repeat_ngram3,연애도 좋지만 내 시간도 중요한 나 정상일까?,내 인생의 주인공은 나야 나!,자신의 시간력을 믿어보세요. 당신의 능력이 믿어지지 않을 뿐,2
KoBART B1 lr2e-5 (06),전이학습,beam5+no_repeat_ngram3,비밀 지켜줄까?,세상에 비밀은 없어요.,비밀은 지키는게 쉽진 않을 거예요. 그렇지만 조금 더 지켜봐요.,0
KoBART B1 lr2e-5 (06),전이학습,beam5+no_repeat_ngram3,평가원 잘 보고 싶다,평소처럼 잘 볼 수 있을 거예요.,잘 보고보세요. 합격할거예요. 소개시켜드릴게요.,0
KoBART B1 lr2e-5 (06),전이학습,beam5+no_repeat_ngram3,친구에서 연인이 되려면,이성으로 대해요.,연인은인이 되어 보세요. 좋은 인상을 남길 수 있을 거예요. 자신감을,2
KoBART B1 lr2e-5 (06),전이학습,beam5+no_repeat_ngram3,바지 입을까? 치마 입을까?,오늘은 바지가 좋을거 같아요.,예뻐 것 같아요. 예쁘게 골라보세요. 좋아요. 멋질,0
KoBART B1 lr2e-5 (06),전이학습,beam5+no_repeat_ngram3,맛있는 거 먹는데 생각나는 사람,그게 진짜 사랑이네요.,맛있는 거 드세요. 저랑 수다 떨지 마세요. 맛있는 거,2
KoBART B1 lr2e-5 (06),전이학습,beam5+no_repeat_ngram3,헤어스타일 좀 바꿔볼까?,기분 전환해보세요.,스타일은 바꿔보세요. 좋아요. 예쁘게 바뀔거예요. 헤어,0
KoBART B1 lr2e-5 (06),전이학습,beam5+no_repeat_ngram3,택배가 안 와,오늘 택배기사님들 쉬는 날이예요.,송장 번호를 확인해보세요. 현금이 더 들어올거예요.,0
KoBART B1 lr2e-5 (06),전이학습,beam5+no_repeat_ngram3,코트 살까,있으면 좋죠.,코트기 좋은 계절이에요. 신경쓰지 마세요. 예쁘게,0
KoBART B1 lr2e-5 (06),전이학습,beam5+no_repeat_ngram3,결혼식 날짜 잡았대,축하해주세요.,축하드려요! 축하드려요. 예쁘게 예뻐질거예,2
KoBART B1 lr2e-5 (06),전이학습,beam5+no_repeat_ngram3,이별은 다 비슷한거 같아.,이별은 똑같이 힘드니까요.,이별은 많이 힘들거예요. 이해하려고 노력해보세요. 이별은,1
KoBART B1 lr2e-5 (06),전이학습,beam5+no_repeat_ngram3,사랑하면 마냥 좋은 건 아닌 거 같아,사랑이 모든걸 해결해주지는 않아요.,진정한 사랑은 없어요. 단지 사랑만 있을 뿐이에요. 진정한 사랑,2
KoBART B1 lr2e-5 (06),전이학습,beam5+no_repeat_ngram3,눈이 너무 나빠졌어,잠시 눈을 감고 휴식을 취해보세요.,눈이 많이 내렸나봐요. 얼른 치워주세요. 얼른,0
KoBART B1 lr2e-5 (06),전이학습,beam5+no_repeat_ngram3,아무래도 속은 거 같아,기분나쁘겠어요.,속상하니 속상할 뿐이에요. 속상해하지 마,0
KoBART B1 lr2e-5 (06),전이학습,beam5+no_repeat_ngram3,안경 쓰는 여자애 좋아하는 남자 있어?,그런 건 중요하지 않아요.,안경 걸어도 괜찮을 것 같아요. 신경쓰지 마세요.,2
KoBART B1 lr2e-5 (06),전이학습,beam5+no_repeat_ngram3,시베리아 같아 추워,어서 따듯한 곳으로 가세요,따뜻하게 입으세요. 차갑게 지워주세요. 따뜻하게,0
KoBART B1 lr2e-5 (06),전이학습,beam5+no_repeat_ngram3,우리 분위기 좋았는데,서로를 향한 감정도 좋았겠죠.,분위기 있는네요. 분위기 있네요. 차분히 생각해보세요.,0
KoBART B1 lr2e-5 (06),전이학습,beam5+no_repeat_ngram3,드라마같은 사랑 하고 싶어,드라마는 현실과 달라요.,달콤한 말과 몸짓으로 당신의 매력을 어필해보세요. 당신의 매력을,2
KoBART B1 lr2e-5 (06),전이학습,beam5+no_repeat_ngram3,새로운 베프가 필요해,주변의 좋은 사람들에게 연락해보세요.,베풀만 있으면 돼요. 따뜻하게 입으세요. 따뜻한 차 한,0
KoBART B1 lr2e-5 (06),전이학습,beam5+no_repeat_ngram3,혼자 썸타는 기분이야.,직접적이든 간접적이든 의사를 확실히 밝혀보세요.,사귀기 전 두근거림을 좋아하나 봐요. 아니면 ,2
KoBART B1 lr2e-5 (06),전이학습,beam5+no_repeat_ngram3,손 잡고 싶어,용기내서 잡아보세요.,손길이 잡고 싶어하는가봐요. 손길이 닿는대로 해보,2
KoBART B1 lr2e-5 (06),전이학습,beam5+no_repeat_ngram3,내가 싫대,나 좋다는 사람 만나세요.,싫은 싫다고 말하세요. 그 편이 나을지도 몰라요.,1
KoBART B1 lr2e-5 (06),전이학습,beam5+no_repeat_ngram3,음. 헤어졌는데 아직 잘 모르겠어,실감이 안날 수 있어요.,헤어짐은 항상 미련을 남기게 마련이에요. 미련,1
KoBART B1 lr2e-5 (06),전이학습,beam5+no_repeat_ngram3,버리기 아까운데 리폼 해볼까,손재주가 좋으시네요.,손재분이 부족한가봐요. 손재주가 있을지도 몰라요.,0
KoBART B1 lr2e-5 (06),전이학습,beam5+no_repeat_ngram3,마음 정리가 되네.,인고의 시간이 필요했을 거예요.,정리가 잘 되길 바랄게요. 그러면 정리가 될 거예요. 그럼,1
KoBART B1 lr2e-5 (06),전이학습,beam5+no_repeat_ngram3,친구들과의 모임이 너무 많은 사람,적당하게 줄여주거나 나에게 믿음을 주라고 말해보세요.,모임이 많아서 그런 것 같아요. 이해하려고 노력해보세요. 좋은,2
KoBART B1 lr2e-5 (06),전이학습,beam5+no_repeat_ngram3,썸 타는 거 시간 아까워.,얼른 고백해야죠.,상대에게 썸 타는 건 시간 낭비죠. 시간 낭비하지 마세요.,2
KoBART B1 lr2e-5 (06),전이학습,beam5+no_repeat_ngram3,정말 속상하고 답답하고 할 수 있는게 없네,차분하게 마음을 정리해보세요.,아무것도 하지마세요. 아무것도 할 수 있는게 없네요. 아무것도 하지,1
KoBART B1 lr2e-5 (06),전이학습,beam5+no_repeat_ngram3,기프트콘으로 선물 받았어,좋겠네요.,고맙다고 말해 주세요. 고마움을 전해 주세요. 좋은 선물이 될,0
KoBART B1 lr2e-5 (06),전이학습,beam5+no_repeat_ngram3,습관처럼 생각나,습관처럼은 되지 않길 바랄게요.,습관처럼 습관이에요. 정신 차리세요. 차분히 생각하,1
KoBART B1 lr2e-5 (06),전이학습,beam5+no_repeat_ngram3,사랑하는 사람이랑 내가 너무 차이나,누구나 같을 수 있을까요. 자격지심이예요.,사랑의 예의가 없는 사람이네요. 차분하게 생각해보세요. 차,2
KoBART B1 lr2e-5 (06),전이학습,beam5+no_repeat_ngram3,계절이 바뀌면,더 좋아질 거예요.,계절이 바뀔 때마다 바뀌는 계절이죠. 변화하는 계절에 맞춰,1
KoBART B1 lr2e-5 (06),전이학습,beam5+no_repeat_ngram3,좋아하면서도 너무 싫은 감정 뭘까요.,좋아하는 만큼 지쳐가는 마음 아닐까요.,정답을히기 전에 먼저 감정을 접어두는게 필요해요.,2
KoBART B1 lr2e-5 (06),전이학습,beam5+no_repeat_ngram3,에휴 후폭풍인가봐,이별에는 항상 후유증이 있어요.,후폭풍은 누구에게나 와요. 후폭풍이 있겠죠.,1
KoBART B1 lr2e-5 (06),전이학습,beam5+no_repeat_ngram3,스트레스 팍팍,소리를 질러보세요.,스트레스 받지 마세요. 기분이 바뀔 거예요. 기분전환 해보세요. 기분 전환 해보,0
KoBART B1 lr2e-5 (06),전이학습,beam5+no_repeat_ngram3,헤어짐,슬픈 일이에요.,맘고생 많았어요. 힘내세요. 힘내세요! 힘내,1
KoBART B1 lr2e-5 (06),전이학습,beam5+no_repeat_ngram3,오늘 너무 피곤해,푹 쉬세요.,가벼운 운동으로 기분 전환 해보세요. 기분 전환 되시길 바랄,0
KoBART B1 lr2e-5 (06),전이학습,beam5+no_repeat_ngram3,좋아하는 선배가 나한테 연락했으면 좋겠어.,먼저 연락해도 힘들어 말아요.,용기를 내서 말해보세요. 좋은 소식이 들리시길 바랍니다.,2
KoBART B1 lr2e-5 (06),전이학습,beam5+no_repeat_ngram3,갑자기 불편한 사이가 된 거 같아,관계의 변화가 왔나봅니다.,신경 쓰이는일 수도 있어요. 그렇지만 조금 더 상황을 지켜보세요. 마음이 정리될,0
KoBART B1 lr2e-5 (06),전이학습,beam5+no_repeat_ngram3,처음 해외여행가!,두근거리겠어요.,여행을 떠나세요. 처음 가는 곳이니까요. 좋은 곳으로 가세요. 좋은 곳으로,0
KoBART B1 lr2e-5 (06),전이학습,beam5+no_repeat_ngram3,친구들은 다 예뻐,자신감을 가지세요.,예뻐 없네요. 저한테 말해보세요. 저에게 말해보,0
KoBART B1 lr2e-5 (06),전이학습,beam5+no_repeat_ngram3,동거하는 거 부모님이 알게 되셨어,오해를 풀고 사랑을 이어가세요.,부모님을 도움을 청해보세요. 말씀해보세요. 도움이 될지도 몰라요.,2
KoBART B1 lr2e-5 (06),전이학습,beam5+no_repeat_ngram3,먼지 때문에 목아파,마스크 쓰고 다니세요.,목감기 오려나봐요. 두통약 먹고 오세요.,0
KoBART B1 lr2e-5 (06),전이학습,beam5+no_repeat_ngram3,연애상담해줬더니 나만 바보됐어,다음부터는 해주지 마세요.,상대방을에게 피해를 주지 않는 선에서 최선의 노력을 다하겠네요.,2
KoBART B1 lr2e-5 (06),전이학습,beam5+no_repeat_ngram3,무슨 죄를 지었기에 이렇게 빨리.,힘들일이 있었나봐요. 당신의 잘못이 아니에요.,죄는 많이 지었나봐요. 천천히 지워질게요.,1
KoBART B1 lr2e-5 (06),전이학습,beam5+no_repeat_ngram3,놀러다니기 좋아하는 남자 착하긴한데 나랑은 안맞다고 생각이 들어.,안맞는다면 정리하는 편이 좋을 거예요.,놀러 다니기 싫은 걸 수도 있어요. 그렇지만 조금 더 상황을 지켜보,2
KoBART B1 lr2e-5 (06),전이학습,beam5+no_repeat_ngram3,첫 만남에 키스했는데 너무 빠른걸까?,서로의 의사가 존중된 것이라면 괜찮지만 사귀고 난 후가 좋겠어요.,자연스러운 현상이에요. 속도를 조절해보세요. 늦지 않았어요. 속도를,2
KoBART B1 lr2e-5 (06),전이학습,beam5+no_repeat_ngram3,필기하는거 힘들겠지,어깨 꾹꾹 해드리고 싶어요.,필기 아니에요. 자연스러운 현상이에요. 힘들거예요.,0
KoBART B1 lr2e-5 (06),전이학습,beam5+no_repeat_ngram3,우산 또 사야하나,다음에는 우산에 이름이랑 연락처를 적어보세요.,우산에 사세요! 우산 사세요. 좋아할거예요.,0
KoBART B1 lr2e-5 (06),전이학습,beam5+no_repeat_ngram3,일주일이 일년같다,많이 힘들었을 거라 생각해요.,생각보다 많은 시간이 지났네요. 힘내세요. 저에게 말해주,1
KoBART B1 lr2e-5 (06),전이학습,beam5+no_repeat_ngram3,마음이 답답합니다.,바람이라도 쐬고 오는 건 어떨까요.,마음이 헛헛한가봐요. 답답할 뿐이에요. 차분,1
KoBART B1 lr2e-5 (06),전이학습,beam5+no_repeat_ngram3,완전히 끝났어~,마음이 허전하겠어요.,마음이 허전하겠어요. 기운 내길 바랄게요. 기운 내,1
KoBART B1 lr2e-5 (06),전이학습,beam5+no_repeat_ngram3,모든게 다 끝났습니다,허전하시겠어요.,다 잘갈 거예요. 조금만 더 힘내세요. 올게요. 힘내,1
KoBART B1 lr2e-5 (06),전이학습,beam5+no_repeat_ngram3,맛있는 냄새나,킁킁,맛있는 거 드세요. 저랑 같이 드세요! 맛있는 맛있는거 드,0
KoBART B1 lr2e-5 (06),전이학습,beam5+no_repeat_ngram3,내 편이라고는 하나도 없는 거 같아,제가 있잖아요.,편한 편은 아니니까요. 자신의 편을 들어주세요. 당신의,0
KoBART B1 lr2e-5 (06),전이학습,beam5+no_repeat_ngram3,커플여행이 나을까 그냥 우리끼리 갈까?,저는 둘이 가는 걸 좋아해요.,직접 가는보는 것도 좋을 것 같아요. 직접 가는게 좋겠네요.,2
KoBART B1 lr2e-5 (06),전이학습,beam5+no_repeat_ngram3,오늘은 뭐 먹을까?,맛있는 거 드세요.,맛있는 거 드세요. 저랑 수제비도 드세요. 맛있는 거,0
KoBART B1 lr2e-5 (06),전이학습,beam5+no_repeat_ngram3,오늘은 치맥이야,달리세요!,도전해 봐도 좋을 거 같아요. 좋은 취미네요. 도전해,0
KoBART B1 lr2e-5 (06),전이학습,beam5+no_repeat_ngram3,외향적이면 좋을텐데,지금 성격도 좋아요.,외향적이어도 괜찮아요. 자연스러운 현상이에요. 신경쓰,0
KoBART B1 lr2e-5 (06),전이학습,beam5+no_repeat_ngram3,이 세상에서 내가 제일 불행해.,그럴리가요.,불행하게도 사람이 제일 불행해요. 다른 사람들이 당신을 더 불행하게 만들,2
KoBART B1 lr2e-5 (06),전이학습,beam5+no_repeat_ngram3,아픈데 연락하기 싫어,제가 곁에 있을게요.,연락하면 지긋지긋한 사람으로 기억될 거예요. 걱정하지 마,1
KoBART B1 lr2e-5 (06),전이학습,beam5+no_repeat_ngram3,왜 이럴까,그럴 수도 있어요.,고민 하고 있다면 그게 맞을거예요. 이해하려고 노력해보세요.,1
KoBART B1 lr2e-5 (06),전이학습,beam5+no_repeat_ngram3,운동화 새로 사야지,좋은 곳으로 갈 수 있도록 인도해줄 거예요.,예쁘게 사세요. 좋아할 거예요. 새로 사도 좋아요. 예쁘게,0
KoBART B1 lr2e-5 (06),전이학습,beam5+no_repeat_ngram3,연락하고 싶어지네.,연락해봐요.,연락하면 지긋지긋한 사람으로 기억될 거예요. 용기를 내서,2
KoBART B1 lr2e-5 (06),전이학습,beam5+no_repeat_ngram3,좋아하는 사람이 너무 예뻐,내면을 더 들여다보세요.,멋진 사람이랑 사귀어서 좋겠네요. 호랑이보다 멋진 사람이,2
KoBART B1 lr2e-5 (06),전이학습,beam5+no_repeat_ngram3,헤어진지 한 달째,이제 좀 괜찮아졌길 바랍니다.,하루 하루를 헤아리는 건 자신을 더 힘들게 만들 뿐이에,1
KoBART B1 lr2e-5 (06),전이학습,beam5+no_repeat_ngram3,변화가 없어,마음에 따라 얼마든지 바뀔 수 있어요.,변화가 필요 중요해요. 변화가 필요해요. 변화를 두려워하지 마세요.,0
KoBART B1 lr2e-5 (06),전이학습,beam5+no_repeat_ngram3,나 사랑하니?,많이 사랑해요!,당신도 잘하고 있는 걸 수도 있어요. 그렇지만 조금 더 잘할 수,0
KoBART B1 lr2e-5 (06),전이학습,beam5+no_repeat_ngram3,그녀 생일,지금은 생생하겠지만 하나씩 잊으세요.,생일 축하네요. 축하해요! 어머님 생일 축하해,1
KoBART B1 lr2e-5 (06),전이학습,beam5+no_repeat_ngram3,요즘 눈에 띄는 남자애,관심을 갖고 지켜보세요.,애석한가봐요. 눈에서 멀어졌나봐요.,2
KoBART B1 lr2e-5 (06),전이학습,beam5+no_repeat_ngram3,엄청 오래 만났어,매력있는 사람인가봐요.,좋은 사람이었으면 좋겠네요. 좋은 사람 만나길 바랄게,0
KoBART B1 lr2e-5 (06),전이학습,beam5+no_repeat_ngram3,나 이제 졸업해,졸업 축하해요,졸업 축하해요! 축하드려요. 어서 졸업하세요. 축하해,0
KoBART B1 lr2e-5 (06),전이학습,beam5+no_repeat_ngram3,왜 이제서야 찾아온거야?,이렇게 고민하게 만들려고 그랬나봐요.,인연이 거기까지였나봐요. 이제야 깨달음이 올 거예요.,0
KoBART B1 lr2e-5 (06),전이학습,beam5+no_repeat_ngram3,비 오기 시작하네,우산 준비하세요.,우산 비 맞나봐요. 어서 오세요. 우산 쓰고 오,0
KoBART B1 lr2e-5 (06),전이학습,beam5+no_repeat_ngram3,썸 타는 중인데 나 말고 다른 사람하고도 썸타는 것 같아.,좋은 사람이 아닌 것 같아요. 입장을 분명히 하는 것 좋아요.,사귀기 전 두근거림을 좋아하나 봐요. 썸,2
KoBART B1 lr2e-5 (06),전이학습,beam5+no_repeat_ngram3,면접 준비중이야,회사와 자신에 대해서 더 공부해서 자신감을 가져보세요.,잘할 수 있을 거예요. 컨디션 조절 하세요. 좋은 결과 있을 거예요.,0
KoBART B1 lr2e-5 (06),전이학습,beam5+no_repeat_ngram3,부모님 모실 수 있을까?,형편대로 하세요.,부모님 모 모셔오세요. 가능하다면 가능하죠. 부모님 모,0
KoBART B1 lr2e-5 (06),전이학습,beam5+no_repeat_ngram3,내일이면 헤어진지 2주 되네.,지금 힘들겠네요.,생각보다 많은 시간이 지났네요. 이제 괜찮아졌길 바랍니다.,1
KoBART B1 lr2e-5 (06),전이학습,beam5+no_repeat_ngram3,진짜 너무하네,잘 해결되길 바랄게요.,제게 들어드릴게요. 저에게 말해보세요. 제가 들어드릴,0
KoBART B1 lr2e-5 (06),전이학습,beam5+no_repeat_ngram3,결국 유료 상담을 받고야 말았네,상담도 도움이 될 거예요.,상담을 받고 수고했네요. 좋은 결과 있길 바랍니다. 어서,1
KoBART B1 lr2e-5 (06),전이학습,beam5+no_repeat_ngram3,그저 그런 하루,그런 하루도 감사한 마음을 가져보세요.,하루 하루 힘든 하루이네요. 힘내세요. 힘내세요!,0
KoBART B1 lr2e-5 (06),전이학습,beam5+no_repeat_ngram3,회사에서 마음 놓고 말할 사람이 없어,회사에는 동료가 있을 뿐이에요.,저한테 하세요. 저한테 말해보세요. 저에게 말하세요.,0
KoBART B1 lr2e-5 (06),전이학습,beam5+no_repeat_ngram3,생각할 시간을 가지자는 그녀,마음의 준비를 해야 할지도 모르겠어요.,충분한 대화를 나눠보는게 필요해요. 시간을 갖고 생각해보세요. 좋은,1
KoBART B1 lr2e-5 (06),전이학습,beam5+no_repeat_ngram3,취뽀하고 싶다,취직이나라뇨.,취직 성공할 수 있을 거예요. 응원할게요. 힘을 내세요. 힘을,0
KoBART B1 lr2e-5 (06),전이학습,beam5+no_repeat_ngram3,모태솔로라 잘 모르겠어 도와줘,모르는 게 당연해요.,모태솔로라뇨. 제가 옆에서 도와드릴게요. 도와,2
KoBART B1 lr2e-5 (06),전이학습,beam5+no_repeat_ngram3,사랑하는 사람이 있는데 다른 사람이 신경쓰여,한눈 팔다가 후회합니다.,신경쓰는 사람이 있나봐요. 신경쓰지 마세요. 신경쓰,2
KoBART B1 lr2e-5 (06),전이학습,beam5+no_repeat_ngram3,방탈출 게임 갔다왔어.,성공했길 바랍니다.,성공하길길 바랍니다. 실망하지 마세요. 좋은 결과 있길 바랍,0
KoBART B1 lr2e-5 (06),전이학습,beam5+no_repeat_ngram3,자다 깨다 해,자세가 불편한 건 아닌지 확인해보세요.,좋은 습습이네요. 안녕히 주무세요. 힘내세요!,0
KoBART B1 lr2e-5 (06),전이학습,beam5+no_repeat_ngram3,친구가 잘되니까 약 올라,친구가 아닌가봐요.,친구를 사귀어 보세요. 친구가 더 잘할 수 있을 거예요. 친구가,0
KoBART B1 lr2e-5 (06),전이학습,beam5+no_repeat_ngram3,나 교직이수할 수 있을까?,학점 관리하세요.,자신의 능력을 사수할 수 있을 거예요. 자신의 능력을 믿어보세요.,0
KoBART B1 lr2e-5 (06),전이학습,beam5+no_repeat_ngram3,머리가 너무 아프네,시원한 바람 쉬고 약먹기!,병원에 가보세요. 약이 약이에요. 약을 드세요. 병원에 가,0
KoBART B1 lr2e-5 (06),전이학습,beam5+no_repeat_ngram3,오빠 최고라고 해주던 너,그립지만 지난 일이네요.,최고라고라고 생각하나봐요. 최고라고 생각하세요. 최고라고,1
KoBART B1 lr2e-5 (06),전이학습,beam5+no_repeat_ngram3,손가락이 예쁜 사람,로망이네요.,칭찬이네요. 눈치가 없네요. 저한테 기대세요. 눈,0
KoBART B1 lr2e-5 (06),전이학습,beam5+no_repeat_ngram3,너무 힘들다,지금 무슨 말을 해도 와닿지 않겠지만 잘 이겨낼 거라 믿어요.,조금만 더 버텨보세요. 괜찮아질거예요. 힘내,1
KoBART B1 lr2e-5 (06),전이학습,beam5+no_repeat_ngram3,여자로 태어 났으면 어땠을까?,항상 못해본 건 궁금하더라고요.,태어날만해도 어땠을지 생각해보세요. 어땠을까,0
KoBART B1 lr2e-5 (06),전이학습,beam5+no_repeat_ngram3,좋아하는 사람이 다른 여자랑 친해지는게 서운해.,충분히 서운할 만해요.,다른 여자 여자랑 친해지는게 서운해요. 신경쓰지,2
KoBART B1 lr2e-5 (06),전이학습,beam5+no_repeat_ngram3,명품 선물 부담스러울까,고가의 선물은 부담스러울 수도 있어요.,고가의 선물은 부담스러울 수도 있어요. 그렇지만 조금 더 생각해 보,0
KoBART B1 lr2e-5 (06),전이학습,beam5+no_repeat_ngram3,불쑥 전여친한테 전화받으니 짜증나고 씁쓸하네,복잡한 심경인가봐요.,신경쓰이겠네요. 신경쓰지 마세요. 마음이 정리될,1
KoBART B1 lr2e-5 (06),전이학습,beam5+no_repeat_ngram3,너무 힘이듭니다,억지로라도 긍정적인 감정을 끌어올려보세요.,힘이 되지 않겠지만 힘내세요. 힘내세요! 응원합니다,1
KoBART B1 lr2e-5 (06),전이학습,beam5+no_repeat_ngram3,오늘도 집에만 있을 예정,집이 맘 편하기도 하잖아요.,내일은 나은 하루이길 바랄게요. 곧 좋은 일이 있을,1
KoBART B1 lr2e-5 (06),전이학습,beam5+no_repeat_ngram3,기념일은 언제언제 챙겨?,내키는대로요.,기념일 챙겨주면 좋아할거예요. 생일 축하해요!,2
KoBART B1 lr2e-5 (06),전이학습,beam5+no_repeat_ngram3,김치찌개 먹고 싶어,맛있죠!,디저트 드세요. 맛있는거 드세요. 맛있을거 같아요.,0
KoBART B1 lr2e-5 (06),전이학습,beam5+no_repeat_ngram3,이제 스스로 인정한 것 같아,현실 그대로를 받아들이는 것부터 시작이에요.,많이 고민했나봐요. 곧 좋은 소식이 들리려고 하는 것,1
KoBART B1 lr2e-5 (06),전이학습,beam5+no_repeat_ngram3,헤어진지 9일,헤어짐을 헤아리지 마세요.,하루 하루를 헤아리는 건 자신을 더 힘들게 만들 뿐이에,1
KoBART B1 lr2e-5 (06),전이학습,beam5+no_repeat_ngram3,그사람도 이별을 준비 중인 걸까,그런 생각은 자신을 더 괴롭게 할 뿐이에요.,이별을 준비하는 기간이 필요할지도 몰라요. 마음의 준비가 필요하겠네요.,1
KoBART B1 lr2e-5 (06),전이학습,beam5+no_repeat_ngram3,좋아 하는 애한태 고백하는 방법좀,먼저 용기내서 고백하는게 좋을 듯 싶습니다.,직접 고백든 간접적이든 의사를 확실히 밝혀보세요. 마음을 단단히,2
KoBART B1 lr2e-5 (06),전이학습,beam5+no_repeat_ngram3,헤어진지 두달됬네 벌써,생각보다 시간이 빠르게 흐르고 있나봅니다.,생각보다 많은 시간이 지났네요. 시간이 좀 더 흘렀네요.,1
KoBART B1 lr2e-5 (06),전이학습,beam5+no_repeat_ngram3,정신줄 어디 갔나,정신 차리세요.,정신없이리 하세요. 어디든 좋아요. 어디든 가세요. 어디,0
KoBART B1 lr2e-5 (06),전이학습,beam5+no_repeat_ngram3,남친이랑 뭐하고 놀지,얼굴 보고만 있어도 좋죠.,놀 때 놀고 할 때 하세요. 그러면 놀 수 있을 거예요. 그러면,2
KoBART B1 lr2e-5 (06),전이학습,beam5+no_repeat_ngram3,미치도록 보고싶네.,견디기 힘들겠어요.,이별은 보고 싶은 마음이 굴뚝같네요. 미련없이 떠나,1
KoBART B1 lr2e-5 (06),전이학습,beam5+no_repeat_ngram3,중소기업인데 그냥 취직할까?,일하는 것 자체가 중요하죠.,취직 성공할 확률이 높겠네요. 어서 취직하세요.,0
KoBART B1 lr2e-5 (06),전이학습,beam5+no_repeat_ngram3,친구랑 나랑 자꾸 비교하게 돼,비교하면 끝도 없어요.,비교하지 말고 장점을 찾아보세요. 자신감을 가지세요. 자신을 더 사랑해주,0
KoBART B1 lr2e-5 (06),전이학습,beam5+no_repeat_ngram3,엄마가 안 왔으면 좋겠어,엄마가 들으면 속상해 하시겠네요.,엄마가 들겠네요. 어서오세요. 기다리지 마세요. 엄마가 기다,0
KoBART B1 lr2e-5 (06),전이학습,beam5+no_repeat_ngram3,뭐부터 바꿔야 할까,당신 그대로의 모습이 보기 좋아요.,금방 바꿀 바꿀 수 있을 거예요. 차분히 생각해보세요. 좋아할,0
KoBART B1 lr2e-5 (06),전이학습,beam5+no_repeat_ngram3,불금이네,친구들 만나요!,불행을만 해봐요. 기운을 내보세요. 기운을 차리,1
KoBART B1 lr2e-5 (06),전이학습,beam5+no_repeat_ngram3,여자친구가 혼자 여행 가보고 싶다는데,같이 가는 여행도 좋지만 혼자 여행도 좋을 거예요.,혼자도 것도 나쁘지 않을 거예요. 같이 가세요. 같이 가요. 같이,0
KoBART B1 lr2e-5 (06),전이학습,beam5+no_repeat_ngram3,오늘도 술 몇 잔 마시니 생각나네요.,술 한잔에 그리움이 사무치네요.,술이 웬수예요. 소화제라도 드셔보세요. 기분,1
KoBART B1 lr2e-5 (06),전이학습,beam5+no_repeat_ngram3,정말 너무 궁금해,무엇이 궁금한가요.,직접 물어 물어보세요. 조금 더 알아볼 수 있을거예요.,1
KoBART B1 lr2e-5 (06),전이학습,beam5+no_repeat_ngram3,젠장,이런.,한동안은 힘들지도 몰라요. 곧 좋은 소식이 들리길 바랍니다.,1
KoBART B1 lr2e-5 (06),전이학습,beam5+no_repeat_ngram3,헤어지지 열흘짼데 너무 힘드네,헤어지고 있는 중이시군요.,한동안은 힘들지도 몰라요. 차분히 기다려보세요. 힘이 덜,1
KoBART B1 lr2e-5 (06),전이학습,beam5+no_repeat_ngram3,봄방학했어,부럽네요.,학점 관리하세요. 어흥! 방학이예요. 어흥,0
KoBART B1 lr2e-5 (06),전이학습,beam5+no_repeat_ngram3,또 다시 이별입니다.,언젠간 찾아올 이별이에요.,또 다시 다시 이별이 올 거예요. 다시 또 다시 이별은 올 거예요.,1
KoBART B1 lr2e-5 (06),전이학습,beam5+no_repeat_ngram3,여자친구가 돈을 안 써,부담된다고 살짝 말해보세요.,신경쓰는 사람이 있나봐요. 신경쓰지 마세요. 신경쓰,2
KoBART B1 lr2e-5 (06),전이학습,beam5+no_repeat_ngram3,아빠가 술 좀 끊었으면,사회생활로 힘드신가봐요.,아빠에게 술을 적당히 드시라고 말씀드려보세요. 술이,0
KoBART B1 lr2e-5 (06),전이학습,beam5+no_repeat_ngram3,재밌는 거 뭐 없나,제가 있잖아요.,저랑 이야기해요. 저한테 말해보세요. 저에게 말해보,0
KoBART B1 lr2e-5 (06),전이학습,beam5+no_repeat_ngram3,정장 한 벌 필요할 듯,사면 요긴하긴 할 거 같아요.,정리가 잘 되길 바랍니다. 필요하다면 쉬어가도 좋을텐데,0
KoBART B1 lr2e-5 (06),전이학습,beam5+no_repeat_ngram3,잘안되는군,모든 일이 뜻대로 되진 않나봐요.,잘 될 수 있을 거예요. 조금만 더 힘내세요. 잘할 수 있을,1
KoBART B1 lr2e-5 (06),전이학습,beam5+no_repeat_ngram3,체육대회 싫어,재미 있는 종목을 찾아보세요.,체육대회에 나가보세요. 좋은 결과 있을 거예요! 체육대회,0
KoBART B1 lr2e-5 (06),전이학습,beam5+no_repeat_ngram3,내 번호를 따간 사람이 내 친구가 좋아하는 애야.,운명의 장난같네요.,번호를 번쩍 들어보세요. 기분이 좋아질지도 모르겠네요.,2
KoBART B1 lr2e-5 (06),전이학습,beam5+no_repeat_ngram3,이유라는게 뭔지,알다가도 모를.,알다가달리 말해보세요. 아무나 할 수 있는게 아니,1
KoBART B1 lr2e-5 (06),전이학습,beam5+no_repeat_ngram3,점심 때 은행 갔다와야지,볼 일이 있나봐요.,즐거운 시간 보내시길 바랍니다. 건강 좋아졌으면 좋겠네요.,0
KoBART B1 lr2e-5 (06),전이학습,beam5+no_repeat_ngram3,덕수궁 돌담길 따라서 둘이 걸었어.,로맨틱하네요.,덕수궁 돌담길 따라 걸어보세요. 멋지네요.,0
KoBART B1 lr2e-5 (06),전이학습,beam5+no_repeat_ngram3,사진 잘 찍고 싶어,많이 찍다보면 조금씩 실력이 늘거예요.,연습해보세요. 좋은 사진 찍을 수 있을 거예요. 자신감을 가져보세요.,0
KoBART B1 lr2e-5 (06),전이학습,beam5+no_repeat_ngram3,어떻게 심쿵하게 하지?,평소 흘려 이야기했던 걸 기억해주고 생각하고 있다는 걸 알려주세요.,저랑 이야기해요. 저한테 말해보세요. 저에게 말해보,2
KoBART B1 lr2e-5 (06),전이학습,beam5+no_repeat_ngram3,조심조심,안전이 최고죠!,조심하 해야죠. 제발 조심하세요. 제 맘을 전해주,0
KoBART B1 lr2e-5 (06),전이학습,beam5+no_repeat_ngram3,술먹고 집앞에 찾아온남자,상대에게 휘둘려선 안 돼요.,술 먹고 웬수네요. 기분전환을 하길 바랄게,1
KoBART B1 lr2e-5 (06),전이학습,beam5+no_repeat_ngram3,커피가 너무 진해,달달한 시럽을 추가해보세요.,커피는 좋겠네요. 커피 한 잔 드세요. 커피향이 진,0
KoBART B1 lr2e-5 (06),전이학습,beam5+no_repeat_ngram3,우리집 망한 거 같애,철 들고 공부하세요.,망해도 자연스러운 현상이에요. 신경쓰지 마세요. 신경쓰,0
KoBART B1 lr2e-5 (06),전이학습,beam5+no_repeat_ngram3,열쇠 안가지고 왔다,깜빡 하셨나봐요.,열쇠를 가지고 오세요. 현관문이 닫혔는지 확인해보세요.,0
KoBART B1 lr2e-5 (06),전이학습,beam5+no_repeat_ngram3,오지마,안갈거예요.,오지마어요. 오지마세요. 기다릴게요. 오지 마세요. 기다,0
KoBART B1 lr2e-5 (06),전이학습,beam5+no_repeat_ngram3,공부 좀 더 할 걸,지금도 늦지 않았어요.,공부는 흥미를 가져보세요. 더 잘할 수 있을거예요.,0
KoBART B1 lr2e-5 (06),전이학습,beam5+no_repeat_ngram3,내 의견 좀 존중해 줬으면,스스로도 존중해주세요.,상대방을 존중해주세요. 자신의 가치관에 대해 진지하게 생각해보세요.,0
KoBART B1 lr2e-5 (06),전이학습,beam5+no_repeat_ngram3,친구랑 사랑하는 사람이 같아,사랑은 쟁취하는거예요.,사랑하는 사람이인가봐요. 슬프네요. 친구 이상으로 사랑하는 사람이 있을,2
KoBART B1 lr2e-5 (06),전이학습,beam5+no_repeat_ngram3,뭘 바꿔야 할까,당신 그대로의 모습이 보기 좋아요.,바꿔보고 게 좋을 거 같아요. 바꿔달라고 해보세요. 금방 바뀔 거예요.,0
KoBART B1 lr2e-5 (06),전이학습,beam5+no_repeat_ngram3,집 아예 샀어,내 집 마련 축하드려요.,내 집 마련의 한 걸음을 내딛으셨네요. 축하,0
KoBART B1 lr2e-5 (06),전이학습,beam5+no_repeat_ngram3,누군가를 짝사랑하게 되는게 두려워.,이제 짝사랑 말고 둘이서 하는 사랑하세요.,누군가를 짝사랑하게 되는 건 아닐까요. 상처받게 될까봐,2
KoBART B1 lr2e-5 (06),전이학습,beam5+no_repeat_ngram3,아직 좋아하는데 헤어지자고 하는 경우 있어?,간혹 있더라고요.,미련이 심한가봐요. 그래도 괜찮아요. 그렇지만 조금 더,2
KoBART B1 lr2e-5 (06),전이학습,beam5+no_repeat_ngram3,정말. 정말 쉽지가 않네. 이럴 땐 어떡해야 할까,마음 가는 대로 하세요.,좀 더 차분하게 생각해보세요. 마음이 정리될지도 몰라요.,1
KoBART B1 lr2e-5 (06),전이학습,beam5+no_repeat_ngram3,학원 안가고 싶다.,부모님과 이야기해보세요.,학원을 관리해 보세요. 도움이 될 지도 몰라요. 그래도 할 수,0
KoBART B1 lr2e-5 (06),전이학습,beam5+no_repeat_ngram3,나만 갈궈,애정표현일 지도 몰라요.,저랑 놀아요. 저한테 말해보세요. 저에게 말해보,0
KoBART B1 lr2e-5 (06),전이학습,beam5+no_repeat_ngram3,사랑해서 결혼하는 거지?,사랑하는 사람과 함께 있고 싶은 마음이 있으니까요.,사랑하게 사람이다 싶으면 만나보세요. 알콩달콩 사랑,2
KoBART B1 lr2e-5 (06),전이학습,beam5+no_repeat_ngram3,고백,성공하길 바랄게요.,용기내세요. 고백하세요. 고백해요. 슬쩍 호감을,2
KoBART B1 lr2e-5 (06),전이학습,beam5+no_repeat_ngram3,이제 정리하려고 합니다.,맘 고생 많았어요.,맘고생 많았어요. 정리하세요. 곧 좋은 소식이 들리길,1
KoBART B1 lr2e-5 (06),전이학습,beam5+no_repeat_ngram3,돈 어디갔지,퍼가요~,잘 찾아보세요. 어디 있을 지도 몰라요. 신경쓰지 마세요.,0
KoBART B1 lr2e-5 (06),전이학습,beam5+no_repeat_ngram3,코 막혀,감기 조심하세요.,코 감기일 수도 있어요. 스트레칭을 해주세요. 도움을 받아보세요.,0
KoBART B1 lr2e-5 (06),전이학습,beam5+no_repeat_ngram3,짝남과 자연스럽게 친해질 수 있는 방법 있을까?,공통 관심사를 찾아보세요.,공통 관심사를 찾아보세요. 자연스럽게 친해질 수 있을 거예요. 자연스럽게 다가가,2
KoBART B1 lr2e-5 (06),전이학습,beam5+no_repeat_ngram3,다 잊었는줄 알았는데.,잊는 게 아니고 무덤덤해지는 것 같아요.,맘고생 많았어요. 미련 남지 않길 바랄게요.,1
KoBART B1 lr2e-5 (06),전이학습,beam5+no_repeat_ngram3,맘 잡았다고 생각했는데,마음 잡기가 쉽지 않아요.,맘 정리생겼나봐요. 맘고생 많았나봅니다.,1
KoBART B1 lr2e-5 (06),전이학습,beam5+no_repeat_ngram3,짝남 프사랑 비슷한거 하고 싶은데 해도 될까?,살짝 티내려는 거라면 찬성합니다.,직접 물어보는게 좋을 것 같아요. 직접 하는게 좋겠어요. 직접,2
KoBART B1 lr2e-5 (06),전이학습,beam5+no_repeat_ngram3,차였지만 잊지못하고 있는 한 남자입니다.,그분에 대한 사랑이 깊었나봐요.,잊지못리길 바랄게요. 차분히 생각해봐요.,1
KoBART B1 lr2e-5 (06),전이학습,beam5+no_repeat_ngram3,정신차려야 하는거 아는데.,쉬운 일이 아니죠.,정신 차리세요. 힘드신가봐요. 차분히 생각해,1
KoBART B1 lr2e-5 (06),전이학습,beam5+no_repeat_ngram3,여친이 나를 안 좋아하는데 내가 붙잡고 있는 것 같아요.,충분한 대화를 나눈 후에 결정을 내리는게 좋겠네요.,여유를 갖고 생각해보세요. 마음이 정리될 거예요. 붙잡고 있는게,2
KoBART B1 lr2e-5 (06),전이학습,beam5+no_repeat_ngram3,여자인데 먼저 다가가도 돼?,성별은 중요하지 않아요.,다가가도 싶다면 먼저 다가가보세요. 어떨까요? 먼저 다가가도,2
KoBART B1 lr2e-5 (06),전이학습,beam5+no_repeat_ngram3,신혼 진짜 행복해,깨가 쏟아지고 있군요.,서로 배려 좋은 사람이네요. 좋은 사람 만날 수 있을 거예요. 좋은 사람과,2
KoBART B1 lr2e-5 (06),전이학습,beam5+no_repeat_ngram3,휴양지 가고 싶다,저도 쉬고 놀고 하고 싶어요.,저도 데려워요! 같이 가요. 저랑 같이 가세요. 같이,0
KoBART B1 lr2e-5 (06),전이학습,beam5+no_repeat_ngram3,야식 먹을까 말까,가볍게 먹을 수 있는 걸 먹어보세요.,꼬박꼬박 챙겨 드세요. 맛있는거 드세요. 저에게 전해,0
KoBART B1 lr2e-5 (06),전이학습,beam5+no_repeat_ngram3,운동을 하는 남자가 좋아,뭐든 열심히 하는 사람은 좋아보여요.,운동을 해보보세요. 멋질 수 있을 거예요. 같이 운동해보세요. 멋,2
KoBART B1 lr2e-5 (06),전이학습,beam5+no_repeat_ngram3,애인이 있는데 좋아하는 사람이 생겼어요.,마음으로 바람피는 거네요.,애석스러운 일이 생겼나봐요. 슬프네요. 신경 쓰이는,2
KoBART B1 lr2e-5 (06),전이학습,beam5+no_repeat_ngram3,이별 후 3개월이 지났는데.,여전히 힘든가봅니다.,생각보다 많은 시간이 지났네요. 아직 실감이 나지 않나봐,1
KoBART B1 lr2e-5 (06),전이학습,beam5+no_repeat_ngram3,전남친이 톡 차단했더라구,이별에 도움이 될지도 몰라요.,차단도 게을리하지 마세요. 도움이 될 거예요. 차단하세요.,1
KoBART B1 lr2e-5 (06),전이학습,beam5+no_repeat_ngram3,오늘도 버티고 버팁니다,오늘도 해내고 해낸겁니다.,지금도 늦지 않았어요. 잘 버텨낼 수 있을 거예요. 조금만 더,1
KoBART B1 lr2e-5 (06),전이학습,beam5+no_repeat_ngram3,대출이 너무 많아,조금씩 갚아나가세요.,갚을 능력이 되는지 생각해보세요. 늦지 않았어요. 차곡,0
KoBART B1 lr2e-5 (06),전이학습,beam5+no_repeat_ngram3,주말이 참 힘들겠어,가족들과 근교로 여행가는 건 어떨까요.,주말이 힘들 거예요. 조금만 더 힘내세요! 기운 내세요!,1
KoBART B1 lr2e-5 (06),전이학습,beam5+no_repeat_ngram3,긴시간이 흐른 후면 괜찮아지겠지,괜찮아질 거예요.,시간이 흐른 후 괜찮아질 거예요. 조금만 더 힘내세요. 괜찮,1
KoBART B1 lr2e-5 (06),전이학습,beam5+no_repeat_ngram3,오늘은 학교 가고 싶지 않아,학교 다닐 때가 좋은 거예요.,가기 싫어도 가야겠죠. 조심히 다녀오세요. 피곤할지도,0
KoBART B1 lr2e-5 (06),전이학습,beam5+no_repeat_ngram3,맥주 한 잔 어때?,저랑 한 잔 해요.,저랑 한 잔 해요. 기분이 좋아졌으면 좋겠네요. 같이,0
KoBART B1 lr2e-5 (06),전이학습,beam5+no_repeat_ngram3,요즘 너무 고민이네,무슨 고민인지 말해주세요.,저에게 이야기해 보세요. 마음이 정리될 거예요. 저에게 기대세요.,1
KoBART B1 lr2e-5 (06),전이학습,beam5+no_repeat_ngram3,환경 때문에 헤어진 여자친구,현실적인 문제가 중요할 때가 있죠.,인연이 거기까지였나봐요. 차분히 생각해보세요.,1
KoBART B1 lr2e-5 (06),전이학습,beam5+no_repeat_ngram3,보고파,보고싶은신가봐요.,보고 싶은가봐요. 보고 싶네요. 보고 싶어요! 보고,1
KoBART B1 lr2e-5 (06),전이학습,beam5+no_repeat_ngram3,친구들이 사랑하니까 예뻐졌대,행복 바이러스에 감염되셨군요.,예뻐 예뻐요. 특히나나요. 자신감을 가지세요. 자신감을 가지,2
KoBART B1 lr2e-5 (06),전이학습,beam5+no_repeat_ngram3,참아내지 못하고 전화를 했습니다.,이제 마음을 비우세요.,후회하지 않길 바랄게요. 용기내세요. 용기,1
KoBART B1 lr2e-5 (06),전이학습,beam5+no_repeat_ngram3,한 번 보고 어떻게 판단하지,첫인상은 상대방을 바라봤을때 3초에 결정난데요.,많이 고민했나봐요. 차분히 생각해보세요. 조금 더,0
KoBART B1 lr2e-5 (06),전이학습,beam5+no_repeat_ngram3,1년만에 다시헤어지게 됐네,헤어짐은 항상 힘들죠.,많은 시간이 흘렀네요. 힘내세요. 힘내세요! 기운,1
KoBART B1 lr2e-5 (06),전이학습,beam5+no_repeat_ngram3,돈 벌어서 뭐하지,저 주세요.,저랑 하세요. 저한테 말해보세요. 저에게 말해주세요.,0
KoBART B1 lr2e-5 (06),전이학습,beam5+no_repeat_ngram3,아무리 미친놈 욕을해도,그리워지나요.,욕은 남이니 욕하지 마세요. 미련이 남았나,1
KoBART B1 lr2e-5 (06),전이학습,beam5+no_repeat_ngram3,나 어떡하나,무슨 일인지 말해주세요.,어흥어떡하나요. 어흥 얼른 주무세요. 어흥,1
KoBART B1 lr2e-5 (06),전이학습,beam5+no_repeat_ngram3,이제 숨 좀 쉬나,충분히 극복할 수 있어요.,숨 쉴만 했으면 좋겠네요. 기운 내길 바랄게,1
KoBART B1 lr2e-5 (06),전이학습,beam5+no_repeat_ngram3,친구가 소심해,더 신경써 주세요.,친구를 사귀어 보세요. 생각이 정리될 거예요. 연락해 주세요.,0
KoBART B1 lr2e-5 (06),전이학습,beam5+no_repeat_ngram3,정규직 너무 쪼금 뽑아,쪼잔하네요.,쪼그 쪼그만해도 괜찮아요. 신경쓰지 마세요.,0
KoBART B1 lr2e-5 (06),전이학습,beam5+no_repeat_ngram3,서핑하러 가야지,좋은 취미네요.,바쁜가봐요. 열심히 하세요. 좋은 모습 보여드릴게요. 좋은,0
KoBART B1 lr2e-5 (06),전이학습,beam5+no_repeat_ngram3,책 팔 수 있는 곳 알려줘?,중고서점에서 팔아보세요.,책을 많이거나 빌려보세요. 잘할 수 있을 거예요! 라고,0
KoBART B1 lr2e-5 (06),전이학습,beam5+no_repeat_ngram3,싸웠다,마음이 불편하겠어요.,싸우면서 정 들 거예요. 싸우세요. 싸워요. 싸우세요. 정 들,1
KoBART B1 lr2e-5 (06),전이학습,beam5+no_repeat_ngram3,적금 들어야 하나,적금 들 수 있으면 드는 게 좋죠.,적금 들 수 있는 게 좋죠. 들어드릴게요. 들어드릴,0
KoBART B1 lr2e-5 (06),전이학습,beam5+no_repeat_ngram3,뭐라도 배워볼까,배움에는 언제나 찬성이에요.,배움에는 언제나 찬성이에요. 저도 배워보고 싶어요.,0
KoBART B1 lr2e-5 (06),전이학습,beam5+no_repeat_ngram3,괜찮은 줄 알았는데.,우리는 많이 모르고 살죠.,괜찮은 사람이니까요. 힘드시겠어요. 힘내세요. 힘내,1
KoBART B1 lr2e-5 (06),전이학습,beam5+no_repeat_ngram3,사랑과 정 끊기 어렵네,사람이니까요.,정답을 끊는게 쉽진 않으니까요. 그렇지만 정 끊는,1
KoBART B1 lr2e-5 (06),전이학습,beam5+no_repeat_ngram3,잊고싶어도 잊질못하네,함께한 시간이 있었으니까요.,쉬운 일은 아니니까요. 자연스러운 현상이에요. 천천히 잊혀질,1
KoBART B1 lr2e-5 (06),전이학습,beam5+no_repeat_ngram3,5년간 사귀고 어제 헤어졌습니다.,힘든 결정이었을텐데 혼자만의 시간이 필요하겠어요.,많이 힘들했겠어요. 힘드시겠어요. 속시원하게 보내,1
KoBART B1 lr2e-5 (06),전이학습,beam5+no_repeat_ngram3,너무 답답해 조언 좀 해줘,다른 생각을 해보세요.,네 말씀해주세요. 언제나 부족한 부분이 있을 거예요. 부족한 부분을 찾아내서,1
KoBART B1 lr2e-5 (06),전이학습,beam5+no_repeat_ngram3,무서운 꿈 꿨어,요즘 예민한가봐요.,꿈같은 현실이에요. 걱정하지 마세요. 좋은 소식이 들리려고,0
KoBART B1 lr2e-5 (06),전이학습,beam5+no_repeat_ngram3,핸드폰 바꿀 때가 된듯,오래 쓰셨나봐요.,핸드폰은 핸드폰 가게에서 삭제하는게 좋죠. 핸드폰,0
KoBART B1 lr2e-5 (06),전이학습,beam5+no_repeat_ngram3,헤어진지 한달 됐네,시간이 흐르는 것 처럼 마음도 흘러갈 거예요.,하루 하루를 헤아리는 건 자신을 더 힘들게 만들 뿐이에,1
KoBART B1 lr2e-5 (06),전이학습,beam5+no_repeat_ngram3,이별후 한달.,이제 조금이라도 괜찮아졌길 바랍니다.,곧 지나길 바랄게요. 짧지 않은 시간 안에 좋은 소식이,1
KoBART B1 lr2e-5 (06),전이학습,beam5+no_repeat_ngram3,썸탈때 여자가 먼저 연락하면 안돼?,여자 남자가 어딨나요.,부담스럽지 않은 선에서 연락해보세요. 어떨 땐 데이트 신청,2
KoBART B1 lr2e-5 (06),전이학습,beam5+no_repeat_ngram3,체육대회한데,일기예보 확인해보세요.,운동할 맛 나겠네요. 체력에 도움이 될 것 같아요.,0
KoBART B1 lr2e-5 (06),전이학습,beam5+no_repeat_ngram3,짝사랑중인데 그 애는 저를 잘 알지 못하는데 연락을 하면 놀랠까요?,갑자기 연락하면 놀라겠죠.,그 애의 연락을 기다리고 있었나봐요. 안타깝게 생각됩니다.,2
KoBART B1 lr2e-5 (06),전이학습,beam5+no_repeat_ngram3,랜선 연애 어떻게 생각해?,얼굴을 안 보고 부딪히지도 않아서 제대로 된 연애가 가능하지 않을 수도 있지만 다 나쁜 건 아니에요.,랜선연애도 가능해요. 그렇지만 사귀고 난,2
KoBART B1 lr2e-5 (06),전이학습,beam5+no_repeat_ngram3,짝남 그냥 연락 끊긴지 오래됐는데 연락하는 거 오바야?,후회하는 것 보단 연락하고 결정하는게 좋겠어요.,연락 끊 끊긴 지 오래됐나봐요. 걱정하지 마세요.,2
KoBART B1 lr2e-5 (06),전이학습,beam5+no_repeat_ngram3,술 먹는 거 말고 친구랑 뭐하지,아무것도 안해도 재밌을 거예요.,맛있게 드세요. 단맛이네요. 저랑 단짠해도,0
KoBART B1 lr2e-5 (06),전이학습,beam5+no_repeat_ngram3,클럽에서 만난 남자친구와 오래 갈 수 있을까?,어디에서 만난 건 상관없어요.,오래 갈 수 있는 여건을 만들어보세요. 가능하면 빨리 가보,2
KoBART B1 lr2e-5 (06),전이학습,beam5+no_repeat_ngram3,왜 살까,살아있음 자체로 의미가 있으니까요.,살쪄보면 알 수 있어요. 신경쓰지 않아도 돼요. 신경쓰,0
KoBART B1 lr2e-5 (06),전이학습,beam5+no_repeat_ngram3,이사람 무슨 생각인걸까,알 수 없는게 사람 마음인가봐요.,직접 물어보는 것도 좋을 것 같아요. 신경쓰지 말고 직접 물어,1
KoBART B1 lr2e-5 (06),전이학습,beam5+no_repeat_ngram3,헤어진지 6개월,많은 시간이 흘렀네요.,어느덧 2주가 흘렀나봐요. 곧 지나갈 거예요. 다시,1
KoBART B1 lr2e-5 (06),전이학습,beam5+no_repeat_ngram3,피자 식어서 왔어,그래도 맛있게 드세요.,맛있게 드세요. 얼른 드세요. 볶음밥 드세요.,0
KoBART B1 lr2e-5 (06),전이학습,beam5+no_repeat_ngram3,오늘도 힘들다,지금은 힘들겠지만 조금만 더 견뎌봐요.,오늘도 힘들 견디겠어요. 힘들겠지만 이겨낼 수 있을 거예요. 힘내,1
KoBART B1 lr2e-5 (06),전이학습,beam5+no_repeat_ngram3,앞머리 다시 길러볼까,다 예뻐요.,살짝 내려보는것도 괜찮을 거예요! 예쁘게 길러보세요.,0
KoBART B1 lr2e-5 (06),전이학습,beam5+no_repeat_ngram3,엿같다.,벗어나는 게 좋겠네요.,설마겠어요. 마음을 단단히 먹어야겠어요. 조심하세요.,0
KoBART B1 lr2e-5 (06),전이학습,beam5+no_repeat_ngram3,내일 약속 있는데 날씨 좋았으면,날씨가 안 좋더라도 데이트는 성공적일 거예요.,얼른 집에 가서 쉬시길 바랄게요. 따뜻하게 입,0
KoBART B1 lr2e-5 (06),전이학습,beam5+no_repeat_ngram3,짝남한테 게임 초대 톡 왔음.,게임 초대라니 서운하겠어요.,아쉽겠요. 아쉽겠어요. 분위기 있음 좋겠어요. 기분 좋겠어요.,2
KoBART B1 lr2e-5 (06),전이학습,beam5+no_repeat_ngram3,연락하는 게 익숙하지가 않아,하다보면 익숙해질거예요.,익숙해 익숙해지지 않으니까요. 익숙해지면 익숙해질 거예요.,0
KoBART B1 lr2e-5 (06),전이학습,beam5+no_repeat_ngram3,좀 쉬면서 애기 키워야 할 듯,좋은 곳에서 일하시나봐요.,키우기 쉬울 거예요. 자연스러운 현상이에요. 차분히 생각해,0
KoBART B1 lr2e-5 (06),전이학습,beam5+no_repeat_ngram3,하늘을 날고 싶어,오래 살면 가능할 거 같아요.,하늘을 보고 웃어보세요. 기분이 바뀔거예요. 저에게 말해,0
KoBART B1 lr2e-5 (06),전이학습,beam5+no_repeat_ngram3,이상형 알고싶다,주변 사람에게 물어보거나 직접 물어보세요.,이상형은 아니지만 호감이 있을 수도 있어요. 그렇지만 조금 더 상황을 지켜보세요.,2
KoBART B1 lr2e-5 (06),전이학습,beam5+no_repeat_ngram3,사랑에 빠진 거 같아,행복해 보여요.,사랑에 빠졌나봐요. 사랑이 사람을 변하게 하나봅니다..,2
KoBART B1 lr2e-5 (06),전이학습,beam5+no_repeat_ngram3,정말 너무 힘들어.,많이 힘들었죠.,조금만 더 버텨보세요. 한결 마음이 가벼워질거예요.,1
KoBART B1 lr2e-5 (06),전이학습,beam5+no_repeat_ngram3,근황이 궁금해,연락해보세요.,근황을 좋으시군요. 칭찬해 드릴 수 있을거예요.,2
KoBART B1 lr2e-5 (06),전이학습,beam5+no_repeat_ngram3,사랑하는 사람 잊는 법,충분히 아파하면서 충분한 시간이 필요할 거예요.,잊을리 없나봐요. 잊을수도 있을거예요.,2
KoBART B1 lr2e-5 (06),전이학습,beam5+no_repeat_ngram3,썸남 생겼는데 프사 뭐할까?,큰 의미를 두지 않아도 돼요.,확실한 의사표시를 해보는 건 어떨까요. 프렌차이즈가,2
KoBART B1 lr2e-5 (06),전이학습,beam5+no_repeat_ngram3,썸남이 톡이 느려,저처럼 연락이 늦는 사람을 이해해 주세요.,사귀기 전 두근거림을 좋아하나 봐요. 신경쓰,2
KoBART B1 lr2e-5 (06),전이학습,beam5+no_repeat_ngram3,헤어진지 1달째 됐습니다.,금방 나아질 거예요.,하루 하루를 헤아리는 건 자신을 더 힘들게 만들 뿐이에,1
KoBART B1 lr2e-5 (06),전이학습,beam5+no_repeat_ngram3,결혼할 확신이 안선다고 헤어지자네,결혼에는 확신이 필요하죠.,결혼에 확신이 들 때까지 기다리세요. 힘들 때 도와드릴게,1
KoBART B1 lr2e-5 (06),전이학습,beam5+no_repeat_ngram3,짝사랑은 안 이뤄지나봐.,이뤄질 수도 있답니다.,짝사랑은 끝나지 않나봐요. 새로운 사랑이 찾아올 거예요.,2
KoBART B1 lr2e-5 (06),전이학습,beam5+no_repeat_ngram3,삼겹살에 소주,생각만 해도 군침이 도네요.,맛있게 드세요. 와~ 맛있어요! 와! 맛있어요. 와,0
KoBART B1 lr2e-5 (06),전이학습,beam5+no_repeat_ngram3,친구인데 고백해도 될까?,솔직한 마음으로 다가가보세요.,용기를 내서 고백해보세요. 용기내서 고백해도 될 것,2
KoBART B1 lr2e-5 (06),전이학습,beam5+no_repeat_ngram3,말실수했다,상처가 될 수 있어요.,실수했나봐요. 충격이 크시겠네요. 사과하,0
KoBART B1 lr2e-5 (06),전이학습,beam5+no_repeat_ngram3,관절염인가,계단 조심하세요.,병원에 가보세요. 증상이 호전될지도 몰라요. 신경쓰지,0
KoBART B1 lr2e-5 (06),전이학습,beam5+no_repeat_ngram3,숨막히네,숨 쉴 수 있을 때가 올 거예요.,숨 쉴만 했으면 좋겠네요. 조금만 더 쉬어주세요.,1
KoBART B1 lr2e-5 (06),전이학습,beam5+no_repeat_ngram3,왜 이별하고 다들 왜 연락을 끊는건가??,아무런 감정 없이 연락을 지속할 수 없으니까요.,연락을 끊는 건 기본이니까요. 왜 늦는 건지 이유를,1
KoBART B1 lr2e-5 (06),전이학습,beam5+no_repeat_ngram3,왜 저를 좋게 기억해주는 걸까,많이 아껴주셨나봐요.,호감이 있을 수도 있어요. 그렇지만 조금 더 상황을 지켜보세요. 조금 더 호,1
KoBART B1 lr2e-5 (06),전이학습,beam5+no_repeat_ngram3,첫눈,정말 이쁜 눈이 내려요.,눈을 감빡거려보세요. 금방 눈에 띄게 될 거예요. 곧,1
KoBART B1 lr2e-5 (06),전이학습,beam5+no_repeat_ngram3,이별한지 4개월째.,마음은 좀 정리 되어가길 바랍니다.,많은 시간이 흘렀네요. 아직 실감이 나지 않나봅니다.,1
KoBART B1 lr2e-5 (06),전이학습,beam5+no_repeat_ngram3,골프 못 치는데,처음부터 잘하는 사람은 없어요.,강습 받아보세요. 기분이 좋아질 거예요. 같이 가요. 같이 가,0
KoBART B1 lr2e-5 (06),전이학습,beam5+no_repeat_ngram3,오늘 날씨 죽인다,나들이 가보세요.,한적한 두근거림을 느껴보세요. 기분이 바뀔거예요.,0
KoBART B1 lr2e-5 (06),전이학습,beam5+no_repeat_ngram3,미팅에서 번호 딴 애가 좋은데 뭐라고 연락을 할까?,잘 들어갔는지 가볍게 물어보면서 다음 약속을 잡아보세요.,직접 전화든 간접적이든 의사를 확실히 밝혀보세요. 미팅에서,2
KoBART B1 lr2e-5 (06),전이학습,beam5+no_repeat_ngram3,내가미쳤지,당신을 탓하지 마세요.,그럴만 있죠. 저한테 말해보세요. 기분이 바뀔 거예요. 기분이 바뀔,1
KoBART B1 lr2e-5 (06),전이학습,beam5+no_repeat_ngram3,짧다면 짧고 길다면 긴 일년간의 연애가 끝이났네,마음의 정리가 되었나요.,짧지 길지 않은 시간이겠네요. 긴 연애는 끝나지,1
KoBART B1 lr2e-5 (06),전이학습,beam5+no_repeat_ngram3,오늘은 교회 안가면 안될까,왜 그럴까요?,가기 싫어도 가야겠죠. 같이 가세요. 같이 가요. 같이 가,0
KoBART B1 lr2e-5 (06),전이학습,beam5+no_repeat_ngram3,이러면 안되는 줄 알면서도,알면서도 잘 안되는게 사람 마음인가봐요.,인연이 거기까지인가봐요. 지칠 줄도 알아야 해요.,1
KoBART B1 lr2e-5 (06),전이학습,beam5+no_repeat_ngram3,이젠 의미있는 시간을 만들어보려해,그동안 못했던 일들을 시작해보세요.,의미있는 일이 있었나봐요. 시간을 정해서 시간을 정해보세요.,1
KoBART B1 lr2e-5 (06),전이학습,beam5+no_repeat_ngram3,점심시간에 외출하면 안 되나,사생활이 지켜지지 않나봐요.,개인 시간이 생길 거예요. 다른 곳에 가보세요. 도움이 될지도 몰라요.,0
KoBART B1 lr2e-5 (06),전이학습,beam5+no_repeat_ngram3,잠 못자고 있네,그분의 생각으로 가득한가봅니다.,잠 못 드는 밤인가봐요. 피곤한가봐요. 기운 내,1
KoBART B1 lr2e-5 (06),전이학습,beam5+no_repeat_ngram3,8년 연애끝의 이별.,공허함이 더 크시겠어요.,힘들겠지만 끝을 아는 것도 중요해요. 힘들었을 거라 생각해,1
KoBART B1 lr2e-5 (06),전이학습,beam5+no_repeat_ngram3,남자친구가 나를 더 좋아하게 할 수 있는 방법,당신이 더 사랑을 표현해보세요.,확실한 의사표시를 해봐요. 더 좋아하게 될 거예요. 더 좋아,2
KoBART B1 lr2e-5 (06),전이학습,beam5+no_repeat_ngram3,너도 고민 있어?,저는 고민이 없어요.,너그러도 고민하고 있을거예요. 너그러와 너그러,0
KoBART B1 lr2e-5 (06),전이학습,beam5+no_repeat_ngram3,대학교에서 첫사랑 다시 만났어.,운명적인 만남이네요.,좋은 만남이었길 바랍니다. 실망하지 마세요. 좋은 사랑이었길,2
KoBART B1 lr2e-5 (06),전이학습,beam5+no_repeat_ngram3,즉흥적인 여자친구가 고민임.,그게 매력이에요.,여자친구가 걱정된다고 말해보세요. 맞장구쳐주세요.,2
KoBART B1 lr2e-5 (06),전이학습,beam5+no_repeat_ngram3,여자친구가 더치페이를 안해.,데이트 통장에 대해 이야기해보세요.,더 신경페이가 되겠네요. 이해해 주세요. 더 신경쓰,2
KoBART B1 lr2e-5 (06),전이학습,beam5+no_repeat_ngram3,밉다 진짜,예뻐해 주세요.,저한테 하세요. 저한테 말해보세요. 저에게 기회를 주세요.,0
KoBART B1 lr2e-5 (06),전이학습,beam5+no_repeat_ngram3,귀가 윙윙거려,병원에 가세요.,펭킁킁거려보세요. 기분이 나아질거예요.,0
KoBART B1 lr2e-5 (06),전이학습,beam5+no_repeat_ngram3,냄새 나면 어쩌지?,"깨끗이 씻어보고 섬유유연제나 바디워시, 바디로션, 향수 등을 사용해보세요.","마스크 쓰고 나가세요. 바디로션 바디워시, 바",0
KoBART B1 lr2e-5 (06),전이학습,beam5+no_repeat_ngram3,정신 차려야 하는데,시간이 걸릴 수도 있지만 괜찮아질 거예요. 다른 곳으로 관심을 돌려보는 건 어떨까요?,차분차근 차분하게 준비해보세요. 차분하고 차,1
KoBART B1 lr2e-5 (06),전이학습,beam5+no_repeat_ngram3,오늘 야근인가,오늘도 고생이 많으시네요.,얼른 집에 가서 쉬시길 바랄게요. 피곤했나,0
KoBART B1 lr2e-5 (06),전이학습,beam5+no_repeat_ngram3,짜증 수준이 되어버렸습니다,조금 지친걸까요.,짜증날만 해요. 기분이 나빴으면 그만두세요. 기분이,1
KoBART B1 lr2e-5 (06),전이학습,beam5+no_repeat_ngram3,나 얘를 좋아하는 걸까?,있었던 일을 차분히 생각해봐요.,직접 대화를든 간접적이든 의사를 확실히 밝혀보세요. 좋아할 거예요.,2
KoBART B1 lr2e-5 (06),전이학습,beam5+no_repeat_ngram3,사귄지 한달됐어,한창 달달할 때네요.,많은 시간이 흘렀네요. 힘내세요. 곧 좋은 소식이 들리,2
KoBART B1 lr2e-5 (06),전이학습,beam5+no_repeat_ngram3,나 스마트폰 중독인가봐,가끔 핸드폰없이 살아보세요.,어플을 삭제해보세요. 생각이 정리될 거예요. 신경쓰지 마세요.,0
KoBART B1 lr2e-5 (06),전이학습,beam5+no_repeat_ngram3,고백은 어떻게 하는거야,솔직한 마음으로 다가가는 거죠.,고백은 타이밍이네요. 용기를 내서 말해보세요. 어,2
KoBART B1 lr2e-5 (06),전이학습,beam5+no_repeat_ngram3,세뱃돈 받았어 호호,아직 어린가봐요.,기분 전환환을 해보세요. 기분 전환에 도움이 될 거예요. 기분 전환 해보,0
KoBART B1 lr2e-5 (06),전이학습,beam5+no_repeat_ngram3,누군가를 좋아하는게 두려워.,좋아하는 감정을 느낀다는 자체가 참 행복한 거예요.,누군가를 좋아하는지는 중요하지 않아요. 단지 좋아했을 뿐이에요.,2
KoBART B1 lr2e-5 (06),전이학습,beam5+no_repeat_ngram3,너 때문이야,모두 제 잘못입니다.,네 말씀해주세요. 제가 위로해 드릴게요. 네 말씀 전해주,0
KoBART B1 lr2e-5 (06),전이학습,beam5+no_repeat_ngram3,엄마 미안해,엄마한테 잘해야 돼요.,미안해하지 않아도 돼요. 차분히 기다려주세요. 기다리,0
KoBART B1 lr2e-5 (06),전이학습,beam5+no_repeat_ngram3,썸녀한테 미련 남아,깨끗이 잊든 용기내든 실행에 옮겨 보세요.,미련이 남았나봐요. 미련을 버리세요.,2
KoBART B1 lr2e-5 (06),전이학습,beam5+no_repeat_ngram3,단수,단수가 되었는지 문의해 보세요.,맛난 걸 드셔보세요. 단맛이 나을 거예요. 단,0
KoBART B1 lr2e-5 (06),전이학습,beam5+no_repeat_ngram3,이렇게 진짜 끝인걸까.,인연이 거기까지인 가봐요.,끝을 때를 아는 것도 중요한 것 같아요. 힘들 때 시작하세요.,1
KoBART B1 lr2e-5 (06),전이학습,beam5+no_repeat_ngram3,폰게임 때매 폰 느려지는듯,정리해보세요.,잠깐 충전폰을 내려두세요. 충전하세요. 시간을 정해서 충전하,0
KoBART B1 lr2e-5 (06),전이학습,beam5+no_repeat_ngram3,너한테 이글안보여줄거다 .,그렇게 해요.,지칠만 해요. 제가 위로해줄게요. 용기를 내서 말해,1
KoBART B1 lr2e-5 (06),전이학습,beam5+no_repeat_ngram3,여자친구 여신같아,부럽네요.,좋은 인상을이었으면 좋겠네요. 슬프네요. 신경쓰지,2
KoBART B1 lr2e-5 (06),전이학습,beam5+no_repeat_ngram3,썸남이 춥다고 옷 잠궈주는데 설레.,다정한 사람이네요.,따뜻하게 입으세요. 춥다고 말해보세요. 기분이 바뀔 거예요.,2
KoBART B1 lr2e-5 (06),전이학습,beam5+no_repeat_ngram3,맘이 떠났다는게 맞는거 같아,마음 떠난 사람 잡기는 힘들어요.,마음이 떠났 떠났나봐요. 곧 떠날거예요. 마음이 정리될,1
KoBART B1 lr2e-5 (06),전이학습,beam5+no_repeat_ngram3,조모임 왜 이케 많아,요즘은 팀워크가 더 중요해졌어요.,조급하고 조급해하지 마세요. 조급하지 않아도 돼,0
KoBART B1 lr2e-5 (06),전이학습,beam5+no_repeat_ngram3,장난스러운 사이,재미있나봐요.,장난스러운 장난일 수도 있어요. 그렇지만 슬프게 생각할 수도 있어요. 장난,0
KoBART B1 lr2e-5 (06),전이학습,beam5+no_repeat_ngram3,크리스마스에 뭐 하나,크리스마스에는 케빈과 함께.,크리스마스는 특별한 날이에요. 맛있는 거 먹고 맛있는 거 드세요.,0
KoBART B1 lr2e-5 (06),전이학습,beam5+no_repeat_ngram3,친구들이 짝남 별로라고 하는게 짜증나.,왜 별로라고 할까요. 기분 상했겠어요.,짝사랑이 그리웠나봐요. 슬프네요. 신경쓰,2
KoBART B1 lr2e-5 (06),전이학습,beam5+no_repeat_ngram3,현실적 문제로 연애 포기해야할듯,잠시 쉬어도 괜찮아요.,현실적 벽에 부딪혔나봐요. 차분히 생각해보세요.,2
KoBART B1 lr2e-5 (06),전이학습,beam5+no_repeat_ngram3,기숙사 사는거 어떨까?,혼자 사는 것보다 불편하겠죠.,혼자 사는 것보다 더 좋은 생활습관이네요. 기숙사 생활도,0
KoBART B1 lr2e-5 (06),전이학습,beam5+no_repeat_ngram3,전화 왜 안 받지,바쁜일이 있나봐요.,연락두절돼서 걱정되겠네요. 조심히 하세요.,0
KoBART B1 lr2e-5 (06),전이학습,beam5+no_repeat_ngram3,끝나면 좋을 줄 알았는데.,마음이 허전하신가봐요.,슬프네요. 힘들겠어요. 힘내세요. 힘내세요!,0
KoBART B1 lr2e-5 (06),전이학습,beam5+no_repeat_ngram3,서로 사랑하는데 불안해,믿음이 더 필요해 보이네요.,불안해 감정에 휘둘리는 건 좋지 않아요. 자신감을 가지세요.,2
KoBART B1 lr2e-5 (06),전이학습,beam5+no_repeat_ngram3,어떤 영화 볼까,최신 영화가 좋을 것 같아요.,영화 한이트로 보시면 좋을 것 같아요. 도전해 볼만,0
KoBART B1 lr2e-5 (06),전이학습,beam5+no_repeat_ngram3,돈 굴리기,저도 좀 알려주세요.,주식으로 돈버는사람은 몇명 없대요.그만큼,0
KoBART B1 lr2e-5 (06),전이학습,beam5+no_repeat_ngram3,나한테 할 말 있대 뭘까?,기대되겠네요.,하고 싶은 말 다하세요. 신경쓰지 마세요. 할 말 다,0
KoBART B1 lr2e-5 (06),전이학습,beam5+no_repeat_ngram3,좋아하는 사람 앞에서 성격이 이중적인데 정상인가요.,자연스러운 현상입니다.,정상은 힘들겠지만 슬프지 않을 거예요. 신경쓰지 마세요.,2
KoBART B1 lr2e-5 (06),전이학습,beam5+no_repeat_ngram3,방학이 있었으면.,잠시 쉬어가도 괜찮아요.,방학이 참 짧죠. 피곤하겠어요. 곧 방학이예요. 곧,0
KoBART B1 lr2e-5 (06),전이학습,beam5+no_repeat_ngram3,결국엔 끝이라는 생각,쉽게 받아들여지진 않을거예요.,끝은 때를 아는 것도 중요한 것 같아요. 끝을 아는 것도 중요,1
KoBART B1 lr2e-5 (06),전이학습,beam5+no_repeat_ngram3,전화하면서 잠들고 싶다.,낭만적이네요. 전화해보세요.,걱정하지 마세요. 연락드릴게요. 걱정하지마세요. 걱정하지,2
KoBART B1 lr2e-5 (06),전이학습,beam5+no_repeat_ngram3,좋은 사람으로 남는다는것,어렵네요.,좋은 사람만 남았나봐요. 기억나지 않을 거예요. 저,1
KoBART B1 lr2e-5 (06),전이학습,beam5+no_repeat_ngram3,남녀간의 소통의 중요성을 다시 한번 깨달았습니다.,서로 공감할 수 있는 이야기가 필요하죠,인간 관계 깊은 곳이었나봐요. 자연스러운 현상이에요. 다시,2
KoBART B1 lr2e-5 (06),전이학습,beam5+no_repeat_ngram3,게임 때문에 폰이 점점 느려지는듯,정리해보세요.,포맷페이스를 유지해보세요. 포맷이 맞는지 확인해보,0
KoBART B1 lr2e-5 (06),전이학습,beam5+no_repeat_ngram3,연락이 없네,이별의 끝일지도 몰라요.,연락이 삭제하는게 좋겠네요. 그래도 해보는 건 어떨까,1
KoBART B1 lr2e-5 (06),전이학습,beam5+no_repeat_ngram3,화장 잘 하고 싶다,하다보면 늘어요.,잠깐씩 화장실에 가보세요. 기분이 바뀔거예요. 잠깐만,0
KoBART B1 lr2e-5 (06),전이학습,beam5+no_repeat_ngram3,수염 자르는 게 낫겠지,깔끔하게 정리해보세요.,짧게 변화를 줘도 괜찮을 거 같아요. 지압을 해보,0
KoBART B1 lr2e-5 (06),전이학습,beam5+no_repeat_ngram3,오늘 짝남이 썸녀 생긴거 알게 돼서 술 좀 마셨어요.,속이 답답하겠어요.,술이 웬수네요. 기분전환을 해보세요. 알콩달,2
KoBART B1 lr2e-5 (06),전이학습,beam5+no_repeat_ngram3,버스 정류장에서 기다리던 사람,멋있네요.,두근거리겠네요. 버스 정류장에서 기다리세요. 기다,0
KoBART B1 lr2e-5 (06),전이학습,beam5+no_repeat_ngram3,미세먼지 때문에 짜증나,마스크 쓰고 나가세요.,마스크 쓰고 나가세요. 피곤했나봐요. 기분 전환 해보세요.,0
KoBART B1 lr2e-5 (06),전이학습,beam5+no_repeat_ngram3,점심 메뉴 좀 골라줘,누구랑 먹는 냐에 따라 다르겠죠.,맛있는 거 드세요. 저랑 같이 드세요. 맛있는 식사 준비하세요.,0
KoBART B1 lr2e-5 (06),전이학습,beam5+no_repeat_ngram3,친구들이랑 맛집 가고 싶어,조금씩 더 행복해 질거 같아요,맛있게 드시고 오신 걸 축하드려요. 어서 가세요. 맛있는,0
KoBART B1 lr2e-5 (06),전이학습,beam5+no_repeat_ngram3,만족해야겠지?,내가 있는 곳 그 자리에서 만족하는 것이 중요해요.,만족하면 발전이 없으니까요. 다른 것에 만족하지 말고 자신을 만족,0
KoBART B1 lr2e-5 (06),전이학습,beam5+no_repeat_ngram3,영화 보자는데 나한테 관심 있나?,영화 보고 나서 고민해도 안 늦어요.,직접 물어보는 게 좋을 것 같아요. 관심있는 게 좋겠지만 직접,2
KoBART B1 lr2e-5 (06),전이학습,beam5+no_repeat_ngram3,초콜릿 선물하면 좋아할까?,좋아할거예요.,부담스럽지 않은 선이 좋겠어요. 좋아할 거예요. 부담스러워하지,0
KoBART B1 lr2e-5 (06),전이학습,beam5+no_repeat_ngram3,일본어 어렵네,저도 참 힘들어요.,쉬운 일은 아니에요. 신경쓰지 마세요. 조금만 더 힘내,0
KoBART B1 lr2e-5 (06),전이학습,beam5+no_repeat_ngram3,왜 이렇게 태어났을까?,서로 다르게 태어난 이유는 저마다의 목소리를 내기 위해서예요. 자신의 목소리를 들어주세요.,태어난 이유는보다 더 사랑했나봐요. 자책하지 마세요.,0
KoBART B1 lr2e-5 (06),전이학습,beam5+no_repeat_ngram3,너무 외로워,외로우니까 사람이다.,외로운움을 피하지 마세요. 자신을 사랑해주세요. 당당해지세요.,0
KoBART B1 lr2e-5 (06),전이학습,beam5+no_repeat_ngram3,짝사랑 하는 사람이 날 좋아할리는 없겠지?,나를 비하하지 마세요.,직접적으로든 간접적이든 의사를 확실히 밝혀보세요. 좋아할 수,2
KoBART B1 lr2e-5 (06),전이학습,beam5+no_repeat_ngram3,연상녀랑 어제 헤어졋네,정신이 없겠네요.,마음이 허하겠어요. 이별을 받아들이는 연습을 해봐요. 마음이,1
KoBART B1 lr2e-5 (06),전이학습,beam5+no_repeat_ngram3,여자친구가 돈이 너무 없어.,조금씩 함께 해도 좋을 것 같아요.,돈을 더른 시일 내에 모아야할 이유가 생겼네요. 힘내,2
KoBART B1 lr2e-5 (06),전이학습,beam5+no_repeat_ngram3,쉬마려,화장실 가세요.,잠시 쉬어도 괜찮아요. 피곤할텐데 잠깐 쉬다 가,0
KoBART B1 lr2e-5 (06),전이학습,beam5+no_repeat_ngram3,불금입니다,자신만의 시간을 가져봐요.,좋은 생각만 하세요. 힘드시겠네요. 차분히 생각해,1
KoBART B1 lr2e-5 (06),전이학습,beam5+no_repeat_ngram3,어떻게 벌주어야 할까.,그대로 돌아올지도 몰라요. 그저 무시하세요.,많이 벌 좋으시군요. 관심을 가지고 지켜보세요. 좋은 결과 있을 거예요.,1
KoBART B1 lr2e-5 (06),전이학습,beam5+no_repeat_ngram3,무언가에 집중하는 남자가 좋아,매력적인 사람이지요.,무언가에 집중할 수 있으면 좋을텐데요. 딴짓을 해보,2
KoBART B1 lr2e-5 (06),전이학습,beam5+no_repeat_ngram3,좋은이별은 어떤건가,좋은 이별은 없다고 생각해요.,좋은 인만 남았나봐요. 나쁜 사람 만나지 마세요.,1
KoBART B1 lr2e-5 (06),전이학습,beam5+no_repeat_ngram3,내 마음에 마지막 인사,마음이랑 잘 인사해요.,맘고생 많았어요. 더 좋은 사람 만날 수 있었으면 좋겠어요.,1
KoBART B1 lr2e-5 (06),전이학습,beam5+no_repeat_ngram3,올해 왜 이러지,내년이라고 별 수 있겠어요.,인연이 거기까지였나봐요. 아직 실감이 안나나,0
KoBART B1 lr2e-5 (06),전이학습,beam5+no_repeat_ngram3,안주 추천 좀,살 안 찌는 게 좋을 것 같아요.,같이 안주어보는 건 어떨까요. 괜찮을거예요.,0
KoBART B1 lr2e-5 (06),전이학습,beam5+no_repeat_ngram3,남자친구 또 운동 갔어,운동을 함께 해보세요.,남자친구가 좋아할 만한 운동이네요. 같이 운동해보세요.,0
KoBART B1 lr2e-5 (06),전이학습,beam5+no_repeat_ngram3,혈액형이 성격이랑 무슨 상관이지,상관 없는 거 같아요.,자신의 혈액혈관이 중요하죠. 자신의 혈액형을 믿어보세요.,2
KoBART B1 lr2e-5 (06),전이학습,beam5+no_repeat_ngram3,이제는 너를 보낼 시간이 가까이 오는구나.,이별을 받아들이는 것도 중요해요.,이제 그녀를 놓아주세요. 당신의 시간은 이미 지나갔어요. 기다려주,1
KoBART B1 lr2e-5 (06),전이학습,beam5+no_repeat_ngram3,사전이 이상해,사전도 사람이 만드니까 이해해주세요.,사전도 사람이니까 이해해 주세요. 그리고 사전은 필요 없어요.,0
KoBART B1 lr2e-5 (06),전이학습,beam5+no_repeat_ngram3,친척들 만나는 거 불편해,서로를 조금만 생각해 주면 만남이 즐거울 텐데 말이예요.,만나지 불편하겠어요. 만나지 않는 게 서로에게 좋으니까요.,0
KoBART B1 lr2e-5 (06),전이학습,beam5+no_repeat_ngram3,아 놔 생리통,힘들겠어요.,약을 드셔보세요. 약이 덜 쓰일거예요. 약을,0
KoBART B1 lr2e-5 (06),전이학습,beam5+no_repeat_ngram3,거의 매일 술,술 많이 드시면 더 무너져요.,술이 너무 많이 드시지 마세요. 기운 내길 바랄게,1
KoBART B1 lr2e-5 (06),전이학습,beam5+no_repeat_ngram3,노트북 안돼,그럴때는 초기화하는게 속시원해요.,노트북은 비싸요. 그럴거예요. 그렇지만 노트북은 괜찮아요.,0
KoBART B1 lr2e-5 (06),전이학습,beam5+no_repeat_ngram3,오늘은 노래한 곡에 또 울컥 ㅠ,힘들 때 슬픈 노래는 우리를 잠식시키는 것 같아요.,울어도 돼요. 저에게 말해보세요. 울컥울컥.,1
KoBART B1 lr2e-5 (06),전이학습,beam5+no_repeat_ngram3,낚시 안 해봤는데 재미있어 보인다,도전해 봐도 좋을 거 같아요.,저도 해 싶어요. 도전해보고 싶네요. 저랑 같이 해보,0
KoBART B1 lr2e-5 (06),전이학습,beam5+no_repeat_ngram3,왜 갑자기 연락했을까?,이렇게 고민하게 만들려고 그랬나봐요.,후련 후 연락일 수도 있겠네요. 그렇지만 조금 더 상황을 지켜보,0
KoBART B1 lr2e-5 (06),전이학습,beam5+no_repeat_ngram3,이 길이 나에게 맞는걸까,잘 가고 있을 거예요.,길이만큼 맞는지 생각해보세요. 알 수 있을 거예요. 생각해 볼게,0
KoBART B1 lr2e-5 (06),전이학습,beam5+no_repeat_ngram3,남자 어디서 만나,소개팅 시켜달라고 말해보세요.,소개팅 시켜달라고 말해보세요. 좋은 인상을 받을 수 있을 거예요. 소개,0
KoBART B1 lr2e-5 (06),전이학습,beam5+no_repeat_ngram3,남자친구가 너무 국밥류만 좋아해.,다양하게 먹자고 해보세요.,좋아하는 취향식이 있는지 확인해보세요. 그래도 국밥은 좋아해요.,2
KoBART B1 lr2e-5 (06),전이학습,beam5+no_repeat_ngram3,친구들이 나만 왕따시키는 거 같아,선생님께 도움을 청해보세요.,왕따 왕따 시키지 마세요. 오히려 왕따시켜 주세요.,0
KoBART B1 lr2e-5 (06),전이학습,beam5+no_repeat_ngram3,공부하는 이유?,공부하면 더 많은 선택을 할 수 있죠.,공부는 뭐든 좋아요. 자연스러운 현상이에요. 잠시 쉬어가,0
KoBART B1 lr2e-5 (06),전이학습,beam5+no_repeat_ngram3,미래를 함께할 반려자인지 확신이 아직 없어,확신이 들때까지 기다려보세요.,확신이 없나봐요. 확신이 들 때까지 기다려보세요. 확,2
KoBART B1 lr2e-5 (06),전이학습,beam5+no_repeat_ngram3,정리 불가,차근차근 해보세요.,정리하는 시간이 필요할거예요. 정리할 시간이 필요해요. 정리,0
KoBART B1 lr2e-5 (06),전이학습,beam5+no_repeat_ngram3,금수저로 태어났으면 좋았을텐데,아이를 금수저로 만들어주세요.,금수수저로 태어났으면 좋았을텐데 안타깝네요.,0
KoBART B1 lr2e-5 (06),전이학습,beam5+no_repeat_ngram3,짝남이랑 카톡이 끊겼는데 어떻게 더 연락할까?,연락할 핑계를 찾아보세요.,연락해보 하는게 좋겠어요. 더 연락해보는 건 어떨까요?,2
KoBART B1 lr2e-5 (06),전이학습,beam5+no_repeat_ngram3,샌드위치 생각 나,애그 샌드위치 추천합니다.,샌드 샌드위치 추천합니다.,0
KoBART B1 lr2e-5 (06),전이학습,beam5+no_repeat_ngram3,딱 오늘 새벽 헤어졌습니다.,달 어스름에 더 울적하겠어요.,힘들겠네요. 힘내세요! 힘들겠어요. 힘내세요.,1
KoBART B1 lr2e-5 (06),전이학습,beam5+no_repeat_ngram3,감기 들 거 같애,이럴 때 잘 쉬는 게 중요해요.,병원가세요. 약을 드셔보세요. 증상이 호전될거예,0
KoBART B1 lr2e-5 (06),전이학습,beam5+no_repeat_ngram3,남자친구 카톡 말투가 마음에 안 들어.,마음에 안 드는 부분을 직접 말해보세요.,대화를 하면서 맞춰보세요. 생각이 바뀔 수도 있을 것 같아요. 차분,2
KoBART B1 lr2e-5 (06),전이학습,beam5+no_repeat_ngram3,사람들이 그런 말 하더군,사람들의 말은 한 귀로 듣고 한 귀로 흘리세요.,그런 말 하지 마세요. 당신도 그렇게 하세요. 무시하세요. 무시,1
KoBART B1 lr2e-5 (06),전이학습,beam5+no_repeat_ngram3,오늘 물 진짜 조금 마셨다,습관을 들여보세요.,저도 마워드릴게요. 저에게 전해주세요. 기분이 좋아졌,0
KoBART B1 lr2e-5 (06),전이학습,beam5+no_repeat_ngram3,나를 좋아하는건 바라지도 않아요.,슬픈 말이에요.,그렇다면 정말 나쁜 사람이네요. 나쁜 사람이에요. 자신을 더 사랑하,2
KoBART B1 lr2e-5 (06),전이학습,beam5+no_repeat_ngram3,습관 못 고치겠어,실패해도 조금씩 고치려고 해보세요.,고치기 어려우니까 습관이라고 하겠죠. 습관이라고 생각하세요.,0
KoBART B1 lr2e-5 (06),전이학습,beam5+no_repeat_ngram3,결혼하고 나서 애 낳기 싫어졌어,둘이 알콩달콩 잘 살면 되죠.,자연스러운 현상이에요. 신경쓰지 마세요. 마음이 아프네요.,2
KoBART B1 lr2e-5 (06),전이학습,beam5+no_repeat_ngram3,보고싶어 잠이 안와,그분 생각으로 가득찼나봐요.,잠이 안보이는지 확인해보세요. 피곤했나봐요. 기운,1
KoBART B1 lr2e-5 (06),전이학습,beam5+no_repeat_ngram3,짝남이 고시생이면 기다려야 하나요?,기다릴 수 있다면 기다리세요.,기다릴 수 있을지 자신에게 물어보세요. 답은 기다릴게요.,2
KoBART B1 lr2e-5 (06),전이학습,beam5+no_repeat_ngram3,짜증나서 집 나왔어,마음이 복잡하겠네요.,짜증날 땐 짜장면 먹어도 돼요. 기분 푸는,0
KoBART B1 lr2e-5 (06),전이학습,beam5+no_repeat_ngram3,재회를 위한 기다림,가만히 있는다고 달라지는 건 없을 거예요.,달라지는 게 없다면 만나지 않는 게 더 나을지도 몰라요.,1
KoBART B1 lr2e-5 (06),전이학습,beam5+no_repeat_ngram3,피곤해서 못일어나겠어,충전하는 시간 그 자체로 소중합니다.,피곤한나봐요. 피곤한가봐요. 기분전환 해보세요.,0
KoBART B1 lr2e-5 (06),전이학습,beam5+no_repeat_ngram3,서로가 원치 않았던 이별,누군가의 반대로 헤어졌나봐요.,원치 않길 바랄게요. 힘들겠지만 잘 이겨낼 수,1
KoBART B1 lr2e-5 (06),전이학습,beam5+no_repeat_ngram3,사랑은 주고 받는 거지?,사랑은 한 없이 줘도 아깝지 않은거라고 생각해요.,받는 것보다 주는 것보다 주는 게 좋을 것 같아요. 주고 받고 받는 것보다,2
KoBART B1 lr2e-5 (06),전이학습,beam5+no_repeat_ngram3,모르는 사람 만나는거 너무 스트레스야,자신과 마음이 맞는 좋은 사람 만나세요.,그런 사람 얼른 떨쳐버리세요. 아무말도 하지말고,0
KoBART B1 lr2e-5 (06),전이학습,beam5+no_repeat_ngram3,삼겹살 구워 먹어야지,맛있겠네요.,디저트 드세요. 맛있는 식사 되시길 바랄게요.,0
KoBART B1 lr2e-5 (06),전이학습,beam5+no_repeat_ngram3,방학 끝나서 좋아,친구들이 보고싶었나봐요.,방학이 참 짧죠. 적응하느라 고생했어요. 곧 방학이,0
KoBART B1 lr2e-5 (06),전이학습,beam5+no_repeat_ngram3,5년 만났는데 매일 보고 싶어,좋아보이네요.,후회하지 않을 자신 있다면 연락해보세요. 그리울게요. 그리울,2
KoBART B1 lr2e-5 (06),전이학습,beam5+no_repeat_ngram3,짝녀 오랫동안 멀리서 지켜보기만 하고 있습니다.,뒤에서만 지켜보는게 힘들었겠어요.,멀리서서 지켜보는 건 어떨까요. 자연스러운 현상이에요.,2
KoBART B1 lr2e-5 (06),전이학습,beam5+no_repeat_ngram3,다들 아니라는 남자.,왜 아니라고 하는지 살펴보세요.,남들 신경쓰지 마세요. 당신도 챙겨주세요. 괜히,1
KoBART B1 lr2e-5 (06),전이학습,beam5+no_repeat_ngram3,애완동물 키우고 싶은데 아빠가 키우지 말래,이유가 있을 거예요.,애완표현일 수도 있어요. 그렇지만 용기를 내서 설득해보세요.,0
KoBART B1 lr2e-5 (06),전이학습,beam5+no_repeat_ngram3,격려가 필요해.,잘하실 거예요!,격려가 돼서 더 큰 힘이 될 수 있을 거예요. 격려해주세요.,0
KoBART B1 lr2e-5 (06),전이학습,beam5+no_repeat_ngram3,참견 좀 하지마,저는 도움이 되고 싶어요.,참견찮은 사람이네요. 기분전환 해보세요. 기분전환 할,0
KoBART B1 lr2e-5 (06),전이학습,beam5+no_repeat_ngram3,결혼 해도 되는지 고민돼,결혼은 인생에서 중요해서 항상 고민이 되죠.,행복한 고민이생활이 되는지 생각해보세요. 알거예요. 결혼,2
KoBART B1 lr2e-5 (06),전이학습,beam5+no_repeat_ngram3,단거 땡긴다.,맛있게 먹으면 0칼로리!,맛난거 드세요. 단맛이 나길 바랄게요.,0
KoBART B1 lr2e-5 (06),전이학습,beam5+no_repeat_ngram3,어떡하지,어떡하면 좋을까요.,어흥!! 호랑이보다 무섭나요? 어흥! 호랑이,1
KoBART B1 lr2e-5 (06),전이학습,beam5+no_repeat_ngram3,흰머리 나,뽑지말고 염색을 해보세요.,머리랑 가슴이 가끔 따로 놀죠. 눈은 깜빡거려요.,0
KoBART B1 lr2e-5 (06),전이학습,beam5+no_repeat_ngram3,처음에 카톡 뭐라 보내지,잘지내는지 안부를 물어봐요.,연락두절돼서 걱정되겠네요. 잘 부탁드려요.,0
KoBART B1 lr2e-5 (06),전이학습,beam5+no_repeat_ngram3,면접 준비 어떻게 하지,회사와 자신에 대해서 더 공부해서 자신감을 가져보세요.,회사와 자신에 대해서 더 공부해서 자신감을 가져보세요. 좋은 결과,0
KoBART B1 lr2e-5 (06),전이학습,beam5+no_repeat_ngram3,편의점 간식 먹어야지,간단하고 좋죠.,맛있게 드세요. 좋은 식습관이에요. 건강에도 좋을 거예요.,0
KoBART B1 lr2e-5 (06),전이학습,beam5+no_repeat_ngram3,선생님이 나만 미워해,직접 여쭤보세요.,선생님도 너무 미워하는 것 같아요. 무시하세요. 무시하,0
KoBART B1 lr2e-5 (06),전이학습,beam5+no_repeat_ngram3,나 버림 받은 거 같아,아닐거예요.,후련 후폭풍이 있겠네요. 자신을 버리세요. 자신을 버,0
KoBART B1 lr2e-5 (06),전이학습,beam5+no_repeat_ngram3,나만의 시간이 필요한 것 같아,자신과 대화하는 시간이 필요하죠.,자기도하지 않아도 돼요. 자책하지 마세요. 당신의 몫입니다.,0
KoBART B1 lr2e-5 (06),전이학습,beam5+no_repeat_ngram3,썸인데 영화보재 뭐 보지?,공포영화나 액션은 어떨까요? 스킨십으로 이어질 수도 있어요.,영화보이트가 도움이 될 수도 있겠죠. 그렇지만 조금 더 상황을 봐,2
KoBART B1 lr2e-5 (06),전이학습,beam5+no_repeat_ngram3,갑자기 심장이 덜컹.,당황했나요?,심호흡을 해보세요. 증상이 덜 나타날 거예요. 걱정하지 마세요.,1
KoBART B1 lr2e-5 (06),전이학습,beam5+no_repeat_ngram3,사랑의 기준은 뭘까,사랑의 척도는 없어요.,직접적이보는 게 더 나을 수도 있어요. 그렇지만 조금 더 객관적으로,1
KoBART B1 lr2e-5 (06),전이학습,beam5+no_repeat_ngram3,화를 한 번 내는게 나을텐데,화 내는 연습을 해보세요.,화를 참는 연습을 해보세요. 기분 전환이 될 거예요. 기분 전환,0
KoBART B1 lr2e-5 (06),전이학습,beam5+no_repeat_ngram3,결혼하면 행복해질까?,사람마다 행복의 크기가 다르겠지만 행복할 거예요.,행복하면 마음 가짐에 있어요. 노력하면 할 수 있을 거예요. 함께,0
KoBART B1 lr2e-5 (06),전이학습,beam5+no_repeat_ngram3,눈 많이 왔어,눈사람 만들어보세요.,눈 내리는게 싫은가봐요. 눈이 많이 오면 얼른 내려,0
KoBART B1 lr2e-5 (06),전이학습,beam5+no_repeat_ngram3,눈이 계속 뻑뻑해,인공눈물을 넣어보세요.,눈이 많이 내렸나봐요. 차근차근 치워보세요.,0
KoBART B1 lr2e-5 (06),전이학습,beam5+no_repeat_ngram3,반에 친구가 없어,친구를 사귈 수 있을 거예요.,친구를 사귈 수 있을 거예요. 친구를 사귀어 보세요. 친구를 사,0
KoBART B1 lr2e-5 (06),전이학습,beam5+no_repeat_ngram3,집 망한 거 같은데,집에 도움이 되려고 노력해보세요.,내 집 마련의 한 걸음을 내딛으셨네요. 어서,0
KoBART B1 lr2e-5 (06),전이학습,beam5+no_repeat_ngram3,깜깜한데 전기 안들어오네,조금만 기다리면 다시 전기가 들어올거예요.,깜빡한가봐요. 따뜻하게 입으세요. 눈꺼풀,0
KoBART B1 lr2e-5 (06),전이학습,beam5+no_repeat_ngram3,여사친이랑 잘되고 싶다,잘 될 거예요!,잘되고 수다떨지 말고 잘될 수 있는 사람 만나세요.,2
KoBART B1 lr2e-5 (06),전이학습,beam5+no_repeat_ngram3,기프트콘 선물 괜찮을까?,직접 주는 게 더 좋을 것 같아요.,부담 없는지 생각해보세요. 괜찮을 거예요. 부담스럽지 않을 거예요.,0
KoBART B1 lr2e-5 (06),전이학습,beam5+no_repeat_ngram3,왕따된 거 같아,선생님께 도움을 청해보세요.,왕따 왕따 시키지 마세요. 친구가 왕따시켜요. 무시,0
KoBART B1 lr2e-5 (06),전이학습,beam5+no_repeat_ngram3,사과를 안해,나쁜 사람이네요.,후련하다니 다행이에요. 축하드려요. 기분이 좀 나아졌,0
KoBART B1 lr2e-5 (06),전이학습,beam5+no_repeat_ngram3,우산 같이 쓰자고 해볼까?,용기를 내세요.,용기를 내서 말해보세요. 우산 같이 쓰세요. 멋져요.,0
KoBART B1 lr2e-5 (06),전이학습,beam5+no_repeat_ngram3,정신 못차리겠다.,다른 사람의 삶에 한눈팔며 살기에는 자신의 인생이 너무나도 소중합니다.,조금만 더 버텨보세요. 한결 나을거예요. 힘내,0
KoBART B1 lr2e-5 (06),전이학습,beam5+no_repeat_ngram3,그냥 마음에서 지울게,천천히 보내주세요.,지칠만 해요. 저에게 말해보세요. 지울 수 있을,1
KoBART B1 lr2e-5 (06),전이학습,beam5+no_repeat_ngram3,세상이 너무 무서워,너무 불안해하지 않아도 돼요.,조심하세요. 진짜 무서운 사람이네요. 얼른 떨쳐버리세요.,0
KoBART B1 lr2e-5 (06),전이학습,beam5+no_repeat_ngram3,미안하대,많이 후회하나봐요.,미안해하지 않아도 돼요. 좋은 사람 만나길 바랄게요.,1
KoBART B1 lr2e-5 (06),전이학습,beam5+no_repeat_ngram3,생각할 시간을 갖자는 그녀,여러 번의 위기를 극복한 것처럼 극복해보세요.,충분한 대화를 나눠보는게 필요해요. 자신을 돌아보는 시간을 가져보,1
KoBART B1 lr2e-5 (06),전이학습,beam5+no_repeat_ngram3,대부분 무덤덤한 남자친구가 고민임.,감정에 솔직해질 수 있게 조금씩 변화시켜봐요.,무덤덤한 남자친구가 있을지도 몰라요. 걱정하지 마세요.,2
KoBART B1 lr2e-5 (06),전이학습,beam5+no_repeat_ngram3,나 설레는데 혹시 썸?,혼자 설레면 짝사랑 같이 설레면 썸입니다.,사귀기 전 두근거림을 좋아하나 봅니다. 차분,2
KoBART B1 lr2e-5 (06),전이학습,beam5+no_repeat_ngram3,사랑이 애매해,확실한 건 없죠.,애매표현일지도 몰라요. 애매해요. 차분,2
KoBART B1 lr2e-5 (06),전이학습,beam5+no_repeat_ngram3,좋아하는 사람 앞에서 다른 사람한테 관심 있는 척 해봤어요?,그런 순간이 있었지요.,사람 마다 다를 거예요. 관심 있는 척 해봤나봐요. 좋아,2
KoBART B1 lr2e-5 (06),전이학습,beam5+no_repeat_ngram3,어떤 사람이랑 결혼해야할까,함께할때 가장 자신다운 모습으로 살 수 있는 사람이랑 하는 게 좋은 것 같아요.,결혼에 대한 두려움을 버리시길 바랍니다. 용기를 내서,0
KoBART B1 lr2e-5 (06),전이학습,beam5+no_repeat_ngram3,짝녀가 외국인인데 좋아해도 되나?,사랑에는 국경이 없답니다.,외국인도 좋아해도 되나봐요. 안 좋아해도 괜찮아요.,2
KoBART B1 lr2e-5 (06),전이학습,beam5+no_repeat_ngram3,이별. 성숙해지다,이별은 성장하게하죠.,성숙해지는 단계인가봐요. 성숙해지는 순간이 올거예요.,1
KoBART B1 lr2e-5 (06),전이학습,beam5+no_repeat_ngram3,발목 삔 거 같애,꾸준히 치료하세요.,꾸준히 치료하세요. 도움을 청해보세요. 도움을 받아보세요. 도움이 될,0
KoBART B1 lr2e-5 (06),전이학습,beam5+no_repeat_ngram3,집에서 웃고 떠들고 있지만,저도 그럴 때가 있답니다.,분위기 있네요. 분위기 있길 바랄게요. 분위기를 띄어,1
KoBART B1 lr2e-5 (06),전이학습,beam5+no_repeat_ngram3,업무 지적 또 받음,업무 능력이 없는 게 아니라 센스가 부족한 걸 수도 있어요.,업무 능력이담을 줄여주세요. 업무에 집중할 수 있도록 도와주,0
KoBART B1 lr2e-5 (06),전이학습,beam5+no_repeat_ngram3,의견 차이가 있을 때 나 너무 무시해,무시당하는 기분이 들어서 너무 외롭고 상처받게 된다고 차분하고 부드럽게 말해보세요.,무시당세요. 무시하고 무시하세요. 무시하지마세요. 무시하,2
KoBART B1 lr2e-5 (06),전이학습,beam5+no_repeat_ngram3,유부녀 좋아하면 안되지?,마음정리하세요.,유부녀 좋아하면 안된다고 말해보세요. 가능하답니다.,2
KoBART B1 lr2e-5 (06),전이학습,beam5+no_repeat_ngram3,시험 공부 언제 다함,지금도 늦지 않았어요.,공부는 끝이 없나봐요. 저한테 말해주세요. 저한테,0
KoBART B1 lr2e-5 (06),전이학습,beam5+no_repeat_ngram3,여자친구가 너무 좋은데 점 본거에서는 만나지말래.,다른 데서도 봐보세요.,만나지 말라고 해요. 만나지 않는 게 더 나을 수도,2
KoBART B1 lr2e-5 (06),전이학습,beam5+no_repeat_ngram3,게임 때문에 시간 다갔어,게임할때는 시간이 더 빨리 가요.,게임할때는 시간이 더 빨리 가요. 다른 게임도 해보세요.,0
KoBART B1 lr2e-5 (06),전이학습,beam5+no_repeat_ngram3,선택 장애 있는 거 같아,선택할 때 힘든 건 당연해요.,선택의 힘들겠지만 이겨낼 수 있을 거예요. 다른 선택도 있을 거예요.,0
KoBART B1 lr2e-5 (06),전이학습,beam5+no_repeat_ngram3,코고는 것도 귀여워,사랑하나봅니다.,귀여울 거 같아요. 눈에서 멀어지세요. 귀여워요.,0
KoBART B1 lr2e-5 (06),전이학습,beam5+no_repeat_ngram3,포기하니 공허하네.,자신을 포기하지는 마세요.,포기하지 마세요. 다시 시작해도 돼요. 용기가 필요해요.,1
KoBART B1 lr2e-5 (06),전이학습,beam5+no_repeat_ngram3,참 힘들다,말해줘서 고마워요.,힘드시세요. 힘드시겠어요. 힘내세요. 힘내지 마세요.,1
KoBART B1 lr2e-5 (06),전이학습,beam5+no_repeat_ngram3,남편이 나보다 집안일 더 잘해,이상적인 남편이네요.,집안일을 하나씩 분담해보세요. 더 잘할 수 있을 거예요. 더 열심히,0
KoBART B1 lr2e-5 (06),전이학습,beam5+no_repeat_ngram3,전화하기 너무 늦나,늦은 시간 전화는 실례예요.,바쁜가 있나봐요. 전화해보세요. 바쁜가봐요. 기다리지,0
KoBART B1 lr2e-5 (06),전이학습,beam5+no_repeat_ngram3,오로라 보러 가고 싶다,로맨틱한 여행이네요.,로맨틱해요. 오로라 보러가세요. 오세요. 오로,0
KoBART B1 lr2e-5 (06),전이학습,beam5+no_repeat_ngram3,스테이크 먹고 싶어,집에서도 할 수 있어요.,맛있게 드세요. 든든하게 드세요. 스테이크요. 스테이,0
KoBART B1 lr2e-5 (06),전이학습,beam5+no_repeat_ngram3,입고 나갈 게 없어,아침마다 하는 고민이죠.,멋지게 게이트가 되기도 하죠. 멋지게 입고 나가세요. 멋,0
KoBART B1 lr2e-5 (06),전이학습,beam5+no_repeat_ngram3,가상화폐 쫄딱 망함,어서 잊고 새출발 하세요.,망해도 자연스러우면 좋겠네요. 신경쓰지 마세요.,0
KoBART B1 lr2e-5 (06),전이학습,beam5+no_repeat_ngram3,보내야지.,힘들겠지만 그러는 편이 나아요.,보내지마요. 보내주세요. 기다릴게요. 보내줄게,1
KoBART B1 lr2e-5 (06),전이학습,beam5+no_repeat_ngram3,이별 후 1년 그리고 선물,이별하신게 맞나요.,좋은 선이었으면 좋겠네요. 그리움을 전해주세요. 좋은 선,1
KoBART B1 lr2e-5 (06),전이학습,beam5+no_repeat_ngram3,알뜰폰 괜찮을까,폰 요금 절약되겠네요.,알뜰폰은 어떨까요. 도움이 될까요. 현금이 좋겠어요.,0
KoBART B1 lr2e-5 (06),전이학습,beam5+no_repeat_ngram3,대리효도 짜증,진짜 아니네요.,짜증날 땐 짜장면 먹어도 돼요. 기분 푸는,0
KoBART B1 lr2e-5 (06),전이학습,beam5+no_repeat_ngram3,뭐할까?,저랑 놀아요.,저랑 이야기해요. 저한테 말해보세요. 저에게 말해보,0
KoBART B1 lr2e-5 (06),전이학습,beam5+no_repeat_ngram3,목걸이 선물이 좋겠다.,로맨틱하네요.,목걸기 좋은 계절이에요. 목걸이 하나 사주세요.,0
KoBART B1 lr2e-5 (06),전이학습,beam5+no_repeat_ngram3,연애 중에 카톡 프사 연인으로 해? 기본으로 하면 어때?,기본으로 하는 거 상관 없어요.,기본으로 배워 놓는 게 좋겠죠. 기본으로 하는 게 좋아,2
KoBART B1 lr2e-5 (06),전이학습,beam5+no_repeat_ngram3,전남친한테 한달만에 연락하고싶어 ㅠㅠ,달라지는 게 없다면 만나지 않는 게 더 나을 수도 있어요.,후회하지 않는다면 연락해보세요. 좋은 소식이 들리겠네요. 힘,1
KoBART B1 lr2e-5 (06),전이학습,beam5+no_repeat_ngram3,볼링 치고 옴,재밌겠어요.,볼링 있으면 볼링쳐보세요. 재밌겠어요. ᄒᄒ,0
KoBART B1 lr2e-5 (06),전이학습,beam5+no_repeat_ngram3,탈모인가,스트레스 받지 마세요.,머리랑 가슴이 가끔 따로 놀죠. 헤어지세요. 머리랑 헤어지,0
KoBART B1 lr2e-5 (06),전이학습,beam5+no_repeat_ngram3,참고 계속 도전하면 될까?,인내할 수 있는 사람이라면 무엇이든 손에 넣을 수 있을 거예요.,도전은 항상 좋죠. 자신감을 가져보세요. 좋은 결과가 있을 거예요. 자신감을,0
KoBART B1 lr2e-5 (06),전이학습,beam5+no_repeat_ngram3,아직도 이별중인가봅니다.,이별의 끝일지도 몰라요.,이별을 받아들이는 것도 중요해요. 미련을 버리세요.,1
KoBART B1 lr2e-5 (06),전이학습,beam5+no_repeat_ngram3,내 키가 몇이게?,저도 궁금하네요.,키는 중요하지 않아요. 단지 키가 중요할 뿐이에요.,0
KoBART B1 lr2e-5 (06),전이학습,beam5+no_repeat_ngram3,이젠 진짜 진짜 안녕,맘 고생 많았어요.,안녕. 주무세요. 제가 위로해 드릴게요. 안녕히 주무세요.,1
KoBART B1 lr2e-5 (06),전이학습,beam5+no_repeat_ngram3,이별의 아픔에서 벋어나는 방법,사소한 일부터 시작해보세요. 작은 곳에서 느끼는 행복은 생각보다 커요.,천천히 지여주세요. 아픔의 흔적을 지울 수 있을 거예요.,1
KoBART B1 lr2e-5 (06),전이학습,beam5+no_repeat_ngram3,제자리걸음만 하는 듯,발전이 없다고 너무 두려워하지 마세요.,제자리여도 괜찮아요. 제자리걸음 하지 마세요. 제,0
KoBART B1 lr2e-5 (06),전이학습,beam5+no_repeat_ngram3,친구 같은 너,그런 친구가 오래가요.,친구를 사귀어 보세요. 좋은 친구를 만날 수 있을 거예요. 좋은 친구를,0
KoBART B1 lr2e-5 (06),전이학습,beam5+no_repeat_ngram3,이 길이 맞을까?,잘 가고 있을 거예요.,짧지 짧을 수록 좋죠. 최대한 짧게 가도 괜찮아,0
KoBART B1 lr2e-5 (06),전이학습,beam5+no_repeat_ngram3,지하철에서 겁나 멋진 사람 발견! 말 시켜 볼까,용기가 필요한 순간이네요.,용기내서 말해보세요. 멋진 말이 될 거예요. 파이팅!,0
KoBART B1 lr2e-5 (06),전이학습,beam5+no_repeat_ngram3,낙엽밟는 소리,가을이네요.,낙엽엽이랑 어울려 놀아요. 예쁘게 입으,0
KoBART B1 lr2e-5 (06),전이학습,beam5+no_repeat_ngram3,여리여리한 여자가 이상형이래,딱 당신이네요.,이상형은 이상형뿐이 아니에요. 여차여차여,2
KoBART B1 lr2e-5 (06),전이학습,beam5+no_repeat_ngram3,전여친한테 남친이 생겼네,이제 그녀를 잊으세요.,신경 쓰이는이네요. 신경쓰지 마세요. 신경 쓰이는 일이 생겼,1
KoBART B1 lr2e-5 (06),전이학습,beam5+no_repeat_ngram3,그 사람이 나를 좋아하는 줄 알았는데.,아니어서 힘드나봐요.,그분이 좋아하는지 생각해보세요. 알겠어요. 슬프네요.,2
KoBART B1 lr2e-5 (06),전이학습,beam5+no_repeat_ngram3,이별 준비 중,마음의 준비가 필요하겠네요.,준비가 필요 필요하겠네요. 걱정하지 마세요. 잘할 수 있을,1
KoBART B1 lr2e-5 (06),전이학습,beam5+no_repeat_ngram3,공부 하기 싫다,같이 수다 떨면서 놀까요?,공부가 끝이 없나봐요. 저에게 말해보세요. 저에게,0
KoBART B1 lr2e-5 (06),전이학습,beam5+no_repeat_ngram3,사랑하는 사람이랑 헤어져,마음이 많이 아프겠어요.,사랑하는 이유를인가봐요. 슬프네요. 헤아리지마세요.,2
KoBART B1 lr2e-5 (06),전이학습,beam5+no_repeat_ngram3,내가 좋아할 자격이 있나 모르겠어.,좋아하는데 자격은 없어요.,자격이 증명되면 좋아할 수 있을 거예요. 자격이 있으면 좋아할,2
KoBART B1 lr2e-5 (06),전이학습,beam5+no_repeat_ngram3,아파서 어떡해,병원에 가야죠.,약을 먹거나 병원에 가보세요. 증상이 호전될 거예요. 병원에 가,0
KoBART B1 lr2e-5 (06),전이학습,beam5+no_repeat_ngram3,용돈 벌써 없어,알바해보세요.,올려달라고 말해보세요. 차분하고 차분하게 기다려주세요.,0
KoBART B1 lr2e-5 (06),전이학습,beam5+no_repeat_ngram3,프로필 사진 바꿀까,원하는대로 해보세요.,자연스러운 현상이에요. 신경쓰지 마세요. 좋아요. 예쁘게,0
KoBART B1 lr2e-5 (06),전이학습,beam5+no_repeat_ngram3,만난지 7년 헤어진지 5일째,지금 딱 힘들 때네요.,그리움을 헤아리지 마세요. 좋은 소식이네요. 힘내세요.,1
KoBART B1 lr2e-5 (06),전이학습,beam5+no_repeat_ngram3,황사 심해,이쁜 마스크 사드리고 싶네요.,황당하네요. 기분 나빴나봐요. 기분 푸세요. 기분,0
KoBART B1 lr2e-5 (06),전이학습,beam5+no_repeat_ngram3,2년 사귀고 헤어졌습니다,짧지는 않은 시간 동안의 연애였는데 마음이 아프네요.,많은 시간이 흘렀네요. 힘내길 바랄게요. 힘,1
KoBART B1 lr2e-5 (06),전이학습,beam5+no_repeat_ngram3,프사를 왜 보았을까,앞으로는 보지 마세요.,많이 봤했나봐요. 관심있게 지켜봤으면 좋겠네요.,1
KoBART B1 lr2e-5 (06),전이학습,beam5+no_repeat_ngram3,일인자가 되려면 피나는 노력이 필요하겠지?,인내의 시간이 필요할 거예요.,인내의 시간이 필요할지도 몰라요. 필요하다면 피나는 노력을 해보,0
KoBART B1 lr2e-5 (06),전이학습,beam5+no_repeat_ngram3,이별만한 다이어트가 없네,자기몸을 헤치는 것만큼 어리석은 짓은 없습니다.,이별을 대한 두려움을 가지고 있을 수도 있겠네요. 이별을 받아들이,1
KoBART B1 lr2e-5 (06),전이학습,beam5+no_repeat_ngram3,카리스마 있는 사람이 좋아,당신을 이끌어주는 남자를 만날 수 있을 거예요.,멋진 말이네요. 멋진 사람이네요. 저한테 말해보세요. 저,2
KoBART B1 lr2e-5 (06),전이학습,beam5+no_repeat_ngram3,가끔 짝남과 연애하는 상상을 해.,즐거운 상상이겠네요.,상상은 해도 상관 없어요. 신경쓰지 마세요. 기분이 좋아질,2
KoBART B1 lr2e-5 (06),전이학습,beam5+no_repeat_ngram3,그리움,애잔한 기억.,그리움 그리면 그리울 거예요. 그리워하면 그리워질 거예요.,1
KoBART B1 lr2e-5 (06),전이학습,beam5+no_repeat_ngram3,점점 힘들어져,힘내세요!,자신을 더 더 사랑해주세요. 자신을 더 사랑해줘요. 자신을 더,1
KoBART B1 lr2e-5 (06),전이학습,beam5+no_repeat_ngram3,좋아하는 남자애 앞에서 표정 관리가 안돼.,짝사랑도 이성을 막지는 못하나봐요.,애정표현일 수도 있어요. 그렇지만 조금 더 상황을 지켜보세요. 표정,2
KoBART B1 lr2e-5 (06),전이학습,beam5+no_repeat_ngram3,남사친이 나를 좋아하는 것 같은데 어떡함,이성으로 한 번 생각해보세요.,자연스러운 현상이에요. 신경쓰지 마세요. 슬쩍 호감을,2
KoBART B1 lr2e-5 (06),전이학습,beam5+no_repeat_ngram3,너무 추워서 나가기 귀찮아,겨울에는 귤 먹으면서 집에 있는게 최고죠,따뜻하게 입으세요. 차근차근 준비하세요. 따뜻하게,0
KoBART B1 lr2e-5 (06),전이학습,beam5+no_repeat_ngram3,인형 뽑기 해줘,인형 뽑기 어려워요.,예쁘게 골라보세요. 좋아할거예요. 예쁘게 사주,0
KoBART B1 lr2e-5 (06),전이학습,beam5+no_repeat_ngram3,면도하기 귀찮,그래도 해야 깔끔하겠죠.,깔끔한 거예요. 차분하고 부드럽게 하세요. 좋아할 거예요. 좋아,0
KoBART B1 lr2e-5 (06),전이학습,beam5+no_repeat_ngram3,긴여정 끝에 헤어졌습니다,긴 시간 만큼 힘들 겠지만 잘 이겨낼 수 있을 거예요.,맘고생 많았어요. 좋은 결실 맺길 바랄게요.,1
KoBART B1 lr2e-5 (06),전이학습,beam5+no_repeat_ngram3,업데이트가 너무 오래 걸려,기다려보세요.,기다리는 전화가 있나봐요. 기다려보세요. 금방 낫지 않을까요?,0
KoBART B1 lr2e-5 (06),전이학습,beam5+no_repeat_ngram3,빨리 걷다가 넘어질뻔,조심하세요.,다치지 않으셨나 걱정이네요. 어서 빨리 치워주세요.,0
KoBART B1 lr2e-5 (06),전이학습,beam5+no_repeat_ngram3,이별너무 힘든네,누군가를 잊어야한다는건 정말 힘든 일이죠.,이별이 항상 힘든 건 아니에요. 이별을 받아들이는 것도 힘들,1
KoBART B1 lr2e-5 (06),전이학습,beam5+no_repeat_ngram3,2달반이라는 시간동안 많이 괜찮아졌어,시간이 쓰디쓴 약이었나봅니다.,괜찮아질 거예요. 괜찮아졌으면 좋겠네요. 힘내세요.,1
KoBART B1 lr2e-5 (06),전이학습,beam5+no_repeat_ngram3,내 왜 좋아할까?,당신 존재 자체만으로 이유가 됩니다.,직접적이든 간접적이든 의사를 확실히 밝혀보세요. 마음이 정리될,2
KoBART B1 lr2e-5 (06),전이학습,beam5+no_repeat_ngram3,졸려,오늘 일찍 주무세요.,잠깐 주무 뒹굴뒹글 같이 놀아요. 잠깐 주무세요.,0
KoBART B1 lr2e-5 (06),전이학습,beam5+no_repeat_ngram3,술이 보약도 아니고,술은 끊는게 좋죠.,술이 웬수예요. 소화제나 보약도 드세요.,1
KoBART B1 lr2e-5 (06),전이학습,beam5+no_repeat_ngram3,일요일에 교회끝나고 어디 가고 싶어.,같이 가보세요.,즐거운 시간이 보내고 있네요. 즐거운 시간 보내실 수 있길 바랍,0
KoBART B1 lr2e-5 (06),전이학습,beam5+no_repeat_ngram3,크루즈 타고 여행 하고 싶어,멋진 생각이네요.,로맨틱하네요. 크루즈 여행도 좋을 것 같아요. 같이 가요.,0
KoBART B1 lr2e-5 (06),전이학습,beam5+no_repeat_ngram3,키가 왜 안 클까,지금도 충분해요.,키는 중요하지 않을 거예요. 신경쓰지 마세요. 당신만 클,0
KoBART B1 lr2e-5 (06),전이학습,beam5+no_repeat_ngram3,돈이라도 많으면 좋을텐데,돈이 전부는 아니지만 돈보다 좋은건 없다고 했어요.,돈 모아도 할 수 있는게 많아요. 돈을 모아야할 이유가,0
KoBART B1 lr2e-5 (06),전이학습,beam5+no_repeat_ngram3,여자친구가 잘 삐져.,더 관심을 가져주세요.,삐지는 건 아닌지 확인해보세요. 조금 더 상황을 지켜보세요. 조금,2
KoBART B1 lr2e-5 (06),전이학습,beam5+no_repeat_ngram3,뒤에서 발자국 소리 나서 놀램,항상 조심하세요.,발이 달렸나봐요. 기분 푸시겠네요. 기분,0
KoBART B1 lr2e-5 (06),전이학습,beam5+no_repeat_ngram3,이 행동이 절대 용납이 안돼나.?,어떤 행동인데요?,절대 용납 안 돼요. 자신의 행동이 옳다고 스스로에게 말해보세요.,1
KoBART B1 lr2e-5 (06),전이학습,beam5+no_repeat_ngram3,남자친구가 비꽈,성격이 꼬였는지 말투가 꼬였는지 살펴보세요.,귀엽겠네요. 관심을 가져주세요. 귀엽게 봐주,2
KoBART B1 lr2e-5 (06),전이학습,beam5+no_repeat_ngram3,여자랑 단둘이 술마시는 남자친구를 이해해줘야할까?,이해할 수 없어요.,술 마시고시는 남자친구를 이해해 주세요. 그리고 술마시는,2
KoBART B1 lr2e-5 (06),전이학습,beam5+no_repeat_ngram3,헤어진지 한 달 째,이제 좀 괜찮아졌길 바랍니다.,하루 하루를 헤아리는 건 자신을 더 힘들게 만들 뿐이에,1
KoBART B1 lr2e-5 (06),전이학습,beam5+no_repeat_ngram3,남자친구랑 너무 좋은데 점 본거에서는 만나지말라해.,점보다 앞에 있는 사람을 믿어보세요.,좋은 인만 남았으면 좋겠네요. 만나지말고 따로,2
KoBART B1 lr2e-5 (06),전이학습,beam5+no_repeat_ngram3,엄마가 나 때문에 힘든 거 같아,조금씩 보다 나은 모습을 보여드리세요.,엄마한테 상처주지 마세요. 오히려 더 감싸주세요. 그러면 엄마보다,0
KoBART B1 lr2e-5 (06),전이학습,beam5+no_repeat_ngram3,전 여자친구의 새 남자친구.,더 이상 신경쓰지 마세요.,전 여자친구였나봐요. 새여자친구의 새 남자친,1
KoBART B1 lr2e-5 (06),전이학습,beam5+no_repeat_ngram3,헤어진 후 거의 세 달이 되어가네,아픔을 헤아리지 마세요.,생각보다 많은 시간이 지났네요. 힘내세요! 기운내세요.,1
KoBART B1 lr2e-5 (06),전이학습,beam5+no_repeat_ngram3,남자친구의 성적 취향을 이해못하겠어.,대화를 해보세요.,서로 다른 취향이 다르니까요. 이해하려고 노력해보세요. 성별,2
KoBART B1 lr2e-5 (06),전이학습,beam5+no_repeat_ngram3,삼주라는 시간이 흘렀네,더 많은 시간이 흐를 거예요.,인연이 여기까지였나봐요. 곧 지나갈거예요.,1
KoBART B1 lr2e-5 (06),전이학습,beam5+no_repeat_ngram3,전남자친구 생일,이제는 잊어버리는 것도 필요해요.,다른 사람이 관심을 돌려보세요. 당신의 잠재력을 믿어주세요. 당신의,1
KoBART B1 lr2e-5 (06),전이학습,beam5+no_repeat_ngram3,홈쇼핑에서 자꾸 사게되네,지름신이 강림했나봅니다.,홈쇼핑에서 사보세요. 편하고 사계절 좋아할 거예요.,0
KoBART B1 lr2e-5 (06),전이학습,beam5+no_repeat_ngram3,괜히 화가 나서 짝남한테 연락 끊자고 했어.,상처를 받지 않기 위한 선택이었을 거예요.,연락 끊 끊으세요. 괜히 화가 나나봐요. 괜히,2
KoBART B1 lr2e-5 (06),전이학습,beam5+no_repeat_ngram3,아이공 허리 아파라,운동 해보는 것도 좋을 거예요.,스트레칭을 해보세요. 한결 나아질거예요. 피곤할거예,0
KoBART B1 lr2e-5 (06),전이학습,beam5+no_repeat_ngram3,머리는 아는데 가슴은 모르네,머리랑 가슴이 가끔 따로 놀죠.,머리랑 가슴이 가끔 따로 놀죠. 머리랑 가슴은 따로 놀고,1
KoBART B1 lr2e-5 (06),전이학습,beam5+no_repeat_ngram3,아직도. 아직 인가보다.,곧 끝날 거예요.,인연이 거기까지였나봐요. 아직 미련은 남아있나,1
KoBART B1 lr2e-5 (06),전이학습,beam5+no_repeat_ngram3,새롭게 시작하려고 합니다.,당신의 새로운 시작 응원해요.,시작은 해낼 수 있을 거예요. 응원할게요. 힘내세요.,1
KoBART B1 lr2e-5 (06),전이학습,beam5+no_repeat_ngram3,시골에서 사는 거 어떨까?,아무래도 덜 경쟁하겠죠.,살다보면 정리가 될 거예요. 자연스러운 현상이에요. 시골에서,0
KoBART B1 lr2e-5 (06),전이학습,beam5+no_repeat_ngram3,다시 태어난다면,저는 사람으로 태어나고 싶어요.,다시 태어난한다면 후회할 거예요. 다시 태어난다면 후회하지 않을 거예요. 다시,0
KoBART B1 lr2e-5 (06),전이학습,beam5+no_repeat_ngram3,매달리는거 안좋은거 같아.,서로에게 힘든 일이니까요.,덜컥팠으면 좋겠네요. 그래도 매달리는게 맘에 드는,1
KoBART B1 lr2e-5 (06),전이학습,beam5+no_repeat_ngram3,바람이나 비슷한 일 용서해주신 사람 있을까 ?,있어도 계속 아플 거예요.,똑같은 일 아니라면 용서해주세요. 상처받지 않을 자신 있다면 용서해주,1
KoBART B1 lr2e-5 (06),전이학습,beam5+no_repeat_ngram3,익숙해질 법도 한데,언젠간 괜찮아질 거라 믿어요. 사람은 적응의 동물이니까요.,익숙해질지면 익숙해질 거예요. 익숙해질수록 익숙해 질 거예요. 익숙,1
KoBART B1 lr2e-5 (06),전이학습,beam5+no_repeat_ngram3,두달이 되었네,어느덧 두달이 지났네요.,생각보다 많은 시간이 지났네요. 시간이 좀 더 빨리 가네요.,1
KoBART B1 lr2e-5 (06),전이학습,beam5+no_repeat_ngram3,사랑하고 싶은데 내가 자꾸 구속해,사랑을 독차지하려 하지 말고 내려놓으면서 여유를 가지세요.,사랑하면 구속하지 마세요. 자신을 구속하지 말고 자신을 구속하세요.,2
KoBART B1 lr2e-5 (06),전이학습,beam5+no_repeat_ngram3,판도라의 상자를 연 기분,마음의 준비를 하세요.,마음의 준비를 되길 바랍니다. 파이팅! 이라고 말해보세요. 상자를,0
KoBART B1 lr2e-5 (06),전이학습,beam5+no_repeat_ngram3,가을 타나 봐.,혼자는 외로운 계절이죠.,가을 타기 전 좋은 취미네요. 자연스러운 만남이길,2
KoBART B1 lr2e-5 (06),전이학습,beam5+no_repeat_ngram3,일찍 가서 쉬고 싶은데 오늘 회식 잡혔어,일과 일상 사이에서 균형이 잘 맞길 바랄게요.,맛있는 거 먹고 오세요. 피곤한가봐요. 기운 내길 바,0
KoBART B1 lr2e-5 (06),전이학습,beam5+no_repeat_ngram3,밖에 안나가고 이렇게 살고 싶어,꼭 앞으로 나가야 하는 건 아니에요.,살고 싶은 거예요. 같이 살고 싶어질 거예요. 함께 살고 싶어지죠. 같이,0
KoBART B1 lr2e-5 (06),전이학습,beam5+no_repeat_ngram3,오늘 무작정 찾으러가고싶은데 갈까?,전 추천하고 싶지 않아요.,무작정 찾아가는 건 위험하죠. 그래도 가급적 빨리 가보,1
KoBART B1 lr2e-5 (06),전이학습,beam5+no_repeat_ngram3,나한테만은 완전 솔직했으면,믿음이 가장 중요하죠.,상대방을 대한 예의가 없네요. 차분히 생각해보세요.,0
KoBART B1 lr2e-5 (06),전이학습,beam5+no_repeat_ngram3,반지 선물하면 좋아하겠지,로맨틱하네요.,로맨틱하네요. 반지 선물하면 로맨틱할거예요.,0
KoBART B1 lr2e-5 (06),전이학습,beam5+no_repeat_ngram3,팬미팅 재밌다.,성덕이네요.,파이팅팅! 응원합니다! 축하해요! 파이팅,0
KoBART B1 lr2e-5 (06),전이학습,beam5+no_repeat_ngram3,이별한지 6년째,사랑했던 사람을 잊는 건 불가능한 일인가봐요.,많은 시간이 흘렀네요. 힘드시겠어요. 힘내세요. 힘,1
KoBART B1 lr2e-5 (06),전이학습,beam5+no_repeat_ngram3,"그래, 결국 전화할 줄 알았다.",그게 최선이었을 거라 생각해요.,후회하지 않을 자신이 있다면 전화하세요. 그러면 돼요. 그러면 후회하지,1
KoBART B1 lr2e-5 (06),전이학습,beam5+no_repeat_ngram3,나쁜 꿈을 꿨어,꿈은 현실의 반대래요.,꿈을 꾸꿨나봐요. 곧 좋은 소식이 들리려고 하는 것,1
KoBART B1 lr2e-5 (06),전이학습,beam5+no_repeat_ngram3,사랑이 변하면 어떡하지?,사랑은 변화하는 거예요. 두려워하지 마세요.,사랑은 변 변덕스러운 게 아니에요. 사랑이 변덕스러워도,2
KoBART B1 lr2e-5 (06),전이학습,beam5+no_repeat_ngram3,5년 동거후 이별.,더 헤어지지 힘들겠어요.,많은 시간이 흘렀네요. 힘들었겠어요. 잠시 쉬어가요.,1
KoBART B1 lr2e-5 (06),전이학습,beam5+no_repeat_ngram3,같은 과에 내 이상형인 남자애가 있는데 cc는 무리일까?,CC는 아무래도 제약이 있을 거예요.,같은 과에 속하나봐요. 비교하지 말아요. 차분히,2
KoBART B1 lr2e-5 (06),전이학습,beam5+no_repeat_ngram3,드디어 제가 손을 놓았어.,힘든 선택 하셨네요.,맘고생 많았어요. 이제 괜찮아졌길 바랍니다. 이제 그만,1
KoBART B1 lr2e-5 (06),전이학습,beam5+no_repeat_ngram3,가족여행 가야지,더 가까워질 기회가 되겠네요.,온 가족이 모두 마음에 드는 곳으로 가보세요. 좋은 곳으로 가실 수,0
KoBART B1 lr2e-5 (06),전이학습,beam5+no_repeat_ngram3,정말 이건 너무하다 싶을정도로 힘들어,그럴만 해요. 많이 힘들었죠.,아무말 안해도 괜찮아요. 신경쓰지 마세요. 조금만 더,1
KoBART B1 lr2e-5 (06),전이학습,beam5+no_repeat_ngram3,썸 탔던 애한테 연락왔어,사랑은 타이밍입니다.,좋은 연락이었으면 좋겠네요. 연락 기다리겠네요. ,2
KoBART B1 lr2e-5 (06),전이학습,beam5+no_repeat_ngram3,뭔가 새로운 자극이 필요해,의욕이 없나봐요.,새로운 자극이 필요해보이네요. 새로운 자극을 주세요. 새로운,0
KoBART B1 lr2e-5 (06),전이학습,beam5+no_repeat_ngram3,시간 왤케 빨리감,시간은 상대적으로 흘러갑니다.,시간 가는 여유가 생겨서 그런가봐요. 금방 할 수 있을 거예요.,0
KoBART B1 lr2e-5 (06),전이학습,beam5+no_repeat_ngram3,뭘 잘못했다는 걸까,모르는 게 잘못인 거 같아요.,뭘 잘못 잘못했나봐요. 당장 사과하세요. 아무 잘못도,0
KoBART B1 lr2e-5 (06),전이학습,beam5+no_repeat_ngram3,착각인걸까,직접 확인해 보는건 어떨까요.,착각이 수도 있어요. 그렇지만 조금 더 차분히 생각해보세요. 해,1
KoBART B1 lr2e-5 (06),전이학습,beam5+no_repeat_ngram3,정말 미안하다 말밖에는,진심이 전해졌으면 좋겠네요.,미안해하지 않아도 돼요. 차분히 생각해보세요. 마음이 정리,1
KoBART B1 lr2e-5 (06),전이학습,beam5+no_repeat_ngram3,직구로 사면 싸겠지,좋은 거 사나봐요.,직구로적으로 사면 돼요. 사표를 쓰고 사표를 써보세요.,0
KoBART B1 lr2e-5 (06),전이학습,beam5+no_repeat_ngram3,단체생활 적응이 안돼,점점 적응 될 거예요.,적응하는데 수없이 많겠죠. 적응하는데 시간이 걸릴 거예요. 적응하는데,0
KoBART B1 lr2e-5 (06),전이학습,beam5+no_repeat_ngram3,청첩장을 찍는 날이 오다니,결혼 얼마 안 남았나봐요.,청첩 좋아하나봐요. 예쁘게 찍고 오세요. 예쁘게,2
KoBART B1 lr2e-5 (06),전이학습,beam5+no_repeat_ngram3,회사를 차리고 싶다,확신이 있을 때 시작해보세요.,차근차근 준비해보세요. 곧 좋은 소식이 들리실거,0
KoBART B1 lr2e-5 (06),전이학습,beam5+no_repeat_ngram3,나한테 이상한 냄새 나나?,킁킁,코를킁킁거려보세요. 코가 킁킁킁,0
KoBART B1 lr2e-5 (06),전이학습,beam5+no_repeat_ngram3,주변 이성이 많은 여자친구 어떡해?,신경쓰이고 질투난다고 이야기해보세요.,신경 쓰이는일 수도 있겠어요. 신경쓰지 말고 걱정하지 마세요.,2
KoBART B1 lr2e-5 (06),전이학습,beam5+no_repeat_ngram3,헤어지면 연락 안하는게 맞을까,연락 하지도 받지도 마세요.,연락하면 안하는게 맞다고 생각해요. 힘들 때 연락하는게,1
KoBART B1 lr2e-5 (06),전이학습,beam5+no_repeat_ngram3,너무 힘들어서 죽고싶어,나쁜 생각은 버리세요.,지칠만 해요. 조금만 더 버텨보세요. 괜찮아질,1
KoBART B1 lr2e-5 (06),전이학습,beam5+no_repeat_ngram3,썸인데 자꾸 외롭다고 해,계속 이야기 하면 사귀자는 거 돌려 말하는 걸 수도 있어요.,사귀기 전 두근거림을 좋아하나 봅니다. 마음이 약,2
KoBART B1 lr2e-5 (06),전이학습,beam5+no_repeat_ngram3,소개팅 시켜줘,로봇도 괜찮다면 소개시켜드릴게요.,소개팅 시켜달라고 말해보세요. 알 수 있을 거예요. 소개시켜드릴,0
KoBART B1 lr2e-5 (06),전이학습,beam5+no_repeat_ngram3,이별 극복 방법,작은 일에서 행복을 느껴보는게 좋아요.,극복할 수 있을 거예요. 함께 극복해나가는 건 어떨까요. 함께,1
KoBART B1 lr2e-5 (06),전이학습,beam5+no_repeat_ngram3,조용히 있고 싶어,저 나가면 될까요?,저랑 하세요. 저한테 말해보세요. 저랑 같이 하세요.,0
KoBART B1 lr2e-5 (06),전이학습,beam5+no_repeat_ngram3,정시 퇴근하고 집에 가는 중,쉬고 나면 힘이 날거예요 맛있는 것도 드세요,집에서 쉬 쉬는 시간도 필요해요. 대중교통을 이용해주세요.,0
KoBART B1 lr2e-5 (06),전이학습,beam5+no_repeat_ngram3,음식 많이 가리는 남자를 사겨도 괜찮을까?,다 먹으면 좋겠지만 큰 문제는 되지 않을 거예요.,사겨어도 괜찮을 것 같아요. 그렇지만 사겨도 괜찮지만,2
KoBART B1 lr2e-5 (06),전이학습,beam5+no_repeat_ngram3,오늘 연락왔네 그래도 이젠 안녕,정말 안녕.,이별을 연락하는 건 어떨까요. 힘들었을텐데 힘내,1
KoBART B1 lr2e-5 (06),전이학습,beam5+no_repeat_ngram3,친구랑 수다 떨고 왔어,기분이 좋아 보이네요.,용기내서 말해보세요. 기분이 바뀔 거예요. 기분이 좋아질 거예요.,0
KoBART B1 lr2e-5 (06),전이학습,beam5+no_repeat_ngram3,직장이 괴롭다,직장 스트레스 심하겠네요.,직장 스트레 심하겠네요. 자신의 능력을 믿어보세요. 직장에서,0
KoBART B1 lr2e-5 (06),전이학습,beam5+no_repeat_ngram3,건물주가 짱인데,이룰 수 있을 거예요.,힘드시세요. 도와주세요. 힘내세요. 도와줄게요. 도와,0
KoBART B1 lr2e-5 (06),전이학습,beam5+no_repeat_ngram3,밥이나 먹자,맛있게 드세요.,건강 생각되겠네요. 맛있게 드세요. 배고프지,0
KoBART B1 lr2e-5 (06),전이학습,beam5+no_repeat_ngram3,술 좋아하는 사람 싫은데 그 사람은 좋아.,술보다 사람이 먼저니까요.,술 좋아하는는 없나봐요. 슬프네요. 기분 나쁠,2
KoBART B1 lr2e-5 (06),전이학습,beam5+no_repeat_ngram3,짝남이 있는데 나는 사정이 안돼. 연애를 안하는게 맞는걸까?,사정이 뭔지 모르겠지만 좋아하는 건 괜찮아요.,직접 물어든다면 사정이 나아질 수도 있겠어요. 그렇지만 조금 더 상황을,2
KoBART B1 lr2e-5 (06),전이학습,beam5+no_repeat_ngram3,연애할때 많이 사랑하면 나만 손해야?,사랑은 따지는 게 아니고 다 주고도 더 주지 못해 미안해하는 거예요.,손재 건드리지 마세요. 당신만 손해도 괜찮아요.,2
KoBART B1 lr2e-5 (06),전이학습,beam5+no_repeat_ngram3,조명빨인가,멋져 보여요!,조명 조명으면 더 좋을 것 같아요. 조명 켜세요. 조명 조명 조명,0
KoBART B1 lr2e-5 (06),전이학습,beam5+no_repeat_ngram3,전 남친이랑 헤어진지 오래됐는데 좋아하는 사람이 없어.,조급하게 생각하지 말아요.,좋아하는 마음을 있나봅니다. 신경 쓰이는 일이 있나봐요. 슬프네,2
KoBART B1 lr2e-5 (06),전이학습,beam5+no_repeat_ngram3,아픔은 덜해지는것 같은데 미련은 더욱 많아지네,미련없는 사랑은 없나봐요.,미련은 자신을 더 힘들게 만들 뿐이에요. 자신을 더 사랑,1
KoBART B1 lr2e-5 (06),전이학습,beam5+no_repeat_ngram3,성형 상담 받아 볼까,견적 받고 충격 받지 마세요.,예뻐 것 같네요. 상담 받아보세요. 좋을거예요.,0
KoBART B1 lr2e-5 (06),전이학습,beam5+no_repeat_ngram3,떡볶이 좋아하지도 않는데,좋아하지 않는데 함께 하는게 사랑이죠.,간단하게 좋아하지 않을 수도 있어요. 그렇지만 조금 더 생각해보세요. 좋아,1
KoBART B1 lr2e-5 (06),전이학습,beam5+no_repeat_ngram3,이제 때론 괜찮기도 해,그렇게 익숙해져 가나봐요.,때론 이별도 있을 거예요. 이별을 받아들이는 것도 필요해요.,1
KoBART B1 lr2e-5 (06),전이학습,beam5+no_repeat_ngram3,올해 이상해,내년이라고 별 수 있겠어요.,좋은 만남만 있었으면 좋을 것 같네요. 좋게 생각해주세요.,0
KoBART B1 lr2e-5 (06),전이학습,beam5+no_repeat_ngram3,남자친구가 집안일을 너무 안해. 나만 하는게 고민이야.,집안일을 하나씩 분담해보세요.,집안일을 하나씩 분담해보세요. 집안일을 분담해서 잘하는 것보다 잘하는 게,2
KoBART B1 lr2e-5 (06),전이학습,beam5+no_repeat_ngram3,술 끊을거야,술은 적당히 즐기세요.,술이 끊길 때까지 연락해 보세요. 기운을 빼셔요.,0
KoBART B1 lr2e-5 (06),전이학습,beam5+no_repeat_ngram3,두 남자 사이에서 갈등 중,빠른 선택으로 모두에게 상처를 덜 주길 바랍니다.,두 사람이거리겠네요. 신경 쓰이는 일은 없을지도 몰라요. 신경,2
KoBART B1 lr2e-5 (06),전이학습,beam5+no_repeat_ngram3,오래 사귀다가 식어서 헤어진 남자에게도 후폭풍 있나?,모든 이별에는 후유증이 있기 마련이에요.,후폭풍은 누구에게나 와요. 신경쓰지 마세요.,1
KoBART B1 lr2e-5 (06),전이학습,beam5+no_repeat_ngram3,지금 남친을 별로 안좋아하는 것 같은데.,정리를 하는게 좋겠어요.,남친 신경쓰지 마세요. 신경 쓰이는 일이 생겼나봐요.,2
KoBART B1 lr2e-5 (06),전이학습,beam5+no_repeat_ngram3,썸인데 싸늘해,고백할 타이밍이 너무 늦지 않았는지 생각해보세요.,사귀기 전 두근거림을 좋아하나 봐요. 사귀,2
KoBART B1 lr2e-5 (06),전이학습,beam5+no_repeat_ngram3,사랑할수록 아프다,그 것도 사랑이예요.,사랑하면 만큼 아프지 않을 거예요. 아픔에 아파하지 마세요. 사랑,2
KoBART B1 lr2e-5 (06),전이학습,beam5+no_repeat_ngram3,왜 말을 못해 말을 못하냐구,노력하고 있는 중입니다.,못 이기니 피할 수 있으면 피하세요. 지금이라도 늦지 않았,0
KoBART B1 lr2e-5 (06),전이학습,beam5+no_repeat_ngram3,지갑 없어졌어,잘 찾아보세요.,지갑분해 해봐요. 지갑에서 지워주세요.,0
KoBART B1 lr2e-5 (06),전이학습,beam5+no_repeat_ngram3,수제 빼빼로 어때?,먹어보고 싶어요.,맛있게 드세요. 단맛이 나겠네요. 넣어두세요.,0
KoBART B1 lr2e-5 (06),전이학습,beam5+no_repeat_ngram3,사귀는 사이인데 '야'라고 해. 기분 나쁜데 어떡해?,그건 좀 아닌 거 같다고 바로 말하세요.,호감이 있을 수도 있어요. 그렇지만 조금 더 상황을 지켜보세요. 기분 나쁜 일이,2
KoBART B1 lr2e-5 (06),전이학습,beam5+no_repeat_ngram3,이제야 오래전 상대방이 아팠던걸 이해했어.,다음 번의 사랑에선 좀 더 신중할 수 있게 된 거예요.,상대방을 아물지 않길 바랄게요. 이해해주세요.,1
KoBART B1 lr2e-5 (06),전이학습,beam5+no_repeat_ngram3,나 폰겜 너무 많이해,시간을 정해보세요.,소액결제를 줄여보세요. 조금이라도 절약할 수 있을 거예요!,0
KoBART B1 lr2e-5 (06),전이학습,beam5+no_repeat_ngram3,남의 일 도와줘야 할까,해주고 티를 팍팍 내세요.,도와주려는 것일 수도 있어요. 그렇지만 조금 더 상황을 지켜보세요. 도움이 될,0
KoBART B1 lr2e-5 (06),전이학습,beam5+no_repeat_ngram3,절약해서 부자돼야지,예비 부자님 파이팅!,알뜰한 소비 하셨네요. 절약하면 부자될 수 있을 거예요. 절약,0
KoBART B1 lr2e-5 (06),전이학습,beam5+no_repeat_ngram3,호감을 표현하는 방법,취미와 성향 등이 같음을 어필해보세요.,표현하지 표현해보는 건 어떨까요. 생각을 많이 했나봐,2
KoBART B1 lr2e-5 (06),전이학습,beam5+no_repeat_ngram3,썸인가 아닌가,한방향인지 양방향인지 살펴보세요.,사귀기 전에 두근거림을 좋아하나 봅니다. 썸,2
KoBART B1 lr2e-5 (06),전이학습,beam5+no_repeat_ngram3,지금 이감정,당신만이 알 수 있어요.,저랑 이야기해요. 저에게 말해주세요. 저한테 말해주,1
KoBART B1 lr2e-5 (06),전이학습,beam5+no_repeat_ngram3,다 내려놓고. 오늘부터 연락 끊었네.,잘했어요. 이별 후에는 확실한 거리두기가 필요해요.,언젠간 연락은 끊길 거예요. 미련은 남아있을지도 몰라,1
KoBART B1 lr2e-5 (06),전이학습,beam5+no_repeat_ngram3,헤어진것인가 아닌것인가,애매하네요.,이별은 헤아리지 마세요. 헤아리는 건 자신을 더 힘들,1
KoBART B1 lr2e-5 (06),전이학습,beam5+no_repeat_ngram3,여쭈어볼것이있습니다,말씀해보세요.,여쭤주세요. 여쭤드릴게요. 여쭤볼게요.,1
KoBART B1 lr2e-5 (06),전이학습,beam5+no_repeat_ngram3,온다고 했는데 왜 안 오지?,조금만 더 기다려주세요.,기다릴 수 있을지 생각해 보세요. 늦지 않았어요. 연락 기다리,0
KoBART B1 lr2e-5 (06),전이학습,beam5+no_repeat_ngram3,미치겠습니다 연락하고 싶어서,연락하고 나면 더 힘들 거예요.,후회하지 않을 자신이 있다면 연락해보세요. 미련은 남지 않을 거예요.,1
KoBART B1 lr2e-5 (06),전이학습,beam5+no_repeat_ngram3,한번쯤 진하게 아픈것도 괜찬아.,긍정적이네요.,진통제 아픈 만큼 아픔도 커서 그래요. 사랑이 사람을 더 아프,1
KoBART B1 lr2e-5 (06),전이학습,beam5+no_repeat_ngram3,위층 너무 시끄러워,증명자료를 가지고 손해배상을 청구하세요.,위를 아래층으로 나눠보세요. 더 잘할 수 있을 거예요.,0
KoBART B1 lr2e-5 (06),전이학습,beam5+no_repeat_ngram3,번호를 알아내서 연락하면 소름돋을까?,그건 좀 참아보세요.,번호를 연락해 보세요. 조금 알아차릴 수 있을 거예요. 연락,1
KoBART B1 lr2e-5 (06),전이학습,beam5+no_repeat_ngram3,어제전화가왔습니다,기다리던 전화였나봐요.,심호 변화가 있었나봐요. 신경쓰지 마세요. 괜찮아,1
KoBART B1 lr2e-5 (06),전이학습,beam5+no_repeat_ngram3,남잔데 남자 좋아해,성적자기결정권이있죠.,좋아하면 정도는 상관 없어요. 신경쓰지 마세요. 기분 좋아요.,2
KoBART B1 lr2e-5 (06),전이학습,beam5+no_repeat_ngram3,짝남한테 좋아하는거 들켰는데 그냥 예전처럼 편하게 지내고 싶어.,겉으로는 편하게 지낼 수 있을 거예요.,마음을 정리히길 바랄게요. 마음이 정리되었나봐요.,2
KoBART B1 lr2e-5 (06),전이학습,beam5+no_repeat_ngram3,여자친구가 베지테리언이야,함께 건강하게 먹어봐요.,얼른 집에 가서 쉬시길 바랄게요. 그러게요.,2
KoBART B1 lr2e-5 (06),전이학습,beam5+no_repeat_ngram3,완전 귀여워,사랑이 느껴지네요.,저도 보고워요. 귀여워요. 저에게 말해주세요. 저에게,2
KoBART B1 lr2e-5 (06),전이학습,beam5+no_repeat_ngram3,베터리 충전기도 안 가져 왔네,충전할 곳을 찾아보세요.,충전기를 찾아보세요. 조금 기다리세요. 충전할 수 있을 거예요.,0
KoBART B1 lr2e-5 (06),전이학습,beam5+no_repeat_ngram3,건물주 되고싶어,이룰 수 있을 거예요.,내 집 마련의 한 걸음을 내딛으셨네요. 어서,0
KoBART B1 lr2e-5 (06),전이학습,beam5+no_repeat_ngram3,남자친구하고 커플티를 하고싶은데 어디거를 할까?,좋아하는 브랜드가 좋겠어요.,데이트 할 수 있을 거예요. 같이 데이트해보세요. 데이트할,2
KoBART B1 lr2e-5 (06),전이학습,beam5+no_repeat_ngram3,힘든 하루 하루 되돌리며,오늘도 고생했어요.,마음 먹은 대로 되지 않을 거예요. 저에게 말해보세요. 하루 하루 하루,1
KoBART B1 lr2e-5 (06),전이학습,beam5+no_repeat_ngram3,벌써 저를 세번째 떠나갔네,이젠 그분을 놓아줄 때가 되었나봐요.,더 좋은 떠나 떠나지 마세요. 미련은 자신을 더 힘들게,1
KoBART B1 lr2e-5 (06),전이학습,beam5+no_repeat_ngram3,알바 집 알바 집 이게 뭐냐,그래도 상관없어요. 칭찬해주고 싶네요.,알바 지원어도 괜찮을 거 같아요. 알바라도 해보고 싶어요.,0
KoBART B1 lr2e-5 (06),전이학습,beam5+no_repeat_ngram3,여섯번째 이별이에요,많은 순간들이 있었겠네요.,이별은 상처를 남기고 가니까요. 힘들었겠어요. 이별을 받아들이,1
KoBART B1 lr2e-5 (06),전이학습,beam5+no_repeat_ngram3,그 애 앞에서 말을 잘 못하겠어,좀 더 편하게 대해도 좋을 것 같아요.,연습이 필요해요. 더 연습해보세요. 더 잘할 수 있을,2
KoBART B1 lr2e-5 (06),전이학습,beam5+no_repeat_ngram3,친구 돌잔치 가는 중,축하해주고 오세요.,친구를 사귀어 보세요. 좋은 친구를 만날 수 있을 거예요. 두근,0
KoBART B1 lr2e-5 (06),전이학습,beam5+no_repeat_ngram3,좋아하는 애 친구한테 다같이 만나자고 말해도 돼?,다같이 만나면 재미있기는 하겠네요.,직접 물어든다고 말해보세요. 좋아할지도 몰라요. 그렇지만 조금,2
KoBART B1 lr2e-5 (06),전이학습,beam5+no_repeat_ngram3,조용히 지나가면 될까?,어떤 일이냐에 따라 다를 거 같아요.,천천히 지나가면 돼요. 어디든 상관 없어요. 그냥 지나가,0
KoBART B1 lr2e-5 (06),전이학습,beam5+no_repeat_ngram3,눈꺼풀이 무거워,잠시 눈을 붙여보세요.,눈꺼게 하지 마세요. 눈꺼풀을 감으세요. 눈,0
KoBART B1 lr2e-5 (06),전이학습,beam5+no_repeat_ngram3,바람 쐬러 나갈까,같이 가요.,시원하게 거리는 거 같아요. 차근차근 준비해보세요.,0
KoBART B1 lr2e-5 (06),전이학습,beam5+no_repeat_ngram3,비오는날 뭐해?,실내 데이트요.,실내 데이트요. 안녕히 주무세요. 차근차근 준비하,0
KoBART B1 lr2e-5 (06),전이학습,beam5+no_repeat_ngram3,더 답답한 오늘,바람이라도 쐬고 오는 건 어떨까요.,답답한만 해요. 조금만 더 견뎌보세요. 조금은 나아,1
KoBART B1 lr2e-5 (06),전이학습,beam5+no_repeat_ngram3,오늘도 그냥 그냥 다갔네.,소소한 행복을 느껴보세요.,다치지갈 거예요. 힘내세요. 저한테 기대세요. 저에게 기대,0
KoBART B1 lr2e-5 (06),전이학습,beam5+no_repeat_ngram3,시간 진짜 빨리감,시간은 상대적으로 흘러갑니다.,시간적 여유가 생겨서 그런가봐요. 곧 좋은 소식이 들리,0
KoBART B1 lr2e-5 (06),전이학습,beam5+no_repeat_ngram3,꿈인지 현실인지,정신차리세요.,꿈은 현실에서 현실로 다가왔나봐요. 곧 현실이,1
KoBART B1 lr2e-5 (06),전이학습,beam5+no_repeat_ngram3,완전히 정리했어,조금 후련해졌길 바랍니다.,정리가 잘 되길 바랄게요. 곧 좋은 소식이 들리길,1
KoBART B1 lr2e-5 (06),전이학습,beam5+no_repeat_ngram3,내 가치관이랑 다른 가치관을 가지고 있는 그 남자를 좋아하는게 힘들어.,서로의 가치관이 평행선을 이루지만 않는다면 만날 수도 있을 거예요.,가치관이관이 다른 사람이니까요. 다른 가치관을 가지고 있는 사람을 좋아하는,2
KoBART B1 lr2e-5 (06),전이학습,beam5+no_repeat_ngram3,결혼해도 될까,이사람이다 싶은 사람이랑 하세요.,살다보면 할 수 있는 게 많아요. 도전해 볼게요.,0
KoBART B1 lr2e-5 (06),전이학습,beam5+no_repeat_ngram3,괜찮아진 줄 알았는데.,괜찮은 척 하고 있던 걸 수도 있어요.,조금만 더아주세요. 괜찮아질 거예요. 조금만 더 힘내세요.,1
KoBART B1 lr2e-5 (06),전이학습,beam5+no_repeat_ngram3,안 맞는다면서 헤어진 우리,인연이 거기까지인가봐요.,맞는 말이 맞는 말이에요. 자신의 삶을 살다보면 정리가 될,1
KoBART B1 lr2e-5 (06),전이학습,beam5+no_repeat_ngram3,좋아하는 여자애가 우리 형을 좋아한다고 들음. 나 어떡하냐.,천천히 마음을 정리하는게 좋겠네요.,부담스럽지 않은 선이 좋겠어요. 걱정하지 마세요. 괜찮아,2
KoBART B1 lr2e-5 (06),전이학습,beam5+no_repeat_ngram3,짝사랑인가 썸인가,썸이길 바랄게요.,썸차이와 썸의 차이인가요. 썸인가요.,2
KoBART B1 lr2e-5 (06),전이학습,beam5+no_repeat_ngram3,블루투스 이어폰 편하겠지,사면 편하겠죠.,안해도귀가 편한가봐요. 그래도 사귀고 나서,0
KoBART B1 lr2e-5 (06),전이학습,beam5+no_repeat_ngram3,짝사랑 시작하고 감정 기복이 심해.,짝사랑이 그런건가봐요.,짝사랑이 시작되면 감정 기복이 심해요. 특히나,2
KoBART B1 lr2e-5 (06),전이학습,beam5+no_repeat_ngram3,아부쟁이가 부러워,적성에 맞는 사람이 있죠.,부러워요. 자연스러운 현상이에요. 신경쓰지 마세요. 눈,0
KoBART B1 lr2e-5 (06),전이학습,beam5+no_repeat_ngram3,몸무게 좀 줄었으면,지금도 충분히 아름다워요.,운동을 해보해보세요. 당신의 몸무게를 알아볼 수 있을 거예요.,0
KoBART B1 lr2e-5 (06),전이학습,beam5+no_repeat_ngram3,운세 종합해 보니 헤어질 때였네,의미부여는 자신을 더 작게 만들어요.,운명이 중요하지 않으니까요. 차분히 생각해보세요. 좋은,1
KoBART B1 lr2e-5 (06),전이학습,beam5+no_repeat_ngram3,속시원해~~안녕 잘가~~~,이제 정말 안녕.,안녕 이라고죠. 감사합니다. 기분이 좋아졌길 바랍니다. 안녕히 주무,1
KoBART B1 lr2e-5 (06),전이학습,beam5+no_repeat_ngram3,무료 앱이 유료로 됐어,돈을 지불하고 이용할 가치가 있는지 따져보세요.,유료로 되었으면 좋겠네요. 도움이 되겠네요. 어서 앱 다운,0
KoBART B1 lr2e-5 (06),전이학습,beam5+no_repeat_ngram3,도대체 왜 이러는걸까,무슨 일이 있었나봐요.,인연이 거기까지였나봐요. 차분히 생각해보세요.,1
KoBART B1 lr2e-5 (06),전이학습,beam5+no_repeat_ngram3,이 남자애의 행동 나를 좋아하는게 맞는지 모르겠어.,정확한 사실을 알긴 힘들어요.,직접적으로든 간접적이든 의사를 확실히 밝혀보세요. 확실할 거예요.,2
KoBART B1 lr2e-5 (06),전이학습,beam5+no_repeat_ngram3,예전 게임인데 재밌다,저도 하고 싶네요.,게임하세요! 재밌겠네요. 재밌겠죠. 도전해 보세요.,0
KoBART B1 lr2e-5 (06),전이학습,beam5+no_repeat_ngram3,파혼 7개월 째,아직 힘들거라 생각해요.,힘들겠지만 잘 견뎌낼거예요. 힘내세요. 힘내,1
KoBART B1 lr2e-5 (06),전이학습,beam5+no_repeat_ngram3,누군가 제 이야기를 들어줬으면 해서 올리내.,글로 정리하는 것도 좋은 방법이에요.,제 이야기를 들어주신다면 감사할 거예요. 제게 말해주신,1
KoBART B1 lr2e-5 (06),전이학습,beam5+no_repeat_ngram3,걔랑 같은 반 됐으면 좋겠다,당신의 운을 믿어보세요.,같은 반 되길 바랍니다. 용기를 내서 응원할게요. 용기를 내,0
KoBART B1 lr2e-5 (06),전이학습,beam5+no_repeat_ngram3,친구랑 있으면 내가 작아져,당신은 생각보다 큰 사람이에요.,자신만 더 작아지길 바랄게요. 자신감을 가져보세요.,0
KoBART B1 lr2e-5 (06),전이학습,beam5+no_repeat_ngram3,움직임이 없어.,에너지가 필요한 순간이네요.,저랑 기대세요. 저랑 같이 흔들어요. 저랑 함께 흔들어요.,0
KoBART B1 lr2e-5 (06),전이학습,beam5+no_repeat_ngram3,잊어야하나?,당신을 위해서 잊는게 좋을 거예요.,마음먹히길 바랄게요. 자연스러운 현상이에요. 힘들,1
KoBART B1 lr2e-5 (06),전이학습,beam5+no_repeat_ngram3,할 수 있다면 그럴수 있다면 달라질까?,자신을 믿어보세요.,달라지는게 없다면 지금보다 나을 거예요. 지금보다 더 잘할,1
KoBART B1 lr2e-5 (06),전이학습,beam5+no_repeat_ngram3,인내하면 얻을 수 있을까?,인내할 수 있는 사람이라면 무엇이든 손에 넣을 수 있을 거예요.,인내의 시간이 필요할지도 몰라요. 노력하면 얻을 수 있을 거예요.,0
KoBART B1 lr2e-5 (06),전이학습,beam5+no_repeat_ngram3,남자친구가 연락 안 하고 외박했어,당신이 생각하는 그런일은 없을거예요.,외박 했을거예요. 이해하려고 노력해보세요. 눈치가 없을,2
KoBART B1 lr2e-5 (06),전이학습,beam5+no_repeat_ngram3,잠수이별해도 될까,잠수이별 만큼 비겁한 것은 없어요. 깨끗하게 정리하길 바랄게요.,상대방을 대한 예의가 없네요. 차분히 생각해보세요.,1
KoBART B1 lr2e-5 (06),전이학습,beam5+no_repeat_ngram3,잊어보려 하는데.,처음에는 잘 안되겠지만 잘할 수 있을 거예요.,마음먹 대로 되지 않나봐요. 당장이라도 붙잡아보세요.,1
KoBART B1 lr2e-5 (06),전이학습,beam5+no_repeat_ngram3,부자 백수 하고 싶어,그게 최고죠.,지금처럼 더 잘할 수 있을 거예요. 열심히 하세요. 그러면 성공할 거예요.,0
KoBART B1 lr2e-5 (06),전이학습,beam5+no_repeat_ngram3,야 너!,네,저는 위로해드리고 싶네요. 위로해드려요. 어머,1
KoBART B1 lr2e-5 (06),전이학습,beam5+no_repeat_ngram3,여자친구가 키가 너무 커,깔창이 있잖아요.,키가 중요하지 않아요. 당신이 키를 더 키워주세요.,2
KoBART B1 lr2e-5 (06),전이학습,beam5+no_repeat_ngram3,잡담할 시간 있어?,물론이죠. 무엇이든 말씀하세요.,잡담 하는 시간도 필요해요. 저랑 같이 잡으세요.,0
KoBART B1 lr2e-5 (06),전이학습,beam5+no_repeat_ngram3,같은 반인데 헤어지자고 해야 하나??,그래도 할 거면 해야겠죠.,고민하고 있다면 그게 맞을거예요. 그렇지만 슬쩍 호감을,1
KoBART B1 lr2e-5 (06),전이학습,beam5+no_repeat_ngram3,위로 해 주세요.,정말 많이 힘들었죠. 때론 힘내려 노력하지 않아도 돼요.,저도 위로워요. 위로해 드릴게요. 꼭 해드릴게요.,1
KoBART B1 lr2e-5 (06),전이학습,beam5+no_repeat_ngram3,계속꿈에 나와,잘 때 다른 생각을 하고 주무세요.,꿈에 나왔나봐요. 곧 좋은 소식이 들리려고 하는 것,1
KoBART B1 lr2e-5 (06),전이학습,beam5+no_repeat_ngram3,스타트업하면 위험할까,확신이 들 때까지 준비해보세요.,위험할 것 같아요. 인공지능에 의존하지 마세요. 도전을 두려워,0
KoBART B1 lr2e-5 (06),전이학습,beam5+no_repeat_ngram3,왜 이상한 말 해,더 열심히 노력하겠습니다.,다른 사람 말은 한 귀로 흘리세요. 차분하고 부드럽게,0
KoBART B1 lr2e-5 (06),전이학습,beam5+no_repeat_ngram3,내가 제일 문제인 듯,당신은 하나밖에 없는 소중한 사람이에요.,가장 중요한 문제네요. 신경쓰지 마세요. 당신만 괜찮다면,0
KoBART B1 lr2e-5 (06),전이학습,beam5+no_repeat_ngram3,가슴이 너무 아프고 숨쉬기가 힘드네,아픈만큼 더 성숙해질 거예요.,숨 쉴만 쉬세요. 기운 내요. 저한테 말해보세요. 기운,1
KoBART B1 lr2e-5 (06),전이학습,beam5+no_repeat_ngram3,9년이 넘는 연애를 끝냅니다,공허함이 더 크시겠어요.,끝내는 때를 아는 것도 중요한 것 같아요. 이별을 받아들이는 것도,1
KoBART B1 lr2e-5 (06),전이학습,beam5+no_repeat_ngram3,하고 많은 사람 중에 왜 나야?,당신이니까요.,사람 고쳐쓰는 거 아니에요. 그냥 무시하세요. 무시하,2
KoBART B1 lr2e-5 (06),전이학습,beam5+no_repeat_ngram3,후폭풍이 올까 두려운데.!,그냥 지금 우세요.,후폭풍은 누구에게나 와요. 내 맘 같지 않나,1
KoBART B1 lr2e-5 (06),전이학습,beam5+no_repeat_ngram3,과식했나 봐,과식은 금물이에요.,과식 안 먹어도 돼요. 소화제라도 드셔보세요.,0
KoBART B1 lr2e-5 (06),전이학습,beam5+no_repeat_ngram3,모르는 사람인데 첫 눈에 반했어.,외모나 분위기가 이상형이었나봐요.,첫 눈에 반했나봐요. 자연스러운 현상이에요. 얼른,2
KoBART B1 lr2e-5 (06),전이학습,beam5+no_repeat_ngram3,아픈 첫사랑,첫사랑니의 고통처럼 시린가봐요.,아픈 만큼 사랑했던 만큼 아픔도 크겠죠. 힘내세요. 당신의,1
KoBART B1 lr2e-5 (06),전이학습,beam5+no_repeat_ngram3,영화 보러 왔어,저도 영화 보여주세요.,온 가족이 모두 마음에 드는 곳으로 가보세요. 좋은 곳이겠네요.,0
KoBART B1 lr2e-5 (06),전이학습,beam5+no_repeat_ngram3,나 다른 거 할까,시도해봐도 좋겠죠.,남들이 신경쓰지 마세요. 자신만 할 수 있을 거예요. 다른,0
KoBART B1 lr2e-5 (06),전이학습,beam5+no_repeat_ngram3,좋아하는 남자애한테 발렌타인데이 때 초콜릿 줄까?,주면 좋아할 거예요.,초콜릿은 정말 좋아할 거예요. 예쁘게 만드는 건 어떨까요?,2
KoBART B1 lr2e-5 (06),전이학습,beam5+no_repeat_ngram3,궁금한게있습니다,네 물어보세요.,저도 궁금 궁금해요. 무엇이든 물어보세요. 네 말씀 해보세요.,1
KoBART B1 lr2e-5 (06),전이학습,beam5+no_repeat_ngram3,면허 따야하나,운전하는거 재미있어요.,좋은 도습이네요. 주의하세요. 손맛있게 드세요.,0
KoBART B1 lr2e-5 (06),전이학습,beam5+no_repeat_ngram3,부업할까?,좋아요!,부업업에 종사하는 사람들이 잘할 수 있을 거예요. 성공하길 바랍,0
KoBART B1 lr2e-5 (06),전이학습,beam5+no_repeat_ngram3,비만 판정 받았어,건강하게 운동해보세요.,운동을 해보해보세요. 한결 몸이 가벼워질 거예요. 운동도 해보세요.,0
KoBART B1 lr2e-5 (06),전이학습,beam5+no_repeat_ngram3,녹차 한 잔 어때?,드시는거 보기만 해도 좋아요.,차 한 한 잔 드셔보세요. 생각이 정리될 거예요. 차 한,0
KoBART B1 lr2e-5 (06),전이학습,beam5+no_repeat_ngram3,방에 먼지가 한가득,청소하세요.,마스크 쓰고 나가세요. 피곤한가봐요. 차근차근,0
KoBART B1 lr2e-5 (06),전이학습,beam5+no_repeat_ngram3,위로받고 싶은 날,제가 위로 많이 해드릴게요.,저도 위로받고 싶네요. 위로받고 싶은 마음뿐이에요. 위로,0
KoBART B1 lr2e-5 (06),전이학습,beam5+no_repeat_ngram3,회사 사람들이 아직도 불편해,회사에는 동료가 있을 뿐이에요.,불편함을 불편해하지 않아도 돼요. 단지 불편함을 느낄 뿐이에,0
KoBART B1 lr2e-5 (06),전이학습,beam5+no_repeat_ngram3,뭐 할줄 알아,오늘 헤어졌어 라고 하면 위로해 드려요.,저랑 이야기해요. 저한테 말해달라고 해요. 저에게 말해,0
KoBART B1 lr2e-5 (06),전이학습,beam5+no_repeat_ngram3,잠이 또 안와,고민이 있나 봐요.,잠이 올가봐요. 피곤할텐데 따뜻한 차라도 한잔,0
KoBART B1 lr2e-5 (06),전이학습,beam5+no_repeat_ngram3,컴퓨터가 느려졌어,포맷해보세요.,포맷해보세요. 미련없이 떠날 수 있을 거예요! 라고,0
KoBART B1 lr2e-5 (06),전이학습,beam5+no_repeat_ngram3,비 와,우산 챙기세요.,비 맞으면 안돼요! 기운 내길 바랄게요. ,0
KoBART B1 lr2e-5 (06),전이학습,beam5+no_repeat_ngram3,부모님처럼 살고 싶다,좋은 부모님을 두셨군요.,부모님도 효도하세요. 좋은 부모님을 모시고 살아가세요.,0
KoBART B1 lr2e-5 (06),전이학습,beam5+no_repeat_ngram3,식비가 어마무시하다,다이어트를 해봐요.,식사는비에 허덕이네요. 조금만 더 버텨보세요.,0
KoBART B1 lr2e-5 (06),전이학습,beam5+no_repeat_ngram3,난 왜이리 바보 같을까.,이제 같은 실수를 반복하지 않으면 돼요.,바보스러운네요. 자신의 실수를 탓하지 마세요. 당신은 바보예요.,1
KoBART B1 lr2e-5 (06),전이학습,beam5+no_repeat_ngram3,이번 방학에 뭐하면 잘했다고 소문날까,차근차근 계획을 세워보세요.,방학은 참 짧죠. 노력하면 잘할 수 있을 거예요. 파이팅,0
KoBART B1 lr2e-5 (06),전이학습,beam5+no_repeat_ngram3,멋지게 나이들고 싶다,지금도 그러고 있어요.,멋지게 데이트 신청 해보세요. 멋지게 나이 드세요. 나이보다,0
KoBART B1 lr2e-5 (06),전이학습,beam5+no_repeat_ngram3,골프 어려워,처음부터 잘하는 사람은 없어요.,지금 연락해 보세요. 조금은 나아질거예요. 조금만 더,0
KoBART B1 lr2e-5 (06),전이학습,beam5+no_repeat_ngram3,사랑이라는 이름으로,너에게 묻노라.,사랑했던다는 건 쉬운 일이 아니에요. 헤어지세요. 헤어지,2
KoBART B1 lr2e-5 (06),전이학습,beam5+no_repeat_ngram3,나의 약점,나의 장점.,약점르면 약이 될 거예요. 저에게 말해보세요. 약이,1
KoBART B1 lr2e-5 (06),전이학습,beam5+no_repeat_ngram3,열심히 한 거 같은데,중요한 건 노력하는 과정이에요.,다음에는 잘 될 거예요. 노력해보세요. 잘할 수 있을 거예요. 더,0
KoBART B1 lr2e-5 (06),전이학습,beam5+no_repeat_ngram3,남자친구에게 고민이나 속사정을 어디까지 얘기해?,믿음의 정도에 따라 다른 거 같아요.,직접 물어든 거니까요. 신경쓰지 말고 직접 물어보세요.,2
KoBART B1 lr2e-5 (06),전이학습,beam5+no_repeat_ngram3,쓸데 없는 걱정 1위 연예인 걱정,동감입니다.,걱정하지 마세요. 잘할 거예요. 걱정하지 않아도 돼요. 걱정하지,0
KoBART B1 lr2e-5 (06),전이학습,beam5+no_repeat_ngram3,사랑할수록 집착해,상대방이 싫어할수도 있어요.,집착하지 수도 있어요. 그렇지만 조금 더 차분히 생각해보세요. 자신을,2
KoBART B1 lr2e-5 (06),전이학습,beam5+no_repeat_ngram3,전여친 헤어졌으니 남이죠?,그렇습니다.,남이니 신경쓰지 마세요. 맘고생 많았어요. 신경쓰,1
KoBART B1 lr2e-5 (06),전이학습,beam5+no_repeat_ngram3,아.빌어먹을 이제야 알다니.,이제라도 깨달았으니 더 이상의 실수는 없을 거예요.,이제라도 잊는게 나을지도 몰라요. 미련을 버,1
KoBART B1 lr2e-5 (06),전이학습,beam5+no_repeat_ngram3,내 발등 내가 다시 찍었네,발등이 얼른 아물길 바랄게요.,후회하지 않을 자신이 있다면 찍으세요. 미련은 남지 않을 거예요.,1
KoBART B1 lr2e-5 (06),전이학습,beam5+no_repeat_ngram3,같은하늘 다른공간,같은 하늘 아래 숨 쉬고 있어요.,다른 공간으로 공간으로 꾸며보세요. 당신의 잠재력을 확인하실 수 있을 거예요.,1
KoBART B1 lr2e-5 (06),전이학습,beam5+no_repeat_ngram3,내가 너무 생각없이 말했어,생각하고 말하세요.,상처받지 않으셨으면 좋겠어요. 차분하고 부드럽게 말하,0
KoBART B1 lr2e-5 (06),전이학습,beam5+no_repeat_ngram3,썸녀가 약속 시간을 안 지킴.,시간 약속이 생명인데요.,썸 약속을 잘 지켰는지 확인해보세요. 알겠네요.,2
KoBART B1 lr2e-5 (06),전이학습,beam5+no_repeat_ngram3,헤어짐이 힘든이유,사랑했으니까요.,헤어짐은 항상 힘듭니다. 고민하지 말아요. 힘내세요.,1
KoBART B1 lr2e-5 (06),전이학습,beam5+no_repeat_ngram3,역류성 식도염이 또 도졌어,과식하지 말고 먹고 눕지 마세요!,식염염이 의심되네요. 주의하세요. 격리하,0
KoBART B1 lr2e-5 (06),전이학습,beam5+no_repeat_ngram3,교회 오빠한테 눈이 가,성경 공부는 안하고 연애 공부하나봅니다.,자연스러운 현상이에요. 신경쓰지 마세요. 무시하세요. 무시,2
KoBART B1 lr2e-5 (06),전이학습,beam5+no_repeat_ngram3,과함 설렘 후에 지금은 안 설레,처음에 몰아서 설렜나봐요.,설렘을 잊는 건 정말 어려운 일이에요. 차분히,2
KoBART B1 lr2e-5 (06),전이학습,beam5+no_repeat_ngram3,친구의 전여자친구가 좋은데 사겨도될까?,친구을 잃을 수도 있어요.,전여자여자친구가 좋아해서 사겨도 될 것 같아요.,2
KoBART B1 lr2e-5 (06),전이학습,beam5+no_repeat_ngram3,남친 프로필에 내 사진 왜 안올릴까,신경쓰고 싶지 않은 사람도 있어요.,자연스러운 현상이에요. 신경쓰지 마세요. 신경쓰지도 마,0
KoBART B1 lr2e-5 (06),전이학습,beam5+no_repeat_ngram3,실내 데이트 추천,영화관이나 쇼핑몰이 생각나네요.,실내 데이트가 좋겠네요. 데이트 추천해요. 실내 데,0
KoBART B1 lr2e-5 (06),전이학습,beam5+no_repeat_ngram3,핸드폰 고장난거 아니야 연락이 안와,그게 문제는 아닐 거예요.,as 맡기세요. 연락이 와요. 걱정되겠네요.,0
KoBART B1 lr2e-5 (06),전이학습,beam5+no_repeat_ngram3,사랑하는 사람을 계속 기다려야 할까요?,기한을 정하고 기다리세요.,기다리지 않아도 돼요. 기다리는게 아니라 기다리는게 더 나을 수도,2
KoBART B1 lr2e-5 (06),전이학습,beam5+no_repeat_ngram3,마음이 싱숭생숭해서 자꾸 글을 쓰게 되네,글 쓰면서 정리가 될 거예요.,글 쓰는 연습을 해보세요. 정리가 될 거예요. 마음이 싱숭,0
KoBART B1 lr2e-5 (06),전이학습,beam5+no_repeat_ngram3,바람,고쳐 쓸 수 없는 버릇이에요.,바람  쐬고 오세요. 기분 전환 하세요. 바람 바람 바람,1
KoBART B1 lr2e-5 (06),전이학습,beam5+no_repeat_ngram3,엄마 밥 먹고 싶다,시간내서 부모님 집에 찾아가 보세요.,맛있게 드세요. 좋은 식습관이네요. 어서 드세요. 저,0
KoBART B1 lr2e-5 (06),전이학습,beam5+no_repeat_ngram3,시계가 멈춘거 같아.,에너지가 필요한 순간이네요.,멈출리기도 해요. 잠시 멈추세요. 다시 시작해도 돼요.,0
KoBART B1 lr2e-5 (06),전이학습,beam5+no_repeat_ngram3,짝녀가 있었는데 못 잊겠어.,시간이 필요한 때인 것 같아요.,잊을리 만무하겠네요. 슬프네요. 안타깝네,2
KoBART B1 lr2e-5 (06),전이학습,beam5+no_repeat_ngram3,오랜만에 서점에 갔었어,마음의 양식을 채우길 바랄세요.,맛있는 거식도 가져가세요. 맛있는 거 드세요. 맛있게 드,0
KoBART B1 lr2e-5 (06),전이학습,beam5+no_repeat_ngram3,"이별당시 보다 더 짠한건, 나 떠났으면 잘이나 살지.",당신은 정말 착한 사람이군요.,후회할 행동은 하지 마세요. 당신의 삶을 더 슬프게 만들,1
KoBART B1 lr2e-5 (06),전이학습,beam5+no_repeat_ngram3,공황증,견디기 힘들었을텐데 괜찮은가요.,잠시 휴식을 취해보세요. 좋은 취미네요. 기분 전환이 될,1
KoBART B1 lr2e-5 (06),전이학습,beam5+no_repeat_ngram3,피곤한테 또 잠은 안 와.,고민이 있나봐요.,피곤한나봐요. 기운 내길 바랄게요. 피곤한,0
KoBART B1 lr2e-5 (06),전이학습,beam5+no_repeat_ngram3,여행 가야지,좋은 여행 되길 바랍니다.,좋은 여행이에요. 좋은 여행 다녀오세요. 좋은 곳으로 가세요. 좋은,0
KoBART B1 lr2e-5 (06),전이학습,beam5+no_repeat_ngram3,월급에 비해 근무시간이 너무 긴 거 같애,야근 수당을 챙겨보세요.,회사에서 꼼수를 쓰는 건 아닌지 확인해보세요. 자신의 몸값을,0
KoBART B1 lr2e-5 (06),전이학습,beam5+no_repeat_ngram3,시골 내려가서 살까,아무래도 덜 경쟁하겠죠.,시골에서 가서 살다보면 정리가 될 거예요. 자연스러운 현상이에,0
KoBART B1 lr2e-5 (06),전이학습,beam5+no_repeat_ngram3,피자 먹고 싶다.,같이 먹어요!,맛있게 드세요. 얼른 드세요. 볶볶볶음밥,0
KoBART B1 lr2e-5 (06),전이학습,beam5+no_repeat_ngram3,슬픈 예감대로 되어가는 현실,슬픈 예감은 틀린 적이 없죠.,슬픈 예감은 현실이 되어버렸나봐요. 곧 현실이,1
KoBART B1 lr2e-5 (06),전이학습,beam5+no_repeat_ngram3,짝사랑은 힘든 거 같아,그래도 좋아하는 동안 행복하길 바라요.,짝사랑은 사람을 힘들게 해요. 힘들게 하는건 좋지 않아,2
KoBART B1 lr2e-5 (06),전이학습,beam5+no_repeat_ngram3,몸매가 탄탄하면 좋은데,운동으로 만들어 보아요.,운동을 해보해보세요. 당신의 체력을 믿어보세요. 당신의 잠재력을,0
KoBART B1 lr2e-5 (06),전이학습,beam5+no_repeat_ngram3,내 마음에 온통 너야,올인은 좋은게 아니에요.,저도 해해 주세요. 저도 위로해 드릴게요. 제가 위로해,2
KoBART B1 lr2e-5 (06),전이학습,beam5+no_repeat_ngram3,친구가 잘되니까 배 아픈 거 같아,친구가 아닌가봐요.,친구가 보는으면 서운해 할 수도 있겠어요. 그렇지만 조금 더 상황을,0
KoBART B1 lr2e-5 (06),전이학습,beam5+no_repeat_ngram3,잘 지냈으면 좋겠다,따뜻한 마음이네요.,잘 지낼거예요. 힘내세요! 파이팅!!!,2
KoBART B1 lr2e-5 (06),전이학습,beam5+no_repeat_ngram3,마음이 울적해,거리를 걸어보세요.,울적 돼요. 저에게 말해보세요. 울적해질 거예요. 저,0
KoBART B1 lr2e-5 (06),전이학습,beam5+no_repeat_ngram3,그만 먹어야 하는데,조금만 드세요,그만두는어도 괜찮아요. 슬쩍 호감을 표현해봐요.,0
KoBART B1 lr2e-5 (06),전이학습,beam5+no_repeat_ngram3,답이 없는 남자,답이 얼른 왔으면 좋겠네요.,답이 있을 때까지 기다리세요. 답이 나타날 때까지 기다릴게,1
KoBART B1 lr2e-5 (06),전이학습,beam5+no_repeat_ngram3,체육대회 안 했으면,재미 있는 종목을 찾아보세요.,운동을 해보 해보세요. 금방 할 수 있을 거예요. 해보세요. 재미있을 거예요.,0
KoBART B1 lr2e-5 (06),전이학습,beam5+no_repeat_ngram3,제가 놓았던 손을 다시 잡으려니 힘드네.,원상복구는 언제나 힘드니까요.,자연스러운 현상이에요. 다시 일어나지 않길 바랄게요.,1
KoBART B1 lr2e-5 (06),전이학습,beam5+no_repeat_ngram3,짝사랑만이 답일까.,짝사랑만이 답을 아니랍니다.,사랑만이 답이 아니었을까요. 사랑한다면 답도 있을거,2
KoBART B1 lr2e-5 (06),전이학습,beam5+no_repeat_ngram3,휴대폰 바꿀 타이밍,오래 쓰셨나봐요.,정리가기간을 정했나봐요. 기다려주세요. 기다릴게,0
KoBART B1 lr2e-5 (06),전이학습,beam5+no_repeat_ngram3,안경 벗었는데 완전 훈남,만화같은 일이네요.,안경경 쓰나봐요. 신경쓰지 마세요. 괜찮아,0
KoBART B1 lr2e-5 (06),전이학습,beam5+no_repeat_ngram3,욕까지 먹었는데 정이 안 떨어져,지나간 사람은 얼른 떨쳐버리세요.,정정 잘 되길 바랄게요. 괜한 걱정하지 마세요.,1
KoBART B1 lr2e-5 (06),전이학습,beam5+no_repeat_ngram3,거짓말은 진짜 못고치는 병 맞죠?,아무래도 그렇죠.,거짓말은 습관이에요. 속고치는 건 나쁜거예요. 자신을,1
KoBART B1 lr2e-5 (06),전이학습,beam5+no_repeat_ngram3,오늘 또 하루 살았네,오늘은 약간의 변화를 줘보세요.,내일은 나은 하루이길 바랄게요. 힘내세요!,0
KoBART B1 lr2e-5 (06),전이학습,beam5+no_repeat_ngram3,연차 내고 누워만 있네,때론 쉬어가는 것도 필요해요.,조금만 더 버텨보세요. 괜찮아질거예요. 힘내,1
KoBART B1 lr2e-5 (06),전이학습,beam5+no_repeat_ngram3,좌절 중이야,이제 일어날 때예요.,지금부터 더 잘할 수 있을 거예요. 조금만 더 버텨보세요.,0
KoBART B1 lr2e-5 (06),전이학습,beam5+no_repeat_ngram3,커피 말고 뭐 마시지,시원한 쥬스는 어때요.,커피는 좋겠네요. 커피향이 나길 바랄게요.,0
KoBART B1 lr2e-5 (06),전이학습,beam5+no_repeat_ngram3,조카들 너무 귀찮게 해,방문 열어주지 마세요.,귀차니즘을 극복해보세요. 눈치가 없을지도 몰라요.,0
KoBART B1 lr2e-5 (06),전이학습,beam5+no_repeat_ngram3,잊자 잊자 지워버리자,잘 해내고 있어요.,맘고생 많았어요. 차분히 생각하세요. 시간이 해결해줄,1
KoBART B1 lr2e-5 (06),전이학습,beam5+no_repeat_ngram3,반가운 연락,사랑하는 사람의 연락이었나봐요.,반가운요. 반갑습니다. 반가운 마음이에요. 반가워요. 반가,1
KoBART B1 lr2e-5 (06),전이학습,beam5+no_repeat_ngram3,짝녀한테도 철벽쳐요. 성격이 왜 그럴까요.,두려운게 있는게 아닐까요.,철벽만 남았나봐요. 정리하는게 더 나을,2
KoBART B1 lr2e-5 (06),전이학습,beam5+no_repeat_ngram3,밤만 되면 미치겟네.,아직 많이 답답한가봐요.,밤에는 많은 생각이 드네요. 생각이 많아서 그런가봐요.,1
KoBART B1 lr2e-5 (06),전이학습,beam5+no_repeat_ngram3,돈 쥐꼬리만큼 가지고 유세부리는 꼴이라니,없다가 있어서 그런가봐요.,돈 모아는 연습을 해보세요. 차근차근 준비하세요.,0
KoBART B1 lr2e-5 (06),전이학습,beam5+no_repeat_ngram3,시간 아까워,다른 일을 해보세요.,정정기간을 노려 보세요. 조금 더 정정할 수 있을 거예요.,0
KoBART B1 lr2e-5 (06),전이학습,beam5+no_repeat_ngram3,완전히 잊는다는게 쉽지 않네,사랑했던 연인을 잊어버리는건 힘들어요.,완전히 잊는다는게 쉬운게 아니니까요. 차분히 생각해,1
KoBART B1 lr2e-5 (06),전이학습,beam5+no_repeat_ngram3,이어폰 사야지,잘 골라보세요.,알뜰한 소비 하셨네요. 사계절 내내 좋아요. 좋아요.,0
KoBART B1 lr2e-5 (06),전이학습,beam5+no_repeat_ngram3,여드름 피부 화장으로 가릴까?,중요한 날에만 가리세요.,예뻐 것 같네요. 신경쓰지 마세요. 예뻐요.,0
KoBART B1 lr2e-5 (06),전이학습,beam5+no_repeat_ngram3,점점 괜찮아 지는것 같다가도.,힘들기도 하겠죠.,괜찮아질 거예요. 저에게 말해보세요. 마음이 나아질 거예요. 마음이,1
KoBART B1 lr2e-5 (06),전이학습,beam5+no_repeat_ngram3,헤어진 지 한달됐습니다,힘든가봐요.,하루 하루를 헤아리는 건 자신을 더 힘들게 만들 뿐이에,1
KoBART B1 lr2e-5 (06),전이학습,beam5+no_repeat_ngram3,배가 너무 고파,뭐 좀 챙겨드세요.,배고프지 않길 바랄게요. 조금만 더 힘내,0
KoBART B1 lr2e-5 (06),전이학습,beam5+no_repeat_ngram3,뭐라 하려다 참았어,계속 그러면 말하세요.,많이 당황했나봐요. 곧 괜찮아질거예요. 걱정,0
KoBART B1 lr2e-5 (06),전이학습,beam5+no_repeat_ngram3,후폭풍 재회를 두번 또 헤어짐,사랑도 헤어짐도 면역이 안되나봐요.,후폭풍은 항상 와요. 미련이 남나봐요.,1
KoBART B1 lr2e-5 (06),전이학습,beam5+no_repeat_ngram3,엄청 로맨틱해,생각만해도 달콤하네요.,로맨틱해요. 차분하고 차분하게 말하세요. 좋아,2
KoBART B1 lr2e-5 (06),전이학습,beam5+no_repeat_ngram3,남편이 아기를 안 돌봐줘.,공동육아가 기본인데요.,경제적으로 도움이 되겠네요. 걱정하지마세요. 남편이 먼저 돌봐,0
KoBART B1 lr2e-5 (06),전이학습,beam5+no_repeat_ngram3,술먹고 연락도 없는,걱정되시겠어요.,술이 웬수예요. 정신 차리세요. 기운을 차리,1
KoBART B1 lr2e-5 (06),전이학습,beam5+no_repeat_ngram3,지금 나오라고 하는거 예의 없음?,보고싶다고 연락은 해보는 게 좋을 거 같아요.,예의는 걸 수도 있어요. 그렇지만 조금 더 상황을 지켜보세요. 센스있는,2
KoBART B1 lr2e-5 (06),전이학습,beam5+no_repeat_ngram3,더워더워,차가운 음료 너무 많이 마시면 아니 되어요,찬물 샤워를 해보세요. 더 따뜻해질거예요. 더,0
KoBART B1 lr2e-5 (06),전이학습,beam5+no_repeat_ngram3,첫사랑은 안되는건가,의미 부여하지 마세요.,첫사랑은 안되는게 아니라 안되는거죠. 다시 시작해보,1
KoBART B1 lr2e-5 (06),전이학습,beam5+no_repeat_ngram3,눈물이 많아졌어,세상 걱정 혼자 다 해서 그래요.,울어도 돼요. 웃으면 돼요. 눈물이 우러나오네,0
KoBART B1 lr2e-5 (06),전이학습,beam5+no_repeat_ngram3,너무 힘든 나날을 보내고 있습니다.,원래 이별은 힘든 거예요.,힘든 시간 보내고 있네요. 힘내세요! 힘들었을텐데,1
KoBART B1 lr2e-5 (06),전이학습,beam5+no_repeat_ngram3,밤만 되면,생각날 거예요.,밤에는 많은 생각이 드네요. 차근차근 준비해보세요.,1
KoBART B1 lr2e-5 (06),전이학습,beam5+no_repeat_ngram3,커플여행 어떻게 생각해?,누구랑 가느냐가 중요하겠죠.,같이 가보세요. 서로에게 더 좋은 인상을 남길거예요.,2
KoBART B1 lr2e-5 (06),전이학습,beam5+no_repeat_ngram3,잘해줘도 이별은 아프네,이별의 끝은 항상 시린 것 같아요.,이별은 아픔이 따르기 마련이에요. 이별을 받아들이는 것도,1
KoBART B1 lr2e-5 (06),전이학습,beam5+no_repeat_ngram3,커플 폰케이스 사자고 해야겠다.,괜찮은거로 골라보세요.,서로에게 좋은 선물이 될 거 같아요. 예쁘게 사주세요.,0
KoBART B1 lr2e-5 (06),전이학습,beam5+no_repeat_ngram3,수영장 같이 가려고 해,즐거운 시간 보내고 오세요!,강습 받아보세요. 좋은 생각 할 수 있을 거예요. 같이 가세요.,0
KoBART B1 lr2e-5 (06),전이학습,beam5+no_repeat_ngram3,옷이 다 젖었어,감기 조심 하세요.,옷이 다 젖었나봐요. 어서 치과 가보세요.,0
KoBART B1 lr2e-5 (06),전이학습,beam5+no_repeat_ngram3,짝녀 보란 듯이 성공하고 싶습니다.,큰 결심이네요. 꼭 성공할 거예요.,용기를 내서 말해보세요. 잘할 수 있을 거예요. 꼭 성공할 거예요.,2
KoBART B1 lr2e-5 (06),전이학습,beam5+no_repeat_ngram3,부모님 반대 설득하고 싶어,자식 이기는 부모 없을 거예요.,부모님도 대화를 나눠보세요. 충분히 설득할 수 있을 거예요. 설득하고,2
KoBART B1 lr2e-5 (06),전이학습,beam5+no_repeat_ngram3,말을 수시로 바꾸는 사람 어떻게 해?,빼도 박도 못하는 증거를 만들어 놓으세요.,말을 안는다는 건 쉬운 일이 아니니까요. 신경쓰지 마,0
KoBART B1 lr2e-5 (06),전이학습,beam5+no_repeat_ngram3,"괜찮은 척, 어른인척",척 안해도 돼요.,괜찮은 사람이니까요. 자연스러운 현상이에요. 신경쓰지 마,1
KoBART B1 lr2e-5 (06),전이학습,beam5+no_repeat_ngram3,물배달 시켜야겠다.,부지런하시네요.,부지런하시네요. 열심히 하세요. 좋은 결과 있길 바랍니다.,0
KoBART B1 lr2e-5 (06),전이학습,beam5+no_repeat_ngram3,짝녀 보고 싶다.,그럴 만 해요.,보고 싶 싶네요. 보고싶어요. 보고 싶다고 말해보세요.,2
KoBART B1 lr2e-5 (06),전이학습,beam5+no_repeat_ngram3,좋아하는 사람이 있는데 할 말이 없어서 연락이 끊겼어.,또 다시 연락할 수 있어요.,연락이 끊겼나봐요. 무슨 말을 하든 해봐요.,2
KoBART B1 lr2e-5 (06),전이학습,beam5+no_repeat_ngram3,퇴근 후에 만나자고 해볼까,용기내세요.,용기를 내서 말해보세요. 좋은 결과가 있을 거예요. 용기내서,0
KoBART B1 lr2e-5 (06),전이학습,beam5+no_repeat_ngram3,나만 좋아하는 것 같아 자존감 떨어져.,더 좋아하게 만들면 돼요.,자신만 그 자체만으로 축복과 사랑을 받을 자격이 있는 사람이,2
KoBART B1 lr2e-5 (06),전이학습,beam5+no_repeat_ngram3,사귀던 사람이 잠수탔어,너무 걱정하지 마세요. 조금더 기다려보세요.,좋은 사람이었으면 좋겠네요. 좋은 인연이었길 바랍니다.,2
KoBART B1 lr2e-5 (06),전이학습,beam5+no_repeat_ngram3,SNS 시간낭비인데 자꾸 보게됨,시간을 정하고 해보세요.,시간낭 여유가 생겨서 그런가봐요. 신경쓰지 마세요.,0
KoBART B1 lr2e-5 (06),전이학습,beam5+no_repeat_ngram3,마음이 변할까봐 두려워,서로에게 믿음을 주세요.,달라지는 게 없다면 만나지 않는 게 더 나을지도 몰라요.,2
KoBART B1 lr2e-5 (06),전이학습,beam5+no_repeat_ngram3,내가 나빴네,아니에요. 너무 자책하지 마세요.,나빴만 하지 마세요. 당신도 나빴네요. 나빴,0
KoBART B1 lr2e-5 (06),전이학습,beam5+no_repeat_ngram3,폰 자꾸 보게 돼,보지 마세요.,많이 봤보세요. 도움이 될 수도 있겠어요. 그렇지만 조금 줄여보세요.,1
KoBART B1 lr2e-5 (06),전이학습,beam5+no_repeat_ngram3,나 사랑할 자격 없는 사람이야,사랑에는 조건이 필요없어요.,사랑에는 자격 없는 사람이네요. 저한테 말해보세요. 저한테,2
KoBART B1 lr2e-5 (06),전이학습,beam5+no_repeat_ngram3,시어머니가 질투해,아들을 빼앗겼다고 생각하나봐요.,질투난다고 먼저 말해보세요. 상처받지 않을 자신 있을 거예요.,0
KoBART B1 lr2e-5 (06),전이학습,beam5+no_repeat_ngram3,월욜부터 힘드네.,기분 탓인지 월요일은 항상 힘든 것 같아요.,몸과 마음이 좀 쉬어야 할 것 같아요. 맘고생 많았,1
KoBART B1 lr2e-5 (06),전이학습,beam5+no_repeat_ngram3,말하는 거 귀여워,하트 뿅뿅이네요.,귀여울 거 같아요. 눈치가 없나봐요. 귀여워요.,2
KoBART B1 lr2e-5 (06),전이학습,beam5+no_repeat_ngram3,더 사랑해달래,더 많이 표현해주세요.,사랑해 사람이니까요. 더 사랑해 주세요. 더 사랑해주세요.,2
KoBART B1 lr2e-5 (06),전이학습,beam5+no_repeat_ngram3,냉방비 너무 많이 나와,시원하게 지낸 값이죠.,냉방욕 해보세요. 땀이 더 많이 나갈거예요. 눈,0
KoBART B1 lr2e-5 (06),전이학습,beam5+no_repeat_ngram3,추억은 힘이 없다.,추억은 미화되기 마련이죠.,추억은 잠도 못자는 말이에요. 새로운 추억으로 추억을,1
KoBART B1 lr2e-5 (06),전이학습,beam5+no_repeat_ngram3,허전한게 좀 그렇다,채워질 거예요.,마음이 허전한가봐요. 곧 나아질거예요. 기운내,0
KoBART B1 lr2e-5 (06),전이학습,beam5+no_repeat_ngram3,내가 좋아하는 걸 티냈는데 못 알아챘을까?,못 알아차렸을 수도 있어요.,확실한 의사 있었다면 알아챘을 거예요. 그렇지만 조금 더 상황을 지켜보세요.,2
KoBART B1 lr2e-5 (06),전이학습,beam5+no_repeat_ngram3,해외여행하다 숙소에서 만난 외국인이 너무 좋은데 이 연애 무리일까?,사랑에 국경은 없어요.,서로에게 좋은 인상을 남겼으면 좋겠네요. 신경쓰지 마,2
KoBART B1 lr2e-5 (06),전이학습,beam5+no_repeat_ngram3,자꾸 갠톡하는 선배 있는데 관심 있나?,호감이 있을 수도 있어요. 그렇지만 조금 더 상황을 지켜보세요.,호감이 있을 수도 있어요. 그렇지만 조금 더 상황을 지켜보세요. 헷갈,2
KoBART B1 lr2e-5 (06),전이학습,beam5+no_repeat_ngram3,녹차 마실래?,드시는거 보기만 해도 좋아요.,저도 마어요. 차분히 생각해 보세요. 좋아요. 차차차,0
KoBART B1 lr2e-5 (06),전이학습,beam5+no_repeat_ngram3,사랑 별거 없네,별거 없다가도 전부가 되는게 사랑이에요,저랑 기대세요. 저랑 행복해요. 행복하죠. 저랑,2
KoBART B1 lr2e-5 (06),전이학습,beam5+no_repeat_ngram3,내려놓기,잘했어요.,내려놓세요. 좋아할거예요. 내려놓기 전까지는 내려,1
KoBART B1 lr2e-5 (06),전이학습,beam5+no_repeat_ngram3,이젠 어떡해얄지 모르겠어,일기를 써보세요.,이별을 상처를 주지 않길 바랄게요. 이별을 받아들이는,1
KoBART B1 lr2e-5 (06),전이학습,beam5+no_repeat_ngram3,내 사랑이 있을까?,눈을 크게 뜨고 잘 찾아보세요.,사랑한다면 내 마음대로 할 수 있을 거예요. 내 마음대로 하세요. 내 마음대로,2
KoBART B1 lr2e-5 (06),전이학습,beam5+no_repeat_ngram3,술마시고 있네,한 잔하기 좋은 날이네요.,술이 웬수예요. 기분전환을 해봐요. 기분이 좀,1
KoBART B1 lr2e-5 (06),전이학습,beam5+no_repeat_ngram3,썸남이 오디션 나간대,응원해주세요.,상대에게 썸의 흔적이 남았나봐요. 슬프,2
KoBART B1 lr2e-5 (06),전이학습,beam5+no_repeat_ngram3,장거리 이별,잘 견뎌왔는데 힘든 순간이었죠.,이별은 상처를 남기고 가죠. 이별을 받아들이는 것도 힘들어요. 이별,1
KoBART B1 lr2e-5 (06),전이학습,beam5+no_repeat_ngram3,계속 생각나는 사람.,사랑했던 만큼 생각나겠죠.,생각보다 많은 시간이 지났네요. 힘내세요. 저에게 말해보,1
KoBART B1 lr2e-5 (06),전이학습,beam5+no_repeat_ngram3,여행가고 싶다,계획을 세워보세요.,온전히 모두 마음에 드는 곳으로 가보세요. 좋을 것 같아요. 좋은,0
KoBART B1 lr2e-5 (06),전이학습,beam5+no_repeat_ngram3,담배 끊는 거 어려워,자신을 이겨야해요.,금연 프로그램을 소개해보세요. 금연에 성공할 거예요. 금연에 성큼 다가,0
KoBART B1 lr2e-5 (06),전이학습,beam5+no_repeat_ngram3,친구들이 짝녀를 별로라고 하네요.,무슨 이유에서 그랬을까요.,짝사랑이 별로라고 말해보세요. 기분이 상할지도 몰라요.,2
KoBART B1 lr2e-5 (06),전이학습,beam5+no_repeat_ngram3,썸남이 연락이 안돼,연락이 중요한 시기인데요.,연락이 안되면 썸이 아닐지도 모르겠네요. 썸,2
KoBART B1 lr2e-5 (06),전이학습,beam5+no_repeat_ngram3,해외여행 가고 싶어.,그럼요!,여행을 떠나 보세요. 좋은 생각이 나실 거예요. 어디든 좋아할 거예요.,0
KoBART B1 lr2e-5 (06),전이학습,beam5+no_repeat_ngram3,실비 드는게 좋을까,잘 알고 들어도 좋을 것 같아요.,충분히 잘비할 수 있을 거예요. 그렇지만 조금 더 차분히 생각해,0
KoBART B1 lr2e-5 (06),전이학습,beam5+no_repeat_ngram3,내가 이렇게 또 불효를 한다.,연락이라도 드려보세요.,불행을 연습하지 마세요. 당신의 불효를 용서하고 기회를 주,0
KoBART B1 lr2e-5 (06),전이학습,beam5+no_repeat_ngram3,아마 평생 모르겠지.,평생 모르고 사는 게 참 많죠.,언젠간 올 순간이었을 거예요. 그때는요. 그때는. 그때는,2
KoBART B1 lr2e-5 (06),전이학습,beam5+no_repeat_ngram3,나를 떠보는 것 같은 짝남.,떠보는 것보다 직구 날려보세요.,당황스러나서 그런가봐요. 안타깝네요. 슬프네,2
KoBART B1 lr2e-5 (06),전이학습,beam5+no_repeat_ngram3,남자친구한테 서운해,수천번 생각해도 이건 아니라고 생각이 되면 서운하다고 이야기하세요.,서운해도 서운하지 않을까요? 차분히 생각해보세요.,2
KoBART B1 lr2e-5 (06),전이학습,beam5+no_repeat_ngram3,좋아하는 사람에 대한 관심을 끄는 방법이 뭐가 있을까.,다른일로 바쁘면 조금 덜할 거예요.,공통 관심 관심사에 대한 관심사를 알아보세요. 공통 관심사를 찾아,2
KoBART B1 lr2e-5 (06),전이학습,beam5+no_repeat_ngram3,배 아파서 기분이 안 좋아,약이 필요하면 도움을 받아보세요.,약을 드거나 병원에 가보세요. 증상이 호전될 거예요. 병원에 가,0
KoBART B1 lr2e-5 (06),전이학습,beam5+no_repeat_ngram3,친구랑 싸웠어,싸우면서 정 들 거예요.,친구한테 먼저 사과해보세요. 상처받지 않을 자신 있길 바랍니다.,0
KoBART B1 lr2e-5 (06),전이학습,beam5+no_repeat_ngram3,선생님이 나만 뭐라고 해,애정표현이라고 생각하세요.,선생님도 선생님께 말씀해보세요. 선생님께 직접 말해보세요. 선생님,0
KoBART B1 lr2e-5 (06),전이학습,beam5+no_repeat_ngram3,하루가 일년같아,시간이 더디게 흐르죠.,생각보다 많은 시간이 지났네요. 힘내세요! 기운내세요,1
KoBART B1 lr2e-5 (06),전이학습,beam5+no_repeat_ngram3,과거에 얽매여 있어,과거랑 현재랑 미래는 함께 해요.,추억에 얽힌 이야기들을 풀어보세요. 추억에 잠겨있는,1
KoBART B1 lr2e-5 (06),전이학습,beam5+no_repeat_ngram3,신혼여행 가서 돌아오기 싫다,휴가를 붙여보세요.,신혼여행은 자유여행이죠! 자유여행을 떠나보세요.,0
KoBART B1 lr2e-5 (06),전이학습,beam5+no_repeat_ngram3,개좋아,저도 좋아해주세요.,개 개 좋으시겠네요. 축하드려요. 기분 좋아요.,0
KoBART B1 lr2e-5 (06),전이학습,beam5+no_repeat_ngram3,연애상담하더니 둘이 사귀더라,대화를 하다가 친해졌나봐요.,사귀기 전 두근거림을 좋아하나 봐요. 차분,2
KoBART B1 lr2e-5 (06),전이학습,beam5+no_repeat_ngram3,집이 너무 지저분해,청소기를 돌려보세요.,지저분해요. 따뜻하게 치워주세요. 같이 치워,0
KoBART B1 lr2e-5 (06),전이학습,beam5+no_repeat_ngram3,이제 끝인가봐,이별을 받아들이는 건 쉬운 일이 아니겠죠.,맘고생 많았어요. 곧 좋은 소식이 들리길 바랄게,1
KoBART B1 lr2e-5 (06),전이학습,beam5+no_repeat_ngram3,좋아하는 사람 잊는 방법 조언 좀.,가슴 아픈 질문이네요.,잊는 데는 더 도움이 될지도 몰라요. 그렇지만 잊는게 더,2
KoBART B1 lr2e-5 (06),전이학습,beam5+no_repeat_ngram3,신청했더니 정말로 왔네ㅎㅎ,좋은 결과길 바라요.,후련했나봐요. 기분이 좋았으면 좋겠네요. 후련,1
KoBART B1 lr2e-5 (06),전이학습,beam5+no_repeat_ngram3,면접 팁 좀 줘,잘 볼 수 있을 거예요.,잘할 수 있을 거예요. 열심히 준비한 만큼 좋은 결과가 있을 거예요. 자신감을 가져,0
KoBART B1 lr2e-5 (06),전이학습,beam5+no_repeat_ngram3,나 실수한건가,잘 생각해보세요.,실수한 놓치지 마세요. 당신도 실수한거예요. 증거를,0
KoBART B1 lr2e-5 (06),전이학습,beam5+no_repeat_ngram3,너무 매달렸나봐,너무 사랑한 거였을 거예요.,조금만 더 버텨보세요. 덜 다쳤을 거예요. 후회하지 않을,1
KoBART B1 lr2e-5 (06),전이학습,beam5+no_repeat_ngram3,연락 못하는 아픔.,당분간은 힘들지 몰라요.,연락은 삭제하는게 좋겠어요. 힘들겠지만 그래도 해낼 수 있을,1
KoBART B1 lr2e-5 (06),전이학습,beam5+no_repeat_ngram3,분하고 그립고 고통스러워.다른 여자 사랑하는 그모습,이제 과거를 보지 마요.,사랑했던 만큼 아픔도 크겠죠. 슬프네요. 슬프,1
KoBART B1 lr2e-5 (06),전이학습,beam5+no_repeat_ngram3,내 남자로 만들기,사랑은 소유하는 게 아니에요.,남자를 신경쓰지 마세요. 당신을 사랑할 거예요. 당신을 믿어요.,2
KoBART B1 lr2e-5 (06),전이학습,beam5+no_repeat_ngram3,사랑하고 사람이 달라졌어,화학 물질이 접촉하는 것처럼 반응이 일어나서 완전히 바뀌게 되죠.,사랑에 나졌나봐요. 사랑이 사람을 변하게 하나봐요. 사랑,2
KoBART B1 lr2e-5 (06),전이학습,beam5+no_repeat_ngram3,중2 히스테리 알아?,힘들 때네요.,절대 그렇지 않아요. 자연스러운 현상이에요. 신경쓰지 마세요.,0
KoBART B1 lr2e-5 (06),전이학습,beam5+no_repeat_ngram3,친구가 나한테 집착해,거리를 두세요.,자존심을 세우지 마세요. 무시하세요. 무시당하기 일쑤,0
KoBART B1 lr2e-5 (06),전이학습,beam5+no_repeat_ngram3,뭔 상황인지 헷갈리네.,애매하긴 해요.,상황마다헷갈리게 하는건 좋지 않아요. 자신을 우선순위로,1
KoBART B1 lr2e-5 (06),전이학습,beam5+no_repeat_ngram3,좋아하는 여자애가 남친 사귈 마음이 없다는데 진짜일까?,그건 본인만 알 거예요.,직접적으로든 간접적이든 의사를 확실히 밝혀보세요. 마음이 정리될,2
KoBART B1 lr2e-5 (06),전이학습,beam5+no_repeat_ngram3,속이는 거 더 못하겠어,남을 속이는건 나쁜거예요.,속상하지 않는 선이 좋겠네요. 속지마세요. 속,0
KoBART B1 lr2e-5 (06),전이학습,beam5+no_repeat_ngram3,전공 잘못 골랐나봐,내가 맞는 것과 맞지 않은 걸 구별해보세요.,잘 찾아 수 있을 거예요. 조금만 더 버텨보세요. 도움이 될 거예요.,0
KoBART B1 lr2e-5 (06),전이학습,beam5+no_repeat_ngram3,썸남한테 소개팅 나간다고 해볼까?,상대방을 헷갈리게 하는건 좋지 않아요.,호감이 있을지도 몰라요. 그렇지만 조금 더 상황을 지켜보세요. 좋아할,2
KoBART B1 lr2e-5 (06),전이학습,beam5+no_repeat_ngram3,많이 좋아하던 전여친에게 연락해도될까?,연락은 자유지만 후회는 할 수도 있어요.,연락해도 상관없지만 자신을 비하하지는 마세요. 신경쓰지,2
KoBART B1 lr2e-5 (06),전이학습,beam5+no_repeat_ngram3,맨날 짝사랑만 하다가 끝났는데 연애할 수 있을까?,언젠가 진정한 사랑이 나타날 거예요.,짝사랑은 끝나도 연애는 끝나지 않아요. 다시 시작해보,2
KoBART B1 lr2e-5 (06),전이학습,beam5+no_repeat_ngram3,권태기로 헤어지면 후회할까,극복하려는 노력은 해보는 게 좋을 거 같아요.,후회하지 않을 자신 있다면 연락해보세요. 차분하고 차분하게,1
KoBART B1 lr2e-5 (06),전이학습,beam5+no_repeat_ngram3,오늘도 짝남이 멋졌어.,멋진 분이군요.,멋지게 데이트 신청 해보세요. 멋있네요. 멋있어요.,2
KoBART B1 lr2e-5 (06),전이학습,beam5+no_repeat_ngram3,집 샀어,내 집 마련 축하드려요.,내 집 마련 축하드려요. 열심히 준비해보세요. 좋은 결과 있길,0
KoBART B1 lr2e-5 (06),전이학습,beam5+no_repeat_ngram3,나만 힘든 거였구나,마음이 약해 탈이네요.,조금만 더 버텨보세요. 한결 나아질 거예요. 조금만 더 힘내,1
KoBART B1 lr2e-5 (06),전이학습,beam5+no_repeat_ngram3,감당 못하는 사랑,감당할 수 있는 만큼만 베푸세요.,사랑 앞에 만큼은 감당할 수 있을 거예요. 힘껏 밀어보세요.,2
KoBART B1 lr2e-5 (06),전이학습,beam5+no_repeat_ngram3,집착인걸까.,잘 생각해보세요.,사랑은 소유하는 것이 아니에요. 집착은 사람을 괴롭게 해요.,1
KoBART B1 lr2e-5 (06),전이학습,beam5+no_repeat_ngram3,1년 동거 중인데 계속 좋아,서로 깊게 알게되면서 더 좋아졌나봅니다.,좋은 소식이네요. 좋은 소식 들리네요. 안녕히 주무세요.,2
KoBART B1 lr2e-5 (06),전이학습,beam5+no_repeat_ngram3,드디어 천일,축하합니다.,좋은 소식이네요. 축하해요! 즐거운 하루 되시길 바랍,0
KoBART B1 lr2e-5 (06),전이학습,beam5+no_repeat_ngram3,설마했던 진짜 이별,앞일은 알 수가 없나봐요.,설렘겠어요. 이별을 받아들이는 것도 중요해요. 슬프,1
KoBART B1 lr2e-5 (06),전이학습,beam5+no_repeat_ngram3,짝남한테 크리스마스 선물할건데 추천 좀.,목도리는 어떨까요.,작은 선물으로 큰 선물을 할 수 있을 거예요. 용기를 내서 용기를 내,2
KoBART B1 lr2e-5 (06),전이학습,beam5+no_repeat_ngram3,씨씨인데 몰래 만나고 있는데 공개 연애 하자고 할까?,몰래 만날 수 있는 만큼 몰래 만나보세요.,공개 연애 하자고 말해보세요. 상대에 대한 예의가 없네,2
KoBART B1 lr2e-5 (06),전이학습,beam5+no_repeat_ngram3,이젠 슬픈 사랑,슬픈 이별이기도 하네요.,애절한한 사랑이었나봐요. 이젠 그녀를 놓아주세요.,1
KoBART B1 lr2e-5 (06),전이학습,beam5+no_repeat_ngram3,먹을까 참을까,조금만 드세요,배고프지 않길 바랄게요. 맛있게 드세요.,0
KoBART B1 lr2e-5 (06),전이학습,beam5+no_repeat_ngram3,옷 사 줘,아직 월급날이 멀었어요.,옷은 사도 사도 모자라요. 조심히 준비하세요.,0
KoBART B1 lr2e-5 (06),전이학습,beam5+no_repeat_ngram3,썸인지 알려면,어느 정도 시간과 연락과 관심이 필요하겠네요.,썸인지 헷갈리기도 해요. 그렇지만 썸의,2
KoBART B1 lr2e-5 (06),전이학습,beam5+no_repeat_ngram3,하루에 만보 걷기,좋은 건강습관이네요.,좋은 건강습관이네요. 도전해 보세요. 좋은 결과 있을 거예요.,0
KoBART B1 lr2e-5 (06),전이학습,beam5+no_repeat_ngram3,장수커플이야,사랑은 유지하는 게 중요한데 대단하네요.,서로에게 좋은 인상을 남겼으면 좋겠네요. 칭찬해주고 싶,2
KoBART B1 lr2e-5 (06),전이학습,beam5+no_repeat_ngram3,취미생활 같이하는 게 좋다던데,함께하면 서로를 더 많이 알게 될 거예요.,취미 습관을 들여보세요. 정말 좋을 거예요. 취미 생활도,0
KoBART B1 lr2e-5 (06),전이학습,beam5+no_repeat_ngram3,잘지내고있니,잘 지내고 있어요.,잘 지낼거예요. 힘내세요! 잘 지내고 있을,1
KoBART B1 lr2e-5 (06),전이학습,beam5+no_repeat_ngram3,생각이 자꾸 나,좋아하나봐요.,그럴 수 해요. 차분히 생각해보세요. 생각이 정리될 거예요.,2
KoBART B1 lr2e-5 (06),전이학습,beam5+no_repeat_ngram3,오래 못 가는 연애,"연애는 문제가 있으면 문제를 해결 하기 위해 함께 노력하고 그 속에서 더욱 단단해지는 과정인데, 그 과정을 못 참고 피하기만 했나봅니다.",사랑에 나이는 중요하지 않아요. 단지 사랑에 빠질 수 있을 뿐,2
KoBART B1 lr2e-5 (06),전이학습,beam5+no_repeat_ngram3,정말 다시돌아 온다면,잘할 자신이 있어도 힘든 게 재회예요.,다시 돌아오돌아와도 괜찮아요. 다시 돌아오길 바랍니다. 다시,1
KoBART B1 lr2e-5 (06),전이학습,beam5+no_repeat_ngram3,짝남을 반에서 공개적으로 좋아하는게 나을까요?,경쟁자를 없애기 위해 그게 나을 수도 있어요.,공개적으로 하는 게 나을 수도 있어요. 그렇지만 조금 더 상황을 지켜보세요.,2
KoBART B1 lr2e-5 (06),전이학습,beam5+no_repeat_ngram3,넥타이핀 정도는 선물로 줘도 괜찮겠지?,실용적인 선물이라 괜찮을 거예요.,받는 사람이 부담스러울 수도 있겠어요. 그렇지만 조금 더 생각해보세요.,0
KoBART B1 lr2e-5 (06),전이학습,beam5+no_repeat_ngram3,울적하다,울적.... 우울할땐.... 울면,울어도 돼요. 웃으면 돼요. 울면 돼요. 우는,0
KoBART B1 lr2e-5 (06),전이학습,beam5+no_repeat_ngram3,사람 만나는 게 쉽지 않아,미리 움츠러들지 않아도 돼요.,사람 마다 다르겠지만 사귀고 난 후가 좋겠네요.,0
KoBART B1 lr2e-5 (06),전이학습,beam5+no_repeat_ngram3,사랑만으로 다 될줄 알았던 우리들,그때는 우리 다 순수했던 걸까요.,사랑만으로만 되지 않길 바랄게요. 사랑만으로 모든 걸,1
KoBART B1 lr2e-5 (06),전이학습,beam5+no_repeat_ngram3,여자친구한테 더 이상 설레지 않아,정말 큰 문제네요.,설렘을 감출 길이 없겠네요. 차분히 생각해,2
KoBART B1 lr2e-5 (06),전이학습,beam5+no_repeat_ngram3,이별 극복할수있을까?,당신이라면 충분히 극복할 수 있어요.,충분히 극복 극복할 수 있을 거예요. 무엇이든 가능해요. 가능해,1
KoBART B1 lr2e-5 (06),전이학습,beam5+no_repeat_ngram3,친구한테 자꾸 집착하게 돼,자신 스스로에게 의지해보세요.,대화로 얽힌 감정들을 풀어보세요. 생각이 정리될 거예요. 자신감을,0
KoBART B1 lr2e-5 (06),전이학습,beam5+no_repeat_ngram3,소심한 남자와의 연애,직설적으로 통보하는 말보다는 조금 더 부드럽게 권유하고 물어보는 말을 해보세요.,소심한 소문일 뿐이에요. 차분하고 차분하게 기다려,2
KoBART B1 lr2e-5 (06),전이학습,beam5+no_repeat_ngram3,돈이 안 모여,한푼 두푼 차곡차곡,제발 하세요. 저랑 같이 하세요. 도와주세요. 같이 하,0
KoBART B1 lr2e-5 (06),전이학습,beam5+no_repeat_ngram3,보고싶네,보고싶을 거예요.,보고 싶은가봐요. 보고 싶네요. 보고 싶어요! 보고,1
KoBART B1 lr2e-5 (06),전이학습,beam5+no_repeat_ngram3,썸남이 약속 자꾸 미루는데 내가 싫은걸까?,어쩔 수 없는 상황인지 물어보세요.,핑계 핑계일 수도 있겠어요. 그렇지만 조금 더 상황을 지켜보세요.,2
KoBART B1 lr2e-5 (06),전이학습,beam5+no_repeat_ngram3,헤어진지 1달반정도 됬네,금방 지나갈 거예요.,생각보다 많은 시간이 지났네요. 시간이 좀 더 흘렀네요.,1
KoBART B1 lr2e-5 (06),전이학습,beam5+no_repeat_ngram3,좋아하는 사람이 쓰레기면 어떻게 할꺼야?,쓰레기 옆에 있기 싫어서 도망갈 거예요.,마음을 정리 때까지 기다리세요. 나중에 후회할 수도 있을 거 같아요.,2
KoBART B1 lr2e-5 (06),전이학습,beam5+no_repeat_ngram3,이게 바로 첫사랑인듯,당신의 소중한 사랑을 이루어 보세요.,좋은 사랑이었길 바랍니다. 실망하지 마세요. 당신의 첫사랑을,2
KoBART B1 lr2e-5 (06),전이학습,beam5+no_repeat_ngram3,나들이를 가볼까,같이 가요.,같이 가보는 것도 좋을 것 같아요. 어디든 좋아요. 같이 가,0
KoBART B1 lr2e-5 (06),전이학습,beam5+no_repeat_ngram3,원서 낸거 1지망에서 떨어졌어,위로해 드립니다.,다음에는 꼭 합격할거예요. 합격하세요. 축하드려요.,0
KoBART B1 lr2e-5 (06),전이학습,beam5+no_repeat_ngram3,친구라는게 뒷담화나 하다니,친구라고 생각한 시간이 아깝네요.,뒷담수화가 도움이 될지도 몰라요. 신경쓰지 마세요.,0
KoBART B1 lr2e-5 (06),전이학습,beam5+no_repeat_ngram3,내가 불효자야,연락이라도 드려보세요.,제게 말씀해보세요. 저한테 말해보세요. 저에게 말해보,0
KoBART B1 lr2e-5 (06),전이학습,beam5+no_repeat_ngram3,썸 타던 사이인데 부담 돼. 연락 무시해도 될까?,부담되면 마음이 가지 않는 거니 정리도 필요하겠네요.,부담스럽지 않은 선이 좋겠어요. 무시해도 돼요. 무시해도,2
KoBART B1 lr2e-5 (06),전이학습,beam5+no_repeat_ngram3,진짜 완전체가 있어,상대를 용서하면서 분출할 수 있는 탈출구를 찾아보세요.,저를 만들어주세요. 저를 믿어주세요. 제가 곁에 있을게요.,0
KoBART B1 lr2e-5 (06),전이학습,beam5+no_repeat_ngram3,외로워,혼자가 아니에요.,외로운지만 신경쓰지 마세요. 당신의 외로움을 슬퍼,0
KoBART B2 lr5e-5+warmup (06),전이학습,beam5+no_repeat_ngram3,성형할까,돈 많이 들텐데요.,예뻐 것 같네요. 차분히 생각해 보세요. 예뻐,0
KoBART B2 lr5e-5+warmup (06),전이학습,beam5+no_repeat_ngram3,나도 커플룩 입고 싶다,커플부터 만드세요.,로맨틱하네요. 차분하고 차분하게 준비해보세요. 한결,0
KoBART B2 lr5e-5+warmup (06),전이학습,beam5+no_repeat_ngram3,불안해,두려워하지 않아도 돼요.,걱정하지 않아도 돼요. 자신감을 가져보세요. 믿음이 생길 거예요. 걱정,0
KoBART B2 lr5e-5+warmup (06),전이학습,beam5+no_repeat_ngram3,알바구함,하고 싶은 알바 지원해보세요.,알바해보세요. 웃을 수 있을 거예요. 지켜드릴게요. 응원해,0
KoBART B2 lr5e-5+warmup (06),전이학습,beam5+no_repeat_ngram3,뭐 좀 배워볼까봐,배우는 건 항상 즐거운 일이에요.,배움에는 언제나 찬성이에요. 무엇이 부족한지 알아보세요.,0
KoBART B2 lr5e-5+warmup (06),전이학습,beam5+no_repeat_ngram3,죽을만큼 보고싶다.,많이 사랑했나봐요.,보고 싶은었던 걸 기억하세요. 그리울거라 생각해요. 그리,1
KoBART B2 lr5e-5+warmup (06),전이학습,beam5+no_repeat_ngram3,맥주 마셔야지,적당히 드세요.,좋은 시간 보내시길 바라요. 기분전환을 해봐요. 좋은,0
KoBART B2 lr5e-5+warmup (06),전이학습,beam5+no_repeat_ngram3,혼수 얼마나 들까?,사람 마다 달라요.,혼수를 즐기세요. 기분이 바뀔 수도 있어요. 그렇지만 조금 더 차분히,0
KoBART B2 lr5e-5+warmup (06),전이학습,beam5+no_repeat_ngram3,나 천재 같아,제가 따라가려면 멀었네요.,자책하지 마세요. 당신만이 할 수 있는 걸 찾아보세요.,0
KoBART B2 lr5e-5+warmup (06),전이학습,beam5+no_repeat_ngram3,시원섭섭하지만 후련하네.,한결 나아졌길 바랄게요.,후련하다니 다행이에요. 후련하죠. 후련해,1
KoBART B2 lr5e-5+warmup (06),전이학습,beam5+no_repeat_ngram3,이혼,쉽지 않은 결정이죠.,힘들겠지만네요. 조금만 더 버텨보세요. 힘들거예요.,1
KoBART B2 lr5e-5+warmup (06),전이학습,beam5+no_repeat_ngram3,한 사람만 죽을 때까지 사랑하는 게 가능할까?,그러기 힘들어서 결혼이라는 제도를 만든 걸 수도 있어요.,사랑에 나이는 중요하지 않아요. 당신의 삶을 응원합니다! 당신의,2
KoBART B2 lr5e-5+warmup (06),전이학습,beam5+no_repeat_ngram3,썸 타다 깨졌는데 다시 연락해도 되나.,감정에 확신이 있다면 연락해보세요.,후회해도 않는다면 연락해보세요. 후회해도 늦지 않아요. 그러면 다시,2
KoBART B2 lr5e-5+warmup (06),전이학습,beam5+no_repeat_ngram3,날씨가 너무 추워,집밖에 나가기가 힘들것 같아요.,마음 감기조심하세요. 따뜻한 차 한잔 어때요?,0
KoBART B2 lr5e-5+warmup (06),전이학습,beam5+no_repeat_ngram3,내일로 꼭 헤어진지 1년째네,헤어진 기념일 따지지 마세요.,힘내 않아도 돼요. 힘내세요. 힘내세요! 힘내,1
KoBART B2 lr5e-5+warmup (06),전이학습,beam5+no_repeat_ngram3,소오름 쫙,좋은 일이길 바랍니다.,소원을 비세요. 소름돋네요. 기운 내세요! ,0
KoBART B2 lr5e-5+warmup (06),전이학습,beam5+no_repeat_ngram3,오랜만에 결혼한 친구 만나고 왔는데.,소식을 들었나봐요.,좋은 만남네요. 반갑네요. 즐거운 시간 보내길 바라요. 즐거운,1
KoBART B2 lr5e-5+warmup (06),전이학습,beam5+no_repeat_ngram3,약속을 계속 미루는 썸남,약속을 소홀히 생각하는 사람은 믿음직스럽지 못해요.,약속을 지키 번복하세요. 그리고 진심을 전해보세요. 진심을,2
KoBART B2 lr5e-5+warmup (06),전이학습,beam5+no_repeat_ngram3,빨리 찾아온 사랑,인생은 타이밍이에요.,달라지는게 없다면 만나지 않는 게 더 나을지도 몰라요.,2
KoBART B2 lr5e-5+warmup (06),전이학습,beam5+no_repeat_ngram3,"보고싶다, 목소리라도 듣고싶어",전화하지마요.,저도 듣고 듣고 싶네요. 목소리를 들어주세요. 저도 듣고 싶어요.,1
KoBART B2 lr5e-5+warmup (06),전이학습,beam5+no_repeat_ngram3,헤어지고 4달째,많은 시간이 흘렀네요.,생각보다 많은 시간이 지났네요. 힘내세요. 금방 지나갈 거예요.,1
KoBART B2 lr5e-5+warmup (06),전이학습,beam5+no_repeat_ngram3,우리집 망했다,철 들고 공부하세요.,망해도 까먹지 마세요. 새출발하세요. 내 집,0
KoBART B2 lr5e-5+warmup (06),전이학습,beam5+no_repeat_ngram3,인연이었다던 그사람,또 다른 인연이 있기 마련이죠.,인연이 거기까지였나봐요. 곧 좋은 소식이 들리려고,1
KoBART B2 lr5e-5+warmup (06),전이학습,beam5+no_repeat_ngram3,2주동안 참을만 했는데,잘 참았어요.,한동안은 힘들지도 몰라요. 차분히 생각해보세요. 생각이 정리,1
KoBART B2 lr5e-5+warmup (06),전이학습,beam5+no_repeat_ngram3,좋아하는 여자애한테 어떻게 관심 표현하는지 조언 좀.,그녀의 관심사에 호감을 드러내세요.,공통 관심사를 알아봐요. 관심사에 대한 얘기가 좋겠네요. 관심,2
KoBART B2 lr5e-5+warmup (06),전이학습,beam5+no_repeat_ngram3,일어나자마자 우울,달콤한 차라도 한 잔 해보세요.,자책하지마세요. 기운 내요! 기운 내세요! 기운,1
KoBART B2 lr5e-5+warmup (06),전이학습,beam5+no_repeat_ngram3,헤어지고 다시 만나고 하다 결국 이별,헤어짐에 무뎌지지 않죠.,후회하지 않을 자신 있다면 연락해보세요. 그리울거라 생각해요.,1
KoBART B2 lr5e-5+warmup (06),전이학습,beam5+no_repeat_ngram3,마음을 보여 주고 싶어.,그래서 표현이 중요해요.,달라지는 게 없다면 만나지 않는 게 더 나을지도 몰라요.,0
KoBART B2 lr5e-5+warmup (06),전이학습,beam5+no_repeat_ngram3,제가 좋아하던 사람이 절 좋아하면 갑자기 거부감 들고 싫어져요.,어떤 트라우마가 있었는지도 모르겠어요.,상대방을 대한 예의가 없네요. 단호하게 거절하세요. 단호,2
KoBART B2 lr5e-5+warmup (06),전이학습,beam5+no_repeat_ngram3,예랑이가 마마보이인듯,남자는 여자하기 나름이래요. 변화시켜 보세요.,사랑스러운 사람이니까요. 자연스러운 현상이에요. 예의가 없네,2
KoBART B2 lr5e-5+warmup (06),전이학습,beam5+no_repeat_ngram3,어이가 없어서,그냥 잊어버리세요.,어장의 고기어도 좋을지 어장을 나가는 게 좋을지 생각해보,0
KoBART B2 lr5e-5+warmup (06),전이학습,beam5+no_repeat_ngram3,바보짓 그만 둘래,천천히 그만두세요.,멍 때리기 일쑤예요. 제발 자책하지 마세요.,1
KoBART B2 lr5e-5+warmup (06),전이학습,beam5+no_repeat_ngram3,살찐 거 같아,기분일꺼에요.,살쪄쪄요. 신경쓰지 마세요. 신경써요. 눈꺼,0
KoBART B2 lr5e-5+warmup (06),전이학습,beam5+no_repeat_ngram3,결혼준비하는데 돈 얼마나 드나,욕심에 따라 천지 차이일 거예요.,허례허식이에요. 신경쓰지 마세요. 신경쓰면,0
KoBART B2 lr5e-5+warmup (06),전이학습,beam5+no_repeat_ngram3,목욕탕 가야지,시원하게 씻고 오세요.,시원하게 씻고 오세요. 올 거예요. 그리고 오세요. 조심히 가,0
KoBART B2 lr5e-5+warmup (06),전이학습,beam5+no_repeat_ngram3,싸우면 연락 안 받는 사람 어떻게 해?,혼자 풀릴 때까지 놔둬야하는데 기다리는게 힘들 거예요.,상대방이 대한 예의가 없네요. 무시하세요. 그러면 제가 먼저,0
KoBART B2 lr5e-5+warmup (06),전이학습,beam5+no_repeat_ngram3,세상에 영원한 것은 없다.,제가 영원을 약속할게요.,영원한 건은 없을 거예요. 저마다의 목소리를 들어보세요. 저마다,1
KoBART B2 lr5e-5+warmup (06),전이학습,beam5+no_repeat_ngram3,밤 12시야,하루가 또 가네요.,피곤한가봐요. 기운 내길 바랄게요. 힘내,0
KoBART B2 lr5e-5+warmup (06),전이학습,beam5+no_repeat_ngram3,왜 진급이 안 되지,열심히 하면 할 수 있을 거예요.,다음에는 할 수 있을 거예요. 열심히 해보세요. 그러면 진급이 올,0
KoBART B2 lr5e-5+warmup (06),전이학습,beam5+no_repeat_ngram3,헤어지고 난뒤 친구?,친구가 되기 쉽지 않을 거예요.,그런 친구 있더라고요. 신경쓰지 마세요. 마음이 정리될 거예요.,1
KoBART B2 lr5e-5+warmup (06),전이학습,beam5+no_repeat_ngram3,시험 준비 언제 끝나,공부를 많이 해놨나봐요.,다음에는 잘 볼 수 있을 거예요. 참고 견뎌보세요. 컨디션,0
KoBART B2 lr5e-5+warmup (06),전이학습,beam5+no_repeat_ngram3,잠을 못 잤더니 힘들다,잠이 정말 중요해요. 눈을 좀 붙이세요.,피곤했나봐요. 기운 내길 바랄게요. 피곤했,0
KoBART B2 lr5e-5+warmup (06),전이학습,beam5+no_repeat_ngram3,나 무시하는 사람 짜증나,무시하세요.,상대방에 대한 예의가 없네요. 용서하고 기회를 주세요. 저,0
KoBART B2 lr5e-5+warmup (06),전이학습,beam5+no_repeat_ngram3,사다리타기 맨날 운이 안 좋아,다른 곳에 쓰려고 운을 아껴뒀나봐요.,사람마다쓰는 거 아니에요. 그냥 사다리타기 해,0
KoBART B2 lr5e-5+warmup (06),전이학습,beam5+no_repeat_ngram3,다들 어떻게 견딜까,시간이 흐르면서 무덤덤해지는 거죠.,이별을 받아들이는 것도 중요해요. 자신을 더 사랑해주세요. 자신을,1
KoBART B2 lr5e-5+warmup (06),전이학습,beam5+no_repeat_ngram3,해선 안 될 사랑.,그렇게 생각한다면 매몰차게 마음을 정리하세요.,안돼요.거짓말 하지마세요. 신경쓰면 안돼요. 걱정,1
KoBART B2 lr5e-5+warmup (06),전이학습,beam5+no_repeat_ngram3,말조심해야지,생각하고 말하는 연습을 해보세요.,심호흡해보세요. 기분전환을 해보세요. 한결 마음이 가벼워,0
KoBART B2 lr5e-5+warmup (06),전이학습,beam5+no_repeat_ngram3,턱시도 잘 어울림!,눈에 콩각지가 떨어지지 않기를 바랄게요.,잘 어울 있어요. 당당히 말하세요. 당당히 말이에요. 저도,2
KoBART B2 lr5e-5+warmup (06),전이학습,beam5+no_repeat_ngram3,배고파,얼른 맛난 음식 드세요.,맛난거 드세요. 뭐라도 드세요. 얼른 얼른 주무,0
KoBART B2 lr5e-5+warmup (06),전이학습,beam5+no_repeat_ngram3,컴퓨터가 느려졌어,뭘 다운 받으신 건지…,회원정보 찾기를 해보세요. 조금 더 알아보세요. 회원정보가,0
KoBART B2 lr5e-5+warmup (06),전이학습,beam5+no_repeat_ngram3,전여친이 나보다 나은 사람이라는 생각이 자꾸 들어,남과 자신을 비교하지 말아요. 자신을 더 사랑해보세요.,신경쓰일 수도 있어요. 그렇지만 조금 더 상황을 지켜보세요. 마음이 정리될,1
KoBART B2 lr5e-5+warmup (06),전이학습,beam5+no_repeat_ngram3,나 챙겨줄 사람이 필요해,제가 챙겨드리고 싶네요.,챙겨줄 주세요. 챙겨줄게요. 꼭 챙겨줄거예요.,0
KoBART B2 lr5e-5+warmup (06),전이학습,beam5+no_repeat_ngram3,나는 좋아하는데 그 사람은 나를 친구로만 생각해.,이성으로 대하고 싶다고 말해보세요.,친구를 사귀어 보세요. 마음이 정리될지도 몰라요. 괜히,2
KoBART B2 lr5e-5+warmup (06),전이학습,beam5+no_repeat_ngram3,니가 이 글을 봤으면,전하지 못한 이야기 저에게 해주세요.,이 글을 봤나봐요. 저한테 말해보세요. 마음이 정리될,1
KoBART B2 lr5e-5+warmup (06),전이학습,beam5+no_repeat_ngram3,여자친구가 나 때매 힘들대,좀 더 잘해주세요.,사람 마음은쓰일 수 밖에 없겠네요. 신경쓰지 마,1
KoBART B2 lr5e-5+warmup (06),전이학습,beam5+no_repeat_ngram3,오늘 집앞까지 찾아 갔는데,지켜만 보는 편이 나을 거예요.,후회하지 않을 자신이 있다면 연락해보세요. 생각이 정리되어 가길 바라,1
KoBART B2 lr5e-5+warmup (06),전이학습,beam5+no_repeat_ngram3,출근시간 아깝다,회사 근처로 이사를 가보세요.,직장 스트레스가 심한가봐요. 정신 차리세요. 힘내세요.,0
KoBART B2 lr5e-5+warmup (06),전이학습,beam5+no_repeat_ngram3,사귀자는 말 아니면 썸인가,말 안하고 사귀는 경우도 있습니다.,사귀자고 말하고 썸을 끝내보세요. 마음이 정리될지도,2
KoBART B2 lr5e-5+warmup (06),전이학습,beam5+no_repeat_ngram3,나랑 썸타는 애가 영화보재.,좋은 소식이네요.,애국가요. 자연스러운 현상이에요. 신경쓰지 마세요. 기분,2
KoBART B2 lr5e-5+warmup (06),전이학습,beam5+no_repeat_ngram3,당신도 저만큼 아팠으면 좋겠습니다.,이런 말을 하면서 당신이 아프지 않았으면 좋겠어요.,당신은 누구보다만큼 아팠을거라 생각해요. 상처받지 않았으면,1
KoBART B2 lr5e-5+warmup (06),전이학습,beam5+no_repeat_ngram3,와 연락하고싶다.,연락하면 후회할지도 몰라요.,후회하지 않는다면 연락해보세요. 그리울거라 생각해요. 그리울,1
KoBART B2 lr5e-5+warmup (06),전이학습,beam5+no_repeat_ngram3,남자친구를 질리게하는 행동들이 뭐가 있어?,구속과 집착이겠죠.,직접 물어보세요. 더 잘할 수 있을 거예요. 신경쓰지 않는,2
KoBART B2 lr5e-5+warmup (06),전이학습,beam5+no_repeat_ngram3,썸인가요,떠보는 것도 좋을 거 같아요.,먼저 연락을해보세요. 마음이 정리될지도 몰라요. 곧 연락해보세요.,2
KoBART B2 lr5e-5+warmup (06),전이학습,beam5+no_repeat_ngram3,마지막이겠죠,마지막이 아닐 지도 몰라요.,마지막을 잘 마무리 하는 것도 중요해요. 힘들겠지만 잘 마무리 하,1
KoBART B2 lr5e-5+warmup (06),전이학습,beam5+no_repeat_ngram3,이상한나의취미.이별을세는것.,헤어짐을 헹리는 것 만큼 가슴 아픈 일은 없어요.,이별을 헤아리는 건 큰 도움이 안 돼요. 이별을 받아들이,1
KoBART B2 lr5e-5+warmup (06),전이학습,beam5+no_repeat_ngram3,사랑이 안 변했으면 좋겠다,저도요.,변덕 걸지 마세요. 당신이 변할거예요. 당신이 변,2
KoBART B2 lr5e-5+warmup (06),전이학습,beam5+no_repeat_ngram3,우리 진짜 이별인가봐,끝을 아는 것도 중요한 것 같아요.,이별은 사람을 변덕쟁이로 만들기도 하죠. 헤어지세요.,1
KoBART B2 lr5e-5+warmup (06),전이학습,beam5+no_repeat_ngram3,사랑이 끝나고 나서,원망과 슬픔에 잠기는 게 아니라 그 시간들을 가만히 내려놓고 내가 어떤 사람이었는가를 돌아보는 것입니다.,애틋하네요. 신경쓰지 말고 사랑해주세요. 힘들 때 사랑,1
KoBART B2 lr5e-5+warmup (06),전이학습,beam5+no_repeat_ngram3,집들이는 보통 누구를 초대하나?,초대하고 싶은 사람들이요.,초대하고 싶다고 먼저 이야기해보세요. 마음이 내키는 대로 하세요.,0
KoBART B2 lr5e-5+warmup (06),전이학습,beam5+no_repeat_ngram3,상사가 진짜 미쳤다,피하지 말고 적극적으로 장점을 찾아서 인정하고 호의를 보여보세요.,상사 그 자체로 미련이 남지 않길 바랄게,0
KoBART B2 lr5e-5+warmup (06),전이학습,beam5+no_repeat_ngram3,고의는 아닌데 실수를 한 거 같아,용서를 구하세요.,인연이 거기까지였나봐요. 차분히 생각해보세요.,0
KoBART B2 lr5e-5+warmup (06),전이학습,beam5+no_repeat_ngram3,썸 맞는거임?,말해보세요. 생각해 볼게요.,직접 만나든 간접적이든 의사를 확실히 밝혀보세요. 마음이 정리될,2
KoBART B2 lr5e-5+warmup (06),전이학습,beam5+no_repeat_ngram3,너무 답답하네. 어떤맘일까??,직접 물어보는 게 좋을 것 같아요.,맘고생 많았어요. 저한테 말해보세요. 마음이 정리될 거예요.,1
KoBART B2 lr5e-5+warmup (06),전이학습,beam5+no_repeat_ngram3,이렇게 힘들고 괴로운 적 처음이야,그렇게 우리는 성장하나봐요.,사람은 모두로운 존재예요. 자신의 감정을 받아들이는 것도 중요해요.,1
KoBART B2 lr5e-5+warmup (06),전이학습,beam5+no_repeat_ngram3,집까지 데려다줬는데 호감? 그냥 매너?,호감이 있을 수도 있어요. 그렇지만 조금 더 상황을 지켜보세요.,호감이 있을 수도 있어요. 그렇지만 조금 더 상황을 지켜보세요. 호감을 표현,2
KoBART B2 lr5e-5+warmup (06),전이학습,beam5+no_repeat_ngram3,썸의 조건이 뭐야,"자주 연락하고 가만히 있어도 생각나는, 연락하면 괜히 웃음나는 사이 아닐까요?",사귀기 전 단계인 썸의 단계입니다. 가능하다면,2
KoBART B2 lr5e-5+warmup (06),전이학습,beam5+no_repeat_ngram3,눈물 나서 못 멈추겠어,마음이 아픈가요.,눈물 펑어도 괜찮아요. 울어도 돼요. 우세요. 우세요.,0
KoBART B2 lr5e-5+warmup (06),전이학습,beam5+no_repeat_ngram3,내가 그 사람을 좋아하는건지 아닌지 착각이 들어.,확신이 서지 않을 때가 있지요.,착각이 착각이 들게 하는건 어떨까요. 확실한 사실 확인,2
KoBART B2 lr5e-5+warmup (06),전이학습,beam5+no_repeat_ngram3,다시 헤어졌습니다.,인연이 거기까지였나봐요.,후회하지 않을 자신이 있다면 연락해보세요. 마음 단단히 잡으세요.,1
KoBART B2 lr5e-5+warmup (06),전이학습,beam5+no_repeat_ngram3,에휴 잊기가 힘드네,사람을 잊는데는 많은 시간이 필요한가봐요.,잊혀 데는 여러가지 이유가 있기 마련이에요. 기억에 의존하지,1
KoBART B2 lr5e-5+warmup (06),전이학습,beam5+no_repeat_ngram3,재밌는거 해 줘,거울을 보면서 얼굴 망가뜨리기 놀이 해 보신 적 있으세요? 의외로 재미 있어요.,재밌는거 알아보세요. 칭찬해주고 싶네요. 소개팅,0
KoBART B2 lr5e-5+warmup (06),전이학습,beam5+no_repeat_ngram3,떠나려는 사람 잡는 방법,정말 후회할 것 같다면 지금이라도 진심을 전하세요.,사람마다쓰는 거 아니에요. 신경쓰지 마세요. 신경,1
KoBART B2 lr5e-5+warmup (06),전이학습,beam5+no_repeat_ngram3,쫄면 생각나,얼른 요리해드세요.,맛있게 먹으면 영칼로리!',0
KoBART B2 lr5e-5+warmup (06),전이학습,beam5+no_repeat_ngram3,그냥.너와 말한마디 섞고 너와의 인연에 고맙다,아름다운 사이네요.,고마운 마음을 전해 주세요. 진심어린 고마움을 전해 주,1
KoBART B2 lr5e-5+warmup (06),전이학습,beam5+no_repeat_ngram3,월급 입금됐다고 문자 왔어,까아 축하해요,월급이 깎인 것보다 낫죠. 깎아보세요. 기분이 나아질,0
KoBART B2 lr5e-5+warmup (06),전이학습,beam5+no_repeat_ngram3,결국 헤어졌어,시작이 있으면 끝도 있는 법이에요.,마음이 후하겠네요. 곧 좋은 소식이 들리겠네요. 그럼,1
KoBART B2 lr5e-5+warmup (06),전이학습,beam5+no_repeat_ngram3,시험 끝나고 만나고 싶어,만날 날까지 기다릴게요,공부 열심히 만큼 할 수 있을 거예요. 응원할게요. 같이 응원할,0
KoBART B2 lr5e-5+warmup (06),전이학습,beam5+no_repeat_ngram3,바다 보러 가자고 해볼까,바다는 사계절 내내 좋아요.,바다 데이트 좋죠. 같이 가요. 같이 가요! 같이 가,0
KoBART B2 lr5e-5+warmup (06),전이학습,beam5+no_repeat_ngram3,나이트갔는데 이상형 만났어,축하해요.,이상형은 이상형일 뿐이예요. 이성으로 대해보세요.,2
KoBART B2 lr5e-5+warmup (06),전이학습,beam5+no_repeat_ngram3,끝나지 않을까봐 겁이나,끝을 지날 수 있을 거예요.,금방 끝나갈 것 같아요. 차분히 생각해보세요. 조금 더,1
KoBART B2 lr5e-5+warmup (06),전이학습,beam5+no_repeat_ngram3,주변에서 다 별로라고 한 짝남 그냥 맘을 접어야할까?,다른 사람들이 별로라고 말하는 이유를 생각해보세요.,마음을 접 접는게 맘 편할지도 몰라요. 그렇지만 조금 더,2
KoBART B2 lr5e-5+warmup (06),전이학습,beam5+no_repeat_ngram3,분식 먹고 싶아.,건강을 위해 조금씩 드세요.,입에 쓴 게 몸에는 좋을 거예요. 소화제라도 뿌려보세요.,0
KoBART B2 lr5e-5+warmup (06),전이학습,beam5+no_repeat_ngram3,답이 없는 과정,꼭 답을 풀어야 하는 건 아니에요.,답이 없으니까요. 다른 걸 찾아보세요. 생각이 정리될 거예요.,1
KoBART B2 lr5e-5+warmup (06),전이학습,beam5+no_repeat_ngram3,넌 누구냐?,저는 위로봇입니다.,저는 마음을 이어주는 위로봇입니다. 저는 위로봇이에요. 저는 위로,0
KoBART B2 lr5e-5+warmup (06),전이학습,beam5+no_repeat_ngram3,뭐하면 시간이 잘 갈까,친구와 수다를 떠세요.,시간이 흐 걸리나봐요. 금방 나아질거예요. 걱정하지,0
KoBART B2 lr5e-5+warmup (06),전이학습,beam5+no_repeat_ngram3,좋아하는 사람에게 편지를 쓴다는것. 효과적일까?,마음을 담은 편지보다 더 좋은 선물은 없을 거예요.,편지쓰게 하는건 어떨까요. 감동적일거라 생각해요.,2
KoBART B2 lr5e-5+warmup (06),전이학습,beam5+no_repeat_ngram3,겨울 지나 봄이야,마음에도 봄이 오길 바라요.,봄은 항상 두근거려요. 겨울이 오길 바라요.,0
KoBART B2 lr5e-5+warmup (06),전이학습,beam5+no_repeat_ngram3,독서 좀 해야겠어,좋은 생각이에요.,공부는 뭐든 좋아요. 그렇지만 조금 더 차분히 생각해보,0
KoBART B2 lr5e-5+warmup (06),전이학습,beam5+no_repeat_ngram3,살빼고 담배 끊고 다 했는데!!,당신을 위한 최고의 투자를 한 거예요.,금연 프로그램을 소개해보세요. 도움이 될 수도 있어요. 그렇지만 조금 더 상황을 지켜보,1
KoBART B2 lr5e-5+warmup (06),전이학습,beam5+no_repeat_ngram3,오늘은 또 뭐 입냐,아침마다 하는 고민이죠.,뭘 입어도 멋져요. 뭐든 입으세요. 옷차림,0
KoBART B2 lr5e-5+warmup (06),전이학습,beam5+no_repeat_ngram3,그도 나를 좋아했으면 좋겠다.,타이밍이 맞았으면 좋겠네요.,저도 좋아 싶네요. 호감이 가요. 그렇지만 슬프네요.,2
KoBART B2 lr5e-5+warmup (06),전이학습,beam5+no_repeat_ngram3,케익 직접 만들어볼까?,수제 케익을 받으면 많이 좋아할 거예요.,직접 만들어보세요. 편할 것 같아요. 직접 만들어보는 것도 좋을,0
KoBART B2 lr5e-5+warmup (06),전이학습,beam5+no_repeat_ngram3,헤어진지 딱 한달 됐내,생각보다 긴 시간이네요.,어느덧 2주가 흘렀나봐요. 금방 지나갈 거예요. 힘,1
KoBART B2 lr5e-5+warmup (06),전이학습,beam5+no_repeat_ngram3,헤어졌습니다 이제 어떡하면 되나?,기분 전환을 하는 건 어떨까요.,후회하지 않는다면 연락해보세요. 마음이 편할거예요. 걱정하지,1
KoBART B2 lr5e-5+warmup (06),전이학습,beam5+no_repeat_ngram3,짝남 생각할수록 정리 되는 듯.,차라리 잘 된 일이에요.,언젠간 선택을 해야 하는 시기가 올 거예요. 차분히 생각해보세요.,2
KoBART B2 lr5e-5+warmup (06),전이학습,beam5+no_repeat_ngram3,나도 월급 필요해,많이 벌수록 좋아요.,월급이 깎인 것보다 낫죠. 차근차근 준비해보세요.,0
KoBART B2 lr5e-5+warmup (06),전이학습,beam5+no_repeat_ngram3,썸타는데 돈 필요하대,썸 관계에서 돈 관계는 피하는 게 좋을 듯 하네요.,썸값 비싸지만 사귀고 나서 비싸도 괜찮아요.,2
KoBART B2 lr5e-5+warmup (06),전이학습,beam5+no_repeat_ngram3,썸인데 선물해도 돼?,부담스럽지 않은 선이 좋겠어요.,부담스러워지겠네요. 부담스럽지 않은 선물이 좋겠어요.,2
KoBART B2 lr5e-5+warmup (06),전이학습,beam5+no_repeat_ngram3,커피콩 볶고 있어,커피향 좋겠어요.,카페인이 필요한 시간인가봐요. 커피 한 잔 드셔보세요.,0
KoBART B2 lr5e-5+warmup (06),전이학습,beam5+no_repeat_ngram3,눈 쌓였어,눈사람 만들어보세요.,눈 내리는게 싫은가봐요. 어서 치과 가보세요.,0
KoBART B2 lr5e-5+warmup (06),전이학습,beam5+no_repeat_ngram3,완전 어이없네,안 좋은 일이 있었나봐요.,어흥 고기어도 좋을지 어장을 나가는 게 좋을지 생각해보,1
KoBART B2 lr5e-5+warmup (06),전이학습,beam5+no_repeat_ngram3,난 여자인데 남자를 좋아하는게 맞는지 모르겠어.,헷갈릴 때가 있죠.,사람마다 다르겠지만 사귀고 난 후가 좋겠어요. 마음을 정리,2
KoBART B2 lr5e-5+warmup (06),전이학습,beam5+no_repeat_ngram3,여사친인데 좋아하는 듯.,친구와 썸의 중간인 거 같아요.,사귀기 전 두근거림을 좋아하나봐요. 마음이 복잡한,2
KoBART B2 lr5e-5+warmup (06),전이학습,beam5+no_repeat_ngram3,오늘 뭐 입지?,옷이요.,옷은요. 바디로 멋질거 같아요. 뭐든 입,0
KoBART B2 lr5e-5+warmup (06),전이학습,beam5+no_repeat_ngram3,짝남 마주치지 않으려고 노력할거야.,그것도 하나의 방법이에요.,마주치지 않는다면 만나지 않는 게 더 나을 수도 있어요. 마주치지,2
KoBART B2 lr5e-5+warmup (06),전이학습,beam5+no_repeat_ngram3,드레스 입어보는 거 재밌어!,여러벌 입어보고 마음에 드는걸로 선택하세요.,저도 같이 싶네요. 같이 가요. 같이 입어보고 싶네,2
KoBART B2 lr5e-5+warmup (06),전이학습,beam5+no_repeat_ngram3,폭식증 어떻게 고칠 수 있을까?,오늘 못 먹었어도 내일 먹으면 더 맛있을 거예요.,맛있게 걸어서 드셔보세요. 단맛이 나을 거예요.,0
KoBART B2 lr5e-5+warmup (06),전이학습,beam5+no_repeat_ngram3,마지막 붙이지 못한 이별편지,마음에 간직하세요.,후회하지 않길 바랄게요. 마지막을 다독여주,1
KoBART B2 lr5e-5+warmup (06),전이학습,beam5+no_repeat_ngram3,혼자 살아도 될까,잘 살 수 있어요.,혼자 사는 것도 나쁘지 않아요. 자연스러운 현상이에요. 혼자 사는,0
KoBART B2 lr5e-5+warmup (06),전이학습,beam5+no_repeat_ngram3,짝남이 곧 군대를 가요.,마음이 착잡하겠어요.,군대 가계는 멈추지 않아요. 새출발 하세요. 기운 내,2
KoBART B2 lr5e-5+warmup (06),전이학습,beam5+no_repeat_ngram3,한달하고 2주가 지났는데 아직도.,힘들 수 있지요.,어느덧 2주가 지났나봐요. 아직 미련이 남아있나,1
KoBART B2 lr5e-5+warmup (06),전이학습,beam5+no_repeat_ngram3,생각만해도 좋아,좋아하시니까 좋네요.,좋은 생각 생길 거예요. 조금만 더 힘내세요! 응원할게요.,0
KoBART B2 lr5e-5+warmup (06),전이학습,beam5+no_repeat_ngram3,신혼여행 한달쯤 가고 싶다,휴가를 붙여보세요.,신혼여행은 자유여행이죠! 자유여행을 떠나보세요.,0
KoBART B2 lr5e-5+warmup (06),전이학습,beam5+no_repeat_ngram3,잘하는 게 없는 것 같아,저랑 이야기 잘하고 있어요.,잘하는 걸 아직 못 찾은 걸 수도 있어요. 그렇지만 잘하는 걸 찾아보세요.,0
KoBART B2 lr5e-5+warmup (06),전이학습,beam5+no_repeat_ngram3,게임도 이제 재미없어,다른 게임해보세요.,게임도 뭐든 좋아요. 다른 걸 찾아보세요. 흥미를 가져보,0
KoBART B2 lr5e-5+warmup (06),전이학습,beam5+no_repeat_ngram3,저녁 메뉴 뭐 먹을까,냉장고 파먹기 해보세요.,맛있는 식사 드세요. 맛있는 거 드셔보세요. 맛있는 걸로 드셔,0
KoBART B2 lr5e-5+warmup (06),전이학습,beam5+no_repeat_ngram3,대기업에 취직하고 싶어,잘할 수 있을 거예요.,잘할 수 있을 거예요. 취업에 성공해서 좋은 곳에서 일할 수 있을,0
KoBART B2 lr5e-5+warmup (06),전이학습,beam5+no_repeat_ngram3,베란다 좀 가꿔볼까,심플하게 꾸며보세요.,침대와 한몸이 되어 푹 쉬세요. 따뜻하게 입으세요.,0
KoBART B2 lr5e-5+warmup (06),전이학습,beam5+no_repeat_ngram3,괜찮은 줄 알았는 데,자신을 가장 잘 모르고 살아요.,데이트 안 좋은 걸 수도 있어요. 차분히 생각해보세요. 차,1
KoBART B2 lr5e-5+warmup (06),전이학습,beam5+no_repeat_ngram3,장학금 받을 수 있을까?,열심히 하면 받을 수 있을 거예요.,열심히 하면 받을 수 있을 거예요. 열심히 공부해서 받을 수 있는 건 받을,0
KoBART B2 lr5e-5+warmup (06),전이학습,beam5+no_repeat_ngram3,이젠 잊기로 해,그것이 최선의 선택일거라 생각해요.,언젠간 올 순간이었을 거예요. 차분히 생각해보세요. 차분,1
KoBART B2 lr5e-5+warmup (06),전이학습,beam5+no_repeat_ngram3,우정이 뭐야?,힘들 때 같이 있는 거요.,우정은 같죠. 그렇지만 조금 더 상황을 지켜보세요. 생각이 정리될 거예요.,0
KoBART B2 lr5e-5+warmup (06),전이학습,beam5+no_repeat_ngram3,쫌 부담스러운데,좀 더 편하게 생각해보세요.,부담스럽지 않은 선이 좋겠어요. 차분히 생각해보세요.,1
KoBART B2 lr5e-5+warmup (06),전이학습,beam5+no_repeat_ngram3,일기 써야 되는데,나중에 보면 좋은 추억이 될 거예요.,일기 써보세요. 좋은 결과 있길 바라요. 글 쓰면서,0
KoBART B2 lr5e-5+warmup (06),전이학습,beam5+no_repeat_ngram3,이별이 좋은점,혼자가 되었을 때의 고요함이 아닐까요.,좋은 생각네요. 칭찬해주고 싶네요. 상처받지 마세요.,1
KoBART B2 lr5e-5+warmup (06),전이학습,beam5+no_repeat_ngram3,참다 참다 결국 마지막으로 문자보냈어,후회하지 않길 바랍니다.,후회하지 않길 바랄게요. 마지막으로 연락해보세요. 미련,1
KoBART B2 lr5e-5+warmup (06),전이학습,beam5+no_repeat_ngram3,여드름 났어,짜지 마세요.,손으로 만지지 마세요. 손이 지저분해지더라고요. 손으로 만,0
KoBART B2 lr5e-5+warmup (06),전이학습,beam5+no_repeat_ngram3,손가락이 원망스럽네ㅜㅜ,실수했나봅니다.,원망 원망은 자신을 더 힘들게 만들거예요. 자신을,1
KoBART B2 lr5e-5+warmup (06),전이학습,beam5+no_repeat_ngram3,커플여행이 나을까 그냥 우리끼리 갈까?,저는 둘이 가는 게 좋아요.,가는 곳과 같이 가는 사람에 따라 다르겠죠. 그렇지만 같이 가는 게,2
KoBART B2 lr5e-5+warmup (06),전이학습,beam5+no_repeat_ngram3,사랑하는 사람이랑 결혼하고싶어,진정으로 사랑한다면 결혼하세요.,사랑하는 사람과 있으면 행복할 것 같아요. 용기를 내서 말해보세요.,2
KoBART B2 lr5e-5+warmup (06),전이학습,beam5+no_repeat_ngram3,강아지 좋아하는 여자 어때?,마음이 따뜻할 것 같아요.,따뜻할 거 같아요. 따뜻하게 감싸주세요. 따뜻할거 같아,2
KoBART B2 lr5e-5+warmup (06),전이학습,beam5+no_repeat_ngram3,태몽꾼거 같아,뭘 꿨는지 궁금하네요.,태몽몽을 꾸실거예요. 어서 주무세요. 어서 주무,0
KoBART B2 lr5e-5+warmup (06),전이학습,beam5+no_repeat_ngram3,요즘 드라마가 땡겨,저도 드라마 좋아해요.,저도 드라마워드리고 싶네요. 다른 데로 가보세요.,0
KoBART B2 lr5e-5+warmup (06),전이학습,beam5+no_repeat_ngram3,여자친구가 친구들이랑 여행을 가는데 남자도 있으면 어떡해?,같이 가거나 신경쓰인다고 말해요.,같이 가 가자고 말해보세요. 마음이 정리될 거예요. 같이 가자고,2
KoBART B2 lr5e-5+warmup (06),전이학습,beam5+no_repeat_ngram3,눈이 안 떠져,잠시 눈을 붙여보세요.,눈을 깜빡거려 보세요. 기분이 바뀔 거예요. 눈 체온이,0
KoBART B2 lr5e-5+warmup (06),전이학습,beam5+no_repeat_ngram3,나에게만 집중했으면 좋겠어,사랑은 강요하는게 아니에요.,조금만 더 버텨보세요. 한결 마음이 가벼워질거예요.,2
KoBART B2 lr5e-5+warmup (06),전이학습,beam5+no_repeat_ngram3,친한 친구의 구여친이랑 사귀어도 되나.,친구라면 많이 실망할겁니다.,친한사이가 아니라면 사귀어도 괜찮을 것 같아요.,2
KoBART B2 lr5e-5+warmup (06),전이학습,beam5+no_repeat_ngram3,자꾸 우연히 만나,우연이 필연이 되기도 합니다.,후회하지 않는다면 연락해보세요. 후회하지 않을 자신 있나봅니다. 만나,0
KoBART B2 lr5e-5+warmup (06),전이학습,beam5+no_repeat_ngram3,사랑해 보고싶어,얼른 만나러가세요.,사랑했던 보고 싶네요. 꼭 보고 싶어요. 꼭 말해보세요.,2
KoBART B2 lr5e-5+warmup (06),전이학습,beam5+no_repeat_ngram3,아 또 참지 못하고 카톡 프사를 봐버렷네,아예 카톡에서 삭제하세요.,많이 지쳤나봐요. 기운 내길 바랄게요. 그러면,1
KoBART B2 lr5e-5+warmup (06),전이학습,beam5+no_repeat_ngram3,이별통보를 받았습니다,마음의 준비가 필요했을텐데 안타까워요.,축하해요. 아직 마음의 준비가 안 됐다고 들었어요. 곧 좋은 소식이 들,1
KoBART B2 lr5e-5+warmup (06),전이학습,beam5+no_repeat_ngram3,사랑이 쉬운 사람,참을 수 없는 가벼움이네요.,사랑은 소유하는 것이 아니란 걸 잊지 마세요. 사랑이 사람을 변덕,2
KoBART B2 lr5e-5+warmup (06),전이학습,beam5+no_repeat_ngram3,싸우면 잠수타는 사람?,조금 기다리면 풀릴 거예요,상대방에 대한 예의가 없네요. 용서하고 기회를 주세요. 그러면,0
KoBART B2 lr5e-5+warmup (06),전이학습,beam5+no_repeat_ngram3,좋아하는 여자 생겼는데 호감 표시하려면 어떻게 해야 해?,연락을 해보는게 좋아요.,호감을 표시하는게 좋아요. 신경쓰지 않는 연습을 해,2
KoBART B2 lr5e-5+warmup (06),전이학습,beam5+no_repeat_ngram3,과일 안 먹게 돼,그래도 먹으려고 노력해보세요.,과해도 안 좋아요. 신경쓰지 마세요. 기분 전환 해보세요.,0
KoBART B2 lr5e-5+warmup (06),전이학습,beam5+no_repeat_ngram3,봉사도 하고 사랑을 베풀고 싶어,나를 진실로 존중하고 사랑할 때 가능해요.,의미있는 일이네요. 관심을 가져보세요. 도움이 될지도 몰라요.,0
KoBART B2 lr5e-5+warmup (06),전이학습,beam5+no_repeat_ngram3,시간 갖는 거,마음에게 준비할 시간을 주는 것이죠.,여유는 마음 가짐에 있어요. 조급하게 생각하지 마세요. 곧,1
KoBART B2 lr5e-5+warmup (06),전이학습,beam5+no_repeat_ngram3,인간 관계가 제일 어려운거 같아,운전처럼 안전거리확보하세요.,인간 관계가 제일 어려운 것 같아요. 인간 관계가 그렇게 중요하지 않아요.,0
KoBART B2 lr5e-5+warmup (06),전이학습,beam5+no_repeat_ngram3,미친듯이 잡고 싶어.,이별 직후엔 그럴 수 있어요.,후회하지 않을 자신 있다면 연락해보세요. 후회하지 말아요. 후회하지,1
KoBART B2 lr5e-5+warmup (06),전이학습,beam5+no_repeat_ngram3,후.ㅎㅎ,지쳤나봐요.,후련하니 다행이에요. 후련할거라 생각해요. 마음,1
KoBART B2 lr5e-5+warmup (06),전이학습,beam5+no_repeat_ngram3,오늘 아무 것도 안 가져 왔다,개념만 가져오면 돼요.,가져가 마세요. 아무것도 안 주실거예요. 가져가세요.,0
KoBART B2 lr5e-5+warmup (06),전이학습,beam5+no_repeat_ngram3,정규직 입사 너무 어려워,쪼잔하네요.,다음 공채때는 될 거예요. 열심히 준비해보세요. 잘할 수,0
KoBART B2 lr5e-5+warmup (06),전이학습,beam5+no_repeat_ngram3,귀농 어때?,생각하기는 쉬운데 실천하기는 어려운 것 같아요.,귀농으면 귀엽죠? 예뻐질거 같아요. 어서,0
KoBART B2 lr5e-5+warmup (06),전이학습,beam5+no_repeat_ngram3,힘드네. 정말.이런건 줄 몰랐어,알았으면 시작 못했겠죠.,정말 힘드신가봐요. 힘드시겠네요. 힘내,1
KoBART B2 lr5e-5+warmup (06),전이학습,beam5+no_repeat_ngram3,노는 거 좋아하는 남자는 좋아하면 힘들겠지?,지금은 괜찮지만 힘들 거예요.,좋아하면 정도는 괜찮을 거예요. 그렇지만 조금 더 상황을 지켜보세요. 힘들 거예요.,2
KoBART B2 lr5e-5+warmup (06),전이학습,beam5+no_repeat_ngram3,좋아하는 애한테 페메 해볼까?,직접 연락하는 게 좋을 것 같아요.,직접 해보보는 게 좋을 것 같아요. 손길이 필요하다면 직접 해보,2
KoBART B2 lr5e-5+warmup (06),전이학습,beam5+no_repeat_ngram3,핸드폰 중독인듯,중독에서 벗어나세요.,핸드폰은 핸드폰이 아니에요. 그냥 핸드폰으로 핸드,0
KoBART B2 lr5e-5+warmup (06),전이학습,beam5+no_repeat_ngram3,언젠간 먼저 연락오겠죠?,붙잡고 싶다면 먼저 연락해보세요.,언젠간 올 순간이었을 거예요. 그때는 늦었으니까요. 그때는,1
KoBART B2 lr5e-5+warmup (06),전이학습,beam5+no_repeat_ngram3,너무 마른 거 같아,적당해요.,적당히 드세요. 무거워질거 같아요. 차분히,0
KoBART B2 lr5e-5+warmup (06),전이학습,beam5+no_repeat_ngram3,세상이 무서워,너무 불안해하지 않아도 돼요.,무서운 세상이 마스크 쓰고 나가세요. 무서워요. 무섭다고 말해주,0
KoBART B2 lr5e-5+warmup (06),전이학습,beam5+no_repeat_ngram3,나 혼자 여행 왔는데 괜찮네,온전히 느낄 수 있는 시간이겠네요.,혼자 가는 것도 나쁘지 않아요. 기분전환을 해보세요. 좋은 생각,0
KoBART B2 lr5e-5+warmup (06),전이학습,beam5+no_repeat_ngram3,첫 눈에 반하는게 가능해?,당연히 가능하죠.,첫 눈에 반했나봐요. 가능하죠. 가능해요. 가능,2
KoBART B2 lr5e-5+warmup (06),전이학습,beam5+no_repeat_ngram3,그런 사람인갑다 해야지,대인배시군요.,그런 사람 있죠. 신경쓰지 마세요. 마음 가는 대로 하세요.,0
KoBART B2 lr5e-5+warmup (06),전이학습,beam5+no_repeat_ngram3,웃기지마 넌 쓰레기야,아니에요. 전 쓰레기가 아니에요.,거울 앞에 비친 자신을 보며 웃어보세요. 마음이 정리될 거예요.,1
KoBART B2 lr5e-5+warmup (06),전이학습,beam5+no_repeat_ngram3,소식이 궁금해~,연락 확실하게 끊으세요.,저도 궁금 궁금하네요. 어서 소식 들으세요. 궁금해요!,1
KoBART B2 lr5e-5+warmup (06),전이학습,beam5+no_repeat_ngram3,면도기 사야되는데,잘 골라보세요.,면도기 사보세요. 깔끔해질 거예요. 사주세요. 사주,0
KoBART B2 lr5e-5+warmup (06),전이학습,beam5+no_repeat_ngram3,썸인데 나 솔로야?,사귀기 전이면 솔로죠.,직접적이든 간접적이든 의사를 확실히 밝혀보세요. 썸이,2
KoBART B2 lr5e-5+warmup (06),전이학습,beam5+no_repeat_ngram3,필통 두고 옴,빌리면 돼요.,필수는 아니에요. 신경쓰지 마세요. 연락해 주세요.,0
KoBART B2 lr5e-5+warmup (06),전이학습,beam5+no_repeat_ngram3,좋아하는 감정이 뭐예요?,가만히 있어도 생각나는 거 아닐까요.,저는 마음을 없어요. 단지 좋아하고 있을 뿐이에요. 단지 바라만,2
KoBART B2 lr5e-5+warmup (06),전이학습,beam5+no_repeat_ngram3,오해했네 그리고 차단 ㅎㅎ,차단하는게 서로에게 좋을 때가 있어요.,차단도 게을리 하지 마세요. 신경쓰지 않아도 돼요.,1
KoBART B2 lr5e-5+warmup (06),전이학습,beam5+no_repeat_ngram3,여자들이 좋아하는 남자 특징?,다정한게 좋을 듯 해요.,사람마다다 다를 것 같아요. 취향이 다를 수도 있어요. 그렇지만 마음을,2
KoBART B2 lr5e-5+warmup (06),전이학습,beam5+no_repeat_ngram3,넥타이핀 선물 괜찮겠지?,실용적인 선물이라 괜찮을 거예요.,필요한게 뭔지 알아보세요. 필요한게 무엇인지 알아봐요. 필요한,0
KoBART B2 lr5e-5+warmup (06),전이학습,beam5+no_repeat_ngram3,스팸 전화 많이 와,차단 어플 사용해보세요.,신고하세요. 증거를 남겨보세요. 경찰에 신고하고 취할 수 있는,0
KoBART B2 lr5e-5+warmup (06),전이학습,beam5+no_repeat_ngram3,그는 지금 무슨 생각을 할까?,연락을 해보세요.,생각을 정리해 접어두는게 좋을 것 같아요. 정신 차리세요.,2
KoBART B2 lr5e-5+warmup (06),전이학습,beam5+no_repeat_ngram3,애인이 생겼답니다.,신경 쓰이긴 하지만 무시하는게 좋겠어요.,애석표현일 수도 있어요. 그렇지만 조금 더 상황을 지켜보세요. 마음이,1
KoBART B2 lr5e-5+warmup (06),전이학습,beam5+no_repeat_ngram3,싸구려 인생,누구도 당신의 인생을 평가할 수 없어요.,인생은 힘드신가봐요. 응원할게요. 힘내,1
KoBART B2 lr5e-5+warmup (06),전이학습,beam5+no_repeat_ngram3,회사가는 길에 매일 보는 사람 있어,운명일지도 모르겠어요.,길은 항상 막히는 것 같네요. 같이 가세요. 같이 가요.,0
KoBART B2 lr5e-5+warmup (06),전이학습,beam5+no_repeat_ngram3,한달 다되가네,그러게요. 어느덧 한달이에요.,다 잘 될 거예요. 조금만 더 버텨보세요. 힘내실거,1
KoBART B2 lr5e-5+warmup (06),전이학습,beam5+no_repeat_ngram3,삼겹살 구워 먹고 싶다.,맛나게 드세요.,맛나게거 드세요. 저랑 함께 라면봉지가네요. 저,0
KoBART B2 lr5e-5+warmup (06),전이학습,beam5+no_repeat_ngram3,힘든 밤입니다,힘내세요.,내일도 더 힘들거예요. 이겨내세요. 힘내세요!,1
KoBART B2 lr5e-5+warmup (06),전이학습,beam5+no_repeat_ngram3,뒤숭숭하네,실감이 안날 거예요.,마음이 복잡숭숭할 거예요. 신경쓰지 마세요. 기분 전환 해보,1
KoBART B2 lr5e-5+warmup (06),전이학습,beam5+no_repeat_ngram3,술 먹을 때 옆에서 챙겨줬는데 썸임?,친절한 거랑 구별해볼 필요가 있어요.,호감이 있을 수도 있어요. 그렇지만 조금 더 상황을 지켜보세요. 썸의,2
KoBART B2 lr5e-5+warmup (06),전이학습,beam5+no_repeat_ngram3,베터리 겨우 15%야,미리 충전하세요.,그럴 수 있어요. 차분히 생각해보세요. 해결될거예요.,0
KoBART B2 lr5e-5+warmup (06),전이학습,beam5+no_repeat_ngram3,기침도 못하겠어,답답한 상황이네요.,침대와 한몸이 되어 푹 쉬세요. 힘내세요. 기도하,0
KoBART B2 lr5e-5+warmup (06),전이학습,beam5+no_repeat_ngram3,썸 타기 좋은 알바 추천 좀.,영화관이나 커피숍 추천해요.,썸 타기 좋은 곳이죠. 추천해 드릴게요. 같이 타,2
KoBART B2 lr5e-5+warmup (06),전이학습,beam5+no_repeat_ngram3,친구들한테 인정받을 수 있을까,지금도 인정받고 있어요.,인정 받을 수 있을 거예요. 당당히 당당히 말하세요. 당당히,0
KoBART B2 lr5e-5+warmup (06),전이학습,beam5+no_repeat_ngram3,생각 안나,잘 생각해보세요.,그럴 수 있죠. 차분히 생각해보세요. 생각이 정리될 거예요.,0
KoBART B2 lr5e-5+warmup (06),전이학습,beam5+no_repeat_ngram3,빚이 너무 많아,빚 얼른 갚고 새출발하세요.,갚을 능력이 되는 날이 올거예요. 걱정하지마세요. 빚,0
KoBART B2 lr5e-5+warmup (06),전이학습,beam5+no_repeat_ngram3,얼굴 너무 까매졌어.,관리해주세요.,자연스러운 현상이에요. 신경쓰지 마세요. 자연스러우면,0
KoBART B2 lr5e-5+warmup (06),전이학습,beam5+no_repeat_ngram3,재테크 하는 방법 알려줘,우선 관련 서적을 읽어보세요.,재테크용이 좋겠네요. 신경쓰지 않는 연습을 해봐,0
KoBART B2 lr5e-5+warmup (06),전이학습,beam5+no_repeat_ngram3,확실히 날 좋아하는 걸 아는 남자랑 친구가 될 수 있을까?,그 사람을 위해서는 그러면 안돼요.,확신이 없다면 만나지 않는 게 더 나을 수도 있어요. 그렇지만 확실한,2
KoBART B2 lr5e-5+warmup (06),전이학습,beam5+no_repeat_ngram3,온종일 멍하네,이런 날 더욱 적적하지요.,온전히 느낄 수 있는 시간이겠네요. 정신 차리세요. 기운,1
KoBART B2 lr5e-5+warmup (06),전이학습,beam5+no_repeat_ngram3,헬스장에서 자주 보는 여자가 보고싶어,한 번 말을 걸어보세요.,회원정보 찾기를 해보세요. 회원정보 검색해서 회원정보와 회원,2
KoBART B2 lr5e-5+warmup (06),전이학습,beam5+no_repeat_ngram3,출근길 너무 힘들어,회사 근처로 이사를 가보세요.,직장 스트레스가 심한가봐요. 가벼운 운동으로 기분 전환 해보세요.,0
KoBART B2 lr5e-5+warmup (06),전이학습,beam5+no_repeat_ngram3,너무 빨리 철 든 거 같아서 마음이 아파,아이는 아이다워야 아름답죠.,철밥통 되기가 어디 쉽겠어요. 조금만 더 버텨보,0
KoBART B2 lr5e-5+warmup (06),전이학습,beam5+no_repeat_ngram3,그녀에게 받았던 선물들을 모조리 다 버리려 합니다.,버릴 때 마음이 아프겠지만 버리는 게 좋을 거예요.,고마움을 마음을 전해보세요. 진심이 전해질거라 믿어요.,1
KoBART B2 lr5e-5+warmup (06),전이학습,beam5+no_repeat_ngram3,짝남네 집에서 친구들이랑 집들이 가는데 뭐 사갈까?,필요한게 없는지 물어보면서 대화를 이어 나가세요.,근처 카페에서 데이트하는 건 어떨까요. 옷차림도,2
KoBART B2 lr5e-5+warmup (06),전이학습,beam5+no_repeat_ngram3,취업 준비 힘들어,합격을 기원합니다.,다음 공채때는 될 거예요. 열심히 준비하세요. 잘할 수,0
KoBART B2 lr5e-5+warmup (06),전이학습,beam5+no_repeat_ngram3,이거 썸 맞나,대화를 시작하는 사람이 누구인지 살펴보세요.,사귀고 나서 연락해보세요. 썸의 가능성이 높겠네,2
KoBART B2 lr5e-5+warmup (06),전이학습,beam5+no_repeat_ngram3,오늘 생각보다 춥네,감기 조심하세요.,생각보다 마음 감기 조심하세요. 기운 내세요! 기운 내,0
KoBART B2 lr5e-5+warmup (06),전이학습,beam5+no_repeat_ngram3,여자친구한테 질린 듯,당신의 사랑이 변한것 같아요.,질질 끌지 마세요. 당당하게 말하세요. 부드럽게 말,0
KoBART B2 lr5e-5+warmup (06),전이학습,beam5+no_repeat_ngram3,청소 해도 티가 안나,한번만 더 하세요.,청소는 습관이에요! 신경쓰지 마세요. 습관이에요.,0
KoBART B2 lr5e-5+warmup (06),전이학습,beam5+no_repeat_ngram3,목소리 좋은 사람이 좋아,저도 듣고 싶네요.,저도 듣고 싶네요. 목소리를 들어보세요. 기분이 바뀔거예요.,0
KoBART B2 lr5e-5+warmup (06),전이학습,beam5+no_repeat_ngram3,머리가 너무 빨리 자라,이상한 생각했나봐요.,머리랑 가슴이 가끔 따로 놀죠. 정신 차리세요. 힘내세요.,0
KoBART B2 lr5e-5+warmup (06),전이학습,beam5+no_repeat_ngram3,신경 쓰여,신경쓰는 사람들 무시하세요.,신경 쓰지 마세요. 신경 쓰면 돼요. 신경쓰지 마,0
KoBART B2 lr5e-5+warmup (06),전이학습,beam5+no_repeat_ngram3,이시간들 어찌보내야할까.,저랑 같이 이야기 해요.,어찌보면내야할지 모르겠네요. 신경써야할 것 같아요.,1
KoBART B2 lr5e-5+warmup (06),전이학습,beam5+no_repeat_ngram3,좋아하는 남자 때문에 너무 기분이 안 좋아.,무슨 일이 있었나봐요.,슬픈 이야기네요. 슬프네요. 기분 나쁠지도 몰라요.,2
KoBART B2 lr5e-5+warmup (06),전이학습,beam5+no_repeat_ngram3,결정을 못 내리겠어. 어떻해,결정은 빠르면 빠를수록 좋을 거예요.,결정은 빠르면 빠를수록 좋아요. 차분히 생각해보,0
KoBART B2 lr5e-5+warmup (06),전이학습,beam5+no_repeat_ngram3,오늘 또 헤어진 사람의 sns를 봤네,sns를 삭제하는게 어떨까요. 미련만 남을 뿐이에요.,sns를 삭제해보세요. 미련이 남을지도 몰라요.,1
KoBART B2 lr5e-5+warmup (06),전이학습,beam5+no_repeat_ngram3,좋아하던 여자애가 남친 생겼다는대 아무렇지도 않아.,좋아하는 걸로 착각하고 있었을 수도 있어요.,신경 쓰이는일 수도 있어요. 그렇지만 조금 더 상황을 지켜보세요. 마음이 정리될,2
KoBART B2 lr5e-5+warmup (06),전이학습,beam5+no_repeat_ngram3,너는 내 인생에서 죽었다.,그렇게 잊어 가는 거예요.,인생은 그런거예요. 당신의 삶을 응원합니다! 당신의 삶을,1
KoBART B2 lr5e-5+warmup (06),전이학습,beam5+no_repeat_ngram3,시험 공부 큰일,지금도 늦지 않았어요.,공부는 흥미를 가져보세요. 컨디션에 따라 다를 것 같아요.,0
KoBART B2 lr5e-5+warmup (06),전이학습,beam5+no_repeat_ngram3,쳇바퀴 도는 하루,그 속에서 가치와 의미를 찾아보세요.,하루 하루를 헤아리는 건 자신을 더 힘들게 만들 뿐이에,0
KoBART B2 lr5e-5+warmup (06),전이학습,beam5+no_repeat_ngram3,말을 못하겠어,별 거 아니라고 생각해보세요.,못 이기니 피할 수 있으면 피하세요. 차분히 기다려주,0
KoBART B2 lr5e-5+warmup (06),전이학습,beam5+no_repeat_ngram3,시어머니가 같이 목욕탕 가재,부담스럽겠어요.,달달한 시어머니가 이랬다 저랬다 해요.,2
KoBART B2 lr5e-5+warmup (06),전이학습,beam5+no_repeat_ngram3,덕질 하는 중,좋아하는 게 있는 건 더없이 좋은 일이에요.,질질 있네요. 칭찬해주고 싶네요. 기분 좋아질,0
KoBART B2 lr5e-5+warmup (06),전이학습,beam5+no_repeat_ngram3,여사친이 많은 썸남,저는 비추요.,사귀기 전에 두근거림을 좋아하나봐요. 신경쓰,2
KoBART B2 lr5e-5+warmup (06),전이학습,beam5+no_repeat_ngram3,1년을 넘게 만났는데 어떻게 이럽니까,시간이 무색해지네요.,후회하지 않을 자신이 있다면 연락해보세요. 마음이 정리될지도 몰라요.,1
KoBART B2 lr5e-5+warmup (06),전이학습,beam5+no_repeat_ngram3,부모님이 결혼 자금 안 보태주신대,부모님 노후 자금도 생각해야겠죠.,부모님들이 사정이 있으신가봐요. 더 신경쓰고 챙겨드세요.,2
KoBART B2 lr5e-5+warmup (06),전이학습,beam5+no_repeat_ngram3,핑계,모두 핑계겠죠.,핑계 핑계로 핑계 삼지 마세요. 마음이 아프네,1
KoBART B2 lr5e-5+warmup (06),전이학습,beam5+no_repeat_ngram3,고백 받고 싶어,먼저 고백해보세요.,용기를 내요! 용기를 내세요! 당당하게 말해보세요. 당당,2
KoBART B2 lr5e-5+warmup (06),전이학습,beam5+no_repeat_ngram3,내가 호구냐구,상종하지마세요.,호의를 어느 정도 표현해보는 것도 좋을 것 같습니다. 가끔씩,0
KoBART B2 lr5e-5+warmup (06),전이학습,beam5+no_repeat_ngram3,이젠 증오가 될거같네,충분히 이해해요. 하지만 나에게도 독이 될 수 있어요.,언젠간 올 시기였을거예요. 차분히 생각해보세요.,1
KoBART B2 lr5e-5+warmup (06),전이학습,beam5+no_repeat_ngram3,하늘이 준 이별 같다,운명같네요.,하늘 만큼 땅만큼 사랑하세요. 저 하늘에서 내려다 보세요.,1
KoBART B2 lr5e-5+warmup (06),전이학습,beam5+no_repeat_ngram3,왜 사람은 외로울까. 아직도 의문이다.,타인과 함께 했던 경험 때문일 것 같아요.,사랑은 소유답지 않으니까요. 미련을 버리세요. 미,1
KoBART B2 lr5e-5+warmup (06),전이학습,beam5+no_repeat_ngram3,학폭 없어졌으면,학교 폭력은 범죄에요.,학폭 없애는 건 어떨까요. 친구들과 연락해보세요. 학폭,0
KoBART B2 lr5e-5+warmup (06),전이학습,beam5+no_repeat_ngram3,아침밥 먹을 시간 없어서 굶었더니 배고파,뭐라도 드세요.,배고프지 않아요. 신경쓰지 마세요. 그래도 돼요.,0
KoBART B2 lr5e-5+warmup (06),전이학습,beam5+no_repeat_ngram3,결혼 했어,좋겠어요.,축하드려요! 축하해요! 결혼 축하드려요. 축하해,0
KoBART B2 lr5e-5+warmup (06),전이학습,beam5+no_repeat_ngram3,동거 8년 환승이별.,환승은 진짜 별로네요.,환승 이별은 예의가 아니네요. 상처 받으셨겠네,1
KoBART B2 lr5e-5+warmup (06),전이학습,beam5+no_repeat_ngram3,정답이 뭘까,답은 언제나 내 안에 있죠.,정답을 찾아야할 필요는 없어요. 고민만 하고 있을 뿐이죠.,0
KoBART B2 lr5e-5+warmup (06),전이학습,beam5+no_repeat_ngram3,여자친구가 화나면 말을 안 해.,시간을 주세요.,신경쓰이겠네요. 화끈하게 사과하세요. 화끈,2
KoBART B2 lr5e-5+warmup (06),전이학습,beam5+no_repeat_ngram3,쓰레기새끼,기분이 좀 풀렸길 바랍니다.,욕해 주세요. 때론 혼내 주세요. 싫어할 수도 있어요.,1
KoBART B2 lr5e-5+warmup (06),전이학습,beam5+no_repeat_ngram3,이건 이별을 준비해야 하는건가??,슬픈 예감은 틀린 적이 없죠.,이별을 항상 고민해야 하는 건 아니에요. 어떤 선택을 하든,1
KoBART B2 lr5e-5+warmup (06),전이학습,beam5+no_repeat_ngram3,내가 그르친 거 같아,아니에요. 너무 자책하지 마세요.,후회하지 않길 바랄게요. 힘내세요. 그러면 돼요.,0
KoBART B2 lr5e-5+warmup (06),전이학습,beam5+no_repeat_ngram3,전부 가시밭길 같아,꽃길만 걷길 바랍니다.,꽃길만 걷길 바랄게요. 신경쓰지 마세요.,0
KoBART B2 lr5e-5+warmup (06),전이학습,beam5+no_repeat_ngram3,덤덤,덤덤해졌나봐요.,무덤덤덤한가봐요. 금방 무덤덤해질 거예요.덤덤,1
KoBART B2 lr5e-5+warmup (06),전이학습,beam5+no_repeat_ngram3,이젠 다시 만날 수도 없는 상황,달라지는게 없다면 이런 상황이 더 나을지도 몰라요.,달라지는게 없다면 만나지 않는 게 더 나을지도 몰라요.,1
KoBART B2 lr5e-5+warmup (06),전이학습,beam5+no_repeat_ngram3,머리 확 잘라버려야지,스타일의 변화도 좋을 거예요.,머리랑 가슴이 가끔 따로 놀죠. 미련을 버리세요. 미,0
KoBART B2 lr5e-5+warmup (06),전이학습,beam5+no_repeat_ngram3,길이 얼었어,미끄러우니 조심하세요.,"얼른 청소하세요. 바디로션 바디워시, 바",0
KoBART B2 lr5e-5+warmup (06),전이학습,beam5+no_repeat_ngram3,너무 기대했나봐,아무것도 바라지 않을 때 천하를 얻는다는 말이 있어요.,기대치가 높나봐요. 차분히 생각해보세요. 조금 더,0
KoBART B2 lr5e-5+warmup (06),전이학습,beam5+no_repeat_ngram3,넘어질뻔했어,조심하세요.,조금만 더 버텨보세요. 한결 가벼워질거예요. 다시,0
KoBART B2 lr5e-5+warmup (06),전이학습,beam5+no_repeat_ngram3,비가 오니.울컥하네,그러게요. 비가 추적추적 내려요.,감기 조심하세요. 비가 오길 바랄게요. 눈 내리는,1
KoBART B2 lr5e-5+warmup (06),전이학습,beam5+no_repeat_ngram3,신기한 일들이 많이 일어나,그게 인생이죠.,내일은 더 좋은 하루이길 바랄게요. 힘내세요.,0
KoBART B2 lr5e-5+warmup (06),전이학습,beam5+no_repeat_ngram3,부모님 노후가 걱정돼,상담이나 컨설팅을 받아보는 것도 좋을 거예요.,노후는 지금부터 준비하는 게 좋죠. 내 노후는 내가 책임져,0
KoBART B2 lr5e-5+warmup (06),전이학습,beam5+no_repeat_ngram3,요즘 너무 지루해,마음에 따라 얼마든지 바뀔 수 있어요.,다른 사람도 흥미를 가져보세요. 생각이 정리될지도 몰라요. 차분,0
KoBART B2 lr5e-5+warmup (06),전이학습,beam5+no_repeat_ngram3,잘못인줄 모르는 여자,자신의 잘못도 인정할 수 있는 사람이 좋아요.,인연이 거기까지였나봐요. 미련이 남았나,1
KoBART B2 lr5e-5+warmup (06),전이학습,beam5+no_repeat_ngram3,나는 너를 거쳐간 수 많은 남자들 중 한명뿐이겠지.,그렇게 생각하지 않을 거예요.,언젠간 선택을 해야하는 순간이 올 거예요. 그 선택의 몫은,1
KoBART B2 lr5e-5+warmup (06),전이학습,beam5+no_repeat_ngram3,사랑해서 그런거래,상대방을 배려하지 않은 사랑은 좋지 않은거예요.,그런 사람 있죠. 신경쓰지 마세요. 마음 가는 대로 하세요.,2
KoBART B2 lr5e-5+warmup (06),전이학습,beam5+no_repeat_ngram3,나 보고 잘 웃는 여자애 나 좋아하는 건가?,직접 알아보는 것이 좋아요.,호감이 있을 수도 있어요. 그렇지만 조금 더 상황을 지켜보세요. 차분히,2
KoBART B2 lr5e-5+warmup (06),전이학습,beam5+no_repeat_ngram3,붙잡고 싶은데 이제는 늦은것 같네 .,사랑의 끝은 예고 없이 다가오죠.,후회하지 않을 자신 있다면 붙잡으세요. 미련은 버리세요.,1
KoBART B2 lr5e-5+warmup (06),전이학습,beam5+no_repeat_ngram3,힘듭니다.,어떤 말도 위로가 되지 않겠지만 힘내세요.,힘내 않아도 돼요. 힘을 내세요. 힘내세요. 힘이내세요.,1
KoBART B2 lr5e-5+warmup (06),전이학습,beam5+no_repeat_ngram3,내 잘못이 뭔지 모르겠어,모르는 게 잘못인 거 같아요.,잘못은 아니라는 걸 어필해보세요. 당신의 잘못이 아닌 걸 어,0
KoBART B2 lr5e-5+warmup (06),전이학습,beam5+no_repeat_ngram3,왠지 가슴한 켠이 먹먹하네,많이 답답할거라 생각해요.,가슴 아픈켠이 아른거려요. 다른 곳으로 시선을 돌려보,1
KoBART B2 lr5e-5+warmup (06),전이학습,beam5+no_repeat_ngram3,하나만 물아볼께,네 말씀해주세요.,물가가셔도 괜찮아요. 조금 기다리셔도 좋아요.,1
KoBART B2 lr5e-5+warmup (06),전이학습,beam5+no_repeat_ngram3,7년사귄 남자친구의 유흥업소 방문사실을 알아버렸습니다,그런 사람 못 고쳐 씁니다. 헤어지세요.,신경쓰이겠네요. 신경쓰지 마세요. 마음이 정리될,1
KoBART B2 lr5e-5+warmup (06),전이학습,beam5+no_repeat_ngram3,면접만 보면 돼,끝까지 잘할 수 있을 거예요.,잘 볼 수 있을 거예요. 조금만 더 참고 견뎌보세요. 좋은 결과,0
KoBART B2 lr5e-5+warmup (06),전이학습,beam5+no_repeat_ngram3,랩 추천 좀. 나 좋아하는 남자애한테 잘 보이고 싶어.,최신 인기 차트를 찾아보는 걸 추천해요.,솔직한 연습을 해봐요. 곧 좋은 모습 보일거예요.,2
KoBART B2 lr5e-5+warmup (06),전이학습,beam5+no_repeat_ngram3,좋아하는 거랑 사랑하는게 다른 거야?,마음에 농도 차인 것 같습니다.,직접 물어보세요. 느낌이 바뀔 수도 있어요. 그렇지만 조금 더 상황을 지켜보세요.,2
KoBART B2 lr5e-5+warmup (06),전이학습,beam5+no_repeat_ngram3,왜 자꾸 내 마음속에 나타나니?,많이 사랑했던 분인가봐요.,내 맘 같아요. 내 맘 같지 않으니까요. 신경쓰지 마,1
KoBART B2 lr5e-5+warmup (06),전이학습,beam5+no_repeat_ngram3,하루하루 너무 힘드네,다른사람에게 기대보는 건 어떨까요.,하루하를 헤아리는 건 자신을 더 힘들게 만들 뿐이에,1
KoBART B2 lr5e-5+warmup (06),전이학습,beam5+no_repeat_ngram3,자취한다는데 뭘 챙겨줄까?,직접 물어보는 게 좋을 것 같아요.,챙겨주게 돼서 고마워요. 그렇지만 조금 더 상황을 지켜보세요.,2
KoBART B2 lr5e-5+warmup (06),전이학습,beam5+no_repeat_ngram3,아직도 심장이 뛰고있어.,심장은 항상 뜁니다.,심호 변화가 있었나봐요. 저랑 이야기해보세요. 저랑,1
KoBART B2 lr5e-5+warmup (06),전이학습,beam5+no_repeat_ngram3,남자친구 생일인데 뭘 줄까,평소에 필요한 것 생각해보세요.,선물을 주면서 마음을 전해보세요. 감동적인 선물을 받을 수 있을 거예요.,0
KoBART B2 lr5e-5+warmup (06),전이학습,beam5+no_repeat_ngram3,나도 좋아하는 사람이랑 영화 보고 싶다.,먼저 연락해 보는건 어떨까요?,저도 그러고 싶네요. 영화 보고 싶어요. 저랑 데이트 신청,2
KoBART B2 lr5e-5+warmup (06),전이학습,beam5+no_repeat_ngram3,1년 9개월 의 연애 종지부.,또 다른 사랑이 찾아올 거예요.,마음의 정리를 해야 할 시기네요. 힘내지 마세요. 미련,1
KoBART B2 lr5e-5+warmup (06),전이학습,beam5+no_repeat_ngram3,상 받을 거 같아,축하합니다!,다음에는 받을 수 있을 거예요. 축하해요! 기운 내요!,0
KoBART B2 lr5e-5+warmup (06),전이학습,beam5+no_repeat_ngram3,게임 같이 하자고 할까?,안 될 것도 없죠.,같이 해보자고 해보세요. 같이 하면 더 좋을 것 같아요. 같이 하면,0
KoBART B2 lr5e-5+warmup (06),전이학습,beam5+no_repeat_ngram3,회사에서 마음 편한 사람이 없어,회사에는 동료가 있을 뿐이에요.,회사에서 편한 걸 수도 있어요. 그렇지만 조금 더 상황을 지켜보세요. 마음이,0
KoBART B2 lr5e-5+warmup (06),전이학습,beam5+no_repeat_ngram3,썸 타는 여자애한테 벚꽃 보러 가자고 해도 돼?,벚꽃 놀이 좋죠!,벚꽃 보러 가자고 연락해 보세요. 마음이 정리될 거예요.,2
KoBART B2 lr5e-5+warmup (06),전이학습,beam5+no_repeat_ngram3,힘드네.,조금만 더 버텨요.,힘내 않아도 돼요. 조금만 더 버텨보세요. 힘내세요.,1
KoBART B2 lr5e-5+warmup (06),전이학습,beam5+no_repeat_ngram3,휴학할까,계획 세우고 하세요.,계획대로 되는 건 없어요. 차근차근 준비해보세요. 차,0
KoBART B2 lr5e-5+warmup (06),전이학습,beam5+no_repeat_ngram3,위기야.,위기이면서 기회일 거예요.,위기이면서 기회로 삼으세요. 힘내세요. 한결 가벼워질,0
KoBART B2 lr5e-5+warmup (06),전이학습,beam5+no_repeat_ngram3,점심시간일 텐데 카톡이 안 와.,먼저 연락을 해보는 건 어떨까요?,바쁜가일 수도 있어요. 그렇지만 조금 더 상황을 지켜보세요. 생각이 정리될,2
KoBART B2 lr5e-5+warmup (06),전이학습,beam5+no_repeat_ngram3,마지막 작별 문자를 보낼까?,네 보내보세요.,후회하지 않는다면 연락해보세요. 마음이 정리될거예요. 미련,1
KoBART B2 lr5e-5+warmup (06),전이학습,beam5+no_repeat_ngram3,정성 담긴 선물 뭐가 좋을까?,손편지도 좋을 거 같아요.,정성이 담긴 장소에 가보세요. 마음이 담긴 선물은 어떨까,2
KoBART B2 lr5e-5+warmup (06),전이학습,beam5+no_repeat_ngram3,주말에 스키장 간다!,설레겠어요.,온전히 느낄 수 있는 시간이겠네요. 즐거운 주말 보내시길,0
KoBART B2 lr5e-5+warmup (06),전이학습,beam5+no_repeat_ngram3,면허 딸까봐,운전하는거 재미있어요.,면허이요! 도예뻐지겠네요. 예쁘게,0
KoBART B2 lr5e-5+warmup (06),전이학습,beam5+no_repeat_ngram3,말을 왜 이렇게 못 알아 듣니,노력하겠습니다.,말을 더 타이밍에 맞춰서 걸어보세요. 마음이 정리될 거예요.,0
KoBART B2 lr5e-5+warmup (06),전이학습,beam5+no_repeat_ngram3,좋아하는 남자애가 입대하는데 어떤 선물을 해주는게 좋을까요?,면회나 편지가 최고죠!,필요한 게 뭔지 살펴보세요. 필요한게 뭔지 먼저 물어보고 필요한,2
KoBART B2 lr5e-5+warmup (06),전이학습,beam5+no_repeat_ngram3,헤어진지 벌써 몇 년,많은 시간이 흘렀네요.,어느덧 2주가 흘렀나봐요. 금방 지나갈 거예요. 힘,1
KoBART B2 lr5e-5+warmup (06),전이학습,beam5+no_repeat_ngram3,코 앞이 재회.,마음의 준비를 하세요.,코 앞기운이 안 좋은가봐요. 눈에서 멀어,1
KoBART B2 lr5e-5+warmup (06),전이학습,beam5+no_repeat_ngram3,자꾸 짝남 얼굴 생각나.,보고 싶으니 그럴만 해요.,신경쓰이겠네요. 신경쓰지 마세요. 마음 가는 대로,2
KoBART B2 lr5e-5+warmup (06),전이학습,beam5+no_repeat_ngram3,이닦았는데 잇몸에서 피나,잇몸약 챙겨드시거나 치과 가보세요.,잇몸약 챙겨드시거나 치과 가보세요. 기분전환 되,0
KoBART B2 lr5e-5+warmup (06),전이학습,beam5+no_repeat_ngram3,태닝할까,구릿빛 피부 좋죠!,기분전환을 해보세요. 한결 가벼워질거 같아요. 피부관리,0
KoBART B2 lr5e-5+warmup (06),전이학습,beam5+no_repeat_ngram3,연애는 진짜 좋아하는 사람이랑 해야해.,맞는 말씀입니다.,연애에 대한 두려움을 버리세요. 좋은 사람 만날 수 있을 거예요.,2
KoBART B2 lr5e-5+warmup (06),전이학습,beam5+no_repeat_ngram3,술한잔했어,한 잔하기 좋은 날이죠.,술 한 웬수네요. 기분 안 좋았겠네요. 술 깨,1
KoBART B2 lr5e-5+warmup (06),전이학습,beam5+no_repeat_ngram3,너무 많이 먹었나봐,과식은 금물이에요.,건강 생각해서 챙겨드세요. 덜 아플 수도 있어요. 그렇지만 조금 더,0
KoBART B2 lr5e-5+warmup (06),전이학습,beam5+no_repeat_ngram3,짝사랑 그만할래,짝사랑은 시작과 끝을 자신이 결정할 수 있어요.,짝사랑이 그렇게 만드나봐요. 곧 좋은 소식이 들리,2
KoBART B2 lr5e-5+warmup (06),전이학습,beam5+no_repeat_ngram3,여름에는 냉면만한게 없는 듯,생각만 해도 군침이 도네요.,냉면 상태의 냉동실에 보관해보세요. 생각이 정리될 거예요.,0
KoBART B2 lr5e-5+warmup (06),전이학습,beam5+no_repeat_ngram3,짝녀한테 휘둘리고 싶지 않은데 이러는 내가 싫다.,자신의 의지를 굳건히 하세요.,흔들리지 있나봐요. 흔들리지 마세요. 마음이 정리될 거예요. 흔들,2
KoBART B2 lr5e-5+warmup (06),전이학습,beam5+no_repeat_ngram3,썸 타는 여자애 상메 궁금해.,한번 봐봐요.,직접 물어보세요. 더 궁금해요. 직접 물어보고 직접 물어보는,2
KoBART B2 lr5e-5+warmup (06),전이학습,beam5+no_repeat_ngram3,그대가 보고파,많이 사랑했던 사람이었나요.,보고 싶은가봐요. 눈에서 멀어지길 바랄게,1
KoBART B2 lr5e-5+warmup (06),전이학습,beam5+no_repeat_ngram3,연애도 좋지만 내 시간도 중요한 나 정상일까?,내 인생의 주인공은 나야 나!,시간적 중요하지 않아요. 신경쓰지 마세요. 신경쓰면,2
KoBART B2 lr5e-5+warmup (06),전이학습,beam5+no_repeat_ngram3,비밀 지켜줄까?,세상에 비밀은 없어요.,비밀 지키기 지키는 게 쉽지 않죠. 그렇지만 조금 더 지켜보는 게 좋을,0
KoBART B2 lr5e-5+warmup (06),전이학습,beam5+no_repeat_ngram3,평가원 잘 보고 싶다,평소처럼 잘 볼 수 있을 거예요.,공부 열심히 만큼 했나봐요. 응원할게요. 잘 볼거,0
KoBART B2 lr5e-5+warmup (06),전이학습,beam5+no_repeat_ngram3,친구에서 연인이 되려면,이성으로 대해요.,연인은 되지 않길 바랄게요. 친구에서 연인으로 성공,2
KoBART B2 lr5e-5+warmup (06),전이학습,beam5+no_repeat_ngram3,바지 입을까? 치마 입을까?,오늘은 바지가 좋을거 같아요.,깔끔한 거예요. 차분하게 입으세요. 바디로션!,0
KoBART B2 lr5e-5+warmup (06),전이학습,beam5+no_repeat_ngram3,맛있는 거 먹는데 생각나는 사람,그게 진짜 사랑이네요.,맛있는 거 드세요. 맛있는 거라도 드셔보세요. 생각만 해도,2
KoBART B2 lr5e-5+warmup (06),전이학습,beam5+no_repeat_ngram3,헤어스타일 좀 바꿔볼까?,기분 전환해보세요.,스타일러 변화해보세요. 좋아질거예요. 손질해보세요.,0
KoBART B2 lr5e-5+warmup (06),전이학습,beam5+no_repeat_ngram3,택배가 안 와,오늘 택배기사님들 쉬는 날이예요.,송장 번호를 확인해보세요. 택배 송장번호 알아보,0
KoBART B2 lr5e-5+warmup (06),전이학습,beam5+no_repeat_ngram3,코트 살까,있으면 좋죠.,집안 분위기가 바뀔 거예요. 신경쓰지 마세요. 눈에서 멀어집,0
KoBART B2 lr5e-5+warmup (06),전이학습,beam5+no_repeat_ngram3,결혼식 날짜 잡았대,축하해주세요.,축하드려요! 축하해요! 진심으로 축하드려요. 축하드려,2
KoBART B2 lr5e-5+warmup (06),전이학습,beam5+no_repeat_ngram3,이별은 다 비슷한거 같아.,이별은 똑같이 힘드니까요.,이별은 사람을 변덕쟁이로 만들기도 하죠. 그런거 같아,1
KoBART B2 lr5e-5+warmup (06),전이학습,beam5+no_repeat_ngram3,사랑하면 마냥 좋은 건 아닌 거 같아,사랑이 모든걸 해결해주지는 않아요.,사랑에는 정의 내릴 수 없는거 같아요. 정의 내리지 마세요.,2
KoBART B2 lr5e-5+warmup (06),전이학습,beam5+no_repeat_ngram3,눈이 너무 나빠졌어,잠시 눈을 감고 휴식을 취해보세요.,눈이 많이 내렸나봐요. 얼른 주무세요. 기운 내세요. 기운,0
KoBART B2 lr5e-5+warmup (06),전이학습,beam5+no_repeat_ngram3,아무래도 속은 거 같아,기분나쁘겠어요.,속상히 속박에서 벗어나 보세요. 차분히 마음을 가라앉,0
KoBART B2 lr5e-5+warmup (06),전이학습,beam5+no_repeat_ngram3,안경 쓰는 여자애 좋아하는 남자 있어?,그런 건 중요하지 않아요.,안경 사람 취향이네요. 신경쓰지 마세요. 신경쓰,2
KoBART B2 lr5e-5+warmup (06),전이학습,beam5+no_repeat_ngram3,시베리아 같아 추워,어서 따듯한 곳으로 가세요,따듯한 차 한잔 어때요? 따뜻하게 입으세요.,0
KoBART B2 lr5e-5+warmup (06),전이학습,beam5+no_repeat_ngram3,우리 분위기 좋았는데,서로를 향한 감정도 좋았겠죠.,저도 좋아 싶네요. 분위기 있네요. 저랑 데이트 신청,0
KoBART B2 lr5e-5+warmup (06),전이학습,beam5+no_repeat_ngram3,드라마같은 사랑 하고 싶어,드라마는 현실과 달라요.,로맨틱하네요. 이성으로 다가가세요. 차분히 생각해보세요.,2
KoBART B2 lr5e-5+warmup (06),전이학습,beam5+no_repeat_ngram3,새로운 베프가 필요해,주변의 좋은 사람들에게 연락해보세요.,새로운 사람이를 만들어 보세요. 마음이 따뜻해질 거예요. 새로운 출발을 해보,0
KoBART B2 lr5e-5+warmup (06),전이학습,beam5+no_repeat_ngram3,혼자 썸타는 기분이야.,직접적이든 간접적이든 의사를 확실히 밝혀보세요.,사귀기 전에 두근거림을 좋아하나봐요. 아니면 혼자,2
KoBART B2 lr5e-5+warmup (06),전이학습,beam5+no_repeat_ngram3,손 잡고 싶어,용기내서 잡아보세요.,장갑을 끼세요. 한결 몸이 가벼워질거예요. 손톱,2
KoBART B2 lr5e-5+warmup (06),전이학습,beam5+no_repeat_ngram3,내가 싫대,나 좋다는 사람 만나세요.,싫으면 싫은 건지 생각해보세요. 생각이 바뀔지도 몰라요.,1
KoBART B2 lr5e-5+warmup (06),전이학습,beam5+no_repeat_ngram3,음. 헤어졌는데 아직 잘 모르겠어,실감이 안날 수 있어요.,아직 모르겠 모르겠어요. 인공지능에 성별을 만드는 사람이 되어 주세요,1
KoBART B2 lr5e-5+warmup (06),전이학습,beam5+no_repeat_ngram3,버리기 아까운데 리폼 해볼까,손재주가 좋으시네요.,손길이이죠. 손재주가 좋으시네요. 리폼,0
KoBART B2 lr5e-5+warmup (06),전이학습,beam5+no_repeat_ngram3,마음 정리가 되네.,인고의 시간이 필요했을 거예요.,정리가 잘 될 거예요. 조금만 더 힘내세요. 돼요. 힘내,1
KoBART B2 lr5e-5+warmup (06),전이학습,beam5+no_repeat_ngram3,친구들과의 모임이 너무 많은 사람,적당하게 줄여주거나 나에게 믿음을 주라고 말해보세요.,친구를 사귀어 보세요. 마음이 정리될지도 몰라요. 괜히,2
KoBART B2 lr5e-5+warmup (06),전이학습,beam5+no_repeat_ngram3,썸 타는 거 시간 아까워.,얼른 고백해야죠.,썸 타는 거 시간 낭비하지 마세요. 신경쓰지 마세요.,2
KoBART B2 lr5e-5+warmup (06),전이학습,beam5+no_repeat_ngram3,정말 속상하고 답답하고 할 수 있는게 없네,차분하게 마음을 정리해보세요.,마음 먹은 대로 할 수 있는게 많지 않죠. 차분히 생각해,1
KoBART B2 lr5e-5+warmup (06),전이학습,beam5+no_repeat_ngram3,기프트콘으로 선물 받았어,좋겠네요.,고마움을 마음을 전해 주세요. 좋은 선물이 될 거예요. 고마워요.,0
KoBART B2 lr5e-5+warmup (06),전이학습,beam5+no_repeat_ngram3,습관처럼 생각나,습관처럼은 되지 않길 바랄게요.,습관처럼 습관이에요. 정신 차리세요. 아무렇지도 않아요.,1
KoBART B2 lr5e-5+warmup (06),전이학습,beam5+no_repeat_ngram3,사랑하는 사람이랑 내가 너무 차이나,누구나 같을 수 있을까요. 자격지심이예요.,사랑의 예의가 없는 사람이네요. 차분히 생각해보세요. 차,2
KoBART B2 lr5e-5+warmup (06),전이학습,beam5+no_repeat_ngram3,계절이 바뀌면,더 좋아질 거예요.,계절이 바뀌어도 상관 없어요. 신경쓰지 마세요. 마음이 바뀔,1
KoBART B2 lr5e-5+warmup (06),전이학습,beam5+no_repeat_ngram3,좋아하면서도 너무 싫은 감정 뭘까요.,좋아하는 만큼 지쳐가는 마음 아닐까요.,감정적일 수도 있어요. 그렇지만 조금 더 상황을 지켜보세요. 마음이 정리될,2
KoBART B2 lr5e-5+warmup (06),전이학습,beam5+no_repeat_ngram3,에휴 후폭풍인가봐,이별에는 항상 후유증이 있어요.,후폭풍은 누구에게나 와요. 후폭풍이 있겠죠.,1
KoBART B2 lr5e-5+warmup (06),전이학습,beam5+no_repeat_ngram3,스트레스 팍팍,소리를 질러보세요.,스트레스 받지 마세요. 기분이 나아질 거예요. 기운 내세요! 기운 내,0
KoBART B2 lr5e-5+warmup (06),전이학습,beam5+no_repeat_ngram3,헤어짐,슬픈 일이에요.,힘내 않아도 돼요. 힘내세요. 힘내세요! 힘내,1
KoBART B2 lr5e-5+warmup (06),전이학습,beam5+no_repeat_ngram3,오늘 너무 피곤해,푹 쉬세요.,피곤한가봐요. 기운 내길 바랄게요. 피곤한,0
KoBART B2 lr5e-5+warmup (06),전이학습,beam5+no_repeat_ngram3,좋아하는 선배가 나한테 연락했으면 좋겠어.,먼저 연락해도 힘들어 말아요.,먼저 연락하는게 좋아요. 용기를 내서 연락해보세요. 마음이 따뜻,2
KoBART B2 lr5e-5+warmup (06),전이학습,beam5+no_repeat_ngram3,갑자기 불편한 사이가 된 거 같아,관계의 변화가 왔나봅니다.,신경이일 수도 있어요. 그렇지만 조금 더 상황을 지켜보세요. 마음이 정리될,0
KoBART B2 lr5e-5+warmup (06),전이학습,beam5+no_repeat_ngram3,처음 해외여행가!,두근거리겠어요.,가기 싫어도 가야겠죠. 비행기표 예약하세요. 비행기,0
KoBART B2 lr5e-5+warmup (06),전이학습,beam5+no_repeat_ngram3,친구들은 다 예뻐,자신감을 가지세요.,멋진 말이네요. 칭찬해 주세요. 저랑 사귀세요. 저,0
KoBART B2 lr5e-5+warmup (06),전이학습,beam5+no_repeat_ngram3,동거하는 거 부모님이 알게 되셨어,오해를 풀고 사랑을 이어가세요.,부모님도 사정이 있으신가봐요. 최대한 빨리 연락을 취해보세요.,2
KoBART B2 lr5e-5+warmup (06),전이학습,beam5+no_repeat_ngram3,먼지 때문에 목아파,마스크 쓰고 다니세요.,"섬유탈취제 뿌려보세요. 섬유유연제, 섬유유",0
KoBART B2 lr5e-5+warmup (06),전이학습,beam5+no_repeat_ngram3,연애상담해줬더니 나만 바보됐어,다음부터는 해주지 마세요.,나중에 후회할 수도 있을 것 같아요. 그렇지만 조금 더 상황을 지켜보세요.,2
KoBART B2 lr5e-5+warmup (06),전이학습,beam5+no_repeat_ngram3,무슨 죄를 지었기에 이렇게 빨리.,힘들일이 있었나봐요. 당신의 잘못이 아니에요.,죄는 지었나봐요. 속박에서 벗어나길 바랄,1
KoBART B2 lr5e-5+warmup (06),전이학습,beam5+no_repeat_ngram3,놀러다니기 좋아하는 남자 착하긴한데 나랑은 안맞다고 생각이 들어.,안맞는다면 정리하는 편이 좋을 거예요.,놀러가서 고백해보세요. 마음이 정리될지도 모르겠네요.,2
KoBART B2 lr5e-5+warmup (06),전이학습,beam5+no_repeat_ngram3,첫 만남에 키스했는데 너무 빠른걸까?,서로의 의사가 존중된 것이라면 괜찮지만 사귀고 난 후가 좋겠어요.,자연스러운 현상이에요. 빠른 걸음을 걸으세요. 늦지 않았,2
KoBART B2 lr5e-5+warmup (06),전이학습,beam5+no_repeat_ngram3,필기하는거 힘들겠지,어깨 꾹꾹 해드리고 싶어요.,정정기간을 노려보세요. 힘들거예요. 그래도 이겨낼 수,0
KoBART B2 lr5e-5+warmup (06),전이학습,beam5+no_repeat_ngram3,우산 또 사야하나,다음에는 우산에 이름이랑 연락처를 적어보세요.,하늘을 우 웃어보세요. 기분이 바뀔거예요. 그러면 우산,0
KoBART B2 lr5e-5+warmup (06),전이학습,beam5+no_repeat_ngram3,일주일이 일년같다,많이 힘들었을 거라 생각해요.,생각보다 많은 시간이 지났네요. 힘내세요! 기운내세요,1
KoBART B2 lr5e-5+warmup (06),전이학습,beam5+no_repeat_ngram3,마음이 답답합니다.,바람이라도 쐬고 오는 건 어떨까요.,마음이 좀할 수 없겠네요. 차분히 생각을 해보세요.,1
KoBART B2 lr5e-5+warmup (06),전이학습,beam5+no_repeat_ngram3,완전히 끝났어~,마음이 허전하겠어요.,마음이 허전하신가봐요. 곧 기운 내실거예요.,1
KoBART B2 lr5e-5+warmup (06),전이학습,beam5+no_repeat_ngram3,모든게 다 끝났습니다,허전하시겠어요.,맘고생 많았어요. 다 잘 될거예요. 걱정하지 마,1
KoBART B2 lr5e-5+warmup (06),전이학습,beam5+no_repeat_ngram3,맛있는 냄새나,킁킁,냄새 맡고 맡기세요. 냄새 맡으세요. 냄새 맡고 싶네요.,0
KoBART B2 lr5e-5+warmup (06),전이학습,beam5+no_repeat_ngram3,내 편이라고는 하나도 없는 거 같아,제가 있잖아요.,편한 것도 나쁘지 않아요. 자신을 사랑해주세요. 미련이,0
KoBART B2 lr5e-5+warmup (06),전이학습,beam5+no_repeat_ngram3,커플여행이 나을까 그냥 우리끼리 갈까?,저는 둘이 가는 걸 좋아해요.,가는 곳과 같이 가는 사람에 따라 다르겠죠. 그렇지만 같이 가는 게,2
KoBART B2 lr5e-5+warmup (06),전이학습,beam5+no_repeat_ngram3,오늘은 뭐 먹을까?,맛있는 거 드세요.,냉장고 파먹기 해보세요. 맛있는 거 드셔보세요. 맛있는,0
KoBART B2 lr5e-5+warmup (06),전이학습,beam5+no_repeat_ngram3,오늘은 치맥이야,달리세요!,맥주병 같은 일이네요. 신경쓰지 마세요. 기운 내세요,0
KoBART B2 lr5e-5+warmup (06),전이학습,beam5+no_repeat_ngram3,외향적이면 좋을텐데,지금 성격도 좋아요.,외향적이면 외로울 것 같아요. 자신의 감정을 솔직하게,0
KoBART B2 lr5e-5+warmup (06),전이학습,beam5+no_repeat_ngram3,이 세상에서 내가 제일 불행해.,그럴리가요.,당신은 누구보다 그 자체로 가치가 있는 사람이에요. 자신의 가치관에 충실,2
KoBART B2 lr5e-5+warmup (06),전이학습,beam5+no_repeat_ngram3,아픈데 연락하기 싫어,제가 곁에 있을게요.,신경쓰지 마세요. 연락하세요. 눈에서 멀어집시,1
KoBART B2 lr5e-5+warmup (06),전이학습,beam5+no_repeat_ngram3,왜 이럴까,그럴 수도 있어요.,그럴 수 있죠. 차분히 생각해보세요. 알 수 있을 거예요.,1
KoBART B2 lr5e-5+warmup (06),전이학습,beam5+no_repeat_ngram3,운동화 새로 사야지,좋은 곳으로 갈 수 있도록 인도해줄 거예요.,좋은 곳으로 데려다 줄 거예요. 신경 써보세요. 좋은 선물이 될,0
KoBART B2 lr5e-5+warmup (06),전이학습,beam5+no_repeat_ngram3,연락하고 싶어지네.,연락해봐요.,후회하지 않길 바랄게요. 연락하고 진심을 전해보,2
KoBART B2 lr5e-5+warmup (06),전이학습,beam5+no_repeat_ngram3,좋아하는 사람이 너무 예뻐,내면을 더 들여다보세요.,멋진 사람이랑 사귀어서 좋겠네요. 칭찬해주고 싶네,2
KoBART B2 lr5e-5+warmup (06),전이학습,beam5+no_repeat_ngram3,헤어진지 한 달째,이제 좀 괜찮아졌길 바랍니다.,어느덧 2주가 흘렀나봐요. 금방 지나갈 거예요. 힘,1
KoBART B2 lr5e-5+warmup (06),전이학습,beam5+no_repeat_ngram3,변화가 없어,마음에 따라 얼마든지 바뀔 수 있어요.,변화가 필요 중요해요. 변화가 필요해요. 변화를 두려워하지 마세요.,0
KoBART B2 lr5e-5+warmup (06),전이학습,beam5+no_repeat_ngram3,나 사랑하니?,많이 사랑해요!,사랑하기 사람이니까요. 당연하죠. 그렇지만 조금 더 사랑해주세요.,0
KoBART B2 lr5e-5+warmup (06),전이학습,beam5+no_repeat_ngram3,그녀 생일,지금은 생생하겠지만 하나씩 잊으세요.,생일 축하네요. 축하해요! 어머님 생일 축하해,1
KoBART B2 lr5e-5+warmup (06),전이학습,beam5+no_repeat_ngram3,요즘 눈에 띄는 남자애,관심을 갖고 지켜보세요.,애석한가봐요. 눈치가 있길 바랄게요.,2
KoBART B2 lr5e-5+warmup (06),전이학습,beam5+no_repeat_ngram3,엄청 오래 만났어,매력있는 사람인가봐요.,오래 만났했나봐요. 더 좋은 사람 만나길 바랄게,0
KoBART B2 lr5e-5+warmup (06),전이학습,beam5+no_repeat_ngram3,나 이제 졸업해,졸업 축하해요,졸업 축하해요! 축하드려요. 곧 졸업하세요. 축하해,0
KoBART B2 lr5e-5+warmup (06),전이학습,beam5+no_repeat_ngram3,왜 이제서야 찾아온거야?,이렇게 고민하게 만들려고 그랬나봐요.,이제야 바랄게요. 기다려주세요. 기다릴게요. 이제,0
KoBART B2 lr5e-5+warmup (06),전이학습,beam5+no_repeat_ngram3,비 오기 시작하네,우산 준비하세요.,기우제를 지내봅시다! 비 맞았나봐요.,0
KoBART B2 lr5e-5+warmup (06),전이학습,beam5+no_repeat_ngram3,썸 타는 중인데 나 말고 다른 사람하고도 썸타는 것 같아.,좋은 사람이 아닌 것 같아요. 입장을 분명히 하는 것 좋아요.,사귀기 전에 두근거림을 좋아하나봐요. 신경쓰,2
KoBART B2 lr5e-5+warmup (06),전이학습,beam5+no_repeat_ngram3,면접 준비중이야,회사와 자신에 대해서 더 공부해서 자신감을 가져보세요.,잘할 수 있을 거예요. 조금만 더 견뎌보세요. 좋은 결과 있을,0
KoBART B2 lr5e-5+warmup (06),전이학습,beam5+no_repeat_ngram3,부모님 모실 수 있을까?,형편대로 하세요.,부모님들이 사정이 있을거예요. 이해하려고 노력해보세요. 당당하게,0
KoBART B2 lr5e-5+warmup (06),전이학습,beam5+no_repeat_ngram3,내일이면 헤어진지 2주 되네.,지금 힘들겠네요.,어느덧 2주가 흘렀나봐요. 곧 2주기가 올 거예요.,1
KoBART B2 lr5e-5+warmup (06),전이학습,beam5+no_repeat_ngram3,진짜 너무하네,잘 해결되길 바랄게요.,자책하지 마세요. 당신은 복받은 사람입니다. 용서하세요. 당신은,0
KoBART B2 lr5e-5+warmup (06),전이학습,beam5+no_repeat_ngram3,결국 유료 상담을 받고야 말았네,상담도 도움이 될 거예요.,상담을 받고보세요. 도움이 될 수도 있겠네요. 그렇지만 조금 더 상황을,1
KoBART B2 lr5e-5+warmup (06),전이학습,beam5+no_repeat_ngram3,그저 그런 하루,그런 하루도 감사한 마음을 가져보세요.,하루 하루를 헤아리는 건 자신을 더 힘들게 만들 뿐이에,0
KoBART B2 lr5e-5+warmup (06),전이학습,beam5+no_repeat_ngram3,회사에서 마음 놓고 말할 사람이 없어,회사에는 동료가 있을 뿐이에요.,회사에서 꼼수를 쓰는 건 아닌지 확인해보세요. 차분히,0
KoBART B2 lr5e-5+warmup (06),전이학습,beam5+no_repeat_ngram3,생각할 시간을 가지자는 그녀,마음의 준비를 해야 할지도 모르겠어요.,시간 가는 여유가 생기면 할 수 있어요. 차분히 생각해보세요.,1
KoBART B2 lr5e-5+warmup (06),전이학습,beam5+no_repeat_ngram3,취뽀하고 싶다,취직이나라뇨.,저도 해 싶네요. 도전해보고 싶은 마음이 굴뚝 같아요.,0
KoBART B2 lr5e-5+warmup (06),전이학습,beam5+no_repeat_ngram3,모태솔로라 잘 모르겠어 도와줘,모르는 게 당연해요.,솔직한 마음을 전해보세요. 좋은 결과가 있을 거예요. 칭찬해 주세요.,2
KoBART B2 lr5e-5+warmup (06),전이학습,beam5+no_repeat_ngram3,사랑하는 사람이 있는데 다른 사람이 신경쓰여,한눈 팔다가 후회합니다.,신경쓰일 수도 있어요. 신경쓰지 않는 연습을 해봐요.,2
KoBART B2 lr5e-5+warmup (06),전이학습,beam5+no_repeat_ngram3,방탈출 게임 갔다왔어.,성공했길 바랍니다.,방학이 참 짧죠. 재밌겠네요. 다음에 가면 되겠네,0
KoBART B2 lr5e-5+warmup (06),전이학습,beam5+no_repeat_ngram3,자다 깨다 해,자세가 불편한 건 아닌지 확인해보세요.,자세가하지 않아요. 눈을 깜빡거려 보세요. 기분이 바뀔,0
KoBART B2 lr5e-5+warmup (06),전이학습,beam5+no_repeat_ngram3,친구가 잘되니까 약 올라,친구가 아닌가봐요.,친구가 좋아봐요. 칭찬해주고 싶네요. 상처받지 마세요.,0
KoBART B2 lr5e-5+warmup (06),전이학습,beam5+no_repeat_ngram3,나 교직이수할 수 있을까?,학점 관리하세요.,잘할 수 있을 거예요. 조금만 더 버텨보세요. 가능해요.,0
KoBART B2 lr5e-5+warmup (06),전이학습,beam5+no_repeat_ngram3,머리가 너무 아프네,시원한 바람 쉬고 약먹기!,조금만 더 버텨보세요. 한결 몸이 가벼워질거예요.,0
KoBART B2 lr5e-5+warmup (06),전이학습,beam5+no_repeat_ngram3,오빠 최고라고 해주던 너,그립지만 지난 일이네요.,고마움을 마음을 전해보세요. 더 좋은 사람 만날 거예요. 따뜻하게 감싸,1
KoBART B2 lr5e-5+warmup (06),전이학습,beam5+no_repeat_ngram3,손가락이 예쁜 사람,로망이네요.,칭찬 감사네요. 눈부신 선물이네요. 칭찬해주세요.,0
KoBART B2 lr5e-5+warmup (06),전이학습,beam5+no_repeat_ngram3,너무 힘들다,지금 무슨 말을 해도 와닿지 않겠지만 잘 이겨낼 거라 믿어요.,조금만 더 버텨보세요. 한결 가벼워질거예요. 힘,1
KoBART B2 lr5e-5+warmup (06),전이학습,beam5+no_repeat_ngram3,여자로 태어 났으면 어땠을까?,항상 못해본 건 궁금하더라고요.,사람마다 다르겠지만 사춘기부터가 다를 것 같아요. 어,0
KoBART B2 lr5e-5+warmup (06),전이학습,beam5+no_repeat_ngram3,좋아하는 사람이 다른 여자랑 친해지는게 서운해.,충분히 서운할 만해요.,좋아하는 마음이 있으면 서운할 수도 있어요. 그렇지만 조금 더 상황을 지켜보세요.,2
KoBART B2 lr5e-5+warmup (06),전이학습,beam5+no_repeat_ngram3,명품 선물 부담스러울까,고가의 선물은 부담스러울 수도 있어요.,부담스러지 않은 선물이 좋아요. 차분히 생각해보세요.,0
KoBART B2 lr5e-5+warmup (06),전이학습,beam5+no_repeat_ngram3,불쑥 전여친한테 전화받으니 짜증나고 씁쓸하네,복잡한 심경인가봐요.,신경쓰이겠네요. 신경쓰지 마세요. 마음이 정리될,1
KoBART B2 lr5e-5+warmup (06),전이학습,beam5+no_repeat_ngram3,너무 힘이듭니다,억지로라도 긍정적인 감정을 끌어올려보세요.,조금만 더 버텨보세요. 힘이 될거예요. 힘내세요.,1
KoBART B2 lr5e-5+warmup (06),전이학습,beam5+no_repeat_ngram3,오늘도 집에만 있을 예정,집이 맘 편하기도 하잖아요.,집에서도 할 게 많아요. 차분히 생각해보세요. 힘내,1
KoBART B2 lr5e-5+warmup (06),전이학습,beam5+no_repeat_ngram3,기념일은 언제언제 챙겨?,내키는대로요.,기념일 챙겨주면 좋겠네요. 챙겨주세요. 챙겨드릴게요.,2
KoBART B2 lr5e-5+warmup (06),전이학습,beam5+no_repeat_ngram3,김치찌개 먹고 싶어,맛있죠!,생각만 해도 군침이 도네요. 김치찌개 끓여,0
KoBART B2 lr5e-5+warmup (06),전이학습,beam5+no_repeat_ngram3,이제 스스로 인정한 것 같아,현실 그대로를 받아들이는 것부터 시작이에요.,스스로 깨달해지길 바랄게요. 자책하지 마세요. 당신의,1
KoBART B2 lr5e-5+warmup (06),전이학습,beam5+no_repeat_ngram3,헤어진지 9일,헤어짐을 헤아리지 마세요.,헤어진 하루를 헤아리는 건 자신을 더 힘들게 만들 뿐,1
KoBART B2 lr5e-5+warmup (06),전이학습,beam5+no_repeat_ngram3,그사람도 이별을 준비 중인 걸까,그런 생각은 자신을 더 괴롭게 할 뿐이에요.,마음의 준비가 필요했을지도 몰라요. 마음의 준비를 해보는 건 어떨까,1
KoBART B2 lr5e-5+warmup (06),전이학습,beam5+no_repeat_ngram3,좋아 하는 애한태 고백하는 방법좀,먼저 용기내서 고백하는게 좋을 듯 싶습니다.,고백은 방법이에요. 용기를 내서 고백하세요. 용기내,2
KoBART B2 lr5e-5+warmup (06),전이학습,beam5+no_repeat_ngram3,헤어진지 두달됬네 벌써,생각보다 시간이 빠르게 흐르고 있나봅니다.,어느덧 2주가 흘렀나봐요. 아직 실감이 나지 않았,1
KoBART B2 lr5e-5+warmup (06),전이학습,beam5+no_repeat_ngram3,정신줄 어디 갔나,정신 차리세요.,어디에서 정신없이 바쁜가요. 정신없이 바쁘면 어디론가 가,0
KoBART B2 lr5e-5+warmup (06),전이학습,beam5+no_repeat_ngram3,남친이랑 뭐하고 놀지,얼굴 보고만 있어도 좋죠.,같이 놀자고 말해보세요. 마음이 정리될 거예요. 같이 놀아요.,2
KoBART B2 lr5e-5+warmup (06),전이학습,beam5+no_repeat_ngram3,미치도록 보고싶네.,견디기 힘들겠어요.,많이 지쳤나봐요. 기운 내길 바랄게요. 힘,1
KoBART B2 lr5e-5+warmup (06),전이학습,beam5+no_repeat_ngram3,중소기업인데 그냥 취직할까?,일하는 것 자체가 중요하죠.,취업에 성공할 수 있을 거예요. 창업이나 취직 준비하세요. 창업,0
KoBART B2 lr5e-5+warmup (06),전이학습,beam5+no_repeat_ngram3,친구랑 나랑 자꾸 비교하게 돼,비교하면 끝도 없어요.,비교하지 말고 자신을 더 사랑해주세요. 당당하게 말하세요. 자신을,0
KoBART B2 lr5e-5+warmup (06),전이학습,beam5+no_repeat_ngram3,엄마가 안 왔으면 좋겠어,엄마가 들으면 속상해 하시겠네요.,엄마가 들으면 속상할 거예요. 차분히 생각해보세요. 엄마가,0
KoBART B2 lr5e-5+warmup (06),전이학습,beam5+no_repeat_ngram3,뭐부터 바꿔야 할까,당신 그대로의 모습이 보기 좋아요.,바꿔야 게 없다면 바꾸지 않는 게 더 나을지도 몰라요.,0
KoBART B2 lr5e-5+warmup (06),전이학습,beam5+no_repeat_ngram3,불금이네,친구들 만나요!,불행을 생각은 하지 말아요. 신경쓰지 마세요. 마음이 편할,1
KoBART B2 lr5e-5+warmup (06),전이학습,beam5+no_repeat_ngram3,여자친구가 혼자 여행 가보고 싶다는데,같이 가는 여행도 좋지만 혼자 여행도 좋을 거예요.,같이 가가 더 좋을 것 같아요. 같이 가세요. 같이 가라고,0
KoBART B2 lr5e-5+warmup (06),전이학습,beam5+no_repeat_ngram3,오늘도 술 몇 잔 마시니 생각나네요.,술 한잔에 그리움이 사무치네요.,술 많이 웬수네요. 정신 차리세요. 기운 내길 바,1
KoBART B2 lr5e-5+warmup (06),전이학습,beam5+no_repeat_ngram3,정말 너무 궁금해,무엇이 궁금한가요.,저도 궁금 궁금해요. 물어보고 싶은걸 물어보세요. 대답해,1
KoBART B2 lr5e-5+warmup (06),전이학습,beam5+no_repeat_ngram3,젠장,이런.,언젠간 잊혀지길 바랄게요. 안녕히 주무세요.,1
KoBART B2 lr5e-5+warmup (06),전이학습,beam5+no_repeat_ngram3,헤어지지 열흘짼데 너무 힘드네,헤어지고 있는 중이시군요.,어느덧 2주가 흘렀나봐요. 아직 힘드신가,1
KoBART B2 lr5e-5+warmup (06),전이학습,beam5+no_repeat_ngram3,봄방학했어,부럽네요.,방학이 참 짧죠. 재밌겠네요. 어서 다녀오세요. 어,0
KoBART B2 lr5e-5+warmup (06),전이학습,beam5+no_repeat_ngram3,또 다시 이별입니다.,언젠간 찾아올 이별이에요.,또 다시이 이별은 없을 거예요. 다시 또 다시 시작하세요. 다시,1
KoBART B2 lr5e-5+warmup (06),전이학습,beam5+no_repeat_ngram3,여자친구가 돈을 안 써,부담된다고 살짝 말해보세요.,차용증 써보세요. 조금이라도 줄일 수 있을 거예요. 신경쓰지,2
KoBART B2 lr5e-5+warmup (06),전이학습,beam5+no_repeat_ngram3,아빠가 술 좀 끊었으면,사회생활로 힘드신가봐요.,아빠에게 술을 적당히 드시라고 말씀드려보세요. 술이,0
KoBART B2 lr5e-5+warmup (06),전이학습,beam5+no_repeat_ngram3,재밌는 거 뭐 없나,제가 있잖아요.,저랑 놀아요. 재밌나봐요. 저랑 이야기해요.,0
KoBART B2 lr5e-5+warmup (06),전이학습,beam5+no_repeat_ngram3,정장 한 벌 필요할 듯,사면 요긴하긴 할 거 같아요.,정리가 잘 되길 바랄게요. 한 번 더 기회를 주세요.,0
KoBART B2 lr5e-5+warmup (06),전이학습,beam5+no_repeat_ngram3,잘안되는군,모든 일이 뜻대로 되진 않나봐요.,잘 해결 있을 거예요. 조금만 더 힘내세요. 응원할게요. 힘,1
KoBART B2 lr5e-5+warmup (06),전이학습,beam5+no_repeat_ngram3,체육대회 싫어,재미 있는 종목을 찾아보세요.,체육대회 가기 싫은가봐요. 스트레칭을 해주세요. 기분 전환,0
KoBART B2 lr5e-5+warmup (06),전이학습,beam5+no_repeat_ngram3,내 번호를 따간 사람이 내 친구가 좋아하는 애야.,운명의 장난같네요.,번호를 확신이 있다면 연락해보세요. 마음이 편할지도 몰라요.,2
KoBART B2 lr5e-5+warmup (06),전이학습,beam5+no_repeat_ngram3,이유라는게 뭔지,알다가도 모를.,이유가 있을 거예요. 다른 이유가 생겼을지도 몰라요. 다른 이유를 찾아보,1
KoBART B2 lr5e-5+warmup (06),전이학습,beam5+no_repeat_ngram3,점심 때 은행 갔다와야지,볼 일이 있나봐요.,즐거운 시간 보내시길 바랄게요. 어디든 좋아요. 어디,0
KoBART B2 lr5e-5+warmup (06),전이학습,beam5+no_repeat_ngram3,덕수궁 돌담길 따라서 둘이 걸었어.,로맨틱하네요.,덕수궁 돌담길 따라 걸으세요. 예쁘게. 예쁘,0
KoBART B2 lr5e-5+warmup (06),전이학습,beam5+no_repeat_ngram3,사진 잘 찍고 싶어,많이 찍다보면 조금씩 실력이 늘거예요.,잘 찍 찍으세요. 저도 따라할 거예요. 같이 따라해보세요. 저도,0
KoBART B2 lr5e-5+warmup (06),전이학습,beam5+no_repeat_ngram3,어떻게 심쿵하게 하지?,평소 흘려 이야기했던 걸 기억해주고 생각하고 있다는 걸 알려주세요.,심호흡을 해보세요. 조금 정리가 될거예요. 뭐라고,2
KoBART B2 lr5e-5+warmup (06),전이학습,beam5+no_repeat_ngram3,조심조심,안전이 최고죠!,조심하해 주세요. 저도 따라 해드릴게요. 힘내세요.,0
KoBART B2 lr5e-5+warmup (06),전이학습,beam5+no_repeat_ngram3,술먹고 집앞에 찾아온남자,상대에게 휘둘려선 안 돼요.,술 한 웬수네요. 기운 내길 바랄게요. 술,1
KoBART B2 lr5e-5+warmup (06),전이학습,beam5+no_repeat_ngram3,커피가 너무 진해,달달한 시럽을 추가해보세요.,커피는 좋겠네요. 분위기 있네요. 커피 한 잔 마셔,0
KoBART B2 lr5e-5+warmup (06),전이학습,beam5+no_repeat_ngram3,우리집 망한 거 같애,철 들고 공부하세요.,망해도 번호를 확인해보세요. 생각이 정리될 거예요. 신경쓰지,0
KoBART B2 lr5e-5+warmup (06),전이학습,beam5+no_repeat_ngram3,열쇠 안가지고 왔다,깜빡 하셨나봐요.,열쇠는 가져가세요. 필요 없어요. 그냥 가져가면 돼요.,0
KoBART B2 lr5e-5+warmup (06),전이학습,beam5+no_repeat_ngram3,오지마,안갈거예요.,오지랖어요. 오지랖이 넓으신가봐요. 오지랖,0
KoBART B2 lr5e-5+warmup (06),전이학습,beam5+no_repeat_ngram3,공부 좀 더 할 걸,지금도 늦지 않았어요.,공부에 최우선이죠. 더 열심히 할 수 있을 거예요. 응원할게,0
KoBART B2 lr5e-5+warmup (06),전이학습,beam5+no_repeat_ngram3,내 의견 좀 존중해 줬으면,스스로도 존중해주세요.,서로의 생각에 대해 대화를 나눠보세요. 각자의 방식이 잘 맞을거예,0
KoBART B2 lr5e-5+warmup (06),전이학습,beam5+no_repeat_ngram3,친구랑 사랑하는 사람이 같아,사랑은 쟁취하는거예요.,친구 이상으로 의지할 수 있는 사람이 곁에 있다는 건 큰 행운일 거예요.,2
KoBART B2 lr5e-5+warmup (06),전이학습,beam5+no_repeat_ngram3,뭘 바꿔야 할까,당신 그대로의 모습이 보기 좋아요.,바꿔달라고 게 좋을 것 같아요. 천천히 바꿔보세요. 좋아질거,0
KoBART B2 lr5e-5+warmup (06),전이학습,beam5+no_repeat_ngram3,집 아예 샀어,내 집 마련 축하드려요.,내 집 한 걸음 더 다가갔네요. 어서 가보세요. 현,0
KoBART B2 lr5e-5+warmup (06),전이학습,beam5+no_repeat_ngram3,누군가를 짝사랑하게 되는게 두려워.,이제 짝사랑 말고 둘이서 하는 사랑하세요.,사랑하게 사람이니까요. 상처받지 않게 조심하세요. 상처받지 않는다면,2
KoBART B2 lr5e-5+warmup (06),전이학습,beam5+no_repeat_ngram3,아직 좋아하는데 헤어지자고 하는 경우 있어?,간혹 있더라고요.,미련이 생기기 마련이니까요. 그렇지만 조금 더 상황을 지켜보,2
KoBART B2 lr5e-5+warmup (06),전이학습,beam5+no_repeat_ngram3,정말. 정말 쉽지가 않네. 이럴 땐 어떡해야 할까,마음 가는 대로 하세요.,쉽지 않은 결정이었을거라 생각해요. 그렇지만 조금 더 상황을 지켜보세요.,1
KoBART B2 lr5e-5+warmup (06),전이학습,beam5+no_repeat_ngram3,학원 안가고 싶다.,부모님과 이야기해보세요.,학원을 관리해 보세요. 좋은 결과 있을 거예요. 부모님께 도움을 청,0
KoBART B2 lr5e-5+warmup (06),전이학습,beam5+no_repeat_ngram3,나만 갈궈,애정표현일 지도 몰라요.,부러워요! 라고 외쳐보세요. 기분이 바뀔거예요.,0
KoBART B2 lr5e-5+warmup (06),전이학습,beam5+no_repeat_ngram3,사랑해서 결혼하는 거지?,사랑하는 사람과 함께 있고 싶은 마음이 있으니까요.,사랑하기 사람이 다르니까요. 이해하려고 노력해보세요. 당당하게 말,2
KoBART B2 lr5e-5+warmup (06),전이학습,beam5+no_repeat_ngram3,고백,성공하길 바랄게요.,고백하세요. 용기내세요. 후련해질 거예요. 꼭 성공할 거예요.,2
KoBART B2 lr5e-5+warmup (06),전이학습,beam5+no_repeat_ngram3,이제 정리하려고 합니다.,맘 고생 많았어요.,잘 정리고 있길 바랄게요. 그럼 안녕히 주무세요.,1
KoBART B2 lr5e-5+warmup (06),전이학습,beam5+no_repeat_ngram3,돈 어디갔지,퍼가요~,어디에서 일하든 상관 없어요. 신경쓰지 마세요. 마음,0
KoBART B2 lr5e-5+warmup (06),전이학습,beam5+no_repeat_ngram3,코 막혀,감기 조심하세요.,코 감기일 수도 있어요. 눈꺼풀을 문질러 보,0
KoBART B2 lr5e-5+warmup (06),전이학습,beam5+no_repeat_ngram3,짝남과 자연스럽게 친해질 수 있는 방법 있을까?,공통 관심사를 찾아보세요.,공통 관심사를 찾아보세요. 자연스럽게 친해질 수 있을 거예요. 자연스럽게 다가가,2
KoBART B2 lr5e-5+warmup (06),전이학습,beam5+no_repeat_ngram3,다 잊었는줄 알았는데.,잊는 게 아니고 무덤덤해지는 것 같아요.,맘고생 많았어요. 다그치지 않아도 돼요. 미련은,1
KoBART B2 lr5e-5+warmup (06),전이학습,beam5+no_repeat_ngram3,맘 잡았다고 생각했는데,마음 잡기가 쉽지 않아요.,후회하지 않을 자신이 있다면 연락해보세요. 맘고생 많았어요. 맘,1
KoBART B2 lr5e-5+warmup (06),전이학습,beam5+no_repeat_ngram3,짝남 프사랑 비슷한거 하고 싶은데 해도 될까?,살짝 티내려는 거라면 찬성합니다.,짝사랑이 그렇게 만드나봐요. 신경쓰지 마세요.,2
KoBART B2 lr5e-5+warmup (06),전이학습,beam5+no_repeat_ngram3,차였지만 잊지못하고 있는 한 남자입니다.,그분에 대한 사랑이 깊었나봐요.,언젠간 잊혀질거라 믿어요. 잊지 말아요. 잊지 못할,1
KoBART B2 lr5e-5+warmup (06),전이학습,beam5+no_repeat_ngram3,정신차려야 하는거 아는데.,쉬운 일이 아니죠.,차근차근 이뤄보아요. 끝을 아는 것도 중요한 것,1
KoBART B2 lr5e-5+warmup (06),전이학습,beam5+no_repeat_ngram3,여친이 나를 안 좋아하는데 내가 붙잡고 있는 것 같아요.,충분한 대화를 나눈 후에 결정을 내리는게 좋겠네요.,신경쓰일 수도 있어요. 그렇지만 조금 더 상황을 지켜보세요. 마음이 정리될,2
KoBART B2 lr5e-5+warmup (06),전이학습,beam5+no_repeat_ngram3,여자인데 먼저 다가가도 돼?,성별은 중요하지 않아요.,먼저 다가가하는 게 좋을 것 같네요. 먼저 다가가세요. 자연스럽게 다가가,2
KoBART B2 lr5e-5+warmup (06),전이학습,beam5+no_repeat_ngram3,신혼 진짜 행복해,깨가 쏟아지고 있군요.,서로가 맞춰가 보세요. 서로가 서로를 알게 될거예요.,2
KoBART B2 lr5e-5+warmup (06),전이학습,beam5+no_repeat_ngram3,휴양지 가고 싶다,저도 쉬고 놀고 하고 싶어요.,푹 쉬고 오세요. 그리고 비행기표 예약하세요. 비행기,0
KoBART B2 lr5e-5+warmup (06),전이학습,beam5+no_repeat_ngram3,야식 먹을까 말까,가볍게 먹을 수 있는 걸 먹어보세요.,단짠으로 두 개 사는게 진리죠. 야근은 금,0
KoBART B2 lr5e-5+warmup (06),전이학습,beam5+no_repeat_ngram3,운동을 하는 남자가 좋아,뭐든 열심히 하는 사람은 좋아보여요.,운동을 해보보세요. 멋질 것 같네요. 같이 운동해보세요.,2
KoBART B2 lr5e-5+warmup (06),전이학습,beam5+no_repeat_ngram3,애인이 있는데 좋아하는 사람이 생겼어요.,마음으로 바람피는 거네요.,직접 물어보세요. 마음이 정리될지도 몰라요. 애석해요.,2
KoBART B2 lr5e-5+warmup (06),전이학습,beam5+no_repeat_ngram3,이별 후 3개월이 지났는데.,여전히 힘든가봅니다.,어느덧 2주가 지났나봐요. 아직 미련이 남아있나,1
KoBART B2 lr5e-5+warmup (06),전이학습,beam5+no_repeat_ngram3,전남친이 톡 차단했더라구,이별에 도움이 될지도 몰라요.,신경쓰이겠네요. 신경쓰지 마세요. 기분 전환 해보,1
KoBART B2 lr5e-5+warmup (06),전이학습,beam5+no_repeat_ngram3,오늘도 버티고 버팁니다,오늘도 해내고 해낸겁니다.,오늘도 잘 이겨낼 수 있을 거예요. 조금만 더 버텨요. 이겨낼,1
KoBART B2 lr5e-5+warmup (06),전이학습,beam5+no_repeat_ngram3,대출이 너무 많아,조금씩 갚아나가세요.,대출이 줄여보세요. 조금이라도 줄일 수 있을 거예요. 차근차근,0
KoBART B2 lr5e-5+warmup (06),전이학습,beam5+no_repeat_ngram3,주말이 참 힘들겠어,가족들과 근교로 여행가는 건 어떨까요.,주말이 힘들겠네요. 정신 차리세요. 기운 내길 바,1
KoBART B2 lr5e-5+warmup (06),전이학습,beam5+no_repeat_ngram3,긴시간이 흐른 후면 괜찮아지겠지,괜찮아질 거예요.,긴 시간 흐른 후 괜찮아지겠지요. 곧 괜찮아질 거예요.,1
KoBART B2 lr5e-5+warmup (06),전이학습,beam5+no_repeat_ngram3,오늘은 학교 가고 싶지 않아,학교 다닐 때가 좋은 거예요.,학교 다닐 때가 좋은 거예요. 학점 관리를 해봐요. 학점,0
KoBART B2 lr5e-5+warmup (06),전이학습,beam5+no_repeat_ngram3,맥주 한 잔 어때?,저랑 한 잔 해요.,분위기도 맛도 다 좋겠네요. 분위기 있길 바랄게,0
KoBART B2 lr5e-5+warmup (06),전이학습,beam5+no_repeat_ngram3,요즘 너무 고민이네,무슨 고민인지 말해주세요.,저랑 놀아요. 기분이 안 좋은가봐요. 정신 차리,1
KoBART B2 lr5e-5+warmup (06),전이학습,beam5+no_repeat_ngram3,환경 때문에 헤어진 여자친구,현실적인 문제가 중요할 때가 있죠.,자연스러운 현상이에요. 신경쓰지 마세요. 마음이 편안해질 거예요.,1
KoBART B2 lr5e-5+warmup (06),전이학습,beam5+no_repeat_ngram3,보고파,보고싶은신가봐요.,보고 싶은가봐요. 마음이 복잡한가봅니다. 어서 가보세요.,1
KoBART B2 lr5e-5+warmup (06),전이학습,beam5+no_repeat_ngram3,친구들이 사랑하니까 예뻐졌대,행복 바이러스에 감염되셨군요.,예뻐 예뻐요. 칭찬해 주세요. 사랑해요! 예,2
KoBART B2 lr5e-5+warmup (06),전이학습,beam5+no_repeat_ngram3,참아내지 못하고 전화를 했습니다.,이제 마음을 비우세요.,후회하지 않길 바랄게요. 용기내서 연락해보,1
KoBART B2 lr5e-5+warmup (06),전이학습,beam5+no_repeat_ngram3,한 번 보고 어떻게 판단하지,첫인상은 상대방을 바라봤을때 3초에 결정난데요.,후회하지 않을 자신이 있다면 연락해보세요. 마음이 편할거예요.,0
KoBART B2 lr5e-5+warmup (06),전이학습,beam5+no_repeat_ngram3,1년만에 다시헤어지게 됐네,헤어짐은 항상 힘들죠.,후회하지 않을 자신이 있다면 연락해보세요. 그리울거라 생각해요.,1
KoBART B2 lr5e-5+warmup (06),전이학습,beam5+no_repeat_ngram3,돈 벌어서 뭐하지,저 주세요.,저랑 놀아요. 저랑 밥 사세요. 저랑 수고,0
KoBART B2 lr5e-5+warmup (06),전이학습,beam5+no_repeat_ngram3,아무리 미친놈 욕을해도,그리워지나요.,미련이 남았나봐요. 용서하고 기회를 주세요. 미,1
KoBART B2 lr5e-5+warmup (06),전이학습,beam5+no_repeat_ngram3,나 어떡하나,무슨 일인지 말해주세요.,어흥 고기어도 좋을지 어장을 나가는게 좋을지 생각해보,1
KoBART B2 lr5e-5+warmup (06),전이학습,beam5+no_repeat_ngram3,이제 숨 좀 쉬나,충분히 극복할 수 있어요.,잠시 쉬 취해보세요. 기운 내길 바랄게요. 차분,1
KoBART B2 lr5e-5+warmup (06),전이학습,beam5+no_repeat_ngram3,친구가 소심해,더 신경써 주세요.,친구를 사귀어 보세요. 생각이 정리될 거예요. 칭찬해 주세요.,0
KoBART B2 lr5e-5+warmup (06),전이학습,beam5+no_repeat_ngram3,정규직 너무 쪼금 뽑아,쪼잔하네요.,잘할 수 있을 거예요. 조금만 참고 견뎌보세요. 좋은 결과 있을,0
KoBART B2 lr5e-5+warmup (06),전이학습,beam5+no_repeat_ngram3,서핑하러 가야지,좋은 취미네요.,바쁜가봐요. 서두르세요. 좋은 선물이 될거예,0
KoBART B2 lr5e-5+warmup (06),전이학습,beam5+no_repeat_ngram3,책 팔 수 있는 곳 알려줘?,중고서점에서 팔아보세요.,온전히 모두 마음에 드는 곳으로 가보세요. 마음에 드는 곳이 있을 거예요.,0
KoBART B2 lr5e-5+warmup (06),전이학습,beam5+no_repeat_ngram3,싸웠다,마음이 불편하겠어요.,싸우는 않아도 돼요. 기분 전환 해보세요. 힘들겠지만 이겨낼 수,1
KoBART B2 lr5e-5+warmup (06),전이학습,beam5+no_repeat_ngram3,적금 들어야 하나,적금 들 수 있으면 드는 게 좋죠.,적금 들 수 있을 거예요. 들어드릴게요. 받아보고 싶네,0
KoBART B2 lr5e-5+warmup (06),전이학습,beam5+no_repeat_ngram3,뭐라도 배워볼까,배움에는 언제나 찬성이에요.,배움에는 언제나 찬성이에요. 무엇이 부족한지 알아보세요.,0
KoBART B2 lr5e-5+warmup (06),전이학습,beam5+no_repeat_ngram3,괜찮은 줄 알았는데.,우리는 많이 모르고 살죠.,조금만 더 버텨보세요. 괜찮아질거예요. 힘내,1
KoBART B2 lr5e-5+warmup (06),전이학습,beam5+no_repeat_ngram3,사랑과 정 끊기 어렵네,사람이니까요.,정 끊 끊는게 쉽지 않죠. 상처받지 않게 조심하세요.,1
KoBART B2 lr5e-5+warmup (06),전이학습,beam5+no_repeat_ngram3,잊고싶어도 잊질못하네,함께한 시간이 있었으니까요.,언젠간 잊혀질거라 믿어요. 노력해보세요. 미련,1
KoBART B2 lr5e-5+warmup (06),전이학습,beam5+no_repeat_ngram3,5년간 사귀고 어제 헤어졌습니다.,힘든 결정이었을텐데 혼자만의 시간이 필요하겠어요.,힘들겠지만 잘 이겨낼거라 믿어요. 맘고생 많았어요.,1
KoBART B2 lr5e-5+warmup (06),전이학습,beam5+no_repeat_ngram3,너무 답답해 조언 좀 해줘,다른 생각을 해보세요.,네 말씀해주세요. 제가 도와드릴게요. 용기를 내서 도와드릴,1
KoBART B2 lr5e-5+warmup (06),전이학습,beam5+no_repeat_ngram3,무서운 꿈 꿨어,요즘 예민한가봐요.,꿈도 현실이랑 반대예요. 어서 꿈을 꾸세요. 저도 꿈,0
KoBART B2 lr5e-5+warmup (06),전이학습,beam5+no_repeat_ngram3,핸드폰 바꿀 때가 된듯,오래 쓰셨나봐요.,핸드폰은 핸드폰 가게에서 정리를 해야해요. 나중에 없애,0
KoBART B2 lr5e-5+warmup (06),전이학습,beam5+no_repeat_ngram3,헤어진지 한달 됐네,시간이 흐르는 것 처럼 마음도 흘러갈 거예요.,어느덧 2주가 흘렀나봐요. 금방 지나갈 거예요. 힘,1
KoBART B2 lr5e-5+warmup (06),전이학습,beam5+no_repeat_ngram3,이별후 한달.,이제 조금이라도 괜찮아졌길 바랍니다.,힘내 않아도 돼요. 차분히 생각하세요. 힘내세요.,1
KoBART B2 lr5e-5+warmup (06),전이학습,beam5+no_repeat_ngram3,썸탈때 여자가 먼저 연락하면 안돼?,여자 남자가 어딨나요.,부담스러워다면 먼저 연락하는 게 좋을 것 같습니다. 먼저 연락해보,2
KoBART B2 lr5e-5+warmup (06),전이학습,beam5+no_repeat_ngram3,체육대회한데,일기예보 확인해보세요.,즐거운 도전 보내시길 바라겠습니다.,0
KoBART B2 lr5e-5+warmup (06),전이학습,beam5+no_repeat_ngram3,짝사랑중인데 그 애는 저를 잘 알지 못하는데 연락을 하면 놀랠까요?,갑자기 연락하면 놀라겠죠.,그 애에게 연락을 취해보세요. 마음이 정리될지도 모르겠네요.,2
KoBART B2 lr5e-5+warmup (06),전이학습,beam5+no_repeat_ngram3,랜선 연애 어떻게 생각해?,얼굴을 안 보고 부딪히지도 않아서 제대로 된 연애가 가능하지 않을 수도 있지만 다 나쁜 건 아니에요.,랜선연애도 가능해요. 신경쓰지 말고 직접,2
KoBART B2 lr5e-5+warmup (06),전이학습,beam5+no_repeat_ngram3,짝남 그냥 연락 끊긴지 오래됐는데 연락하는 거 오바야?,후회하는 것 보단 연락하고 결정하는게 좋겠어요.,먼저 연락해보세요. 마음이 정리될지도 몰라요. 기다려보세요. 기다,2
KoBART B2 lr5e-5+warmup (06),전이학습,beam5+no_repeat_ngram3,술 먹는 거 말고 친구랑 뭐하지,아무것도 안해도 재밌을 거예요.,술 먹고 웬수네요. 정신차리세요. 그래도 이겨낼 수,0
KoBART B2 lr5e-5+warmup (06),전이학습,beam5+no_repeat_ngram3,클럽에서 만난 남자친구와 오래 갈 수 있을까?,어디에서 만난 건 상관없어요.,오래 갈 수 있어 좋겠네요. 같이 가세요. 같이 가요. 같이,2
KoBART B2 lr5e-5+warmup (06),전이학습,beam5+no_repeat_ngram3,왜 살까,살아있음 자체로 의미가 있으니까요.,살쪄보면 살릴 수 있을 거예요. 신경쓰면 안 돼요.,0
KoBART B2 lr5e-5+warmup (06),전이학습,beam5+no_repeat_ngram3,이사람 무슨 생각인걸까,알 수 없는게 사람 마음인가봐요.,직접 물어보세요. 생각이 정리될 거예요. 신경쓰지 않아도 돼요.,1
KoBART B2 lr5e-5+warmup (06),전이학습,beam5+no_repeat_ngram3,헤어진지 6개월,많은 시간이 흘렀네요.,어느덧 2주가 흘렀나봐요. 금방 지나갈 거예요. 힘,1
KoBART B2 lr5e-5+warmup (06),전이학습,beam5+no_repeat_ngram3,피자 식어서 왔어,그래도 맛있게 드세요.,맛있게 먹으면 영칼로리!스타일이네요. 어서 드,0
KoBART B2 lr5e-5+warmup (06),전이학습,beam5+no_repeat_ngram3,오늘도 힘들다,지금은 힘들겠지만 조금만 더 견뎌봐요.,조금만 더 버텨보세요. 한결 가벼워질거예요. 힘,1
KoBART B2 lr5e-5+warmup (06),전이학습,beam5+no_repeat_ngram3,앞머리 다시 길러볼까,다 예뻐요.,앞머리만이라도 길러보세요. 한결 예뻐질거예요.,0
KoBART B2 lr5e-5+warmup (06),전이학습,beam5+no_repeat_ngram3,엿같다.,벗어나는 게 좋겠네요.,마음이 헛헛한가봐요. 기운 내길 바랄게요.,0
KoBART B2 lr5e-5+warmup (06),전이학습,beam5+no_repeat_ngram3,내일 약속 있는데 날씨 좋았으면,날씨가 안 좋더라도 데이트는 성공적일 거예요.,날씨 어플에 물어보세요. 기분이 바뀔 수 있어요. 날씨 어플을 실행,0
KoBART B2 lr5e-5+warmup (06),전이학습,beam5+no_repeat_ngram3,짝남한테 게임 초대 톡 왔음.,게임 초대라니 서운하겠어요.,초대하고 싶어요. 분위기 있는 선물이 좋을 것 같아요. 분위기 있는,2
KoBART B2 lr5e-5+warmup (06),전이학습,beam5+no_repeat_ngram3,연락하는 게 익숙하지가 않아,하다보면 익숙해질거예요.,익숙해지지 않으니까요. 익숙해지면 익숙해질거예요.,0
KoBART B2 lr5e-5+warmup (06),전이학습,beam5+no_repeat_ngram3,좀 쉬면서 애기 키워야 할 듯,좋은 곳에서 일하시나봐요.,애기표현 하세요. 응원합니다! 힘내세요!,0
KoBART B2 lr5e-5+warmup (06),전이학습,beam5+no_repeat_ngram3,하늘을 날고 싶어,오래 살면 가능할 거 같아요.,하늘을 보고 웃어보세요. 기분이 바뀔거예요. 마음 가짐,0
KoBART B2 lr5e-5+warmup (06),전이학습,beam5+no_repeat_ngram3,이상형 알고싶다,주변 사람에게 물어보거나 직접 물어보세요.,이상형은 이상형뿐이 없어요. 차분히 생각해보세요.,2
KoBART B2 lr5e-5+warmup (06),전이학습,beam5+no_repeat_ngram3,사랑에 빠진 거 같아,행복해 보여요.,사랑에 나졌나봐요. 사랑에 나이는 중요하지 않아요. 단지,2
KoBART B2 lr5e-5+warmup (06),전이학습,beam5+no_repeat_ngram3,정말 너무 힘들어.,많이 힘들었죠.,조금만 더 버텨보세요. 충분히 극복할 수 있을 거예요. 조금만 더,1
KoBART B2 lr5e-5+warmup (06),전이학습,beam5+no_repeat_ngram3,근황이 궁금해,연락해보세요.,근황을 궁금해하시는지 직접 물어보세요. 근황이 궁금,2
KoBART B2 lr5e-5+warmup (06),전이학습,beam5+no_repeat_ngram3,사랑하는 사람 잊는 법,충분히 아파하면서 충분한 시간이 필요할 거예요.,사랑하는 사람과인가봐요. 꼭 사랑하는 사람이 있을거예요. 자신을 사랑,2
KoBART B2 lr5e-5+warmup (06),전이학습,beam5+no_repeat_ngram3,썸남 생겼는데 프사 뭐할까?,큰 의미를 두지 않아도 돼요.,직접 물어 물어보는 게 좋겠다고 말해보세요. 마음이 정리될 거예요.,2
KoBART B2 lr5e-5+warmup (06),전이학습,beam5+no_repeat_ngram3,썸남이 톡이 느려,저처럼 연락이 늦는 사람을 이해해 주세요.,사귀기 전 두근거림을 좋아하나봐요. 부드럽게,2
KoBART B2 lr5e-5+warmup (06),전이학습,beam5+no_repeat_ngram3,헤어진지 1달째 됐습니다.,금방 나아질 거예요.,어느덧 2주가 흘렀나봐요. 아직 실감이 나지 않고,1
KoBART B2 lr5e-5+warmup (06),전이학습,beam5+no_repeat_ngram3,결혼할 확신이 안선다고 헤어지자네,결혼에는 확신이 필요하죠.,확신이 없다면 만나지 않는 게 더 나을 수도 있어요. 그렇지만 슬,1
KoBART B2 lr5e-5+warmup (06),전이학습,beam5+no_repeat_ngram3,짝사랑은 안 이뤄지나봐.,이뤄질 수도 있답니다.,짝사랑이 그렇게 만드나봐요. 곧 사랑이 찾아올 거예요.,2
KoBART B2 lr5e-5+warmup (06),전이학습,beam5+no_repeat_ngram3,삼겹살에 소주,생각만 해도 군침이 도네요.,생각만 해도 군침이 도네요. 맛있게 드세요!,0
KoBART B2 lr5e-5+warmup (06),전이학습,beam5+no_repeat_ngram3,친구인데 고백해도 될까?,솔직한 마음으로 다가가보세요.,먼저 고백해보세요. 마음이 정리될 거예요. 용기를 내서 고백하세요.,2
KoBART B2 lr5e-5+warmup (06),전이학습,beam5+no_repeat_ngram3,말실수했다,상처가 될 수 있어요.,후회안 않을 자신이 있으면 하세요. 용기 내세요. 그러면 돼요.,0
KoBART B2 lr5e-5+warmup (06),전이학습,beam5+no_repeat_ngram3,관절염인가,계단 조심하세요.,스트레칭을 해보세요. 기운이 나겠네요. 기운 내세요. 기운,0
KoBART B2 lr5e-5+warmup (06),전이학습,beam5+no_repeat_ngram3,숨막히네,숨 쉴 수 있을 때가 올 거예요.,숨 쉴만 해요. 기운 내길 바랄게요. 차분,1
KoBART B2 lr5e-5+warmup (06),전이학습,beam5+no_repeat_ngram3,왜 이별하고 다들 왜 연락을 끊는건가??,아무런 감정 없이 연락을 지속할 수 없으니까요.,미련이 남았을 수도 있어요. 그렇지만 조금 더 상황을 지켜보세요. 미,1
KoBART B2 lr5e-5+warmup (06),전이학습,beam5+no_repeat_ngram3,왜 저를 좋게 기억해주는 걸까,많이 아껴주셨나봐요.,기억의 남을 남기기 위해서일 거예요. 최대한 호감을 표현해보세요.,1
KoBART B2 lr5e-5+warmup (06),전이학습,beam5+no_repeat_ngram3,첫눈,정말 이쁜 눈이 내려요.,눈을 감 마주쳐보세요. 이미 익숙해질 거예요. 눈을 비비세요.,1
KoBART B2 lr5e-5+warmup (06),전이학습,beam5+no_repeat_ngram3,이별한지 4개월째.,마음은 좀 정리 되어가길 바랍니다.,한동안은 힘들지도 몰라요. 마음의 정리를 해보는 건 어떨까,1
KoBART B2 lr5e-5+warmup (06),전이학습,beam5+no_repeat_ngram3,골프 못 치는데,처음부터 잘하는 사람은 없어요.,같이 골프아 놀아요. 같이 골프쳐요. 같이 가요. 같이,0
KoBART B2 lr5e-5+warmup (06),전이학습,beam5+no_repeat_ngram3,오늘 날씨 죽인다,나들이 가보세요.,감기 조심하세요. 기운 내요. 저랑 수고했어요.,0
KoBART B2 lr5e-5+warmup (06),전이학습,beam5+no_repeat_ngram3,미팅에서 번호 딴 애가 좋은데 뭐라고 연락을 할까?,잘 들어갔는지 가볍게 물어보면서 다음 약속을 잡아보세요.,연락은 번호를 확인해보세요. 마음이 정리될 때까지 기다려주세요.,2
KoBART B2 lr5e-5+warmup (06),전이학습,beam5+no_repeat_ngram3,내가미쳤지,당신을 탓하지 마세요.,힘내 않아도 돼요. 힘내세요. 당신을 응원합니다! 힘,1
KoBART B2 lr5e-5+warmup (06),전이학습,beam5+no_repeat_ngram3,짧다면 짧고 길다면 긴 일년간의 연애가 끝이났네,마음의 정리가 되었나요.,짧진 길지 않길 바랄게요. 짧지 않은 시간,1
KoBART B2 lr5e-5+warmup (06),전이학습,beam5+no_repeat_ngram3,오늘은 교회 안가면 안될까,왜 그럴까요?,안 가 교회냐고 물어보세요. 안 가는 게 좋을 것 같네,0
KoBART B2 lr5e-5+warmup (06),전이학습,beam5+no_repeat_ngram3,이러면 안되는 줄 알면서도,알면서도 잘 안되는게 사람 마음인가봐요.,알면서도도 모르는게 사람 마음이에요. 마음이 복잡한가봐요.,1
KoBART B2 lr5e-5+warmup (06),전이학습,beam5+no_repeat_ngram3,이젠 의미있는 시간을 만들어보려해,그동안 못했던 일들을 시작해보세요.,의미있는 일이에요. 시간을 정해서 말해보세요. 뜻대로 될,1
KoBART B2 lr5e-5+warmup (06),전이학습,beam5+no_repeat_ngram3,점심시간에 외출하면 안 되나,사생활이 지켜지지 않나봐요.,조심히 오세요. 피곤하겠네요. 정신 차리세요. 기운 내,0
KoBART B2 lr5e-5+warmup (06),전이학습,beam5+no_repeat_ngram3,잠 못자고 있네,그분의 생각으로 가득한가봅니다.,잠 못 드는 밤인가봐요. 피곤한가봐요. 기운 내,1
KoBART B2 lr5e-5+warmup (06),전이학습,beam5+no_repeat_ngram3,8년 연애끝의 이별.,공허함이 더 크시겠어요.,힘내 않아도 돼요. 힘들겠지만 힘내세요. 힘내길 바,1
KoBART B2 lr5e-5+warmup (06),전이학습,beam5+no_repeat_ngram3,남자친구가 나를 더 좋아하게 할 수 있는 방법,당신이 더 사랑을 표현해보세요.,확실한 의사표시를 할 수 있는 방법을 찾아보세요. 분명 좋아할,2
KoBART B2 lr5e-5+warmup (06),전이학습,beam5+no_repeat_ngram3,너도 고민 있어?,저는 고민이 없어요.,고민하고 있으면 그게 맞을거예요. 그러면 저는 위로해드,0
KoBART B2 lr5e-5+warmup (06),전이학습,beam5+no_repeat_ngram3,대학교에서 첫사랑 다시 만났어.,운명적인 만남이네요.,좋은 만남이었길 바라요. 다시 만나길 바랍니다. 다시 만나세요.,2
KoBART B2 lr5e-5+warmup (06),전이학습,beam5+no_repeat_ngram3,즉흥적인 여자친구가 고민임.,그게 매력이에요.,직접 물어보는 게 더 나을 수도 있어요. 그렇지만 조금 더 상황을 지켜보,2
KoBART B2 lr5e-5+warmup (06),전이학습,beam5+no_repeat_ngram3,여자친구가 더치페이를 안해.,데이트 통장에 대해 이야기해보세요.,페북 안되겠네요. 신경쓰지 마세요. 신경쓰,2
KoBART B2 lr5e-5+warmup (06),전이학습,beam5+no_repeat_ngram3,밉다 진짜,예뻐해 주세요.,당신도 그런 사람 만나지 마세요. 눈에서 멀어집시,0
KoBART B2 lr5e-5+warmup (06),전이학습,beam5+no_repeat_ngram3,귀가 윙윙거려,병원에 가세요.,킁킁거려보세요. 기분이 바뀔거예요. 킁,0
KoBART B2 lr5e-5+warmup (06),전이학습,beam5+no_repeat_ngram3,냄새 나면 어쩌지?,"깨끗이 씻어보고 섬유유연제나 바디워시, 바디로션, 향수 등을 사용해보세요.",깨끗하게 씻어보세요. 섬유유연제나 바디워,0
KoBART B2 lr5e-5+warmup (06),전이학습,beam5+no_repeat_ngram3,정신 차려야 하는데,시간이 걸릴 수도 있지만 괜찮아질 거예요. 다른 곳으로 관심을 돌려보는 건 어떨까요?,정신 차리세요. 기운을 차릴 수 있을 거예요. 차분히,1
KoBART B2 lr5e-5+warmup (06),전이학습,beam5+no_repeat_ngram3,오늘 야근인가,오늘도 고생이 많으시네요.,얼른 집에 가서 쉬시길 바랄게요. 피곤했나,0
KoBART B2 lr5e-5+warmup (06),전이학습,beam5+no_repeat_ngram3,짜증 수준이 되어버렸습니다,조금 지친걸까요.,짜증날 땐 짜장면 돼요. 기분 전환 해보세요. 기분,1
KoBART B2 lr5e-5+warmup (06),전이학습,beam5+no_repeat_ngram3,나 얘를 좋아하는 걸까?,있었던 일을 차분히 생각해봐요.,직접 물어보세요. 마음이 정리될지도 몰라요. 직접 물어보는건,2
KoBART B2 lr5e-5+warmup (06),전이학습,beam5+no_repeat_ngram3,사귄지 한달됐어,한창 달달할 때네요.,한달 동안 흘렀네요. 금방 지나갈거예요. 힘내,2
KoBART B2 lr5e-5+warmup (06),전이학습,beam5+no_repeat_ngram3,나 스마트폰 중독인가봐,가끔 핸드폰없이 살아보세요.,중독에서 되지 않길 바랄게요. 자책하지 마세요.,0
KoBART B2 lr5e-5+warmup (06),전이학습,beam5+no_repeat_ngram3,고백은 어떻게 하는거야,솔직한 마음으로 다가가는 거죠.,용기내서 고백해보세요. 마음이 정리될지도 몰라요. 그렇지만,2
KoBART B2 lr5e-5+warmup (06),전이학습,beam5+no_repeat_ngram3,세뱃돈 받았어 호호,아직 어린가봐요.,고마움을 마음을 전해 보세요. 다음에는 더 많이 받을거예요.,0
KoBART B2 lr5e-5+warmup (06),전이학습,beam5+no_repeat_ngram3,누군가를 좋아하는게 두려워.,좋아하는 감정을 느낀다는 자체가 참 행복한 거예요.,누가 좋아 사랑하는지는 중요하지 않아요. 신경쓰지 마세요. 마음이,2
KoBART B2 lr5e-5+warmup (06),전이학습,beam5+no_repeat_ngram3,너 때문이야,모두 제 잘못입니다.,저는 마음을 이어주는 위로봇입니다. 격려해주고 싶네요. 용기를,0
KoBART B2 lr5e-5+warmup (06),전이학습,beam5+no_repeat_ngram3,엄마 미안해,엄마한테 잘해야 돼요.,미안해하지 않아도 돼요. 차분히 기다려주세요. 기다리,0
KoBART B2 lr5e-5+warmup (06),전이학습,beam5+no_repeat_ngram3,썸녀한테 미련 남아,깨끗이 잊든 용기내든 실행에 옮겨 보세요.,미련이 남았나봐요. 미련을 버리세요.,2
KoBART B2 lr5e-5+warmup (06),전이학습,beam5+no_repeat_ngram3,단수,단수가 되었는지 문의해 보세요.,잘 생각뎌내고 있어요. 조금만 더 견뎌보세요. 힘내세요.,0
KoBART B2 lr5e-5+warmup (06),전이학습,beam5+no_repeat_ngram3,이렇게 진짜 끝인걸까.,인연이 거기까지인 가봐요.,언젠간 올 시기였을거라 믿어요. 끝을 아는 것도 중요,1
KoBART B2 lr5e-5+warmup (06),전이학습,beam5+no_repeat_ngram3,폰게임 때매 폰 느려지는듯,정리해보세요.,시간을 정해보세요. 생각이 정리될 거예요. 어서 충전하세요. 충전하,0
KoBART B2 lr5e-5+warmup (06),전이학습,beam5+no_repeat_ngram3,너한테 이글안보여줄거다 .,그렇게 해요.,마음의 짐을이 되어 주실거예요. 용기를 내서 말해주,1
KoBART B2 lr5e-5+warmup (06),전이학습,beam5+no_repeat_ngram3,여자친구 여신같아,부럽네요.,사람마다다 다르겠지요. 신경쓰지 마세요. 당당해지세요.,2
KoBART B2 lr5e-5+warmup (06),전이학습,beam5+no_repeat_ngram3,썸남이 춥다고 옷 잠궈주는데 설레.,다정한 사람이네요.,감기 조심하세요. 따뜻하게 입을 수 있을 거예요. 눈에서 멀,2
KoBART B2 lr5e-5+warmup (06),전이학습,beam5+no_repeat_ngram3,맘이 떠났다는게 맞는거 같아,마음 떠난 사람 잡기는 힘들어요.,마음이 떠난가봐요. 아니면 다른 생각을 해보세요. 마음이 복잡한가요?,1
KoBART B2 lr5e-5+warmup (06),전이학습,beam5+no_repeat_ngram3,조모임 왜 이케 많아,요즘은 팀워크가 더 중요해졌어요.,회원정보 찾기를 해보세요. 생각이 정리될지도 몰라요. 신경쓰,0
KoBART B2 lr5e-5+warmup (06),전이학습,beam5+no_repeat_ngram3,장난스러운 사이,재미있나봐요.,장난스러운 장난스러운 태도일 수도 있어요. 그렇지만 슬프네요. 장난,0
KoBART B2 lr5e-5+warmup (06),전이학습,beam5+no_repeat_ngram3,크리스마스에 뭐 하나,크리스마스에는 케빈과 함께.,크리스마이죠. 안녕히 가세요. 저랑 크리스마스트리,0
KoBART B2 lr5e-5+warmup (06),전이학습,beam5+no_repeat_ngram3,친구들이 짝남 별로라고 하는게 짜증나.,왜 별로라고 할까요. 기분 상했겠어요.,짝사랑이 그렇게 만드나봐요. 신경쓰지 마세요.,2
KoBART B2 lr5e-5+warmup (06),전이학습,beam5+no_repeat_ngram3,현실적 문제로 연애 포기해야할듯,잠시 쉬어도 괜찮아요.,연애에 대한 두려움을 버리세요. 연애도 사랑처럼 사라질,2
KoBART B2 lr5e-5+warmup (06),전이학습,beam5+no_repeat_ngram3,기숙사 사는거 어떨까?,혼자 사는 것보다 불편하겠죠.,기숙사 사는 거죠. 같이 사는 게 더 좋을 것 같아요. 같이,0
KoBART B2 lr5e-5+warmup (06),전이학습,beam5+no_repeat_ngram3,전화 왜 안 받지,바쁜일이 있나봐요.,연락두절돼서 걱정되겠네요. 조심히 하세요.,0
KoBART B2 lr5e-5+warmup (06),전이학습,beam5+no_repeat_ngram3,끝나면 좋을 줄 알았는데.,마음이 허전하신가봐요.,마음이 허전하신가봐요. 곧 좋은 소식이 들리려고 하는,0
KoBART B2 lr5e-5+warmup (06),전이학습,beam5+no_repeat_ngram3,서로 사랑하는데 불안해,믿음이 더 필요해 보이네요.,믿음이 않겠네요. 걱정하지 마세요. 믿어요. 믿어요. 걱정,2
KoBART B2 lr5e-5+warmup (06),전이학습,beam5+no_repeat_ngram3,어떤 영화 볼까,최신 영화가 좋을 것 같아요.,최신 영화 영화 많이 보세요. 좋을 것 같아요. 관심 가져보세요.,0
KoBART B2 lr5e-5+warmup (06),전이학습,beam5+no_repeat_ngram3,돈 굴리기,저도 좀 알려주세요.,돈 모아도 할 수 있는게 많아요. 차근차근 준비,0
KoBART B2 lr5e-5+warmup (06),전이학습,beam5+no_repeat_ngram3,나한테 할 말 있대 뭘까?,기대되겠네요.,하고 싶은 말 다하세요. 저한테 말해보세요. 마음이 정리될,0
KoBART B2 lr5e-5+warmup (06),전이학습,beam5+no_repeat_ngram3,좋아하는 사람 앞에서 성격이 이중적인데 정상인가요.,자연스러운 현상입니다.,사람마다 다릅니다. 신경쓰지 않는 연습을 해봐요.,2
KoBART B2 lr5e-5+warmup (06),전이학습,beam5+no_repeat_ngram3,방학이 있었으면.,잠시 쉬어가도 괜찮아요.,방학이 참 짧죠. 재밌겠네요. 어서 방학이 오길,0
KoBART B2 lr5e-5+warmup (06),전이학습,beam5+no_repeat_ngram3,결국엔 끝이라는 생각,쉽게 받아들여지진 않을거예요.,끝은 항상 사랑 받기 마련이니까요. 끝을 아는 것도 중요,1
KoBART B2 lr5e-5+warmup (06),전이학습,beam5+no_repeat_ngram3,전화하면서 잠들고 싶다.,낭만적이네요. 전화해보세요.,후회하지 않는다면 연락해보세요. 후회하지 않을 자신 있다면 연락하세요.,2
KoBART B2 lr5e-5+warmup (06),전이학습,beam5+no_repeat_ngram3,좋은 사람으로 남는다는것,어렵네요.,좋은 사람만 남았나봐요. 기억에서 지울 수 없는,1
KoBART B2 lr5e-5+warmup (06),전이학습,beam5+no_repeat_ngram3,남녀간의 소통의 중요성을 다시 한번 깨달았습니다.,서로 공감할 수 있는 이야기가 필요하죠,달라지는 게 없다면 만나지 않는 게 더 나을지도 몰라요.,2
KoBART B2 lr5e-5+warmup (06),전이학습,beam5+no_repeat_ngram3,게임 때문에 폰이 점점 느려지는듯,정리해보세요.,속도를 맞춰보세요. 조금 느리시겠네요. 기다려보세요.,0
KoBART B2 lr5e-5+warmup (06),전이학습,beam5+no_repeat_ngram3,연락이 없네,이별의 끝일지도 몰라요.,저랑 연락해 보세요. 마음이 정리될 거예요. 저한테 기대세요.,1
KoBART B2 lr5e-5+warmup (06),전이학습,beam5+no_repeat_ngram3,화장 잘 하고 싶다,하다보면 늘어요.,각질제거 먼저 하세요. 그리고 깨끗하게 하고 오세요. 그리고,0
KoBART B2 lr5e-5+warmup (06),전이학습,beam5+no_repeat_ngram3,수염 자르는 게 낫겠지,깔끔하게 정리해보세요.,깨끗하게 치워주세요. 그리고 염색을 해보세요. 미스트를,0
KoBART B2 lr5e-5+warmup (06),전이학습,beam5+no_repeat_ngram3,오늘 짝남이 썸녀 생긴거 알게 돼서 술 좀 마셨어요.,속이 답답하겠어요.,술 마시 웬수네요. 기분전환을 해봐요. 술 취해,2
KoBART B2 lr5e-5+warmup (06),전이학습,beam5+no_repeat_ngram3,버스 정류장에서 기다리던 사람,멋있네요.,기다리는 전화가 있나봐요. 기다릴게요. 차분하고 차,0
KoBART B2 lr5e-5+warmup (06),전이학습,beam5+no_repeat_ngram3,미세먼지 때문에 짜증나,마스크 쓰고 나가세요.,마스크 쓰고 나가세요. 기분 전환 해보세요. 한결 한결 가벼워질,0
KoBART B2 lr5e-5+warmup (06),전이학습,beam5+no_repeat_ngram3,점심 메뉴 좀 골라줘,누구랑 먹는 냐에 따라 다르겠죠.,맛있는 거 드세요. 그리고 맛있는 안주랑 드셔보세요. 그리고,0
KoBART B2 lr5e-5+warmup (06),전이학습,beam5+no_repeat_ngram3,친구들이랑 맛집 가고 싶어,조금씩 더 행복해 질거 같아요,맛있게 걸어도 돼요. 얼른 가세요. 같이 가세요. 맛있는,0
KoBART B2 lr5e-5+warmup (06),전이학습,beam5+no_repeat_ngram3,만족해야겠지?,내가 있는 곳 그 자리에서 만족하는 것이 중요해요.,만족하면 발전이 없으니까요. 다른 것에 신경쓰지 마세요.,0
KoBART B2 lr5e-5+warmup (06),전이학습,beam5+no_repeat_ngram3,영화 보자는데 나한테 관심 있나?,영화 보고 나서 고민해도 안 늦어요.,직접 물어보는 게 좋을 것 같네요. 관심있는 영화 보세요.,2
KoBART B2 lr5e-5+warmup (06),전이학습,beam5+no_repeat_ngram3,초콜릿 선물하면 좋아할까?,좋아할거예요.,초콜릿 선물해도 좋을 것 같아요. 분위기 있는 선물이 좋아요.,0
KoBART B2 lr5e-5+warmup (06),전이학습,beam5+no_repeat_ngram3,일본어 어렵네,저도 참 힘들어요.,쉬운 일이 아니긴 해요. 그렇지만 조금 더 상황을 지켜보세요. 조금 더,0
KoBART B2 lr5e-5+warmup (06),전이학습,beam5+no_repeat_ngram3,왜 이렇게 태어났을까?,서로 다르게 태어난 이유는 저마다의 목소리를 내기 위해서예요. 자신의 목소리를 들어주세요.,사랑 받기 태어난 이유는 저마다의 목소리를 내기 위해서예요. 자신의 목소리를,0
KoBART B2 lr5e-5+warmup (06),전이학습,beam5+no_repeat_ngram3,너무 외로워,외로우니까 사람이다.,외롭 상태일 수도 있어요. 그렇지만 조금 더 상황을 지켜보세요. 조금 더,0
KoBART B2 lr5e-5+warmup (06),전이학습,beam5+no_repeat_ngram3,짝사랑 하는 사람이 날 좋아할리는 없겠지?,나를 비하하지 마세요.,확실한 사실표시를 하는게 좋겠네요. 그렇지만 확실한 의사표시를,2
KoBART B2 lr5e-5+warmup (06),전이학습,beam5+no_repeat_ngram3,연상녀랑 어제 헤어졋네,정신이 없겠네요.,생각보다 많은 시간이 지났네요. 기운 내길 바랄게요.,1
KoBART B2 lr5e-5+warmup (06),전이학습,beam5+no_repeat_ngram3,여자친구가 돈이 너무 없어.,조금씩 함께 해도 좋을 것 같아요.,돈 없어도 할 수 있는 게 많아요. 신경쓰지 마세요.,2
KoBART B2 lr5e-5+warmup (06),전이학습,beam5+no_repeat_ngram3,쉬마려,화장실 가세요.,잠깐 쉬 쐬고 오세요. 기운 내길 바랄게요.,0
KoBART B2 lr5e-5+warmup (06),전이학습,beam5+no_repeat_ngram3,불금입니다,자신만의 시간을 가져봐요.,좋은 생각 하셨네요. 축하드려요. 기분이 좀 나아졌길 바랍,1
KoBART B2 lr5e-5+warmup (06),전이학습,beam5+no_repeat_ngram3,어떻게 벌주어야 할까.,그대로 돌아올지도 몰라요. 그저 무시하세요.,벌어서 돼요. 같이 벌면 돼요. 어디든 같이 가요.,1
KoBART B2 lr5e-5+warmup (06),전이학습,beam5+no_repeat_ngram3,무언가에 집중하는 남자가 좋아,매력적인 사람이지요.,무언가에 집중할 수 있으면 좋으련만. 집중하세요.,2
KoBART B2 lr5e-5+warmup (06),전이학습,beam5+no_repeat_ngram3,좋은이별은 어떤건가,좋은 이별은 없다고 생각해요.,안 좋은거라 생각해요. 신경쓰지 않는건 어떨까요.,1
KoBART B2 lr5e-5+warmup (06),전이학습,beam5+no_repeat_ngram3,내 마음에 마지막 인사,마음이랑 잘 인사해요.,후회하지 않을 자신이 있다면 연락해보세요. 마음 단단히 다독여,1
KoBART B2 lr5e-5+warmup (06),전이학습,beam5+no_repeat_ngram3,올해 왜 이러지,내년이라고 별 수 있겠어요.,사주를 한번 봐봐요. 기분이 바뀔지도 몰라요. 곧 좋은 소식이,0
KoBART B2 lr5e-5+warmup (06),전이학습,beam5+no_repeat_ngram3,안주 추천 좀,살 안 찌는 게 좋을 것 같아요.,많이 지쳤나봐요. 곧 나아질거예요. 걱정마,0
KoBART B2 lr5e-5+warmup (06),전이학습,beam5+no_repeat_ngram3,남자친구 또 운동 갔어,운동을 함께 해보세요.,주기적으로 해주는 게 좋죠. 같이 가세요. 같이 가요. 같이 가,0
KoBART B2 lr5e-5+warmup (06),전이학습,beam5+no_repeat_ngram3,혈액형이 성격이랑 무슨 상관이지,상관 없는 거 같아요.,성격은 상관 없어요. 신경쓰지 마세요. 신경 쓰지 마세요.,2
KoBART B2 lr5e-5+warmup (06),전이학습,beam5+no_repeat_ngram3,이제는 너를 보낼 시간이 가까이 오는구나.,이별을 받아들이는 것도 중요해요.,시간이 좀 걸리겠지만 해낼 수 있어요. 자신을 믿어보세요.,1
KoBART B2 lr5e-5+warmup (06),전이학습,beam5+no_repeat_ngram3,사전이 이상해,사전도 사람이 만드니까 이해해주세요.,사전도 사람이 가장 중요하니까요. 이해하려고 노력해보세요. 당신의 인,0
KoBART B2 lr5e-5+warmup (06),전이학습,beam5+no_repeat_ngram3,친척들 만나는 거 불편해,서로를 조금만 생각해 주면 만남이 즐거울 텐데 말이예요.,만나지 안 만나는 게 서로에게 불편함을 줘서 그런 것 같아,0
KoBART B2 lr5e-5+warmup (06),전이학습,beam5+no_repeat_ngram3,아 놔 생리통,힘들겠어요.,감기 조심하세요. 기운 내세요! 기도하세요. 기도하,0
KoBART B2 lr5e-5+warmup (06),전이학습,beam5+no_repeat_ngram3,거의 매일 술,술 많이 드시면 더 무너져요.,술 취해 웬수네요. 기운 내길 바랄게요. 술,1
KoBART B2 lr5e-5+warmup (06),전이학습,beam5+no_repeat_ngram3,노트북 안돼,그럴때는 초기화하는게 속시원해요.,노트북은 비싸요. 한번 충전해 보세요. 도움이 될거예요.,0
KoBART B2 lr5e-5+warmup (06),전이학습,beam5+no_repeat_ngram3,오늘은 노래한 곡에 또 울컥 ㅠ,힘들 때 슬픈 노래는 우리를 잠식시키는 것 같아요.,슬픈 가곡이네요. 울어도 돼요. 힘내세요!,1
KoBART B2 lr5e-5+warmup (06),전이학습,beam5+no_repeat_ngram3,낚시 안 해봤는데 재미있어 보인다,도전해 봐도 좋을 거 같아요.,저도 해 싶네요. 같이 가요. 같이 가는 건 어떨까요?,0
KoBART B2 lr5e-5+warmup (06),전이학습,beam5+no_repeat_ngram3,왜 갑자기 연락했을까?,이렇게 고민하게 만들려고 그랬나봐요.,미련이 남았을 수도 있어요. 그렇지만 조금 더 상황을 지켜보세요. 미,0
KoBART B2 lr5e-5+warmup (06),전이학습,beam5+no_repeat_ngram3,이 길이 나에게 맞는걸까,잘 가고 있을 거예요.,길이 맞는 맞는 걸 찾아보세요. 생각이 정리될지도 몰라요. 그래도,0
KoBART B2 lr5e-5+warmup (06),전이학습,beam5+no_repeat_ngram3,남자 어디서 만나,소개팅 시켜달라고 말해보세요.,만나지 마세요. 기다리고 있을게요. 만나지 못해 아쉽겠네,0
KoBART B2 lr5e-5+warmup (06),전이학습,beam5+no_repeat_ngram3,남자친구가 너무 국밥류만 좋아해.,다양하게 먹자고 해보세요.,좋아하는 걸로 있는 거 같아요. 맛있게 드세요. 분위기 있는 걸로 사,2
KoBART B2 lr5e-5+warmup (06),전이학습,beam5+no_repeat_ngram3,친구들이 나만 왕따시키는 거 같아,선생님께 도움을 청해보세요.,친구들 왕따 시키지 마세요. 무시하세요. 상처받지 마,0
KoBART B2 lr5e-5+warmup (06),전이학습,beam5+no_repeat_ngram3,공부하는 이유?,공부하면 더 많은 선택을 할 수 있죠.,공부는 뭐든 좋아요. 관심사에 대한 생각을 정리해 보세요. 흥미를,0
KoBART B2 lr5e-5+warmup (06),전이학습,beam5+no_repeat_ngram3,미래를 함께할 반려자인지 확신이 아직 없어,확신이 들때까지 기다려보세요.,미래를 함께할 수 있는 사람이 곁에 있다는 건 큰 행운일 거예요. 함께,2
KoBART B2 lr5e-5+warmup (06),전이학습,beam5+no_repeat_ngram3,정리 불가,차근차근 해보세요.,쉽지 않을 결정이었을텐데 맘고생 많았어요. 차분히,0
KoBART B2 lr5e-5+warmup (06),전이학습,beam5+no_repeat_ngram3,금수저로 태어났으면 좋았을텐데,아이를 금수저로 만들어주세요.,금수저로 태어났으면 더 좋았을텐데 안타깝네요.,0
KoBART B2 lr5e-5+warmup (06),전이학습,beam5+no_repeat_ngram3,짝남이랑 카톡이 끊겼는데 어떻게 더 연락할까?,연락할 핑계를 찾아보세요.,먼저 연락해보세요. 마음이 정리될지도 몰라요. 더 신경쓰지,2
KoBART B2 lr5e-5+warmup (06),전이학습,beam5+no_repeat_ngram3,샌드위치 생각 나,애그 샌드위치 추천합니다.,샌드 샌드위치 추천해드리고 싶네요. 기분,0
KoBART B2 lr5e-5+warmup (06),전이학습,beam5+no_repeat_ngram3,딱 오늘 새벽 헤어졌습니다.,달 어스름에 더 울적하겠어요.,내일도 더 힘들거예요. 힘내세요. 미련없이.,1
KoBART B2 lr5e-5+warmup (06),전이학습,beam5+no_repeat_ngram3,감기 들 거 같애,이럴 때 잘 쉬는 게 중요해요.,병원가보세요. 증상이 호전될 거예요. 약을 드셔보세요.,0
KoBART B2 lr5e-5+warmup (06),전이학습,beam5+no_repeat_ngram3,남자친구 카톡 말투가 마음에 안 들어.,마음에 안 드는 부분을 직접 말해보세요.,말투투가 안 맞나봐요. 신경쓰지 마세요.,2
KoBART B2 lr5e-5+warmup (06),전이학습,beam5+no_repeat_ngram3,사람들이 그런 말 하더군,사람들의 말은 한 귀로 듣고 한 귀로 흘리세요.,제게 들어드릴게요. 저에게 말해보세요. 마음이 정리될,1
KoBART B2 lr5e-5+warmup (06),전이학습,beam5+no_repeat_ngram3,오늘 물 진짜 조금 마셨다,습관을 들여보세요.,저도 마 싶네요. 기운 내길 바랄게요. 저랑,0
KoBART B2 lr5e-5+warmup (06),전이학습,beam5+no_repeat_ngram3,나를 좋아하는건 바라지도 않아요.,슬픈 말이에요.,그게 최선의 선택일지도 몰라요. 차분히 생각해보세요. 마음이,2
KoBART B2 lr5e-5+warmup (06),전이학습,beam5+no_repeat_ngram3,습관 못 고치겠어,실패해도 조금씩 고치려고 해보세요.,고치기 어려우니까 습관이라고 하겠죠. 습관이라고 생각하세요.,0
KoBART B2 lr5e-5+warmup (06),전이학습,beam5+no_repeat_ngram3,결혼하고 나서 애 낳기 싫어졌어,둘이 알콩달콩 잘 살면 되죠.,애정표현일 수도 있어요. 그렇지만 신중하게 생각해보세요. 당당,2
KoBART B2 lr5e-5+warmup (06),전이학습,beam5+no_repeat_ngram3,보고싶어 잠이 안와,그분 생각으로 가득찼나봐요.,피곤한나봐요. 정신 차리세요. 기운 내길 바랄,1
KoBART B2 lr5e-5+warmup (06),전이학습,beam5+no_repeat_ngram3,짝남이 고시생이면 기다려야 하나요?,기다릴 수 있다면 기다리세요.,기다릴 필요는 없어요. 신경쓰지 않는 연습을 해봐요.,2
KoBART B2 lr5e-5+warmup (06),전이학습,beam5+no_repeat_ngram3,짜증나서 집 나왔어,마음이 복잡하겠네요.,짜증날 때는 기분 푸는 음악 어때요? 차분히,0
KoBART B2 lr5e-5+warmup (06),전이학습,beam5+no_repeat_ngram3,재회를 위한 기다림,가만히 있는다고 달라지는 건 없을 거예요.,달라지는 게 없다면 만나지 않는 게 더 나을지도 몰라요.,1
KoBART B2 lr5e-5+warmup (06),전이학습,beam5+no_repeat_ngram3,피곤해서 못일어나겠어,충전하는 시간 그 자체로 소중합니다.,피곤한나봐요. 곧 나아질거예요. 기운 내길,0
KoBART B2 lr5e-5+warmup (06),전이학습,beam5+no_repeat_ngram3,서로가 원치 않았던 이별,누군가의 반대로 헤어졌나봐요.,이별을 받아들이는 것도 중요해요. 상처가 크시겠지만 원,1
KoBART B2 lr5e-5+warmup (06),전이학습,beam5+no_repeat_ngram3,사랑은 주고 받는 거지?,사랑은 한 없이 줘도 아깝지 않은거라고 생각해요.,사랑은 주고 주고 받는 게 아니라 주고 받고 싶은 대로 주고 받고 받는 거예요.,2
KoBART B2 lr5e-5+warmup (06),전이학습,beam5+no_repeat_ngram3,모르는 사람 만나는거 너무 스트레스야,자신과 마음이 맞는 좋은 사람 만나세요.,상대방에 대한 예의가 없네요. 용서하고 기회를 주세요. 자신을,0
KoBART B2 lr5e-5+warmup (06),전이학습,beam5+no_repeat_ngram3,삼겹살 구워 먹어야지,맛있겠네요.,맛있게 끓여드세요. 어장 맛있겠네요. 어장,0
KoBART B2 lr5e-5+warmup (06),전이학습,beam5+no_repeat_ngram3,방학 끝나서 좋아,친구들이 보고싶었나봐요.,방학이 참 짧죠. 재밌겠어요. 학점 관리를 열심히 해봐,0
KoBART B2 lr5e-5+warmup (06),전이학습,beam5+no_repeat_ngram3,5년 만났는데 매일 보고 싶어,좋아보이네요.,후회하지 않을 자신이 있다면 연락해보세요. 그리울거라 생각해요.,2
KoBART B2 lr5e-5+warmup (06),전이학습,beam5+no_repeat_ngram3,짝녀 오랫동안 멀리서 지켜보기만 하고 있습니다.,뒤에서만 지켜보는게 힘들었겠어요.,멀리서서 지켜보는 건 어떨까요. 저한테 기대세요. 저,2
KoBART B2 lr5e-5+warmup (06),전이학습,beam5+no_repeat_ngram3,다들 아니라는 남자.,왜 아니라고 하는지 살펴보세요.,사람 마음은 알다가도 모르나봐요. 신경쓰지 마세요.,1
KoBART B2 lr5e-5+warmup (06),전이학습,beam5+no_repeat_ngram3,애완동물 키우고 싶은데 아빠가 키우지 말래,이유가 있을 거예요.,애완표현일 거예요. 걱정하지마세요. 당당하게 말하,0
KoBART B2 lr5e-5+warmup (06),전이학습,beam5+no_repeat_ngram3,격려가 필요해.,잘하실 거예요!,제가 들어드릴게요. 격려해 드릴게요. 응원할게요.,0
KoBART B2 lr5e-5+warmup (06),전이학습,beam5+no_repeat_ngram3,참견 좀 하지마,저는 도움이 되고 싶어요.,참견찮은 사람이네요. 차분히 생각해보세요. 차,0
KoBART B2 lr5e-5+warmup (06),전이학습,beam5+no_repeat_ngram3,결혼 해도 되는지 고민돼,결혼은 인생에서 중요해서 항상 고민이 되죠.,같이 살해보면 돼요. 같이 하는 게 더 좋을 것 같아요.,2
KoBART B2 lr5e-5+warmup (06),전이학습,beam5+no_repeat_ngram3,단거 땡긴다.,맛있게 먹으면 0칼로리!,부지런하시네요. 어서 치과 가보세요. 잘 다녀오,0
KoBART B2 lr5e-5+warmup (06),전이학습,beam5+no_repeat_ngram3,어떡하지,어떡하면 좋을까요.,어흥!! 호랑이보다 무섭네요. 어흥. 어흥,1
KoBART B2 lr5e-5+warmup (06),전이학습,beam5+no_repeat_ngram3,흰머리 나,뽑지말고 염색을 해보세요.,머리랑 가슴이 가끔 따로 놀죠. 자책하지 마세요. 눈은,0
KoBART B2 lr5e-5+warmup (06),전이학습,beam5+no_repeat_ngram3,처음에 카톡 뭐라 보내지,잘지내는지 안부를 물어봐요.,카톡 안 보내지 마요. 연락해 보세요. 마음이 정리될,0
KoBART B2 lr5e-5+warmup (06),전이학습,beam5+no_repeat_ngram3,면접 준비 어떻게 하지,회사와 자신에 대해서 더 공부해서 자신감을 가져보세요.,잘할 수 있을 거예요. 조금만 더 견뎌보세요. 좋은 결과 있을,0
KoBART B2 lr5e-5+warmup (06),전이학습,beam5+no_repeat_ngram3,편의점 간식 먹어야지,간단하고 좋죠.,꼬박꼬박 챙겨 드세요. 맛있게 드세요. 영칼로,0
KoBART B2 lr5e-5+warmup (06),전이학습,beam5+no_repeat_ngram3,선생님이 나만 미워해,직접 여쭤보세요.,선생님도 상처받으셨겠네요. 용서하고 기회를 주세요.,0
KoBART B2 lr5e-5+warmup (06),전이학습,beam5+no_repeat_ngram3,나 버림 받은 거 같아,아닐거예요.,상처 받으셨겠어요. 용서하고 보듬어주세요. 힘내,0
KoBART B2 lr5e-5+warmup (06),전이학습,beam5+no_repeat_ngram3,나만의 시간이 필요한 것 같아,자신과 대화하는 시간이 필요하죠.,시간 가는 여유가 생겨서 그런가봐요. 여유를 가져보세요.,0
KoBART B2 lr5e-5+warmup (06),전이학습,beam5+no_repeat_ngram3,썸인데 영화보재 뭐 보지?,공포영화나 액션은 어떨까요? 스킨십으로 이어질 수도 있어요.,영화보이트가 좋겠네요. 글쎄요. 안 본 게 좋을,2
KoBART B2 lr5e-5+warmup (06),전이학습,beam5+no_repeat_ngram3,갑자기 심장이 덜컹.,당황했나요?,심호 변화가 있었을지도 모르겠네요. 걱정하지마세요. 아무렇,1
KoBART B2 lr5e-5+warmup (06),전이학습,beam5+no_repeat_ngram3,사랑의 기준은 뭘까,사랑의 척도는 없어요.,사랑의 기준은 무엇일까요. 자신의 가치관에 따라 다를 것 같아,1
KoBART B2 lr5e-5+warmup (06),전이학습,beam5+no_repeat_ngram3,화를 한 번 내는게 나을텐데,화 내는 연습을 해보세요.,화를 참는 연습을 해보세요. 생각이 정리될지도 몰라요. 더,0
KoBART B2 lr5e-5+warmup (06),전이학습,beam5+no_repeat_ngram3,결혼하면 행복해질까?,사람마다 행복의 크기가 다르겠지만 행복할 거예요.,행복은 마음 가짐에 있어요. 자신만 행복하면 돼요. 행복,0
KoBART B2 lr5e-5+warmup (06),전이학습,beam5+no_repeat_ngram3,눈 많이 왔어,눈사람 만들어보세요.,눈 내리는게 싫은가봐요. 어서 치과 가보세요.,0
KoBART B2 lr5e-5+warmup (06),전이학습,beam5+no_repeat_ngram3,눈이 계속 뻑뻑해,인공눈물을 넣어보세요.,눈을 깜빡거려보세요. 기분이 바뀔거예요. 눈을 깜,0
KoBART B2 lr5e-5+warmup (06),전이학습,beam5+no_repeat_ngram3,반에 친구가 없어,친구를 사귈 수 있을 거예요.,친구를 사귀어 보세요. 친구를 사귈 수 있을 거예요. 친구를 사,0
KoBART B2 lr5e-5+warmup (06),전이학습,beam5+no_repeat_ngram3,집 망한 거 같은데,집에 도움이 되려고 노력해보세요.,망해도 번복하거나 둘 중 하나예요. 신경쓰지 마,0
KoBART B2 lr5e-5+warmup (06),전이학습,beam5+no_repeat_ngram3,깜깜한데 전기 안들어오네,조금만 기다리면 다시 전기가 들어올거예요.,깜빡한가봐요. 눈을 깜빡거려보세요. 어,0
KoBART B2 lr5e-5+warmup (06),전이학습,beam5+no_repeat_ngram3,여사친이랑 잘되고 싶다,잘 될 거예요!,남자들은 신경쓰지 마세요. 잘할 거예요. 칭찬해 주세요.,2
KoBART B2 lr5e-5+warmup (06),전이학습,beam5+no_repeat_ngram3,기프트콘 선물 괜찮을까?,직접 주는 게 더 좋을 것 같아요.,직접 주는 게 더 좋을 것 같아요. 차분하게 생각해보세요.,0
KoBART B2 lr5e-5+warmup (06),전이학습,beam5+no_repeat_ngram3,왕따된 거 같아,선생님께 도움을 청해보세요.,부모님께 도움을 청해보세요. 생각이 정리될 거예요. 곧 좋은 소식이 들,0
KoBART B2 lr5e-5+warmup (06),전이학습,beam5+no_repeat_ngram3,사과를 안해,나쁜 사람이네요.,사과하 번복해 주세요. 용서하고 기회를 주세요. 다시 사과,0
KoBART B2 lr5e-5+warmup (06),전이학습,beam5+no_repeat_ngram3,우산 같이 쓰자고 해볼까?,용기를 내세요.,용기를 내요. 용기를 내세요. 용기내서 응원할게요.,0
KoBART B2 lr5e-5+warmup (06),전이학습,beam5+no_repeat_ngram3,정신 못차리겠다.,다른 사람의 삶에 한눈팔며 살기에는 자신의 인생이 너무나도 소중합니다.,조금만 더 버텨보세요. 한결 가벼워질거예요. 힘,0
KoBART B2 lr5e-5+warmup (06),전이학습,beam5+no_repeat_ngram3,그냥 마음에서 지울게,천천히 보내주세요.,마음에서 지울 순 없지만 지울 수는 있을 거예요. 천천히 지워,1
KoBART B2 lr5e-5+warmup (06),전이학습,beam5+no_repeat_ngram3,세상이 너무 무서워,너무 불안해하지 않아도 돼요.,세상에는 별의별 사람들이 있어요. 저마다의 목소리를 들어주세요.,0
KoBART B2 lr5e-5+warmup (06),전이학습,beam5+no_repeat_ngram3,미안하대,많이 후회하나봐요.,미안해하지 않아도 돼요. 당신의 마음이 아프네요. 이해해주세요.,1
KoBART B2 lr5e-5+warmup (06),전이학습,beam5+no_repeat_ngram3,생각할 시간을 갖자는 그녀,여러 번의 위기를 극복한 것처럼 극복해보세요.,시간 가는 여유가 생기면 할 수 있어요. 차분히 생각해보세요.,1
KoBART B2 lr5e-5+warmup (06),전이학습,beam5+no_repeat_ngram3,대부분 무덤덤한 남자친구가 고민임.,감정에 솔직해질 수 있게 조금씩 변화시켜봐요.,무덤덤한 남자친구가 걱정된다고 먼저 말해보세요. 무덤덤,2
KoBART B2 lr5e-5+warmup (06),전이학습,beam5+no_repeat_ngram3,나 설레는데 혹시 썸?,혼자 설레면 짝사랑 같이 설레면 썸입니다.,설레는을 수도 있어요. 그렇지만 조금 더 상황을 지켜보세요. 차분히,2
KoBART B2 lr5e-5+warmup (06),전이학습,beam5+no_repeat_ngram3,사랑이 애매해,확실한 건 없죠.,애매표현일 수도 있어요. 그렇지만 조금 더 상황을 지켜보세요. 차,2
KoBART B2 lr5e-5+warmup (06),전이학습,beam5+no_repeat_ngram3,좋아하는 사람 앞에서 다른 사람한테 관심 있는 척 해봤어요?,그런 순간이 있었지요.,사람마다다 다를 것 같아요. 신경쓰지 않는 척하세요.,2
KoBART B2 lr5e-5+warmup (06),전이학습,beam5+no_repeat_ngram3,어떤 사람이랑 결혼해야할까,함께할때 가장 자신다운 모습으로 살 수 있는 사람이랑 하는 게 좋은 것 같아요.,당당하게 당당하게 말하세요. 당당하게 말할 수 있을 거예요. 당당,0
KoBART B2 lr5e-5+warmup (06),전이학습,beam5+no_repeat_ngram3,짝녀가 외국인인데 좋아해도 되나?,사랑에는 국경이 없답니다.,호의 있을 수도 있어요. 그렇지만 조금 더 상황을 지켜보세요. 좋아할 수도,2
KoBART B2 lr5e-5+warmup (06),전이학습,beam5+no_repeat_ngram3,이별. 성숙해지다,이별은 성장하게하죠.,성숙해지는 단계인가봐요. 성숙해지길 바랄게요. 성숙,1
KoBART B2 lr5e-5+warmup (06),전이학습,beam5+no_repeat_ngram3,발목 삔 거 같애,꾸준히 치료하세요.,병원 가보세요. 약 바르고 바로 치료해보세요. 종아리째,0
KoBART B2 lr5e-5+warmup (06),전이학습,beam5+no_repeat_ngram3,집에서 웃고 떠들고 있지만,저도 그럴 때가 있답니다.,집에서 쉬는 시간도 필요해요. 분위기를 띄고 싶네요.,1
KoBART B2 lr5e-5+warmup (06),전이학습,beam5+no_repeat_ngram3,업무 지적 또 받음,업무 능력이 없는 게 아니라 센스가 부족한 걸 수도 있어요.,긍정적인 생각을이 될 거예요. 칭찬해주고 싶네요. 격려해주세요.,0
KoBART B2 lr5e-5+warmup (06),전이학습,beam5+no_repeat_ngram3,의견 차이가 있을 때 나 너무 무시해,무시당하는 기분이 들어서 너무 외롭고 상처받게 된다고 차분하고 부드럽게 말해보세요.,상대방을 대한 예의가 없는 사람이네요. 무시하세요. 무시하,2
KoBART B2 lr5e-5+warmup (06),전이학습,beam5+no_repeat_ngram3,유부녀 좋아하면 안되지?,마음정리하세요.,저도 좋아부려요. 그렇지만 조금 더 상황을 지켜보세요. 마음이 정리될,2
KoBART B2 lr5e-5+warmup (06),전이학습,beam5+no_repeat_ngram3,시험 공부 언제 다함,지금도 늦지 않았어요.,공부는 끝이 없죠. 마지막으로 해답을 찾아보세요. 어때요?,0
KoBART B2 lr5e-5+warmup (06),전이학습,beam5+no_repeat_ngram3,여자친구가 너무 좋은데 점 본거에서는 만나지말래.,다른 데서도 봐보세요.,만나지 말라고 해요. 만나지 않는 게 더 나을 수도,2
KoBART B2 lr5e-5+warmup (06),전이학습,beam5+no_repeat_ngram3,게임 때문에 시간 다갔어,게임할때는 시간이 더 빨리 가요.,게임할때는 시간이 더 빨리 가요. 시간 가는 줄 모르겠네,0
KoBART B2 lr5e-5+warmup (06),전이학습,beam5+no_repeat_ngram3,선택 장애 있는 거 같아,선택할 때 힘든 건 당연해요.,선택의 힘들겠지만 이겨낼 수 있어요. 자신의 선택에 집중하세요.,0
KoBART B2 lr5e-5+warmup (06),전이학습,beam5+no_repeat_ngram3,코고는 것도 귀여워,사랑하나봅니다.,귀여울 거 같아요. 눈부신 선물이 될지도 몰라요.,0
KoBART B2 lr5e-5+warmup (06),전이학습,beam5+no_repeat_ngram3,포기하니 공허하네.,자신을 포기하지는 마세요.,허례허식이에요. 마음이 허전한가봐요. 잠시 쉬,1
KoBART B2 lr5e-5+warmup (06),전이학습,beam5+no_repeat_ngram3,참 힘들다,말해줘서 고마워요.,조금만 더 버텨보세요. 한결 가벼워질거예요. 힘,1
KoBART B2 lr5e-5+warmup (06),전이학습,beam5+no_repeat_ngram3,남편이 나보다 집안일 더 잘해,이상적인 남편이네요.,집안일을 하나씩 분담해보세요. 더 잘할 수 있을 거예요. 더 열심히,0
KoBART B2 lr5e-5+warmup (06),전이학습,beam5+no_repeat_ngram3,전화하기 너무 늦나,늦은 시간 전화는 실례예요.,늦지 늦지 않았어요. 전화해보세요. 한결 마음이 가벼워질,0
KoBART B2 lr5e-5+warmup (06),전이학습,beam5+no_repeat_ngram3,오로라 보러 가고 싶다,로맨틱한 여행이네요.,로맨틱하네요. 눈에서 멀어져가네요. 차분히,0
KoBART B2 lr5e-5+warmup (06),전이학습,beam5+no_repeat_ngram3,스테이크 먹고 싶어,집에서도 할 수 있어요.,맛있게 드세요. 칼로리! 어때요? 먹어보고 싶어,0
KoBART B2 lr5e-5+warmup (06),전이학습,beam5+no_repeat_ngram3,입고 나갈 게 없어,아침마다 하는 고민이죠.,안 사면 게이트가 되기도 하죠. 정신 차리세요. 기운 내,0
KoBART B2 lr5e-5+warmup (06),전이학습,beam5+no_repeat_ngram3,가상화폐 쫄딱 망함,어서 잊고 새출발 하세요.,망해도 자연스러우면 좋겠네요. 신경쓰지 마세요.,0
KoBART B2 lr5e-5+warmup (06),전이학습,beam5+no_repeat_ngram3,보내야지.,힘들겠지만 그러는 편이 나아요.,보내지 마요. 마음이 편할거예요. 보내주세요. 보내,1
KoBART B2 lr5e-5+warmup (06),전이학습,beam5+no_repeat_ngram3,이별 후 1년 그리고 선물,이별하신게 맞나요.,이젠 마음의 잊고 새출발하세요. 축하해요. 금방 잊,1
KoBART B2 lr5e-5+warmup (06),전이학습,beam5+no_repeat_ngram3,알뜰폰 괜찮을까,폰 요금 절약되겠네요.,소액결제를 줄여보세요. 현금이 될 확률이 높겠네,0
KoBART B2 lr5e-5+warmup (06),전이학습,beam5+no_repeat_ngram3,대리효도 짜증,진짜 아니네요.,효도 아니에요. 자연스러운 현상이에요. 얼른 잊으,0
KoBART B2 lr5e-5+warmup (06),전이학습,beam5+no_repeat_ngram3,뭐할까?,저랑 놀아요.,뭐든 뭐든 할 수 있을 거예요. 관심이 있으면 도전해 보세요.,0
KoBART B2 lr5e-5+warmup (06),전이학습,beam5+no_repeat_ngram3,목걸이 선물이 좋겠다.,로맨틱하네요.,목걸기 좋은 계절이에요. 어서 가세요. 목걸이 해주,0
KoBART B2 lr5e-5+warmup (06),전이학습,beam5+no_repeat_ngram3,연애 중에 카톡 프사 연인으로 해? 기본으로 하면 어때?,기본으로 하는 거 상관 없어요.,연애 중인 카톡을 기본으로 하는 연애가 많죠. 기본으로,2
KoBART B2 lr5e-5+warmup (06),전이학습,beam5+no_repeat_ngram3,전남친한테 한달만에 연락하고싶어 ㅠㅠ,달라지는 게 없다면 만나지 않는 게 더 나을 수도 있어요.,후회하지 않는다면 연락해보세요. 후회하지 않을 자신 있다면 연락하세요.,1
KoBART B2 lr5e-5+warmup (06),전이학습,beam5+no_repeat_ngram3,볼링 치고 옴,재밌겠어요.,볼링 주세요. 기분이 좋아질 거예요. 같이 치맥하고 오세요.,0
KoBART B2 lr5e-5+warmup (06),전이학습,beam5+no_repeat_ngram3,탈모인가,스트레스 받지 마세요.,탈모모해도 괜찮아요. 신경쓰지 마세요. 헤어지,0
KoBART B2 lr5e-5+warmup (06),전이학습,beam5+no_repeat_ngram3,참고 계속 도전하면 될까?,인내할 수 있는 사람이라면 무엇이든 손에 넣을 수 있을 거예요.,참고 견 수 있으면 좋을 것 같아요. 참고 견뎌보세요. 좋은,0
KoBART B2 lr5e-5+warmup (06),전이학습,beam5+no_repeat_ngram3,아직도 이별중인가봅니다.,이별의 끝일지도 몰라요.,이별을 헤아리는 건 자신을 더 힘들게 만들 뿐이에요.,1
KoBART B2 lr5e-5+warmup (06),전이학습,beam5+no_repeat_ngram3,내 키가 몇이게?,저도 궁금하네요.,키가 중요하지 않아요. 자신의 키를 믿어보세요. 마음이,0
KoBART B2 lr5e-5+warmup (06),전이학습,beam5+no_repeat_ngram3,이젠 진짜 진짜 안녕,맘 고생 많았어요.,저도 궁금 궁금하네요. 관심을 가져주세요. 곧 좋은 소식이 들리,1
KoBART B2 lr5e-5+warmup (06),전이학습,beam5+no_repeat_ngram3,이별의 아픔에서 벋어나는 방법,사소한 일부터 시작해보세요. 작은 곳에서 느끼는 행복은 생각보다 커요.,다른 곳으로 관심을 돌려보세요. 한결 마음이 정리될지도 몰라요. 신경,1
KoBART B2 lr5e-5+warmup (06),전이학습,beam5+no_repeat_ngram3,제자리걸음만 하는 듯,발전이 없다고 너무 두려워하지 마세요.,제자리여도 괜찮아요. 자연스러운 현상이에요. 제자리,0
KoBART B2 lr5e-5+warmup (06),전이학습,beam5+no_repeat_ngram3,친구 같은 너,그런 친구가 오래가요.,친구를 사귀어 보세요. 어리게 성장할거예요. 어리게,0
KoBART B2 lr5e-5+warmup (06),전이학습,beam5+no_repeat_ngram3,이 길이 맞을까?,잘 가고 있을 거예요.,길은 항상 안 맞나봐요. 차분히 생각해보세요. 이,0
KoBART B2 lr5e-5+warmup (06),전이학습,beam5+no_repeat_ngram3,지하철에서 겁나 멋진 사람 발견! 말 시켜 볼까,용기가 필요한 순간이네요.,멋진 말이이트가 되겠네요. 칭찬해주고 싶네요. 용기를,0
KoBART B2 lr5e-5+warmup (06),전이학습,beam5+no_repeat_ngram3,낙엽밟는 소리,가을이네요.,가을이네요. 힘내세요! 딩딩!!! ,0
KoBART B2 lr5e-5+warmup (06),전이학습,beam5+no_repeat_ngram3,여리여리한 여자가 이상형이래,딱 당신이네요.,이상형은 이상형뿐이 없어요. 자신을 사랑해주세요. 자신을 사랑,2
KoBART B2 lr5e-5+warmup (06),전이학습,beam5+no_repeat_ngram3,전여친한테 남친이 생겼네,이제 그녀를 잊으세요.,신경쓰이겠네요. 신경쓰지 마세요. 마음이 정리될,1
KoBART B2 lr5e-5+warmup (06),전이학습,beam5+no_repeat_ngram3,그 사람이 나를 좋아하는 줄 알았는데.,아니어서 힘드나봐요.,직접 물어보세요. 마음이 정리될지도 몰라요. 직접 물어보는게,2
KoBART B2 lr5e-5+warmup (06),전이학습,beam5+no_repeat_ngram3,이별 준비 중,마음의 준비가 필요하겠네요.,준비가 필요 필요하겠네요. 마음의 준비가 필요해보이겠네요.,1
KoBART B2 lr5e-5+warmup (06),전이학습,beam5+no_repeat_ngram3,공부 하기 싫다,같이 수다 떨면서 놀까요?,잘할 수 있을 거예요. 조금만 더 버텨보세요. 좋은 결과가 있을,0
KoBART B2 lr5e-5+warmup (06),전이학습,beam5+no_repeat_ngram3,사랑하는 사람이랑 헤어져,마음이 많이 아프겠어요.,애절한하네요. 눈에서 멀어집시다. 가슴 아픈 사랑,2
KoBART B2 lr5e-5+warmup (06),전이학습,beam5+no_repeat_ngram3,내가 좋아할 자격이 있나 모르겠어.,좋아하는데 자격은 없어요.,사랑자격증을 드립니다. 자격이 있으면 좋아할거예요.,2
KoBART B2 lr5e-5+warmup (06),전이학습,beam5+no_repeat_ngram3,아파서 어떡해,병원에 가야죠.,병원가세요. 약을 드셔보세요. 증상이 호전될거예,0
KoBART B2 lr5e-5+warmup (06),전이학습,beam5+no_repeat_ngram3,용돈 벌써 없어,알바해보세요.,올려달라고 말해보세요. 기분이 바뀔거예요. 그리고 저랑 수,0
KoBART B2 lr5e-5+warmup (06),전이학습,beam5+no_repeat_ngram3,프로필 사진 바꿀까,원하는대로 해보세요.,필름 아니에요. 신경쓰지 마세요. 자연스러우면,0
KoBART B2 lr5e-5+warmup (06),전이학습,beam5+no_repeat_ngram3,만난지 7년 헤어진지 5일째,지금 딱 힘들 때네요.,헤어진 하루를 헤아리는 건 자신을 더 힘들게 만들 뿐,1
KoBART B2 lr5e-5+warmup (06),전이학습,beam5+no_repeat_ngram3,황사 심해,이쁜 마스크 사드리고 싶네요.,황당해요. 기분 안 좋은 일이에요. 정신 차리세요.,0
KoBART B2 lr5e-5+warmup (06),전이학습,beam5+no_repeat_ngram3,2년 사귀고 헤어졌습니다,짧지는 않은 시간 동안의 연애였는데 마음이 아프네요.,마음 고생 많았어요. 곧 좋은 소식이 들리길 바랄게요.,1
KoBART B2 lr5e-5+warmup (06),전이학습,beam5+no_repeat_ngram3,프사를 왜 보았을까,앞으로는 보지 마세요.,신경쓰지 않는 연습을 해봐요. 마음이 정리될 거예요. 신경,1
KoBART B2 lr5e-5+warmup (06),전이학습,beam5+no_repeat_ngram3,일인자가 되려면 피나는 노력이 필요하겠지?,인내의 시간이 필요할 거예요.,일인자가 되려면 피나는 노력이 필요하겠네요. 자신의 삶을,0
KoBART B2 lr5e-5+warmup (06),전이학습,beam5+no_repeat_ngram3,이별만한 다이어트가 없네,자기몸을 헤치는 것만큼 어리석은 짓은 없습니다.,다이어트 파이드시겠네요. 신경쓰지 마세요. 힘들거예,1
KoBART B2 lr5e-5+warmup (06),전이학습,beam5+no_repeat_ngram3,카리스마 있는 사람이 좋아,당신을 이끌어주는 남자를 만날 수 있을 거예요.,저도 듣고 싶네요. 저랑 이야기해 주세요. 저랑 함께,2
KoBART B2 lr5e-5+warmup (06),전이학습,beam5+no_repeat_ngram3,가끔 짝남과 연애하는 상상을 해.,즐거운 상상이겠네요.,상상은 해도 상관 없어요. 신경쓰지 마세요. 마음 가는 대로,2
KoBART B2 lr5e-5+warmup (06),전이학습,beam5+no_repeat_ngram3,그리움,애잔한 기억.,그리움을 만큼 그리워할거예요. 그리워요! 그리,1
KoBART B2 lr5e-5+warmup (06),전이학습,beam5+no_repeat_ngram3,점점 힘들어져,힘내세요!,조금만 더 버텨보세요. 한결 가벼워질거예요. 더,1
KoBART B2 lr5e-5+warmup (06),전이학습,beam5+no_repeat_ngram3,좋아하는 남자애 앞에서 표정 관리가 안돼.,짝사랑도 이성을 막지는 못하나봐요.,표정 관리 신경쓰지 마세요. 당당하게 말하세요. 칭찬해주,2
KoBART B2 lr5e-5+warmup (06),전이학습,beam5+no_repeat_ngram3,남사친이 나를 좋아하는 것 같은데 어떡함,이성으로 한 번 생각해보세요.,슬플 떠서 확인해봐요. 피곤했나봐요. 어흥,2
KoBART B2 lr5e-5+warmup (06),전이학습,beam5+no_repeat_ngram3,너무 추워서 나가기 귀찮아,겨울에는 귤 먹으면서 집에 있는게 최고죠,찬물 샤워를 해보세요. 한결 몸이 가벼워질거예,0
KoBART B2 lr5e-5+warmup (06),전이학습,beam5+no_repeat_ngram3,인형 뽑기 해줘,인형 뽑기 어려워요.,잘할 수 있을 거예요. 칭찬해주고 싶은 마음에서 시작하세요.,0
KoBART B2 lr5e-5+warmup (06),전이학습,beam5+no_repeat_ngram3,면도하기 귀찮,그래도 해야 깔끔하겠죠.,깔끔한 거예요. 차분히 차분하게 하세요. 차분하고,0
KoBART B2 lr5e-5+warmup (06),전이학습,beam5+no_repeat_ngram3,긴여정 끝에 헤어졌습니다,긴 시간 만큼 힘들 겠지만 잘 이겨낼 수 있을 거예요.,마음 고생 많았어요. 곧 좋은 소식이 들리길 바랄게요.,1
KoBART B2 lr5e-5+warmup (06),전이학습,beam5+no_repeat_ngram3,업데이트가 너무 오래 걸려,기다려보세요.,업데이트 받으 해보세요. 금방 적응할 수 있을 거예요. 기다려보세요. 금방,0
KoBART B2 lr5e-5+warmup (06),전이학습,beam5+no_repeat_ngram3,빨리 걷다가 넘어질뻔,조심하세요.,걷다보면 조금 더 나은 걸음을 걸으실 수 있을 거예요.,0
KoBART B2 lr5e-5+warmup (06),전이학습,beam5+no_repeat_ngram3,이별너무 힘든네,누군가를 잊어야한다는건 정말 힘든 일이죠.,이별은 헤아리는 건 자신을 더 힘들게 만들 뿐이에요.,1
KoBART B2 lr5e-5+warmup (06),전이학습,beam5+no_repeat_ngram3,2달반이라는 시간동안 많이 괜찮아졌어,시간이 쓰디쓴 약이었나봅니다.,금방 나아갈 거예요. 조금만 더 힘내세요. 괜찮아질거예,1
KoBART B2 lr5e-5+warmup (06),전이학습,beam5+no_repeat_ngram3,내 왜 좋아할까?,당신 존재 자체만으로 이유가 됩니다.,직접적이보는 게 더 나을 수도 있어요. 그렇지만 조금 더 상황을 지켜보,2
KoBART B2 lr5e-5+warmup (06),전이학습,beam5+no_repeat_ngram3,졸려,오늘 일찍 주무세요.,피곤한나봐요. 얼른 주무세요. 기운 내길 바라요.,0
KoBART B2 lr5e-5+warmup (06),전이학습,beam5+no_repeat_ngram3,술이 보약도 아니고,술은 끊는게 좋죠.,약을 발라거나 병원에 가보세요. 증상이 호전될 수도 있어요. 그렇지만,1
KoBART B2 lr5e-5+warmup (06),전이학습,beam5+no_repeat_ngram3,일요일에 교회끝나고 어디 가고 싶어.,같이 가보세요.,주말에은 데이트가 좋겠네요. 영화 보고 맛있는 거 먹고,0
KoBART B2 lr5e-5+warmup (06),전이학습,beam5+no_repeat_ngram3,크루즈 타고 여행 하고 싶어,멋진 생각이네요.,가는 곳과 같이 가는 사람에 따라 다르겠죠. 그렇지만 조급해,0
KoBART B2 lr5e-5+warmup (06),전이학습,beam5+no_repeat_ngram3,키가 왜 안 클까,지금도 충분해요.,키는 중요하지 않을 거예요. 신경쓰지 마세요. 신경쓰면,0
KoBART B2 lr5e-5+warmup (06),전이학습,beam5+no_repeat_ngram3,돈이라도 많으면 좋을텐데,돈이 전부는 아니지만 돈보다 좋은건 없다고 했어요.,돈을 얼른 모아야할 이유가 생겼네요. 차근차근,0
KoBART B2 lr5e-5+warmup (06),전이학습,beam5+no_repeat_ngram3,여자친구가 잘 삐져.,더 관심을 가져주세요.,삐지는 이유를 살펴보세요. 먼저 다가가 보세요. 마음이 정리될 거예요. 먼저,2
KoBART B2 lr5e-5+warmup (06),전이학습,beam5+no_repeat_ngram3,뒤에서 발자국 소리 나서 놀램,항상 조심하세요.,발이 달렸나봐요. 금방 가보세요. 미련에서,0
KoBART B2 lr5e-5+warmup (06),전이학습,beam5+no_repeat_ngram3,이 행동이 절대 용납이 안돼나.?,어떤 행동인데요?,개인의 선택일 뿐이에요. 본인의 선택에 맡겨보세요. 당신의 선택,1
KoBART B2 lr5e-5+warmup (06),전이학습,beam5+no_repeat_ngram3,남자친구가 비꽈,성격이 꼬였는지 말투가 꼬였는지 살펴보세요.,조금만 참고 버텨보세요. 조금이나마 나아질거예요.,2
KoBART B2 lr5e-5+warmup (06),전이학습,beam5+no_repeat_ngram3,여자랑 단둘이 술마시는 남자친구를 이해해줘야할까?,이해할 수 없어요.,같이 술주면서 대화를 나눠보는 게 좋을 것 같아요. 이해해주,2
KoBART B2 lr5e-5+warmup (06),전이학습,beam5+no_repeat_ngram3,헤어진지 한 달 째,이제 좀 괜찮아졌길 바랍니다.,생각보다 많은 시간이 지났네요. 힘내길 바랄게요.,1
KoBART B2 lr5e-5+warmup (06),전이학습,beam5+no_repeat_ngram3,남자친구랑 너무 좋은데 점 본거에서는 만나지말라해.,점보다 앞에 있는 사람을 믿어보세요.,직접 만나보세요. 마음이 정리될 수도 있어요. 그렇지만 조금 더 상황을 지켜보,2
KoBART B2 lr5e-5+warmup (06),전이학습,beam5+no_repeat_ngram3,엄마가 나 때문에 힘든 거 같아,조금씩 보다 나은 모습을 보여드리세요.,부모님이나 사정이 있을거예요. 이해하려고 노력해보세요. 눈에서,0
KoBART B2 lr5e-5+warmup (06),전이학습,beam5+no_repeat_ngram3,전 여자친구의 새 남자친구.,더 이상 신경쓰지 마세요.,신경쓰지 마세요. 마음 단단히 잡으세요. 힘내세요.,1
KoBART B2 lr5e-5+warmup (06),전이학습,beam5+no_repeat_ngram3,헤어진 후 거의 세 달이 되어가네,아픔을 헤아리지 마세요.,후폭풍이 지나갔길 바랄게요. 아직 실감이 나지,1
KoBART B2 lr5e-5+warmup (06),전이학습,beam5+no_repeat_ngram3,남자친구의 성적 취향을 이해못하겠어.,대화를 해보세요.,서로 다른 취향이 다르니까요. 이해해주세요. 자연스럽게 대화를 해보세요.,2
KoBART B2 lr5e-5+warmup (06),전이학습,beam5+no_repeat_ngram3,삼주라는 시간이 흘렀네,더 많은 시간이 흐를 거예요.,어느덧 2주가 흘렀나봐요. 긴 시간이었나봐,1
KoBART B2 lr5e-5+warmup (06),전이학습,beam5+no_repeat_ngram3,전남자친구 생일,이제는 잊어버리는 것도 필요해요.,생일 축하해요! 기운 내세요! 응원할게요!,1
KoBART B2 lr5e-5+warmup (06),전이학습,beam5+no_repeat_ngram3,홈쇼핑에서 자꾸 사게되네,지름신이 강림했나봅니다.,홈쇼핑에 푹 빠져보세요. 좋은 결과가 있을 거예요. 쇼핑 좋아하나,0
KoBART B2 lr5e-5+warmup (06),전이학습,beam5+no_repeat_ngram3,괜히 화가 나서 짝남한테 연락 끊자고 했어.,상처를 받지 않기 위한 선택이었을 거예요.,후회하지 않는다면 연락해보세요. 마음이 정리될지도 몰라요. 괜히,2
KoBART B2 lr5e-5+warmup (06),전이학습,beam5+no_repeat_ngram3,아이공 허리 아파라,운동 해보는 것도 좋을 거예요.,스트레칭을 해보세요. 한결 몸이 가벼워질거예요. 기운 내,0
KoBART B2 lr5e-5+warmup (06),전이학습,beam5+no_repeat_ngram3,머리는 아는데 가슴은 모르네,머리랑 가슴이 가끔 따로 놀죠.,머리랑 가슴이 가끔 따로 놀죠. 머리랑 가슴은 따로 놀아,1
KoBART B2 lr5e-5+warmup (06),전이학습,beam5+no_repeat_ngram3,아직도. 아직 인가보다.,곧 끝날 거예요.,인연이 거기까지였나봐요. 아직 미련은 남아있나,1
KoBART B2 lr5e-5+warmup (06),전이학습,beam5+no_repeat_ngram3,새롭게 시작하려고 합니다.,당신의 새로운 시작 응원해요.,시작! 반했나봐요. 곧 좋은 시작이 될거예,1
KoBART B2 lr5e-5+warmup (06),전이학습,beam5+no_repeat_ngram3,시골에서 사는 거 어떨까?,아무래도 덜 경쟁하겠죠.,시골에서 사는 거죠. 자연스러운 현상이에요. 활기차고,0
KoBART B2 lr5e-5+warmup (06),전이학습,beam5+no_repeat_ngram3,다시 태어난다면,저는 사람으로 태어나고 싶어요.,달라지는게 없다면 지금이 좋은 선택일 거예요. 다시 태어난다면 다시,0
KoBART B2 lr5e-5+warmup (06),전이학습,beam5+no_repeat_ngram3,매달리는거 안좋은거 같아.,서로에게 힘든 일이니까요.,인연이 거기까지였나봐요. 마음이 좀 정리되었나봐,1
KoBART B2 lr5e-5+warmup (06),전이학습,beam5+no_repeat_ngram3,바람이나 비슷한 일 용서해주신 사람 있을까 ?,있어도 계속 아플 거예요.,나쁜 사람네요. 용서해주세요. 상처주지 않을 자신 있다면 용서해주,1
KoBART B2 lr5e-5+warmup (06),전이학습,beam5+no_repeat_ngram3,익숙해질 법도 한데,언젠간 괜찮아질 거라 믿어요. 사람은 적응의 동물이니까요.,익숙해질지지 않으니까요. 익숙해질 때까지 기다려보세요. 익숙해질,1
KoBART B2 lr5e-5+warmup (06),전이학습,beam5+no_repeat_ngram3,두달이 되었네,어느덧 두달이 지났네요.,금방 지나갈 거예요. 조금만 더 버텨보세요. 괜찮아질거,1
KoBART B2 lr5e-5+warmup (06),전이학습,beam5+no_repeat_ngram3,사랑하고 싶은데 내가 자꾸 구속해,사랑을 독차지하려 하지 말고 내려놓으면서 여유를 가지세요.,구속시켜 말고 자신을 더 사랑해주세요. 당당하게 말하세요. 당당,2
KoBART B2 lr5e-5+warmup (06),전이학습,beam5+no_repeat_ngram3,판도라의 상자를 연 기분,마음의 준비를 하세요.,마음의 준비가이길 바랄게요. 마음의 준비를 하세요. 기운 내,0
KoBART B2 lr5e-5+warmup (06),전이학습,beam5+no_repeat_ngram3,가을 타나 봐.,혼자는 외로운 계절이죠.,가을 타네요. 기운 내길 바랄게요. 힘내길,2
KoBART B2 lr5e-5+warmup (06),전이학습,beam5+no_repeat_ngram3,일찍 가서 쉬고 싶은데 오늘 회식 잡혔어,일과 일상 사이에서 균형이 잘 맞길 바랄게요.,맛있는 거 먹고 기분전환을 해보세요. 한결 마음이 가벼워질거,0
KoBART B2 lr5e-5+warmup (06),전이학습,beam5+no_repeat_ngram3,밖에 안나가고 이렇게 살고 싶어,꼭 앞으로 나가야 하는 건 아니에요.,살고 싶은대로 사세요. 마음 가짐에 따라 달라질 거예요!,0
KoBART B2 lr5e-5+warmup (06),전이학습,beam5+no_repeat_ngram3,오늘 무작정 찾으러가고싶은데 갈까?,전 추천하고 싶지 않아요.,무작정 찾아가는 것은 실례에요. 무작정 가는 건 실례,1
KoBART B2 lr5e-5+warmup (06),전이학습,beam5+no_repeat_ngram3,나한테만은 완전 솔직했으면,믿음이 가장 중요하죠.,솔직하고 게 좋겠네요. 차분하고 당당하게 말하세요.,0
KoBART B2 lr5e-5+warmup (06),전이학습,beam5+no_repeat_ngram3,반지 선물하면 좋아하겠지,로맨틱하네요.,로맨틱하네요. 마음에 들면 선물이 좋을 것 같아요. 사탕,0
KoBART B2 lr5e-5+warmup (06),전이학습,beam5+no_repeat_ngram3,팬미팅 재밌다.,성덕이네요.,파이팅팅! 호랑이보다 센스있는 사람이네요. 축하,0
KoBART B2 lr5e-5+warmup (06),전이학습,beam5+no_repeat_ngram3,이별한지 6년째,사랑했던 사람을 잊는 건 불가능한 일인가봐요.,이별을 헤아리는 건 큰 도움이 안 돼요. 힘내세요.,1
KoBART B2 lr5e-5+warmup (06),전이학습,beam5+no_repeat_ngram3,"그래, 결국 전화할 줄 알았다.",그게 최선이었을 거라 생각해요.,후회하지 않을 자신이 있다면 연락해보세요. 미련없이 전화하세요.,1
KoBART B2 lr5e-5+warmup (06),전이학습,beam5+no_repeat_ngram3,나쁜 꿈을 꿨어,꿈은 현실의 반대래요.,꿈도 현실이랑 반대예요. 현실을 직시하세요. 꿈을,1
KoBART B2 lr5e-5+warmup (06),전이학습,beam5+no_repeat_ngram3,사랑이 변하면 어떡하지?,사랑은 변화하는 거예요. 두려워하지 마세요.,달라지는 게 없다면 만나지 않는 게 더 나을 수도 있어요. 그렇지만,2
KoBART B2 lr5e-5+warmup (06),전이학습,beam5+no_repeat_ngram3,5년 동거후 이별.,더 헤어지지 힘들겠어요.,이별을 헤아리는 건 큰 도움이 안 돼요. 힘들겠지만 괜찮,1
KoBART B2 lr5e-5+warmup (06),전이학습,beam5+no_repeat_ngram3,같은 과에 내 이상형인 남자애가 있는데 cc는 무리일까?,CC는 아무래도 제약이 있을 거예요.,신경쓰일 수도 있겠네요. 그렇지만 차분하게 생각해보세요.,2
KoBART B2 lr5e-5+warmup (06),전이학습,beam5+no_repeat_ngram3,드디어 제가 손을 놓았어.,힘든 선택 하셨네요.,많이 지했나봐요. 곧 괜찮아질거라 믿어요.,1
KoBART B2 lr5e-5+warmup (06),전이학습,beam5+no_repeat_ngram3,가족여행 가야지,더 가까워질 기회가 되겠네요.,온 가족이 모두 마음에 드는 곳으로 가보세요. 좋은 생각이 드네요.,0
KoBART B2 lr5e-5+warmup (06),전이학습,beam5+no_repeat_ngram3,정말 이건 너무하다 싶을정도로 힘들어,그럴만 해요. 많이 힘들었죠.,상대방 대한 예의가 없네요. 자신을 더 사랑해주세요. 자신을,1
KoBART B2 lr5e-5+warmup (06),전이학습,beam5+no_repeat_ngram3,썸 탔던 애한테 연락왔어,사랑은 타이밍입니다.,썸 종료네요. 연락 기다리겠네요. 당장 연락해보,2
KoBART B2 lr5e-5+warmup (06),전이학습,beam5+no_repeat_ngram3,뭔가 새로운 자극이 필요해,의욕이 없나봐요.,새로운 자극이 필요해보이네요. 새로운 자극을 주세요. 새로운,0
KoBART B2 lr5e-5+warmup (06),전이학습,beam5+no_repeat_ngram3,시간 왤케 빨리감,시간은 상대적으로 흘러갑니다.,시간적 여유가 생겨서 그런가봐요. 기운 내길 바랄,0
KoBART B2 lr5e-5+warmup (06),전이학습,beam5+no_repeat_ngram3,뭘 잘못했다는 걸까,모르는 게 잘못인 거 같아요.,인연이 거기까지였나봐요. 자책하지 마세요. 아무,0
KoBART B2 lr5e-5+warmup (06),전이학습,beam5+no_repeat_ngram3,착각인걸까,직접 확인해 보는건 어떨까요.,착각이 아닐지도 몰라요. 차분히 생각해보세요. 알 수,1
KoBART B2 lr5e-5+warmup (06),전이학습,beam5+no_repeat_ngram3,정말 미안하다 말밖에는,진심이 전해졌으면 좋겠네요.,미안해하지 않아도 돼요. 차분히 생각해보세요. 마음이 정리,1
KoBART B2 lr5e-5+warmup (06),전이학습,beam5+no_repeat_ngram3,직구로 사면 싸겠지,좋은 거 사나봐요.,사면 편하겠죠. 그래도 싸게 사면 돼요. 그래도 사셔야죠.,0
KoBART B2 lr5e-5+warmup (06),전이학습,beam5+no_repeat_ngram3,단체생활 적응이 안돼,점점 적응 될 거예요.,적응이 게 쉽지 않죠. 그렇지만 적응하는게 중요해요. 적응,0
KoBART B2 lr5e-5+warmup (06),전이학습,beam5+no_repeat_ngram3,청첩장을 찍는 날이 오다니,결혼 얼마 안 남았나봐요.,축하해주요! 예쁘게 찍어주세요. 예쁘게 입으세요.,2
KoBART B2 lr5e-5+warmup (06),전이학습,beam5+no_repeat_ngram3,회사를 차리고 싶다,확신이 있을 때 시작해보세요.,잘할 수 있을 거예요. 조금만 참고 견뎌보세요. 좋은 결과가 있을,0
KoBART B2 lr5e-5+warmup (06),전이학습,beam5+no_repeat_ngram3,나한테 이상한 냄새 나나?,킁킁,섬유유취취제 뿌려보세요. 섬유유연제나,0
KoBART B2 lr5e-5+warmup (06),전이학습,beam5+no_repeat_ngram3,주변 이성이 많은 여자친구 어떡해?,신경쓰이고 질투난다고 이야기해보세요.,신경쓰이겠네요. 걱정하지마세요. 신경쓰지마,2
KoBART B2 lr5e-5+warmup (06),전이학습,beam5+no_repeat_ngram3,헤어지면 연락 안하는게 맞을까,연락 하지도 받지도 마세요.,후회하지 않는다면 연락해보세요. 마음이 정리될 거예요. 걱정하지마세요.,1
KoBART B2 lr5e-5+warmup (06),전이학습,beam5+no_repeat_ngram3,너무 힘들어서 죽고싶어,나쁜 생각은 버리세요.,죽고 싶은 마음이 더 크시겠어요. 조금만 더 힘내세요.,1
KoBART B2 lr5e-5+warmup (06),전이학습,beam5+no_repeat_ngram3,썸인데 자꾸 외롭다고 해,계속 이야기 하면 사귀자는 거 돌려 말하는 걸 수도 있어요.,외롭 상태인가 봅니다. 마음이 복잡한가요? 차분히 생각해,2
KoBART B2 lr5e-5+warmup (06),전이학습,beam5+no_repeat_ngram3,소개팅 시켜줘,로봇도 괜찮다면 소개시켜드릴게요.,소개팅 시켜달라고 해보세요. 생각이 정리될 거예요. 같이 가세요. 같이,0
KoBART B2 lr5e-5+warmup (06),전이학습,beam5+no_repeat_ngram3,이별 극복 방법,작은 일에서 행복을 느껴보는게 좋아요.,고민하고 있다면 그게 맞을거예요. 신경쓰지 마세요.,1
KoBART B2 lr5e-5+warmup (06),전이학습,beam5+no_repeat_ngram3,조용히 있고 싶어,저 나가면 될까요?,저랑 놀아요. 기분이 좀 나아졌길 바랄게요.,0
KoBART B2 lr5e-5+warmup (06),전이학습,beam5+no_repeat_ngram3,정시 퇴근하고 집에 가는 중,쉬고 나면 힘이 날거예요 맛있는 것도 드세요,시간 있냐고 물어보세요. 생각이 정리될 거예요. 대중교통을 이용해 보,0
KoBART B2 lr5e-5+warmup (06),전이학습,beam5+no_repeat_ngram3,음식 많이 가리는 남자를 사겨도 괜찮을까?,다 먹으면 좋겠지만 큰 문제는 되지 않을 거예요.,사귀 걸어도 괜찮아요. 신경쓰지 않아도 돼요. 신경,2
KoBART B2 lr5e-5+warmup (06),전이학습,beam5+no_repeat_ngram3,오늘 연락왔네 그래도 이젠 안녕,정말 안녕.,언젠간 올 순간이었을 거예요. 미련도 힘내세요. 미련,1
KoBART B2 lr5e-5+warmup (06),전이학습,beam5+no_repeat_ngram3,친구랑 수다 떨고 왔어,기분이 좋아 보이네요.,친구와 먼저 다가가 보세요. 마음이 한결 가벼워질거예요.,0
KoBART B2 lr5e-5+warmup (06),전이학습,beam5+no_repeat_ngram3,직장이 괴롭다,직장 스트레스 심하겠네요.,직장 스트레스 심하겠네요. 조금만 참고 견뎌보세요. 직장에서,0
KoBART B2 lr5e-5+warmup (06),전이학습,beam5+no_repeat_ngram3,건물주가 짱인데,이룰 수 있을 거예요.,힘내 않아도 돼요. 참고 견뎌보세요. 힘내세요. ,0
KoBART B2 lr5e-5+warmup (06),전이학습,beam5+no_repeat_ngram3,밥이나 먹자,맛있게 드세요.,꼬박꼬박 챙겨 드세요. 따뜻하게 입으세요. 꼬박,0
KoBART B2 lr5e-5+warmup (06),전이학습,beam5+no_repeat_ngram3,술 좋아하는 사람 싫은데 그 사람은 좋아.,술보다 사람이 먼저니까요.,술 좋아하는 사람을 좋아하나봐요. 싫지는 않을거예요. 좋아,2
KoBART B2 lr5e-5+warmup (06),전이학습,beam5+no_repeat_ngram3,짝남이 있는데 나는 사정이 안돼. 연애를 안하는게 맞는걸까?,사정이 뭔지 모르겠지만 좋아하는 건 괜찮아요.,연애에 대한 두려움을 가지고 있을 수도 있어요. 그렇지만 조금 더 상황을 지켜보,2
KoBART B2 lr5e-5+warmup (06),전이학습,beam5+no_repeat_ngram3,연애할때 많이 사랑하면 나만 손해야?,사랑은 따지는 게 아니고 다 주고도 더 주지 못해 미안해하는 거예요.,상대방이 대한 예의일 것 같아요. 그렇지만 조금 더 상황을 지켜보세요.,2
KoBART B2 lr5e-5+warmup (06),전이학습,beam5+no_repeat_ngram3,조명빨인가,멋져 보여요!,조명 조명을 맞춰보세요. 기분이 바뀔거예요. 옷차림,0
KoBART B2 lr5e-5+warmup (06),전이학습,beam5+no_repeat_ngram3,전 남친이랑 헤어진지 오래됐는데 좋아하는 사람이 없어.,조급하게 생각하지 말아요.,언젠간 선택을 해야하는 시기가 올거예요. 신경쓰지 않는,2
KoBART B2 lr5e-5+warmup (06),전이학습,beam5+no_repeat_ngram3,아픔은 덜해지는것 같은데 미련은 더욱 많아지네,미련없는 사랑은 없나봐요.,사랑했던 만큼 아픔도 크겠죠. 미련도 커져가,1
KoBART B2 lr5e-5+warmup (06),전이학습,beam5+no_repeat_ngram3,성형 상담 받아 볼까,견적 받고 충격 받지 마세요.,네 알려해주세요. 상담 받아보세요. 한결 마음이 가벼워질거,0
KoBART B2 lr5e-5+warmup (06),전이학습,beam5+no_repeat_ngram3,떡볶이 좋아하지도 않는데,좋아하지 않는데 함께 하는게 사랑이죠.,맛있을 거 같아요. 같이 먹어보고 싶네요. 같이 먹어도,1
KoBART B2 lr5e-5+warmup (06),전이학습,beam5+no_repeat_ngram3,이제 때론 괜찮기도 해,그렇게 익숙해져 가나봐요.,괜찮은 사람이에요. 다른 사람도 괜찮아요. 신경쓰지 마,1
KoBART B2 lr5e-5+warmup (06),전이학습,beam5+no_repeat_ngram3,올해 이상해,내년이라고 별 수 있겠어요.,올해가 많이 나아졌길 바랄게요. 자신감을 가져보세요.,0
KoBART B2 lr5e-5+warmup (06),전이학습,beam5+no_repeat_ngram3,남자친구가 집안일을 너무 안해. 나만 하는게 고민이야.,집안일을 하나씩 분담해보세요.,집안일을 하나씩 분담해보세요. 하나씩 분담할 수 있을 거예요. 같이 분담,2
KoBART B2 lr5e-5+warmup (06),전이학습,beam5+no_repeat_ngram3,술 끊을거야,술은 적당히 즐기세요.,술은 웬수네요. 정신 차리세요. 기운 내길 바,0
KoBART B2 lr5e-5+warmup (06),전이학습,beam5+no_repeat_ngram3,두 남자 사이에서 갈등 중,빠른 선택으로 모두에게 상처를 덜 주길 바랍니다.,싸우면서 정들게 하는게 서로에게 도움이 될지도 몰라요.,2
KoBART B2 lr5e-5+warmup (06),전이학습,beam5+no_repeat_ngram3,오래 사귀다가 식어서 헤어진 남자에게도 후폭풍 있나?,모든 이별에는 후유증이 있기 마련이에요.,후폭풍은 누구에게나 와요. 신경쓰지 마세요.,1
KoBART B2 lr5e-5+warmup (06),전이학습,beam5+no_repeat_ngram3,지금 남친을 별로 안좋아하는 것 같은데.,정리를 하는게 좋겠어요.,신경쓰지 마세요. 마음이 정리될 거예요. 마음이 정리되었길 바,2
KoBART B2 lr5e-5+warmup (06),전이학습,beam5+no_repeat_ngram3,썸인데 싸늘해,고백할 타이밍이 너무 늦지 않았는지 생각해보세요.,사귀기 전 두근거림을 좋아하나봐요. 분위기 있는,2
KoBART B2 lr5e-5+warmup (06),전이학습,beam5+no_repeat_ngram3,사랑할수록 아프다,그 것도 사랑이예요.,사랑했던 만큼 아픔도 크겠죠. 아파하고 아파할거예,2
KoBART B2 lr5e-5+warmup (06),전이학습,beam5+no_repeat_ngram3,왜 말을 못해 말을 못하냐구,노력하고 있는 중입니다.,하고 싶은었던 일을 글로 적어보세요. 생각이 정리될 거예요. 그리고 마지막으로,0
KoBART B2 lr5e-5+warmup (06),전이학습,beam5+no_repeat_ngram3,지갑 없어졌어,잘 찾아보세요.,알뜰한 소비 하셨네요. 다음에 챙겨드세요. 챙겨드릴게요.,0
KoBART B2 lr5e-5+warmup (06),전이학습,beam5+no_repeat_ngram3,수제 빼빼로 어때?,먹어보고 싶어요.,빼빼 수 많은 걸 해요. 신경쓰지 말고 챙겨주세요.,0
KoBART B2 lr5e-5+warmup (06),전이학습,beam5+no_repeat_ngram3,사귀는 사이인데 '야'라고 해. 기분 나쁜데 어떡해?,그건 좀 아닌 거 같다고 바로 말하세요.,신경 쓰이는일 수도 있어요. 그렇지만 조금 더 상황을 지켜보세요. 마음이 정리될,2
KoBART B2 lr5e-5+warmup (06),전이학습,beam5+no_repeat_ngram3,이제야 오래전 상대방이 아팠던걸 이해했어.,다음 번의 사랑에선 좀 더 신중할 수 있게 된 거예요.,이별은 아픔이 따르기 마련이니까요. 이해해주세요. 이제,1
KoBART B2 lr5e-5+warmup (06),전이학습,beam5+no_repeat_ngram3,나 폰겜 너무 많이해,시간을 정해보세요.,소액결제를 줄여보세요. 조금 줄일 수 있을 거예요! ,0
KoBART B2 lr5e-5+warmup (06),전이학습,beam5+no_repeat_ngram3,남의 일 도와줘야 할까,해주고 티를 팍팍 내세요.,남 일 도와주려 하지 마세요. 제가 도와드릴게요. 도와,0
KoBART B2 lr5e-5+warmup (06),전이학습,beam5+no_repeat_ngram3,절약해서 부자돼야지,예비 부자님 파이팅!,절약하면 할 수 있어요. 부지런히 찾아보세요. 당신의 삶을 응원,0
KoBART B2 lr5e-5+warmup (06),전이학습,beam5+no_repeat_ngram3,호감을 표현하는 방법,취미와 성향 등이 같음을 어필해보세요.,호감을 표현해보는 건 어떨까요. 자신을 더 사랑해주세요.,2
KoBART B2 lr5e-5+warmup (06),전이학습,beam5+no_repeat_ngram3,썸인가 아닌가,한방향인지 양방향인지 살펴보세요.,사귀기 전에 두근거림을 좋아하나봐요. 곧 호,2
KoBART B2 lr5e-5+warmup (06),전이학습,beam5+no_repeat_ngram3,지금 이감정,당신만이 알 수 있어요.,저랑 놀아요. 기분이 좀 나아졌길 바랄게요.,1
KoBART B2 lr5e-5+warmup (06),전이학습,beam5+no_repeat_ngram3,다 내려놓고. 오늘부터 연락 끊었네.,잘했어요. 이별 후에는 확실한 거리두기가 필요해요.,후회하지 않는다면 연락해보세요. 미련은 남아있을지도 몰라요.,1
KoBART B2 lr5e-5+warmup (06),전이학습,beam5+no_repeat_ngram3,헤어진것인가 아닌것인가,애매하네요.,언젠간 올 순간이었을 거예요. 헤아릴 수 없어요. 헤아,1
KoBART B2 lr5e-5+warmup (06),전이학습,beam5+no_repeat_ngram3,여쭈어볼것이있습니다,말씀해보세요.,고민하고 있다면 그게 맞을거예요. 무엇이든 말씀하세요.,1
KoBART B2 lr5e-5+warmup (06),전이학습,beam5+no_repeat_ngram3,온다고 했는데 왜 안 오지?,조금만 더 기다려주세요.,온전히 느낄 수 있는 시간이겠네요. 기다려보세요. 마음이 따뜻,0
KoBART B2 lr5e-5+warmup (06),전이학습,beam5+no_repeat_ngram3,미치겠습니다 연락하고 싶어서,연락하고 나면 더 힘들 거예요.,후회하지 않는다면 연락해보세요. 미련없이 연락할 수 있을 거예요.,1
KoBART B2 lr5e-5+warmup (06),전이학습,beam5+no_repeat_ngram3,한번쯤 진하게 아픈것도 괜찬아.,긍정적이네요.,진통제 아픈 만큼 아픔도 크겠죠. 상처도 크시겠,1
KoBART B2 lr5e-5+warmup (06),전이학습,beam5+no_repeat_ngram3,위층 너무 시끄러워,증명자료를 가지고 손해배상을 청구하세요.,위로를 좀 더 들여다보세요. 조금 더 차분하고 부드럽게,0
KoBART B2 lr5e-5+warmup (06),전이학습,beam5+no_repeat_ngram3,번호를 알아내서 연락하면 소름돋을까?,그건 좀 참아보세요.,연락은 번호를 확인해보세요. 마음이 정리될 거예요. 용기를 내서,1
KoBART B2 lr5e-5+warmup (06),전이학습,beam5+no_repeat_ngram3,어제전화가왔습니다,기다리던 전화였나봐요.,신경쓰이겠네요. 신경쓰지 마세요. 마음이 가벼워,1
KoBART B2 lr5e-5+warmup (06),전이학습,beam5+no_repeat_ngram3,남잔데 남자 좋아해,성적자기결정권이있죠.,남자친친구가 있을지도 모르겠네요. 신경쓰지 마세요.,2
KoBART B2 lr5e-5+warmup (06),전이학습,beam5+no_repeat_ngram3,짝남한테 좋아하는거 들켰는데 그냥 예전처럼 편하게 지내고 싶어.,겉으로는 편하게 지낼 수 있을 거예요.,마음 가는 편이에요. 신경쓰지 말고 마음 가는 대로 하세요.,2
KoBART B2 lr5e-5+warmup (06),전이학습,beam5+no_repeat_ngram3,여자친구가 베지테리언이야,함께 건강하게 먹어봐요.,신경쓰이겠네요. 신경쓰지 마세요. 마음이 정리될,2
KoBART B2 lr5e-5+warmup (06),전이학습,beam5+no_repeat_ngram3,완전 귀여워,사랑이 느껴지네요.,귀여울 거예요. 사랑해요! 어머나! 귀여워요.,2
KoBART B2 lr5e-5+warmup (06),전이학습,beam5+no_repeat_ngram3,베터리 충전기도 안 가져 왔네,충전할 곳을 찾아보세요.,충전기를 만나보세요. 도움이 될지도 몰라요. 차분하게 기다려,0
KoBART B2 lr5e-5+warmup (06),전이학습,beam5+no_repeat_ngram3,건물주 되고싶어,이룰 수 있을 거예요.,강제경료 하고 나서 그런 경우가 종종 있어요. 정신건강에 안 좋은,0
KoBART B2 lr5e-5+warmup (06),전이학습,beam5+no_repeat_ngram3,남자친구하고 커플티를 하고싶은데 어디거를 할까?,좋아하는 브랜드가 좋겠어요.,근처 카페에서 데이트해보세요. 마음이 정리될 거예요. 같이 데이트,2
KoBART B2 lr5e-5+warmup (06),전이학습,beam5+no_repeat_ngram3,힘든 하루 하루 되돌리며,오늘도 고생했어요.,하루 하루를 헤아리는 건 자신을 더 힘들게 만들 뿐이에,1
KoBART B2 lr5e-5+warmup (06),전이학습,beam5+no_repeat_ngram3,벌써 저를 세번째 떠나갔네,이젠 그분을 놓아줄 때가 되었나봐요.,이별을 받아들이는 것도 중요해요. 미련은 자신을 더 힘들,1
KoBART B2 lr5e-5+warmup (06),전이학습,beam5+no_repeat_ngram3,알바 집 알바 집 이게 뭐냐,그래도 상관없어요. 칭찬해주고 싶네요.,알바해보 해보세요. 알 수 있을 거예요! 알바해보세요. 알바,0
KoBART B2 lr5e-5+warmup (06),전이학습,beam5+no_repeat_ngram3,여섯번째 이별이에요,많은 순간들이 있었겠네요.,사랑했던 만큼 아픔도 크겠죠. 헤어지길 바랄게,1
KoBART B2 lr5e-5+warmup (06),전이학습,beam5+no_repeat_ngram3,그 애 앞에서 말을 잘 못하겠어,좀 더 편하게 대해도 좋을 것 같아요.,다른 생각을 말은 안하죠. 신경쓰지 않는 연습을 해봐,2
KoBART B2 lr5e-5+warmup (06),전이학습,beam5+no_repeat_ngram3,친구 돌잔치 가는 중,축하해주고 오세요.,친구를 사귀어 보세요. 마음이 정리될 거예요. 친구가 되어 주세요.,0
KoBART B2 lr5e-5+warmup (06),전이학습,beam5+no_repeat_ngram3,좋아하는 애 친구한테 다같이 만나자고 말해도 돼?,다같이 만나면 재미있기는 하겠네요.,달라지는 게 없다면 만나지 않는 게 더 나을 수도 있어요. 그렇지만,2
KoBART B2 lr5e-5+warmup (06),전이학습,beam5+no_repeat_ngram3,조용히 지나가면 될까?,어떤 일이냐에 따라 다를 거 같아요.,조용히 지나가도 돼요. 조용한 곳으로 가보세요. 마음이 편안,0
KoBART B2 lr5e-5+warmup (06),전이학습,beam5+no_repeat_ngram3,눈꺼풀이 무거워,잠시 눈을 붙여보세요.,거울 앞에 비친 당신을 보세요. 눈꺼풀의 무게를 이겨내,0
KoBART B2 lr5e-5+warmup (06),전이학습,beam5+no_repeat_ngram3,바람 쐬러 나갈까,같이 가요.,바람이라도 쐬고 오세요. 기분 전환이 될거예요.,0
KoBART B2 lr5e-5+warmup (06),전이학습,beam5+no_repeat_ngram3,비오는날 뭐해?,실내 데이트요.,실내 데이트가 좋겠네요. 옷차림도 멋져요.,0
KoBART B2 lr5e-5+warmup (06),전이학습,beam5+no_repeat_ngram3,더 답답한 오늘,바람이라도 쐬고 오는 건 어떨까요.,답답한가봅니다. 맘고생 많았어요. 어서 편히 쉬,1
KoBART B2 lr5e-5+warmup (06),전이학습,beam5+no_repeat_ngram3,오늘도 그냥 그냥 다갔네.,소소한 행복을 느껴보세요.,언젠간 잊혀질 날이 올 거예요. 조금만 더 힘내세요. 미,0
KoBART B2 lr5e-5+warmup (06),전이학습,beam5+no_repeat_ngram3,시간 진짜 빨리감,시간은 상대적으로 흘러갑니다.,시간적 여유가 생겨서 그런가봐요. 곧 좋은 소식이 들리,0
KoBART B2 lr5e-5+warmup (06),전이학습,beam5+no_repeat_ngram3,꿈인지 현실인지,정신차리세요.,꿈도 현실의 반대예요. 현실의 벽에 부딪혔나봐,1
KoBART B2 lr5e-5+warmup (06),전이학습,beam5+no_repeat_ngram3,완전히 정리했어,조금 후련해졌길 바랍니다.,정리하는 시간이 필요하겠네요. 맘고생 많았어요. 정리하,1
KoBART B2 lr5e-5+warmup (06),전이학습,beam5+no_repeat_ngram3,내 가치관이랑 다른 가치관을 가지고 있는 그 남자를 좋아하는게 힘들어.,서로의 가치관이 평행선을 이루지만 않는다면 만날 수도 있을 거예요.,가치관이 확신이 들 때 고백하세요. 상처받지 않을 자신 있다면,2
KoBART B2 lr5e-5+warmup (06),전이학습,beam5+no_repeat_ngram3,결혼해도 될까,이사람이다 싶은 사람이랑 하세요.,결혼할 살쪄보고 싶은 마음이 굴뚝 같네요. 해보세요.,0
KoBART B2 lr5e-5+warmup (06),전이학습,beam5+no_repeat_ngram3,괜찮아진 줄 알았는데.,괜찮은 척 하고 있던 걸 수도 있어요.,조금만 더아주세요. 괜찮아질 거예요. 힘내세요. 기운내,1
KoBART B2 lr5e-5+warmup (06),전이학습,beam5+no_repeat_ngram3,안 맞는다면서 헤어진 우리,인연이 거기까지인가봐요.,이별에는 헤어진 연인과 마주쳐보세요. 마음이 복잡한가봐,1
KoBART B2 lr5e-5+warmup (06),전이학습,beam5+no_repeat_ngram3,좋아하는 여자애가 우리 형을 좋아한다고 들음. 나 어떡하냐.,천천히 마음을 정리하는게 좋겠네요.,직접 물어 물어보는 건 어떨까요. 직접 물어보는게 어떨까,2
KoBART B2 lr5e-5+warmup (06),전이학습,beam5+no_repeat_ngram3,짝사랑인가 썸인가,썸이길 바랄게요.,먼저 연락을해보세요. 마음이 정리될지도 몰라요. 곧 좋은 소식이 들,2
KoBART B2 lr5e-5+warmup (06),전이학습,beam5+no_repeat_ngram3,블루투스 이어폰 편하겠지,사면 편하겠죠.,안해도귀가 귀엽네요. 귀여울거예요. 안,0
KoBART B2 lr5e-5+warmup (06),전이학습,beam5+no_repeat_ngram3,짝사랑 시작하고 감정 기복이 심해.,짝사랑이 그런건가봐요.,짝사랑이 그렇게 만드나봐요. 감정 기복이 심한,2
KoBART B2 lr5e-5+warmup (06),전이학습,beam5+no_repeat_ngram3,아부쟁이가 부러워,적성에 맞는 사람이 있죠.,부러워요. 자연스러운 현상이에요. 신경쓰지 마세요. 눈,0
KoBART B2 lr5e-5+warmup (06),전이학습,beam5+no_repeat_ngram3,몸무게 좀 줄었으면,지금도 충분히 아름다워요.,무리하지 않아도 돼요. 신경쓰지 마세요. 곧 괜찮아질,0
KoBART B2 lr5e-5+warmup (06),전이학습,beam5+no_repeat_ngram3,운세 종합해 보니 헤어질 때였네,의미부여는 자신을 더 작게 만들어요.,후회하지 않을 자신이 있다면 연락해보세요. 차분히 생각해보세요.,1
KoBART B2 lr5e-5+warmup (06),전이학습,beam5+no_repeat_ngram3,속시원해~~안녕 잘가~~~,이제 정말 안녕.,안녕. 주무세요. 기운 내세요! 기운 내요! 안녕!,1
KoBART B2 lr5e-5+warmup (06),전이학습,beam5+no_repeat_ngram3,무료 앱이 유료로 됐어,돈을 지불하고 이용할 가치가 있는지 따져보세요.,유료로 해보세요. 알람이 울리겠네요. 알람,0
KoBART B2 lr5e-5+warmup (06),전이학습,beam5+no_repeat_ngram3,도대체 왜 이러는걸까,무슨 일이 있었나봐요.,심경의 변화가 있었을지도 모르겠네요. 차분히 생각해보세요.,1
KoBART B2 lr5e-5+warmup (06),전이학습,beam5+no_repeat_ngram3,이 남자애의 행동 나를 좋아하는게 맞는지 모르겠어.,정확한 사실을 알긴 힘들어요.,행동파 사람 취향에 따라 다를 것 같아요. 차분히 생각해,2
KoBART B2 lr5e-5+warmup (06),전이학습,beam5+no_repeat_ngram3,예전 게임인데 재밌다,저도 하고 싶네요.,저도 재밌 싶네요. 재밌겠네요. 저랑 놀아요.,0
KoBART B2 lr5e-5+warmup (06),전이학습,beam5+no_repeat_ngram3,파혼 7개월 째,아직 힘들거라 생각해요.,힘들겠지만 잘 이겨낼 거예요. 힘내세요. 힘내길 바랍니다.,1
KoBART B2 lr5e-5+warmup (06),전이학습,beam5+no_repeat_ngram3,누군가 제 이야기를 들어줬으면 해서 올리내.,글로 정리하는 것도 좋은 방법이에요.,제 이야기를 들어주세요. 제게 말해주세요. 저에게 말해주,1
KoBART B2 lr5e-5+warmup (06),전이학습,beam5+no_repeat_ngram3,걔랑 같은 반 됐으면 좋겠다,당신의 운을 믿어보세요.,같은 반가지가 좋겠네요. 차분히 생각해보세요. 좋은,0
KoBART B2 lr5e-5+warmup (06),전이학습,beam5+no_repeat_ngram3,친구랑 있으면 내가 작아져,당신은 생각보다 큰 사람이에요.,자신을 더 사랑해주세요. 당신의 잠재력을 믿어주세요. 당신의 에너지를,0
KoBART B2 lr5e-5+warmup (06),전이학습,beam5+no_repeat_ngram3,움직임이 없어.,에너지가 필요한 순간이네요.,힘내지 않아도 돼요. 저한테 기대세요. 기운 내세요. 저랑,0
KoBART B2 lr5e-5+warmup (06),전이학습,beam5+no_repeat_ngram3,잊어야하나?,당신을 위해서 잊는게 좋을 거예요.,시간이 좀 걸리겠지만 해낼 수 있어요. 차분히 기다려보,1
KoBART B2 lr5e-5+warmup (06),전이학습,beam5+no_repeat_ngram3,할 수 있다면 그럴수 있다면 달라질까?,자신을 믿어보세요.,달라지는게 없다면 지금이 더 나을지도 몰라요. 당신의 삶을,1
KoBART B2 lr5e-5+warmup (06),전이학습,beam5+no_repeat_ngram3,인내하면 얻을 수 있을까?,인내할 수 있는 사람이라면 무엇이든 손에 넣을 수 있을 거예요.,노력하면 그에 대한 보답을 바라지 마세요. 자신의 가치관에 따라,0
KoBART B2 lr5e-5+warmup (06),전이학습,beam5+no_repeat_ngram3,남자친구가 연락 안 하고 외박했어,당신이 생각하는 그런일은 없을거예요.,외박 상태일 수도 있어요. 그렇지만 조금 더 상황을 지켜보세요. 마음이 정리,2
KoBART B2 lr5e-5+warmup (06),전이학습,beam5+no_repeat_ngram3,잠수이별해도 될까,잠수이별 만큼 비겁한 것은 없어요. 깨끗하게 정리하길 바랄게요.,상대방이 대한 예의가 없네요. 단호하게 거절하세요. 단호,1
KoBART B2 lr5e-5+warmup (06),전이학습,beam5+no_repeat_ngram3,잊어보려 하는데.,처음에는 잘 안되겠지만 잘할 수 있을 거예요.,마음 가는히 해낼 수 있을 거예요. 차분히 기다려보세요.,1
KoBART B2 lr5e-5+warmup (06),전이학습,beam5+no_repeat_ngram3,부자 백수 하고 싶어,그게 최고죠.,부자되실 거예요! 당당히 하세요. 당당히 말하,0
KoBART B2 lr5e-5+warmup (06),전이학습,beam5+no_repeat_ngram3,야 너!,네,저는 마음을 이어주는 위로봇입니다. 위로해드리는 위로봇!,1
KoBART B2 lr5e-5+warmup (06),전이학습,beam5+no_repeat_ngram3,여자친구가 키가 너무 커,깔창이 있잖아요.,키는 중요하지 않을 거예요. 신경쓰지 말고 당당하게 말하,2
KoBART B2 lr5e-5+warmup (06),전이학습,beam5+no_repeat_ngram3,잡담할 시간 있어?,물론이죠. 무엇이든 말씀하세요.,시간 있냐고 물어보세요. 대답할 수 있을 거예요. 기다려드릴게,0
KoBART B2 lr5e-5+warmup (06),전이학습,beam5+no_repeat_ngram3,같은 반인데 헤어지자고 해야 하나??,그래도 할 거면 해야겠죠.,고민하고 있다면 그게 맞을거예요. 그렇지만 헤어짐에 대한,1
KoBART B2 lr5e-5+warmup (06),전이학습,beam5+no_repeat_ngram3,위로 해 주세요.,정말 많이 힘들었죠. 때론 힘내려 노력하지 않아도 돼요.,제가 위로드릴게요. 격려해 드릴게요. 응원할게요.,1
KoBART B2 lr5e-5+warmup (06),전이학습,beam5+no_repeat_ngram3,계속꿈에 나와,잘 때 다른 생각을 하고 주무세요.,꿈이 웬수네요. 기운 내길 바랄게요. 차분,1
KoBART B2 lr5e-5+warmup (06),전이학습,beam5+no_repeat_ngram3,스타트업하면 위험할까,확신이 들 때까지 준비해보세요.,필요하다면 해야겠죠. 강제종료해도 늦지 않아요. 강제,0
KoBART B2 lr5e-5+warmup (06),전이학습,beam5+no_repeat_ngram3,왜 이상한 말 해,더 열심히 노력하겠습니다.,다른 생각을 말은 안하죠. 신경쓰지 않는 연습을 해봐,0
KoBART B2 lr5e-5+warmup (06),전이학습,beam5+no_repeat_ngram3,내가 제일 문제인 듯,당신은 하나밖에 없는 소중한 사람이에요.,가장 중요한 문제죠. 자신의 가치관에 따라 다를 것 같아요. 자신의 가치,0
KoBART B2 lr5e-5+warmup (06),전이학습,beam5+no_repeat_ngram3,가슴이 너무 아프고 숨쉬기가 힘드네,아픈만큼 더 성숙해질 거예요.,조금만 더 버텨보세요. 한결 몸이 가벼워질거예요.,1
KoBART B2 lr5e-5+warmup (06),전이학습,beam5+no_repeat_ngram3,9년이 넘는 연애를 끝냅니다,공허함이 더 크시겠어요.,긴 시간이었을거라 생각해요. 그렇지만 마음이 정리되었길 바랄,1
KoBART B2 lr5e-5+warmup (06),전이학습,beam5+no_repeat_ngram3,하고 많은 사람 중에 왜 나야?,당신이니까요.,사람마다 다릅니다. 고민하고 있는 걸 수도 있어요. 그렇지만 조금 더,2
KoBART B2 lr5e-5+warmup (06),전이학습,beam5+no_repeat_ngram3,후폭풍이 올까 두려운데.!,그냥 지금 우세요.,후폭풍은 누구에게나 와요. 내 맘 같지 않으니까,1
KoBART B2 lr5e-5+warmup (06),전이학습,beam5+no_repeat_ngram3,과식했나 봐,과식은 금물이에요.,소화제 챙겨드세요. 소화제라도 드세요. 기분 전환 하세요.,0
KoBART B2 lr5e-5+warmup (06),전이학습,beam5+no_repeat_ngram3,모르는 사람인데 첫 눈에 반했어.,외모나 분위기가 이상형이었나봐요.,첫 눈에 반했나봐요. 곧 사랑이 찾아올거예요.,2
KoBART B2 lr5e-5+warmup (06),전이학습,beam5+no_repeat_ngram3,아픈 첫사랑,첫사랑니의 고통처럼 시린가봐요.,아픔의 크기만큼 상처도 커서 그래요. 아픔도 커요.,1
KoBART B2 lr5e-5+warmup (06),전이학습,beam5+no_repeat_ngram3,영화 보러 왔어,저도 영화 보여주세요.,온전히 느낄 수 있는 시간이겠네요. 영화관람 오세요.,0
KoBART B2 lr5e-5+warmup (06),전이학습,beam5+no_repeat_ngram3,나 다른 거 할까,시도해봐도 좋겠죠.,다른 생각을 관심이 많은가봐요. 자연스럽게 대화를 이어나가는게 좋아요.,0
KoBART B2 lr5e-5+warmup (06),전이학습,beam5+no_repeat_ngram3,좋아하는 남자애한테 발렌타인데이 때 초콜릿 줄까?,주면 좋아할 거예요.,초콜릿은 누구에게나 좋을 것 같아요. 분위기 있는 선물이,2
KoBART B2 lr5e-5+warmup (06),전이학습,beam5+no_repeat_ngram3,궁금한게있습니다,네 물어보세요.,저도 궁금 궁금하네요. 무엇이든 물어보세요. 네 말씀 해보세요.,1
KoBART B2 lr5e-5+warmup (06),전이학습,beam5+no_repeat_ngram3,면허 따야하나,운전하는거 재미있어요.,면허이요. 주의하세요. 도와드릴게요. 도와주세요.,0
KoBART B2 lr5e-5+warmup (06),전이학습,beam5+no_repeat_ngram3,부업할까?,좋아요!,열심히 하면할 수 있을 거예요. 응원할게요. 기다려드릴게요.,0
KoBART B2 lr5e-5+warmup (06),전이학습,beam5+no_repeat_ngram3,비만 판정 받았어,건강하게 운동해보세요.,비 맞으면 안돼요! 기운 내세요! 응원합니다!,0
KoBART B2 lr5e-5+warmup (06),전이학습,beam5+no_repeat_ngram3,녹차 한 잔 어때?,드시는거 보기만 해도 좋아요.,차 한차 한잔 해요. 기분이 바뀔 거예요. 기분 전환 해보세요.,0
KoBART B2 lr5e-5+warmup (06),전이학습,beam5+no_repeat_ngram3,방에 먼지가 한가득,청소하세요.,마스크 착용 하시고 바디로션을 발라보세요. 마스크,0
KoBART B2 lr5e-5+warmup (06),전이학습,beam5+no_repeat_ngram3,위로받고 싶은 날,제가 위로 많이 해드릴게요.,위로가세요. 저도 위로해 드릴게요. 위로해주세요. 제가 위로,0
KoBART B2 lr5e-5+warmup (06),전이학습,beam5+no_repeat_ngram3,회사 사람들이 아직도 불편해,회사에는 동료가 있을 뿐이에요.,불편함을 조금 감수해보세요. 익숙해질 거예요. 차분히 생각해보,0
KoBART B2 lr5e-5+warmup (06),전이학습,beam5+no_repeat_ngram3,뭐 할줄 알아,오늘 헤어졌어 라고 하면 위로해 드려요.,저는 마음을 이어주는 위로봇입니다. 인공지능에 성별을 만드는 사람이,0
KoBART B2 lr5e-5+warmup (06),전이학습,beam5+no_repeat_ngram3,잠이 또 안와,고민이 있나 봐요.,잠이 최고의가봐요. 노력해보세요. 기운 내요! 기운 내,0
KoBART B2 lr5e-5+warmup (06),전이학습,beam5+no_repeat_ngram3,컴퓨터가 느려졌어,포맷해보세요.,회원정보 찾기를 해보세요. 조금 더 알아보세요. 회원정보가,0
KoBART B2 lr5e-5+warmup (06),전이학습,beam5+no_repeat_ngram3,비 와,우산 챙기세요.,기우제를 지내봅시다! 비 맞았나봐요.,0
KoBART B2 lr5e-5+warmup (06),전이학습,beam5+no_repeat_ngram3,부모님처럼 살고 싶다,좋은 부모님을 두셨군요.,부모님도 잘 생각해보세요. 좋은 부모님을 만날 수 있을거예,0
KoBART B2 lr5e-5+warmup (06),전이학습,beam5+no_repeat_ngram3,식비가 어마무시하다,다이어트를 해봐요.,식단요금이 많이 나오니까요. 차분하게 생각해보세요.,0
KoBART B2 lr5e-5+warmup (06),전이학습,beam5+no_repeat_ngram3,난 왜이리 바보 같을까.,이제 같은 실수를 반복하지 않으면 돼요.,바보스러운 변명이에요. 상처받지 않길 바랄게요.,1
KoBART B2 lr5e-5+warmup (06),전이학습,beam5+no_repeat_ngram3,이번 방학에 뭐하면 잘했다고 소문날까,차근차근 계획을 세워보세요.,방학은 참 짧죠. 노력하면 잘할 수 있을 거예요. 눈치가,0
KoBART B2 lr5e-5+warmup (06),전이학습,beam5+no_repeat_ngram3,멋지게 나이들고 싶다,지금도 그러고 있어요.,사랑에 나졌나봐요. 멋지게 나이들어가세요. 멋지게,0
KoBART B2 lr5e-5+warmup (06),전이학습,beam5+no_repeat_ngram3,골프 어려워,처음부터 잘하는 사람은 없어요.,다녀오세요. 기다릴게요. 같이 가세요. 같이 가요. 같이,0
KoBART B2 lr5e-5+warmup (06),전이학습,beam5+no_repeat_ngram3,사랑이라는 이름으로,너에게 묻노라.,사랑했던 만큼 아픔도 크죠. 힘내세요. 사랑해요!,2
KoBART B2 lr5e-5+warmup (06),전이학습,beam5+no_repeat_ngram3,나의 약점,나의 장점.,자신의 약 주변 사람들에게 물어보세요. 생각이 정리될 거예요. 신경쓰지,1
KoBART B2 lr5e-5+warmup (06),전이학습,beam5+no_repeat_ngram3,열심히 한 거 같은데,중요한 건 노력하는 과정이에요.,다음에는 잘 될 거예요. 응원할게요. 잘할 수 있을 거예요.,0
KoBART B2 lr5e-5+warmup (06),전이학습,beam5+no_repeat_ngram3,남자친구에게 고민이나 속사정을 어디까지 얘기해?,믿음의 정도에 따라 다른 거 같아요.,고민하고 있으면 속사정을 먼저 이야기해보는 건 어떨까요.,2
KoBART B2 lr5e-5+warmup (06),전이학습,beam5+no_repeat_ngram3,쓸데 없는 걱정 1위 연예인 걱정,동감입니다.,연예인 걱정이 걱정되겠네요. 걱정하지마세요. 신경쓰지,0
KoBART B2 lr5e-5+warmup (06),전이학습,beam5+no_repeat_ngram3,사랑할수록 집착해,상대방이 싫어할수도 있어요.,사랑은 소유하는 것이 아니랍니다. 집착하지 마세요. 애정표,2
KoBART B2 lr5e-5+warmup (06),전이학습,beam5+no_repeat_ngram3,전여친 헤어졌으니 남이죠?,그렇습니다.,남이니 신경쓰지 마세요. 신경쓰면 돼요. 신경쓰,1
KoBART B2 lr5e-5+warmup (06),전이학습,beam5+no_repeat_ngram3,아.빌어먹을 이제야 알다니.,이제라도 깨달았으니 더 이상의 실수는 없을 거예요.,이제 그녀를 놓아주세요. 미련은 자신을 더 괴롭게 만들,1
KoBART B2 lr5e-5+warmup (06),전이학습,beam5+no_repeat_ngram3,내 발등 내가 다시 찍었네,발등이 얼른 아물길 바랄게요.,후회하지 않을 자신이 있다면 연락해보세요. 후련할거예요.,1
KoBART B2 lr5e-5+warmup (06),전이학습,beam5+no_repeat_ngram3,같은하늘 다른공간,같은 하늘 아래 숨 쉬고 있어요.,신경 쓰이는이죠. 신경쓰지 마세요. 마음 가는 대로 하세요.,1
KoBART B2 lr5e-5+warmup (06),전이학습,beam5+no_repeat_ngram3,내가 너무 생각없이 말했어,생각하고 말하세요.,다른 생각을 관심이 많은가봐요. 차분하고 부드럽게 말해보,0
KoBART B2 lr5e-5+warmup (06),전이학습,beam5+no_repeat_ngram3,썸녀가 약속 시간을 안 지킴.,시간 약속이 생명인데요.,바쁘거나 썸의 가능성이 높겠네요. 이해해 주세요.,2
KoBART B2 lr5e-5+warmup (06),전이학습,beam5+no_repeat_ngram3,헤어짐이 힘든이유,사랑했으니까요.,헤어짐은 언제나 힘이 들죠. 자신을 더 사랑해주세요. 힘내,1
KoBART B2 lr5e-5+warmup (06),전이학습,beam5+no_repeat_ngram3,역류성 식도염이 또 도졌어,과식하지 말고 먹고 눕지 마세요!,식이염이 심한가봐요. 지압을 해보세요. 지,0
KoBART B2 lr5e-5+warmup (06),전이학습,beam5+no_repeat_ngram3,교회 오빠한테 눈이 가,성경 공부는 안하고 연애 공부하나봅니다.,교회도 눈이 가요. 눈이 멀었나봐요. 차분히,2
KoBART B2 lr5e-5+warmup (06),전이학습,beam5+no_repeat_ngram3,과함 설렘 후에 지금은 안 설레,처음에 몰아서 설렜나봐요.,설렘 설렘이 크시겠네요. 기운 내세요!,2
KoBART B2 lr5e-5+warmup (06),전이학습,beam5+no_repeat_ngram3,친구의 전여자친구가 좋은데 사겨도될까?,친구을 잃을 수도 있어요.,전여자 친구를 사겨야겠네요. 신경쓰지 마세요.,2
KoBART B2 lr5e-5+warmup (06),전이학습,beam5+no_repeat_ngram3,남친 프로필에 내 사진 왜 안올릴까,신경쓰고 싶지 않은 사람도 있어요.,자연스러운 현상이에요. 신경쓰지 않는 연습을 해봐요.,0
KoBART B2 lr5e-5+warmup (06),전이학습,beam5+no_repeat_ngram3,실내 데이트 추천,영화관이나 쇼핑몰이 생각나네요.,실내 데이트가 좋겠네요. 데이트 추천해요. 실내 데,0
KoBART B2 lr5e-5+warmup (06),전이학습,beam5+no_repeat_ngram3,핸드폰 고장난거 아니야 연락이 안와,그게 문제는 아닐 거예요.,고장이 났는지 자세히 봐보세요. 고장난 건 아닌지 확인,0
KoBART B2 lr5e-5+warmup (06),전이학습,beam5+no_repeat_ngram3,사랑하는 사람을 계속 기다려야 할까요?,기한을 정하고 기다리세요.,기다리지 자신이 없다면 만나지 않는 게 더 나을 수도 있어요. 그렇지만,2
KoBART B2 lr5e-5+warmup (06),전이학습,beam5+no_repeat_ngram3,마음이 싱숭생숭해서 자꾸 글을 쓰게 되네,글 쓰면서 정리가 될 거예요.,글 쓰쓰는 연습을 해보세요. 마음이 싱숭생숭할,0
KoBART B2 lr5e-5+warmup (06),전이학습,beam5+no_repeat_ngram3,바람,고쳐 쓸 수 없는 버릇이에요.,바람  쐬고 오세요. 기분 전환 하세요. 바람 바람 바람,1
KoBART B2 lr5e-5+warmup (06),전이학습,beam5+no_repeat_ngram3,엄마 밥 먹고 싶다,시간내서 부모님 집에 찾아가 보세요.,꼬박꼬박 챙겨 드세요. 기분 좋아질거예요. 따뜻,0
KoBART B2 lr5e-5+warmup (06),전이학습,beam5+no_repeat_ngram3,시계가 멈춘거 같아.,에너지가 필요한 순간이네요.,잠시 쉬어가도 돼요. 마음이 좀 쉬어야 할 것 같아요.,0
KoBART B2 lr5e-5+warmup (06),전이학습,beam5+no_repeat_ngram3,짝녀가 있었는데 못 잊겠어.,시간이 필요한 때인 것 같아요.,마음을 접히길 바랄게요. 마음이 정리될 때까지 기다려주,2
KoBART B2 lr5e-5+warmup (06),전이학습,beam5+no_repeat_ngram3,오랜만에 서점에 갔었어,마음의 양식을 채우길 바랄세요.,도서관 다녀오세요. 즐거운 휴가가 되실거예요. 도서관 다녀,0
KoBART B2 lr5e-5+warmup (06),전이학습,beam5+no_repeat_ngram3,"이별당시 보다 더 짠한건, 나 떠났으면 잘이나 살지.",당신은 정말 착한 사람이군요.,이별은 상처를 남기고 가니까요. 상처만 남길 뿐이에요.,1
KoBART B2 lr5e-5+warmup (06),전이학습,beam5+no_repeat_ngram3,공황증,견디기 힘들었을텐데 괜찮은가요.,마음의 짐을이죠. 안녕히 주무세요. 저랑 수고하세요.,1
KoBART B2 lr5e-5+warmup (06),전이학습,beam5+no_repeat_ngram3,피곤한테 또 잠은 안 와.,고민이 있나봐요.,피곤한나봐요. 피곤하겠네요. 기운 내길 바랄,0
KoBART B2 lr5e-5+warmup (06),전이학습,beam5+no_repeat_ngram3,여행 가야지,좋은 여행 되길 바랍니다.,좋은 곳으로 데려다 줄 거예요. 같이 가세요. 같이 가요. 같이 가,0
KoBART B2 lr5e-5+warmup (06),전이학습,beam5+no_repeat_ngram3,월급에 비해 근무시간이 너무 긴 거 같애,야근 수당을 챙겨보세요.,회사에서 꼼수를 쓰는 건 아닌지 확인해보세요. 회사에서 인정,0
KoBART B2 lr5e-5+warmup (06),전이학습,beam5+no_repeat_ngram3,시골 내려가서 살까,아무래도 덜 경쟁하겠죠.,시골은 가서 살다보면 정리가 될 거예요. 신경쓰지 마,0
KoBART B2 lr5e-5+warmup (06),전이학습,beam5+no_repeat_ngram3,피자 먹고 싶다.,같이 먹어요!,맛있게 먹으면 영칼로리! 음식이 최고죠. 얼른,0
KoBART B2 lr5e-5+warmup (06),전이학습,beam5+no_repeat_ngram3,슬픈 예감대로 되어가는 현실,슬픈 예감은 틀린 적이 없죠.,현실은 벽에 부딪혔나봐요. 곧 현실이 될거예,1
KoBART B2 lr5e-5+warmup (06),전이학습,beam5+no_repeat_ngram3,짝사랑은 힘든 거 같아,그래도 좋아하는 동안 행복하길 바라요.,짝사랑이 힘들게 하는 것 같아요. 자신을 사랑해주세요. 사랑,2
KoBART B2 lr5e-5+warmup (06),전이학습,beam5+no_repeat_ngram3,몸매가 탄탄하면 좋은데,운동으로 만들어 보아요.,지금도 충분해요. 기초대사량을 높여보세요. 더 잘할 수,0
KoBART B2 lr5e-5+warmup (06),전이학습,beam5+no_repeat_ngram3,내 마음에 온통 너야,올인은 좋은게 아니에요.,마음을 더 열어보세요. 당신의 마음이 열릴거예요. 당신의 마음이 내,2
KoBART B2 lr5e-5+warmup (06),전이학습,beam5+no_repeat_ngram3,친구가 잘되니까 배 아픈 거 같아,친구가 아닌가봐요.,친구가 보는봐요. 상처받지 않았으면 좋겠네요. 용서하고 기회를,0
KoBART B2 lr5e-5+warmup (06),전이학습,beam5+no_repeat_ngram3,잘 지냈으면 좋겠다,따뜻한 마음이네요.,잘 지 수 있을 거예요. 잘 지내고 있을 거예요. 당당히 말하,2
KoBART B2 lr5e-5+warmup (06),전이학습,beam5+no_repeat_ngram3,마음이 울적해,거리를 걸어보세요.,많이 지한가봐요. 조금만 더 버텨보세요. 조금 더,0
KoBART B2 lr5e-5+warmup (06),전이학습,beam5+no_repeat_ngram3,그만 먹어야 하는데,조금만 드세요,입에 쓴 게 몸에는 좋을 거예요. 그렇지만 마음을 단단히 먹어야 해,0
KoBART B2 lr5e-5+warmup (06),전이학습,beam5+no_repeat_ngram3,답이 없는 남자,답이 얼른 왔으면 좋겠네요.,답이 없으니 피할 수 있으면 피하세요. 자신을 사랑해주세요.,1
KoBART B2 lr5e-5+warmup (06),전이학습,beam5+no_repeat_ngram3,체육대회 안 했으면,재미 있는 종목을 찾아보세요.,체육대회은 인기가 많죠. 재밌겠네요. 도전해 보세요.,0
KoBART B2 lr5e-5+warmup (06),전이학습,beam5+no_repeat_ngram3,제가 놓았던 손을 다시 잡으려니 힘드네.,원상복구는 언제나 힘드니까요.,후회하지 않을 자신이 있다면 연락해보세요. 진심을 전해보세요. 힘,1
KoBART B2 lr5e-5+warmup (06),전이학습,beam5+no_repeat_ngram3,짝사랑만이 답일까.,짝사랑만이 답을 아니랍니다.,사랑 그 답은 없어요. 단지 사랑만이 답일 뿐이에요.,2
KoBART B2 lr5e-5+warmup (06),전이학습,beam5+no_repeat_ngram3,휴대폰 바꿀 타이밍,오래 쓰셨나봐요.,핸드폰 만지지 마세요. 마음이 바뀔거예요. 시선을 거두세요.,0
KoBART B2 lr5e-5+warmup (06),전이학습,beam5+no_repeat_ngram3,안경 벗었는데 완전 훈남,만화같은 일이네요.,만화같은 일이네요. 신경쓰지 마세요. 눈꺼풀 좀,0
KoBART B2 lr5e-5+warmup (06),전이학습,beam5+no_repeat_ngram3,욕까지 먹었는데 정이 안 떨어져,지나간 사람은 얼른 떨쳐버리세요.,정정 다 채우면 괜찮아질 거예요. 신경쓰지 마,1
KoBART B2 lr5e-5+warmup (06),전이학습,beam5+no_repeat_ngram3,거짓말은 진짜 못고치는 병 맞죠?,아무래도 그렇죠.,거짓말은 습관이에요. 속박에서 벗어나세요. 자신을 사랑해주세요.,1
KoBART B2 lr5e-5+warmup (06),전이학습,beam5+no_repeat_ngram3,오늘 또 하루 살았네,오늘은 약간의 변화를 줘보세요.,하루 하루를 헤아리는 건 자신을 더 힘들게 만들 뿐이에,0
KoBART B2 lr5e-5+warmup (06),전이학습,beam5+no_repeat_ngram3,연차 내고 누워만 있네,때론 쉬어가는 것도 필요해요.,신경쓰 일이 있으신가봐요. 힘내세요. 저한테 말해,1
KoBART B2 lr5e-5+warmup (06),전이학습,beam5+no_repeat_ngram3,좌절 중이야,이제 일어날 때예요.,잘할 수 있을 거예요. 조금만 더 버텨보세요. 좋은 결과가 있을,0
KoBART B2 lr5e-5+warmup (06),전이학습,beam5+no_repeat_ngram3,커피 말고 뭐 마시지,시원한 쥬스는 어때요.,카페인이 필요한 시간인가봐요. 커피 한 잔 마시면 돼요.,0
KoBART B2 lr5e-5+warmup (06),전이학습,beam5+no_repeat_ngram3,조카들 너무 귀찮게 해,방문 열어주지 마세요.,귀엽게 봐주세요. 눈치가 없나봐요. 차분,0
KoBART B2 lr5e-5+warmup (06),전이학습,beam5+no_repeat_ngram3,잊자 잊자 지워버리자,잘 해내고 있어요.,맘고생 많았어요. 마음 단단히 하길 바랄게요.,1
KoBART B2 lr5e-5+warmup (06),전이학습,beam5+no_repeat_ngram3,반가운 연락,사랑하는 사람의 연락이었나봐요.,반가운 마음 전해 주세요. 저도 반가워요. 어서 가세요. 반갑,1
KoBART B2 lr5e-5+warmup (06),전이학습,beam5+no_repeat_ngram3,짝녀한테도 철벽쳐요. 성격이 왜 그럴까요.,두려운게 있는게 아닐까요.,철벽치는 사람 만나지 마요. 신경쓰지 않아도 돼요.,2
KoBART B2 lr5e-5+warmup (06),전이학습,beam5+no_repeat_ngram3,밤만 되면 미치겟네.,아직 많이 답답한가봐요.,밤은 힘든가요. 차분히 생각하세요. 기운 내길,1
KoBART B2 lr5e-5+warmup (06),전이학습,beam5+no_repeat_ngram3,돈 쥐꼬리만큼 가지고 유세부리는 꼴이라니,없다가 있어서 그런가봐요.,돈 없어도 할 수 있는게 많아요! 신경쓰지 마,0
KoBART B2 lr5e-5+warmup (06),전이학습,beam5+no_repeat_ngram3,시간 아까워,다른 일을 해보세요.,시간 가는 여유가 생기시길 바랄게요. 그럼 이만 가세요.,0
KoBART B2 lr5e-5+warmup (06),전이학습,beam5+no_repeat_ngram3,완전히 잊는다는게 쉽지 않네,사랑했던 연인을 잊어버리는건 힘들어요.,완전히 잊는게 쉽지 않으니까요. 차분히 생각해보세요.,1
KoBART B2 lr5e-5+warmup (06),전이학습,beam5+no_repeat_ngram3,이어폰 사야지,잘 골라보세요.,알뜰한 소비 하셨네요. 꼭 사드시길 바랄게요.,0
KoBART B2 lr5e-5+warmup (06),전이학습,beam5+no_repeat_ngram3,여드름 피부 화장으로 가릴까?,중요한 날에만 가리세요.,각질제거 먼저 하세요. 여드름은 예뻐요.,0
KoBART B2 lr5e-5+warmup (06),전이학습,beam5+no_repeat_ngram3,점점 괜찮아 지는것 같다가도.,힘들기도 하겠죠.,괜찮아지고 있어 다행이에요. 마음이 가벼워졌길 바라요.,1
KoBART B2 lr5e-5+warmup (06),전이학습,beam5+no_repeat_ngram3,헤어진 지 한달됐습니다,힘든가봐요.,어느덧 2주가 흘렀나봐요. 아직 실감이 나지 않고,1
KoBART B2 lr5e-5+warmup (06),전이학습,beam5+no_repeat_ngram3,배가 너무 고파,뭐 좀 챙겨드세요.,꼬박꼬박 챙겨 드세요. 따뜻하게 겨울 나길 바랍니다.,0
KoBART B2 lr5e-5+warmup (06),전이학습,beam5+no_repeat_ngram3,뭐라 하려다 참았어,계속 그러면 말하세요.,많이 지했나봐요. 곧 괜찮아질거라 믿어요.,0
KoBART B2 lr5e-5+warmup (06),전이학습,beam5+no_repeat_ngram3,후폭풍 재회를 두번 또 헤어짐,사랑도 헤어짐도 면역이 안되나봐요.,후폭풍이 지나갔길 바랄게요. 이별 후폭풍,1
KoBART B2 lr5e-5+warmup (06),전이학습,beam5+no_repeat_ngram3,엄청 로맨틱해,생각만해도 달콤하네요.,로맨틱하네요. 차분히 생각해보세요. 마음이 따뜻해질 거예요.,2
KoBART B2 lr5e-5+warmup (06),전이학습,beam5+no_repeat_ngram3,남편이 아기를 안 돌봐줘.,공동육아가 기본인데요.,경제적으로 도움이 되겠네요. 걱정하지 말아요. 신경쓰지 마,0
KoBART B2 lr5e-5+warmup (06),전이학습,beam5+no_repeat_ngram3,술먹고 연락도 없는,걱정되시겠어요.,연락이 안되나봐요. 정신 차리세요. 기운 내요.,1
KoBART B2 lr5e-5+warmup (06),전이학습,beam5+no_repeat_ngram3,지금 나오라고 하는거 예의 없음?,보고싶다고 연락은 해보는 게 좋을 거 같아요.,예의는 지켜주세요. 그러면 돼요. 그러면 자연스러워질거예,2
KoBART B2 lr5e-5+warmup (06),전이학습,beam5+no_repeat_ngram3,더워더워,차가운 음료 너무 많이 마시면 아니 되어요,여름이네요. 따뜻해졌네요. 습기조심하세요.,0
KoBART B2 lr5e-5+warmup (06),전이학습,beam5+no_repeat_ngram3,첫사랑은 안되는건가,의미 부여하지 마세요.,첫사랑은 안되는게 아니에요. 안되는 것보다 안되는,1
KoBART B2 lr5e-5+warmup (06),전이학습,beam5+no_repeat_ngram3,눈물이 많아졌어,세상 걱정 혼자 다 해서 그래요.,울어도 돼요. 웃어보세요. 기분이 바뀔거예요. 울,0
KoBART B2 lr5e-5+warmup (06),전이학습,beam5+no_repeat_ngram3,너무 힘든 나날을 보내고 있습니다.,원래 이별은 힘든 거예요.,힘든 나 보내고 있네요. 힘내세요. 힘내길 바랄,1
KoBART B2 lr5e-5+warmup (06),전이학습,beam5+no_repeat_ngram3,밤만 되면,생각날 거예요.,생각이 많아가면 돼요. 피곤할텐데 잠깐 주무세요. 기운,1
KoBART B2 lr5e-5+warmup (06),전이학습,beam5+no_repeat_ngram3,커플여행 어떻게 생각해?,누구랑 가느냐가 중요하겠죠.,같이 가는 여행도 좋을 것 같아요. 차분히 생각해보세요.,2
KoBART B2 lr5e-5+warmup (06),전이학습,beam5+no_repeat_ngram3,잘해줘도 이별은 아프네,이별의 끝은 항상 시린 것 같아요.,이별은 사람을 변덕쟁이로 만들기도 하죠. 상처받는 사람을,1
KoBART B2 lr5e-5+warmup (06),전이학습,beam5+no_repeat_ngram3,커플 폰케이스 사자고 해야겠다.,괜찮은거로 골라보세요.,합리적인 소비 사세요. 좋은 선물이 될거예요. 예쁘게 사,0
KoBART B2 lr5e-5+warmup (06),전이학습,beam5+no_repeat_ngram3,수영장 같이 가려고 해,즐거운 시간 보내고 오세요!,온 가족이 느낄 수 있는 시간이겠네요. 같이 가세요. 같이 가,0
KoBART B2 lr5e-5+warmup (06),전이학습,beam5+no_repeat_ngram3,옷이 다 젖었어,감기 조심 하세요.,감기 조심하세요. 땀을 내보세요. 바디로션이,0
KoBART B2 lr5e-5+warmup (06),전이학습,beam5+no_repeat_ngram3,짝녀 보란 듯이 성공하고 싶습니다.,큰 결심이네요. 꼭 성공할 거예요.,잘 될 수 있을 거예요. 당당히 말하세요. 당당하게 말하,2
KoBART B2 lr5e-5+warmup (06),전이학습,beam5+no_repeat_ngram3,부모님 반대 설득하고 싶어,자식 이기는 부모 없을 거예요.,부모님도 사정이 있을거예요. 이해하려고 노력해보세요. 후회하지,2
KoBART B2 lr5e-5+warmup (06),전이학습,beam5+no_repeat_ngram3,말을 수시로 바꾸는 사람 어떻게 해?,빼도 박도 못하는 증거를 만들어 놓으세요.,말투 사람마다 다릅니다. 신경쓰지 마세요. 신경쓰,0
KoBART B2 lr5e-5+warmup (06),전이학습,beam5+no_repeat_ngram3,"괜찮은 척, 어른인척",척 안해도 돼요.,어른이 된 걸 축하해요. 따뜻하게 입으세요. 어머,1
KoBART B2 lr5e-5+warmup (06),전이학습,beam5+no_repeat_ngram3,물배달 시켜야겠다.,부지런하시네요.,부지런하시네요. 힘내세요. 부지런히 하세요. 부지,0
KoBART B2 lr5e-5+warmup (06),전이학습,beam5+no_repeat_ngram3,짝녀 보고 싶다.,그럴 만 해요.,저도 보고 싶네요. 꼭 보고 싶은걸 찾아보세요. 꼭 보고,2
KoBART B2 lr5e-5+warmup (06),전이학습,beam5+no_repeat_ngram3,좋아하는 사람이 있는데 할 말이 없어서 연락이 끊겼어.,또 다시 연락할 수 있어요.,신경 쓰이는일 수도 있어요. 그렇지만 조금 더 상황을 지켜보세요. 마음이 정리될,2
KoBART B2 lr5e-5+warmup (06),전이학습,beam5+no_repeat_ngram3,퇴근 후에 만나자고 해볼까,용기내세요.,용기내서 말해보세요. 마음이 정리가 될 거예요. 용기,0
KoBART B2 lr5e-5+warmup (06),전이학습,beam5+no_repeat_ngram3,나만 좋아하는 것 같아 자존감 떨어져.,더 좋아하게 만들면 돼요.,자존감 회복을 위해 노력해보세요. 당당히 말할 수 있을 거예요.,2
KoBART B2 lr5e-5+warmup (06),전이학습,beam5+no_repeat_ngram3,사귀던 사람이 잠수탔어,너무 걱정하지 마세요. 조금더 기다려보세요.,은근 중에 연락을 기다리고 있었나봐요. 곧 좋은 소식이 들리,2
KoBART B2 lr5e-5+warmup (06),전이학습,beam5+no_repeat_ngram3,SNS 시간낭비인데 자꾸 보게됨,시간을 정하고 해보세요.,시간낭 여유가 생겨서 그런 것 같아요. 신경쓰지 마세요.,0
KoBART B2 lr5e-5+warmup (06),전이학습,beam5+no_repeat_ngram3,마음이 변할까봐 두려워,서로에게 믿음을 주세요.,달라지는 게 없다면 만나지 않는 게 더 나을지도 몰라요.,2
KoBART B2 lr5e-5+warmup (06),전이학습,beam5+no_repeat_ngram3,내가 나빴네,아니에요. 너무 자책하지 마세요.,나빴 좋은 사람 만나길 바랄게요. 언제나 좋은 사람 만날,0
KoBART B2 lr5e-5+warmup (06),전이학습,beam5+no_repeat_ngram3,폰 자꾸 보게 돼,보지 마세요.,많이 바쁜보단 낫죠. 핸드폰 케이스를 먼저 만들어보세요.,1
KoBART B2 lr5e-5+warmup (06),전이학습,beam5+no_repeat_ngram3,나 사랑할 자격 없는 사람이야,사랑에는 조건이 필요없어요.,사랑에는 자격 없는 사람이네요. 용서하고 기회를 주세요. 당당히,2
KoBART B2 lr5e-5+warmup (06),전이학습,beam5+no_repeat_ngram3,시어머니가 질투해,아들을 빼앗겼다고 생각하나봐요.,시어머니증 시어머니를 두셨나봐요. 무시하세요.,0
KoBART B2 lr5e-5+warmup (06),전이학습,beam5+no_repeat_ngram3,월욜부터 힘드네.,기분 탓인지 월요일은 항상 힘든 것 같아요.,푹 쉬고 오세요. 기운 내길 바랄게요. 푹 쉬,1
KoBART B2 lr5e-5+warmup (06),전이학습,beam5+no_repeat_ngram3,말하는 거 귀여워,하트 뿅뿅이네요.,귀여운 사람이 말해서 그래요. 귀여워요. 칭찬해주고 싶네,2
KoBART B2 lr5e-5+warmup (06),전이학습,beam5+no_repeat_ngram3,더 사랑해달래,더 많이 표현해주세요.,사랑해 사람이니까요. 존중해요. 더 사랑해주세요. 더 사랑,2
KoBART B2 lr5e-5+warmup (06),전이학습,beam5+no_repeat_ngram3,냉방비 너무 많이 나와,시원하게 지낸 값이죠.,겨울에는네요. 따뜻하게 겨울 나길 바랄게요. 눈,0
KoBART B2 lr5e-5+warmup (06),전이학습,beam5+no_repeat_ngram3,추억은 힘이 없다.,추억은 미화되기 마련이죠.,추억은 미화되기 마련이죠. 힘내세요. 저랑 함께,1
KoBART B2 lr5e-5+warmup (06),전이학습,beam5+no_repeat_ngram3,허전한게 좀 그렇다,채워질 거예요.,마음이 허전한가봐요. 좀 쉬어야 할 것 같네요.,0
KoBART B2 lr5e-5+warmup (06),전이학습,beam5+no_repeat_ngram3,내가 좋아하는 걸 티냈는데 못 알아챘을까?,못 알아차렸을 수도 있어요.,확실한 의사표시를 해보는 건 어떨까요. 신경쓰지 않는,2
KoBART B2 lr5e-5+warmup (06),전이학습,beam5+no_repeat_ngram3,해외여행하다 숙소에서 만난 외국인이 너무 좋은데 이 연애 무리일까?,사랑에 국경은 없어요.,상대방을 대한 예의일 것 같네요. 신경쓰지 마세요.,2
KoBART B2 lr5e-5+warmup (06),전이학습,beam5+no_repeat_ngram3,자꾸 갠톡하는 선배 있는데 관심 있나?,호감이 있을 수도 있어요. 그렇지만 조금 더 상황을 지켜보세요.,호감이 있을 수도 있어요. 그렇지만 조금 더 상황을 지켜보세요. 신경쓰지,2
KoBART B2 lr5e-5+warmup (06),전이학습,beam5+no_repeat_ngram3,녹차 마실래?,드시는거 보기만 해도 좋아요.,차 한차 한잔 해요. 기분이 바뀔 거예요. 차차차차,0
KoBART B2 lr5e-5+warmup (06),전이학습,beam5+no_repeat_ngram3,사랑 별거 없네,별거 없다가도 전부가 되는게 사랑이에요,별거 아니라고 생각해보세요. 사랑 자체는 별거 아니에요.,2
KoBART B2 lr5e-5+warmup (06),전이학습,beam5+no_repeat_ngram3,내려놓기,잘했어요.,내려놓길 바랄게요. 살짝 내려놓으세요. 한결 가벼,1
KoBART B2 lr5e-5+warmup (06),전이학습,beam5+no_repeat_ngram3,이젠 어떡해얄지 모르겠어,일기를 써보세요.,이별은 상처를 남기고 가니까요. 상처를 보듬어주고 싶네,1
KoBART B2 lr5e-5+warmup (06),전이학습,beam5+no_repeat_ngram3,내 사랑이 있을까?,눈을 크게 뜨고 잘 찾아보세요.,사랑은 소유하는 것이 아니에요. 내 마음대로 내 마음대로 되지 않아요.,2
KoBART B2 lr5e-5+warmup (06),전이학습,beam5+no_repeat_ngram3,술마시고 있네,한 잔하기 좋은 날이네요.,저랑 한 잔 해요. 기분이 좀 나아졌길 바랄게,1
KoBART B2 lr5e-5+warmup (06),전이학습,beam5+no_repeat_ngram3,썸남이 오디션 나간대,응원해주세요.,사귀고 나서 가도 늦지 않아요. 썸의 가능성이,2
KoBART B2 lr5e-5+warmup (06),전이학습,beam5+no_repeat_ngram3,장거리 이별,잘 견뎌왔는데 힘든 순간이었죠.,이별을 헤아리는 건 자신을 더 힘들게 만들 뿐이에요.,1
KoBART B2 lr5e-5+warmup (06),전이학습,beam5+no_repeat_ngram3,계속 생각나는 사람.,사랑했던 만큼 생각나겠죠.,언젠간 선택을 해야 하는 시기가 올 거예요. 차분히 생각해보세요.,1
KoBART B2 lr5e-5+warmup (06),전이학습,beam5+no_repeat_ngram3,여행가고 싶다,계획을 세워보세요.,여행은 항상 좋죠. 다녀오세요. 그리고 가세요. 비행기표,0
KoBART B2 lr5e-5+warmup (06),전이학습,beam5+no_repeat_ngram3,담배 끊는 거 어려워,자신을 이겨야해요.,금연 프로그램을 소개해보세요. 금연 프로그램을 찾아보세요. 도움이 될 수도 있어요.,0
KoBART B2 lr5e-5+warmup (06),전이학습,beam5+no_repeat_ngram3,친구들이 짝녀를 별로라고 하네요.,무슨 이유에서 그랬을까요.,친구를 사귀어 보세요. 마음이 정리될지도 몰라요. 용기를 내,2
KoBART B2 lr5e-5+warmup (06),전이학습,beam5+no_repeat_ngram3,썸남이 연락이 안돼,연락이 중요한 시기인데요.,먼저 연락해보세요. 썸의 가능성이 높겠네요. 연락해보,2
KoBART B2 lr5e-5+warmup (06),전이학습,beam5+no_repeat_ngram3,해외여행 가고 싶어.,그럼요!,가고 싶은 곳이 있는지 연락해보세요. 생각이 정리될 거예요. 같이 가요.,0
KoBART B2 lr5e-5+warmup (06),전이학습,beam5+no_repeat_ngram3,실비 드는게 좋을까,잘 알고 들어도 좋을 것 같아요.,잘해야 수 있을 거예요. 조금만 참고 견뎌보세요. 좋은 결과가 있을,0
KoBART B2 lr5e-5+warmup (06),전이학습,beam5+no_repeat_ngram3,내가 이렇게 또 불효를 한다.,연락이라도 드려보세요.,불효 연습을 해보세요. 미련이 남지 않을지도 몰라요.,0
KoBART B2 lr5e-5+warmup (06),전이학습,beam5+no_repeat_ngram3,아마 평생 모르겠지.,평생 모르고 사는 게 참 많죠.,인생은 항상 마음 먹은 대로 되지 않아요. 마음의 준비가 필요해요.,2
KoBART B2 lr5e-5+warmup (06),전이학습,beam5+no_repeat_ngram3,나를 떠보는 것 같은 짝남.,떠보는 것보다 직구 날려보세요.,떠보는리만 해요. 신경쓰지 마세요. 마음이 정리될,2
KoBART B2 lr5e-5+warmup (06),전이학습,beam5+no_repeat_ngram3,남자친구한테 서운해,수천번 생각해도 이건 아니라고 생각이 되면 서운하다고 이야기하세요.,서운하지 마세요. 당신도 서운해할거예요.,2
KoBART B2 lr5e-5+warmup (06),전이학습,beam5+no_repeat_ngram3,좋아하는 사람에 대한 관심을 끄는 방법이 뭐가 있을까.,다른일로 바쁘면 조금 덜할 거예요.,공통점을사를 찾아보세요. 공통점을 찾아내서 관심을 끄는,2
KoBART B2 lr5e-5+warmup (06),전이학습,beam5+no_repeat_ngram3,배 아파서 기분이 안 좋아,약이 필요하면 도움을 받아보세요.,약을 발라거나 병원에 가보세요. 증상이 호전될지도 몰라요.,0
KoBART B2 lr5e-5+warmup (06),전이학습,beam5+no_repeat_ngram3,친구랑 싸웠어,싸우면서 정 들 거예요.,친구로서 먼저 사과해보세요. 상처받지 않을 자신 있네요. 용서,0
KoBART B2 lr5e-5+warmup (06),전이학습,beam5+no_repeat_ngram3,선생님이 나만 뭐라고 해,애정표현이라고 생각하세요.,선생님도 응원할게요. 저랑 수다 떨어요. 같이 따라,0
KoBART B2 lr5e-5+warmup (06),전이학습,beam5+no_repeat_ngram3,하루가 일년같아,시간이 더디게 흐르죠.,생각보다 많은 시간이 지났네요. 안녕히 주무세요. 힘내세요,1
KoBART B2 lr5e-5+warmup (06),전이학습,beam5+no_repeat_ngram3,과거에 얽매여 있어,과거랑 현재랑 미래는 함께 해요.,추억에 잠길 수 있으면 좋을텐데 애석해요. 어서,1
KoBART B2 lr5e-5+warmup (06),전이학습,beam5+no_repeat_ngram3,신혼여행 가서 돌아오기 싫다,휴가를 붙여보세요.,신혼여행은 자유여행이죠! 자유여행을 떠나보세요.,0
KoBART B2 lr5e-5+warmup (06),전이학습,beam5+no_repeat_ngram3,개좋아,저도 좋아해주세요.,축하드려요! 기분이 좋아졌으면 좋겠네요. 기분이 좋아질,0
KoBART B2 lr5e-5+warmup (06),전이학습,beam5+no_repeat_ngram3,연애상담하더니 둘이 사귀더라,대화를 하다가 친해졌나봐요.,고민하고 있다면 그게 맞을거예요. 이성으로 대해보세요.,2
KoBART B2 lr5e-5+warmup (06),전이학습,beam5+no_repeat_ngram3,집이 너무 지저분해,청소기를 돌려보세요.,지저분해요. 어서 치과 가보세요. 힘내세요.,0
KoBART B2 lr5e-5+warmup (06),전이학습,beam5+no_repeat_ngram3,이제 끝인가봐,이별을 받아들이는 건 쉬운 일이 아니겠죠.,끝을 생각한 순간 끝을 알 수 있어요. 기운 내길 바랄,1
KoBART B2 lr5e-5+warmup (06),전이학습,beam5+no_repeat_ngram3,좋아하는 사람 잊는 방법 조언 좀.,가슴 아픈 질문이네요.,확실한 의사표시를 해보는 건 어떨까요. 차분히 생각해,2
KoBART B2 lr5e-5+warmup (06),전이학습,beam5+no_repeat_ngram3,신청했더니 정말로 왔네ㅎㅎ,좋은 결과길 바라요.,축하드려요. 좋은 결과 있길 바랄게요. 응원할게,1
KoBART B2 lr5e-5+warmup (06),전이학습,beam5+no_repeat_ngram3,면접 팁 좀 줘,잘 볼 수 있을 거예요.,잘 볼 수 있을 거예요. 당당하게 말하세요. 당당히 말하,0
KoBART B2 lr5e-5+warmup (06),전이학습,beam5+no_repeat_ngram3,나 실수한건가,잘 생각해보세요.,실망을 안 했나봐요. 곧 실수가 올거예요.,0
KoBART B2 lr5e-5+warmup (06),전이학습,beam5+no_repeat_ngram3,너무 매달렸나봐,너무 사랑한 거였을 거예요.,인내 거기까지였나봐요. 후회하지 말아요. 힘내,1
KoBART B2 lr5e-5+warmup (06),전이학습,beam5+no_repeat_ngram3,연락 못하는 아픔.,당분간은 힘들지 몰라요.,힘들겠지만 언젠간 잊혀질거예요. 걱정하지마세요.,1
KoBART B2 lr5e-5+warmup (06),전이학습,beam5+no_repeat_ngram3,분하고 그립고 고통스러워.다른 여자 사랑하는 그모습,이제 과거를 보지 마요.,사랑했던 만큼 아픔도 크겠죠. 상처도 커서 그래요.,1
KoBART B2 lr5e-5+warmup (06),전이학습,beam5+no_repeat_ngram3,내 남자로 만들기,사랑은 소유하는 게 아니에요.,남들이 신경쓰지 마세요. 당당해지세요. 당당해질 거예요. 당당,2
KoBART B2 lr5e-5+warmup (06),전이학습,beam5+no_repeat_ngram3,사랑하고 사람이 달라졌어,화학 물질이 접촉하는 것처럼 반응이 일어나서 완전히 바뀌게 되죠.,달라지는 게 없다면 만나지 않는 게 더 나을 수도 있어요. 그렇지만,2
KoBART B2 lr5e-5+warmup (06),전이학습,beam5+no_repeat_ngram3,중2 히스테리 알아?,힘들 때네요.,신경쓰지 마세요. 기분이 나아지니까요. 기분이 좋아질 거예요.,0
KoBART B2 lr5e-5+warmup (06),전이학습,beam5+no_repeat_ngram3,친구가 나한테 집착해,거리를 두세요.,신경쓰이겠네요. 무시하세요. 화를 참는 연습을,0
KoBART B2 lr5e-5+warmup (06),전이학습,beam5+no_repeat_ngram3,뭔 상황인지 헷갈리네.,애매하긴 해요.,어떤 상황인지 가늠할 수 없어요. 상황에 따라 다를 것 같아요.,1
KoBART B2 lr5e-5+warmup (06),전이학습,beam5+no_repeat_ngram3,좋아하는 여자애가 남친 사귈 마음이 없다는데 진짜일까?,그건 본인만 알 거예요.,확실한 의사표시를 해보는 건 어떨까요. 직접 물어보는 건,2
KoBART B2 lr5e-5+warmup (06),전이학습,beam5+no_repeat_ngram3,속이는 거 더 못하겠어,남을 속이는건 나쁜거예요.,속상 속박에서 벗어나세요. 무엇이든 할 수 있어요. 미련,0
KoBART B2 lr5e-5+warmup (06),전이학습,beam5+no_repeat_ngram3,전공 잘못 골랐나봐,내가 맞는 것과 맞지 않은 걸 구별해보세요.,전공에 관심이 많은가봐요. 이해하려고 노력해보세요. 전공에,0
KoBART B2 lr5e-5+warmup (06),전이학습,beam5+no_repeat_ngram3,썸남한테 소개팅 나간다고 해볼까?,상대방을 헷갈리게 하는건 좋지 않아요.,호감이 있을 수도 있어요. 그렇지만 조금 더 상황을 지켜보세요. 차분히,2
KoBART B2 lr5e-5+warmup (06),전이학습,beam5+no_repeat_ngram3,많이 좋아하던 전여친에게 연락해도될까?,연락은 자유지만 후회는 할 수도 있어요.,달라지는게 없다면 연락하는게 더 나을지도 몰라요. 신경,2
KoBART B2 lr5e-5+warmup (06),전이학습,beam5+no_repeat_ngram3,맨날 짝사랑만 하다가 끝났는데 연애할 수 있을까?,언젠가 진정한 사랑이 나타날 거예요.,맨날사랑으로 끝나지 않길 바랄게요. 연애에,2
KoBART B2 lr5e-5+warmup (06),전이학습,beam5+no_repeat_ngram3,권태기로 헤어지면 후회할까,극복하려는 노력은 해보는 게 좋을 거 같아요.,후회하지 않을 자신 있다면 연락해보세요. 후회하지 않아도 돼요. 그러면,1
KoBART B2 lr5e-5+warmup (06),전이학습,beam5+no_repeat_ngram3,오늘도 짝남이 멋졌어.,멋진 분이군요.,멋지게 데이트 신청 해보세요. 멋져요. 기분 나겠네,2
KoBART B2 lr5e-5+warmup (06),전이학습,beam5+no_repeat_ngram3,집 샀어,내 집 마련 축하드려요.,내 집 마련 축하드려요. 열심히 저축해 보세요. 좋은 결과가 있을,0
KoBART B2 lr5e-5+warmup (06),전이학습,beam5+no_repeat_ngram3,나만 힘든 거였구나,마음이 약해 탈이네요.,조금만 더 버텨보세요. 한결 가벼워질거예요. 힘,1
KoBART B2 lr5e-5+warmup (06),전이학습,beam5+no_repeat_ngram3,감당 못하는 사랑,감당할 수 있는 만큼만 베푸세요.,감당하기 어려우니 조금만 더 버텨보세요. 힘내세요.,2
KoBART B2 lr5e-5+warmup (06),전이학습,beam5+no_repeat_ngram3,집착인걸까.,잘 생각해보세요.,집착이 마인드 컨트롤이 필요해요. 집착하지 마세요.,1
KoBART B2 lr5e-5+warmup (06),전이학습,beam5+no_repeat_ngram3,1년 동거 중인데 계속 좋아,서로 깊게 알게되면서 더 좋아졌나봅니다.,동호이에요. 기분이 좋아졌으면 좋겠네요. 안녕히 주무,2
KoBART B2 lr5e-5+warmup (06),전이학습,beam5+no_repeat_ngram3,드디어 천일,축하합니다.,천국과 지름길이에요. 안녕히 주무세요. 새해 복 받으,0
KoBART B2 lr5e-5+warmup (06),전이학습,beam5+no_repeat_ngram3,설마했던 진짜 이별,앞일은 알 수가 없나봐요.,설마 설마 했나봐요. 금방 잊혀질거예,1
KoBART B2 lr5e-5+warmup (06),전이학습,beam5+no_repeat_ngram3,짝남한테 크리스마스 선물할건데 추천 좀.,목도리는 어떨까요.,작은 선 선물도 좋을 것 같아요. 차분히 생각해보세요.,2
KoBART B2 lr5e-5+warmup (06),전이학습,beam5+no_repeat_ngram3,씨씨인데 몰래 만나고 있는데 공개 연애 하자고 할까?,몰래 만날 수 있는 만큼 몰래 만나보세요.,공개 연애 하자고 말해보세요. 마음이 정리될 거예요. 차분히,2
KoBART B2 lr5e-5+warmup (06),전이학습,beam5+no_repeat_ngram3,이젠 슬픈 사랑,슬픈 이별이기도 하네요.,슬픈 사랑은 애틋한 슬픔을 전해요. 슬픈 사랑 만큼 슬픈,1
KoBART B2 lr5e-5+warmup (06),전이학습,beam5+no_repeat_ngram3,먹을까 참을까,조금만 드세요,냉장고 파먹기 해보세요. 맛있게 드셔보세요. 정,0
KoBART B2 lr5e-5+warmup (06),전이학습,beam5+no_repeat_ngram3,옷 사 줘,아직 월급날이 멀었어요.,옷은 사도 사도 모자라요. 조심히 입으세요.,0
KoBART B2 lr5e-5+warmup (06),전이학습,beam5+no_repeat_ngram3,썸인지 알려면,어느 정도 시간과 연락과 관심이 필요하겠네요.,먼저 연락해보세요. 연락해보는게 서로에게 좋을 것 같아요.,2
KoBART B2 lr5e-5+warmup (06),전이학습,beam5+no_repeat_ngram3,하루에 만보 걷기,좋은 건강습관이네요.,좋은 건강습관이네요. 안녕히 주무세요. 감사합니다. 힘내,0
KoBART B2 lr5e-5+warmup (06),전이학습,beam5+no_repeat_ngram3,장수커플이야,사랑은 유지하는 게 중요한데 대단하네요.,서로 배려 좋은 사람이네요. 헤어지더라도 좋은 사람 만날 수 있을,2
KoBART B2 lr5e-5+warmup (06),전이학습,beam5+no_repeat_ngram3,취미생활 같이하는 게 좋다던데,함께하면 서로를 더 많이 알게 될 거예요.,취미과에 가보세요. 정리가 될지도 몰라요. 다른,0
KoBART B2 lr5e-5+warmup (06),전이학습,beam5+no_repeat_ngram3,잘지내고있니,잘 지내고 있어요.,잘 지내고 있을 거예요. 조금만 더 힘내세요. 잘 지낼 수,1
KoBART B2 lr5e-5+warmup (06),전이학습,beam5+no_repeat_ngram3,생각이 자꾸 나,좋아하나봐요.,생각이 많은가봐요. 생각을 정리해 보세요. 생각이 정리될 거예요. 생각을,2
KoBART B2 lr5e-5+warmup (06),전이학습,beam5+no_repeat_ngram3,오래 못 가는 연애,"연애는 문제가 있으면 문제를 해결 하기 위해 함께 노력하고 그 속에서 더욱 단단해지는 과정인데, 그 과정을 못 참고 피하기만 했나봅니다.",사랑에 나졌나봐요. 사랑에 나이는 중요하지 않다고 봅니다.,2
KoBART B2 lr5e-5+warmup (06),전이학습,beam5+no_repeat_ngram3,정말 다시돌아 온다면,잘할 자신이 있어도 힘든 게 재회예요.,다시 돌아오돌아오길 바랄게요. 다시 돌아오길 바라요.,1
KoBART B2 lr5e-5+warmup (06),전이학습,beam5+no_repeat_ngram3,짝남을 반에서 공개적으로 좋아하는게 나을까요?,경쟁자를 없애기 위해 그게 나을 수도 있어요.,공개적으로 하는 게 좋을 것 같네요. 그렇지만 조금 더 상황을 지켜보,2
KoBART B2 lr5e-5+warmup (06),전이학습,beam5+no_repeat_ngram3,넥타이핀 정도는 선물로 줘도 괜찮겠지?,실용적인 선물이라 괜찮을 거예요.,받으면 감동 받을 것 같아요. 부담스럽지 않은 선물이 좋겠네,0
KoBART B2 lr5e-5+warmup (06),전이학습,beam5+no_repeat_ngram3,울적하다,울적.... 우울할땐.... 울면,울어도 돼요. 웃으면 돼요. 힘내세요. 울면 돼,0
KoBART B2 lr5e-5+warmup (06),전이학습,beam5+no_repeat_ngram3,사람 만나는 게 쉽지 않아,미리 움츠러들지 않아도 돼요.,쉽지 않겠거예요. 그렇지만 한번더 만나보세요. 마음이 정리될,0
KoBART B2 lr5e-5+warmup (06),전이학습,beam5+no_repeat_ngram3,사랑만으로 다 될줄 알았던 우리들,그때는 우리 다 순수했던 걸까요.,사랑만으로 사람이니까요. 힘내지 않아도 돼요. 힘내세요. 사랑,1
KoBART B2 lr5e-5+warmup (06),전이학습,beam5+no_repeat_ngram3,여자친구한테 더 이상 설레지 않아,정말 큰 문제네요.,그분 생각을 많이 했나봐요. 곧 좋은 소식이 들리려고,2
KoBART B2 lr5e-5+warmup (06),전이학습,beam5+no_repeat_ngram3,이별 극복할수있을까?,당신이라면 충분히 극복할 수 있어요.,고민하고 있다면 그게 맞을거예요. 극복할 수 있을 거예요.,1
KoBART B2 lr5e-5+warmup (06),전이학습,beam5+no_repeat_ngram3,친구한테 자꾸 집착하게 돼,자신 스스로에게 의지해보세요.,집착하지 수 밖에 없어요. 차분히 생각해보세요. 자신만,0
KoBART B2 lr5e-5+warmup (06),전이학습,beam5+no_repeat_ngram3,소심한 남자와의 연애,직설적으로 통보하는 말보다는 조금 더 부드럽게 권유하고 물어보는 말을 해보세요.,신경쓰이겠네요. 차분히 생각해보세요. 마음이 정리,2
KoBART B2 lr5e-5+warmup (06),전이학습,beam5+no_repeat_ngram3,돈이 안 모여,한푼 두푼 차곡차곡,한푼 두푼 차근차근 준비해보세요. 생각이 많아질,0
KoBART B2 lr5e-5+warmup (06),전이학습,beam5+no_repeat_ngram3,보고싶네,보고싶을 거예요.,보고 싶은가봐요. 연락해 보세요. 마음이 정리될거예,1
KoBART B2 lr5e-5+warmup (06),전이학습,beam5+no_repeat_ngram3,썸남이 약속 자꾸 미루는데 내가 싫은걸까?,어쩔 수 없는 상황인지 물어보세요.,미루는 게 싫은 걸 수도 있어요. 그렇지만 조금 더 상황을 지켜보세요.,2
KoBART B2 lr5e-5+warmup (06),전이학습,beam5+no_repeat_ngram3,헤어진지 1달반정도 됬네,금방 지나갈 거예요.,어느덧 2주가 흘렀나봐요. 아직 미련은 남아있,1
KoBART B2 lr5e-5+warmup (06),전이학습,beam5+no_repeat_ngram3,좋아하는 사람이 쓰레기면 어떻게 할꺼야?,쓰레기 옆에 있기 싫어서 도망갈 거예요.,마음이 허락건데 아무렇지도 않아요. 자연스러운 현상이에요.,2
KoBART B2 lr5e-5+warmup (06),전이학습,beam5+no_repeat_ngram3,이게 바로 첫사랑인듯,당신의 소중한 사랑을 이루어 보세요.,사랑했던 이어가길 바랄게요. 당신의 첫사랑을 응원,2
KoBART B2 lr5e-5+warmup (06),전이학습,beam5+no_repeat_ngram3,나들이를 가볼까,같이 가요.,즐거운 시간 보내시길 바랄게요. 어디든 좋아요. 즐거운,0
KoBART B2 lr5e-5+warmup (06),전이학습,beam5+no_repeat_ngram3,원서 낸거 1지망에서 떨어졌어,위로해 드립니다.,다음에는 잘 볼 수 있을 거예요. 눈에서 멀어지지 않았으면,0
KoBART B2 lr5e-5+warmup (06),전이학습,beam5+no_repeat_ngram3,친구라는게 뒷담화나 하다니,친구라고 생각한 시간이 아깝네요.,뒷담수 생각나나봐요. 곧 괜찮아질거예,0
KoBART B2 lr5e-5+warmup (06),전이학습,beam5+no_repeat_ngram3,내가 불효자야,연락이라도 드려보세요.,제가 있드릴게요. 부탁드려보세요. 어머 궁금하네요.,0
KoBART B2 lr5e-5+warmup (06),전이학습,beam5+no_repeat_ngram3,썸 타던 사이인데 부담 돼. 연락 무시해도 될까?,부담되면 마음이 가지 않는 거니 정리도 필요하겠네요.,부담스럽지 않은 선이 좋겠네요. 연락 무시해도 돼요.,2
KoBART B2 lr5e-5+warmup (06),전이학습,beam5+no_repeat_ngram3,진짜 완전체가 있어,상대를 용서하면서 분출할 수 있는 탈출구를 찾아보세요.,제가 있드릴 수 있는 걸 해드릴게요. 저한테 말해주,0
KoBART B2 lr5e-5+warmup (06),전이학습,beam5+no_repeat_ngram3,외로워,혼자가 아니에요.,외로운 외로운가봐요. 힘내세요! 외로워도,0
KE-T5 lr5e-5+warmup (06),전이학습,beam5+no_repeat_ngram3,성형할까,돈 많이 들텐데요.,울어도 괜찮아요.,0
KE-T5 lr5e-5+warmup (06),전이학습,beam5+no_repeat_ngram3,나도 커플룩 입고 싶다,커플부터 만드세요.,울어도 괜찮아요.,0
KE-T5 lr5e-5+warmup (06),전이학습,beam5+no_repeat_ngram3,불안해,두려워하지 않아도 돼요.,울어도 괜찮아요.,0
KE-T5 lr5e-5+warmup (06),전이학습,beam5+no_repeat_ngram3,알바구함,하고 싶은 알바 지원해보세요.,울어도 괜찮아요.,0
KE-T5 lr5e-5+warmup (06),전이학습,beam5+no_repeat_ngram3,뭐 좀 배워볼까봐,배우는 건 항상 즐거운 일이에요.,울어도 괜찮아요.,0
KE-T5 lr5e-5+warmup (06),전이학습,beam5+no_repeat_ngram3,죽을만큼 보고싶다.,많이 사랑했나봐요.,울어도 괜찮아요.,1
KE-T5 lr5e-5+warmup (06),전이학습,beam5+no_repeat_ngram3,맥주 마셔야지,적당히 드세요.,울어도 괜찮아요.,0
KE-T5 lr5e-5+warmup (06),전이학습,beam5+no_repeat_ngram3,혼수 얼마나 들까?,사람 마다 달라요.,울어도 괜찮아요.,0
KE-T5 lr5e-5+warmup (06),전이학습,beam5+no_repeat_ngram3,나 천재 같아,제가 따라가려면 멀었네요.,울어도 괜찮아요.,0
KE-T5 lr5e-5+warmup (06),전이학습,beam5+no_repeat_ngram3,시원섭섭하지만 후련하네.,한결 나아졌길 바랄게요.,울어도 괜찮아요.,1
KE-T5 lr5e-5+warmup (06),전이학습,beam5+no_repeat_ngram3,이혼,쉽지 않은 결정이죠.,울어도 괜찮아요.,1
KE-T5 lr5e-5+warmup (06),전이학습,beam5+no_repeat_ngram3,한 사람만 죽을 때까지 사랑하는 게 가능할까?,그러기 힘들어서 결혼이라는 제도를 만든 걸 수도 있어요.,울어도 괜찮아요.,2
KE-T5 lr5e-5+warmup (06),전이학습,beam5+no_repeat_ngram3,썸 타다 깨졌는데 다시 연락해도 되나.,감정에 확신이 있다면 연락해보세요.,울어도 괜찮아요.,2
KE-T5 lr5e-5+warmup (06),전이학습,beam5+no_repeat_ngram3,날씨가 너무 추워,집밖에 나가기가 힘들것 같아요.,울어도 괜찮아요.,0
KE-T5 lr5e-5+warmup (06),전이학습,beam5+no_repeat_ngram3,내일로 꼭 헤어진지 1년째네,헤어진 기념일 따지지 마세요.,울어도 괜찮아요.,1
KE-T5 lr5e-5+warmup (06),전이학습,beam5+no_repeat_ngram3,소오름 쫙,좋은 일이길 바랍니다.,울어도 괜찮아요.,0
KE-T5 lr5e-5+warmup (06),전이학습,beam5+no_repeat_ngram3,오랜만에 결혼한 친구 만나고 왔는데.,소식을 들었나봐요.,울어도 괜찮아요.,1
KE-T5 lr5e-5+warmup (06),전이학습,beam5+no_repeat_ngram3,약속을 계속 미루는 썸남,약속을 소홀히 생각하는 사람은 믿음직스럽지 못해요.,울어도 괜찮아요.,2
KE-T5 lr5e-5+warmup (06),전이학습,beam5+no_repeat_ngram3,빨리 찾아온 사랑,인생은 타이밍이에요.,울어도 괜찮아요.,2
KE-T5 lr5e-5+warmup (06),전이학습,beam5+no_repeat_ngram3,"보고싶다, 목소리라도 듣고싶어",전화하지마요.,울어도 괜찮아요.,1
KE-T5 lr5e-5+warmup (06),전이학습,beam5+no_repeat_ngram3,헤어지고 4달째,많은 시간이 흘렀네요.,싫길 바랄게요.,1
KE-T5 lr5e-5+warmup (06),전이학습,beam5+no_repeat_ngram3,우리집 망했다,철 들고 공부하세요.,울어도 괜찮아요.,0
KE-T5 lr5e-5+warmup (06),전이학습,beam5+no_repeat_ngram3,인연이었다던 그사람,또 다른 인연이 있기 마련이죠.,울어도 괜찮아요.,1
KE-T5 lr5e-5+warmup (06),전이학습,beam5+no_repeat_ngram3,2주동안 참을만 했는데,잘 참았어요.,울어도 괜찮아요.,1
KE-T5 lr5e-5+warmup (06),전이학습,beam5+no_repeat_ngram3,좋아하는 여자애한테 어떻게 관심 표현하는지 조언 좀.,그녀의 관심사에 호감을 드러내세요.,울어도 괜찮아요.,2
KE-T5 lr5e-5+warmup (06),전이학습,beam5+no_repeat_ngram3,일어나자마자 우울,달콤한 차라도 한 잔 해보세요.,울어도 괜찮아요.,1
KE-T5 lr5e-5+warmup (06),전이학습,beam5+no_repeat_ngram3,헤어지고 다시 만나고 하다 결국 이별,헤어짐에 무뎌지지 않죠.,울어도 괜찮아요.,1
KE-T5 lr5e-5+warmup (06),전이학습,beam5+no_repeat_ngram3,마음을 보여 주고 싶어.,그래서 표현이 중요해요.,울어도 괜찮아요.,0
KE-T5 lr5e-5+warmup (06),전이학습,beam5+no_repeat_ngram3,제가 좋아하던 사람이 절 좋아하면 갑자기 거부감 들고 싫어져요.,어떤 트라우마가 있었는지도 모르겠어요.,울어도 괜찮아요.,2
KE-T5 lr5e-5+warmup (06),전이학습,beam5+no_repeat_ngram3,예랑이가 마마보이인듯,남자는 여자하기 나름이래요. 변화시켜 보세요.,울어도 괜찮아요.,2
KE-T5 lr5e-5+warmup (06),전이학습,beam5+no_repeat_ngram3,어이가 없어서,그냥 잊어버리세요.,울어도 괜찮아요.,0
KE-T5 lr5e-5+warmup (06),전이학습,beam5+no_repeat_ngram3,바보짓 그만 둘래,천천히 그만두세요.,울어도 괜찮아요.,1
KE-T5 lr5e-5+warmup (06),전이학습,beam5+no_repeat_ngram3,살찐 거 같아,기분일꺼에요.,울어도 괜찮아요.,0
KE-T5 lr5e-5+warmup (06),전이학습,beam5+no_repeat_ngram3,결혼준비하는데 돈 얼마나 드나,욕심에 따라 천지 차이일 거예요.,울어도 괜찮아요.,0
KE-T5 lr5e-5+warmup (06),전이학습,beam5+no_repeat_ngram3,목욕탕 가야지,시원하게 씻고 오세요.,울어도 괜찮아요.,0
KE-T5 lr5e-5+warmup (06),전이학습,beam5+no_repeat_ngram3,싸우면 연락 안 받는 사람 어떻게 해?,혼자 풀릴 때까지 놔둬야하는데 기다리는게 힘들 거예요.,울어도 괜찮아요.,0
KE-T5 lr5e-5+warmup (06),전이학습,beam5+no_repeat_ngram3,세상에 영원한 것은 없다.,제가 영원을 약속할게요.,울어도 괜찮아요.,1
KE-T5 lr5e-5+warmup (06),전이학습,beam5+no_repeat_ngram3,밤 12시야,하루가 또 가네요.,싫길 바랄게요.,0
KE-T5 lr5e-5+warmup (06),전이학습,beam5+no_repeat_ngram3,왜 진급이 안 되지,열심히 하면 할 수 있을 거예요.,울어도 괜찮아요.,0
KE-T5 lr5e-5+warmup (06),전이학습,beam5+no_repeat_ngram3,헤어지고 난뒤 친구?,친구가 되기 쉽지 않을 거예요.,울어도 괜찮아요.,1
KE-T5 lr5e-5+warmup (06),전이학습,beam5+no_repeat_ngram3,시험 준비 언제 끝나,공부를 많이 해놨나봐요.,울어도 괜찮아요.,0
KE-T5 lr5e-5+warmup (06),전이학습,beam5+no_repeat_ngram3,잠을 못 잤더니 힘들다,잠이 정말 중요해요. 눈을 좀 붙이세요.,울어도 괜찮아요.,0
KE-T5 lr5e-5+warmup (06),전이학습,beam5+no_repeat_ngram3,나 무시하는 사람 짜증나,무시하세요.,울어도 괜찮아요.,0
KE-T5 lr5e-5+warmup (06),전이학습,beam5+no_repeat_ngram3,사다리타기 맨날 운이 안 좋아,다른 곳에 쓰려고 운을 아껴뒀나봐요.,울어도 괜찮아요.,0
KE-T5 lr5e-5+warmup (06),전이학습,beam5+no_repeat_ngram3,다들 어떻게 견딜까,시간이 흐르면서 무덤덤해지는 거죠.,울어도 괜찮아요.,1
KE-T5 lr5e-5+warmup (06),전이학습,beam5+no_repeat_ngram3,해선 안 될 사랑.,그렇게 생각한다면 매몰차게 마음을 정리하세요.,울어도 괜찮아요.,1
KE-T5 lr5e-5+warmup (06),전이학습,beam5+no_repeat_ngram3,말조심해야지,생각하고 말하는 연습을 해보세요.,울어도 괜찮아요.,0
KE-T5 lr5e-5+warmup (06),전이학습,beam5+no_repeat_ngram3,턱시도 잘 어울림!,눈에 콩각지가 떨어지지 않기를 바랄게요.,울어도 괜찮아요.,2
KE-T5 lr5e-5+warmup (06),전이학습,beam5+no_repeat_ngram3,배고파,얼른 맛난 음식 드세요.,울어도 괜찮아요.,0
KE-T5 lr5e-5+warmup (06),전이학습,beam5+no_repeat_ngram3,컴퓨터가 느려졌어,뭘 다운 받으신 건지…,울어도 괜찮아요.,0
KE-T5 lr5e-5+warmup (06),전이학습,beam5+no_repeat_ngram3,전여친이 나보다 나은 사람이라는 생각이 자꾸 들어,남과 자신을 비교하지 말아요. 자신을 더 사랑해보세요.,울어도 괜찮아요.,1
KE-T5 lr5e-5+warmup (06),전이학습,beam5+no_repeat_ngram3,나 챙겨줄 사람이 필요해,제가 챙겨드리고 싶네요.,울어도 괜찮아요.,0
KE-T5 lr5e-5+warmup (06),전이학습,beam5+no_repeat_ngram3,나는 좋아하는데 그 사람은 나를 친구로만 생각해.,이성으로 대하고 싶다고 말해보세요.,울어도 괜찮아요.,2
KE-T5 lr5e-5+warmup (06),전이학습,beam5+no_repeat_ngram3,니가 이 글을 봤으면,전하지 못한 이야기 저에게 해주세요.,울어도 괜찮아요.,1
KE-T5 lr5e-5+warmup (06),전이학습,beam5+no_repeat_ngram3,여자친구가 나 때매 힘들대,좀 더 잘해주세요.,울어도 괜찮아요.,1
KE-T5 lr5e-5+warmup (06),전이학습,beam5+no_repeat_ngram3,오늘 집앞까지 찾아 갔는데,지켜만 보는 편이 나을 거예요.,울어도 괜찮아요.,1
KE-T5 lr5e-5+warmup (06),전이학습,beam5+no_repeat_ngram3,출근시간 아깝다,회사 근처로 이사를 가보세요.,울어도 괜찮아요.,0
KE-T5 lr5e-5+warmup (06),전이학습,beam5+no_repeat_ngram3,사귀자는 말 아니면 썸인가,말 안하고 사귀는 경우도 있습니다.,울어도 괜찮아요.,2
KE-T5 lr5e-5+warmup (06),전이학습,beam5+no_repeat_ngram3,나랑 썸타는 애가 영화보재.,좋은 소식이네요.,울어도 괜찮아요.,2
KE-T5 lr5e-5+warmup (06),전이학습,beam5+no_repeat_ngram3,당신도 저만큼 아팠으면 좋겠습니다.,이런 말을 하면서 당신이 아프지 않았으면 좋겠어요.,울어도 괜찮아요.,1
KE-T5 lr5e-5+warmup (06),전이학습,beam5+no_repeat_ngram3,와 연락하고싶다.,연락하면 후회할지도 몰라요.,울어도 괜찮아요.,1
KE-T5 lr5e-5+warmup (06),전이학습,beam5+no_repeat_ngram3,남자친구를 질리게하는 행동들이 뭐가 있어?,구속과 집착이겠죠.,울어도 괜찮아요.,2
KE-T5 lr5e-5+warmup (06),전이학습,beam5+no_repeat_ngram3,썸인가요,떠보는 것도 좋을 거 같아요.,울어도 괜찮아요.,2
KE-T5 lr5e-5+warmup (06),전이학습,beam5+no_repeat_ngram3,마지막이겠죠,마지막이 아닐 지도 몰라요.,울어도 괜찮아요.,1
KE-T5 lr5e-5+warmup (06),전이학습,beam5+no_repeat_ngram3,이상한나의취미.이별을세는것.,헤어짐을 헹리는 것 만큼 가슴 아픈 일은 없어요.,울어도 괜찮아요.,1
KE-T5 lr5e-5+warmup (06),전이학습,beam5+no_repeat_ngram3,사랑이 안 변했으면 좋겠다,저도요.,울어도 괜찮아요.,2
KE-T5 lr5e-5+warmup (06),전이학습,beam5+no_repeat_ngram3,우리 진짜 이별인가봐,끝을 아는 것도 중요한 것 같아요.,울어도 괜찮아요.,1
KE-T5 lr5e-5+warmup (06),전이학습,beam5+no_repeat_ngram3,사랑이 끝나고 나서,원망과 슬픔에 잠기는 게 아니라 그 시간들을 가만히 내려놓고 내가 어떤 사람이었는가를 돌아보는 것입니다.,울어도 괜찮아요.,1
KE-T5 lr5e-5+warmup (06),전이학습,beam5+no_repeat_ngram3,집들이는 보통 누구를 초대하나?,초대하고 싶은 사람들이요.,울어도 괜찮아요.,0
KE-T5 lr5e-5+warmup (06),전이학습,beam5+no_repeat_ngram3,상사가 진짜 미쳤다,피하지 말고 적극적으로 장점을 찾아서 인정하고 호의를 보여보세요.,울어도 괜찮아요.,0
KE-T5 lr5e-5+warmup (06),전이학습,beam5+no_repeat_ngram3,고의는 아닌데 실수를 한 거 같아,용서를 구하세요.,울어도 괜찮아요.,0
KE-T5 lr5e-5+warmup (06),전이학습,beam5+no_repeat_ngram3,썸 맞는거임?,말해보세요. 생각해 볼게요.,울어도 괜찮아요.,2
KE-T5 lr5e-5+warmup (06),전이학습,beam5+no_repeat_ngram3,너무 답답하네. 어떤맘일까??,직접 물어보는 게 좋을 것 같아요.,울어도 괜찮아요.,1
KE-T5 lr5e-5+warmup (06),전이학습,beam5+no_repeat_ngram3,이렇게 힘들고 괴로운 적 처음이야,그렇게 우리는 성장하나봐요.,울어도 괜찮아요.,1
KE-T5 lr5e-5+warmup (06),전이학습,beam5+no_repeat_ngram3,집까지 데려다줬는데 호감? 그냥 매너?,호감이 있을 수도 있어요. 그렇지만 조금 더 상황을 지켜보세요.,울어도 괜찮아요.,2
KE-T5 lr5e-5+warmup (06),전이학습,beam5+no_repeat_ngram3,썸의 조건이 뭐야,"자주 연락하고 가만히 있어도 생각나는, 연락하면 괜히 웃음나는 사이 아닐까요?",울어도 좋을 것 같아요.,2
KE-T5 lr5e-5+warmup (06),전이학습,beam5+no_repeat_ngram3,눈물 나서 못 멈추겠어,마음이 아픈가요.,울어도 괜찮아요.,0
KE-T5 lr5e-5+warmup (06),전이학습,beam5+no_repeat_ngram3,내가 그 사람을 좋아하는건지 아닌지 착각이 들어.,확신이 서지 않을 때가 있지요.,울어도 괜찮아요.,2
KE-T5 lr5e-5+warmup (06),전이학습,beam5+no_repeat_ngram3,다시 헤어졌습니다.,인연이 거기까지였나봐요.,울어도 괜찮아요.,1
KE-T5 lr5e-5+warmup (06),전이학습,beam5+no_repeat_ngram3,에휴 잊기가 힘드네,사람을 잊는데는 많은 시간이 필요한가봐요.,울어도 괜찮아요.,1
KE-T5 lr5e-5+warmup (06),전이학습,beam5+no_repeat_ngram3,재밌는거 해 줘,거울을 보면서 얼굴 망가뜨리기 놀이 해 보신 적 있으세요? 의외로 재미 있어요.,울어도 괜찮아요.,0
KE-T5 lr5e-5+warmup (06),전이학습,beam5+no_repeat_ngram3,떠나려는 사람 잡는 방법,정말 후회할 것 같다면 지금이라도 진심을 전하세요.,울어도 괜찮아요.,1
KE-T5 lr5e-5+warmup (06),전이학습,beam5+no_repeat_ngram3,쫄면 생각나,얼른 요리해드세요.,울어도 괜찮아요.,0
KE-T5 lr5e-5+warmup (06),전이학습,beam5+no_repeat_ngram3,그냥.너와 말한마디 섞고 너와의 인연에 고맙다,아름다운 사이네요.,울어도 괜찮아요.,1
KE-T5 lr5e-5+warmup (06),전이학습,beam5+no_repeat_ngram3,월급 입금됐다고 문자 왔어,까아 축하해요,울어도 괜찮아요.,0
KE-T5 lr5e-5+warmup (06),전이학습,beam5+no_repeat_ngram3,결국 헤어졌어,시작이 있으면 끝도 있는 법이에요.,울어도 괜찮아요.,1
KE-T5 lr5e-5+warmup (06),전이학습,beam5+no_repeat_ngram3,시험 끝나고 만나고 싶어,만날 날까지 기다릴게요,울어도 괜찮아요.,0
KE-T5 lr5e-5+warmup (06),전이학습,beam5+no_repeat_ngram3,바다 보러 가자고 해볼까,바다는 사계절 내내 좋아요.,울어도 괜찮아요.,0
KE-T5 lr5e-5+warmup (06),전이학습,beam5+no_repeat_ngram3,나이트갔는데 이상형 만났어,축하해요.,울어도 괜찮아요.,2
KE-T5 lr5e-5+warmup (06),전이학습,beam5+no_repeat_ngram3,끝나지 않을까봐 겁이나,끝을 지날 수 있을 거예요.,울어도 괜찮아요.,1
KE-T5 lr5e-5+warmup (06),전이학습,beam5+no_repeat_ngram3,주변에서 다 별로라고 한 짝남 그냥 맘을 접어야할까?,다른 사람들이 별로라고 말하는 이유를 생각해보세요.,울어도 괜찮아요.,2
KE-T5 lr5e-5+warmup (06),전이학습,beam5+no_repeat_ngram3,분식 먹고 싶아.,건강을 위해 조금씩 드세요.,울어도 괜찮아요.,0
KE-T5 lr5e-5+warmup (06),전이학습,beam5+no_repeat_ngram3,답이 없는 과정,꼭 답을 풀어야 하는 건 아니에요.,울어도 괜찮아요.,1
KE-T5 lr5e-5+warmup (06),전이학습,beam5+no_repeat_ngram3,넌 누구냐?,저는 위로봇입니다.,울어도 괜찮아요.,0
KE-T5 lr5e-5+warmup (06),전이학습,beam5+no_repeat_ngram3,뭐하면 시간이 잘 갈까,친구와 수다를 떠세요.,울어도 괜찮아요.,0
KE-T5 lr5e-5+warmup (06),전이학습,beam5+no_repeat_ngram3,좋아하는 사람에게 편지를 쓴다는것. 효과적일까?,마음을 담은 편지보다 더 좋은 선물은 없을 거예요.,울어도 괜찮아요.,2
KE-T5 lr5e-5+warmup (06),전이학습,beam5+no_repeat_ngram3,겨울 지나 봄이야,마음에도 봄이 오길 바라요.,울어도 괜찮아요.,0
KE-T5 lr5e-5+warmup (06),전이학습,beam5+no_repeat_ngram3,독서 좀 해야겠어,좋은 생각이에요.,울어도 괜찮아요.,0
KE-T5 lr5e-5+warmup (06),전이학습,beam5+no_repeat_ngram3,살빼고 담배 끊고 다 했는데!!,당신을 위한 최고의 투자를 한 거예요.,울어도 괜찮아요.,1
KE-T5 lr5e-5+warmup (06),전이학습,beam5+no_repeat_ngram3,오늘은 또 뭐 입냐,아침마다 하는 고민이죠.,울어도 괜찮아요.,0
KE-T5 lr5e-5+warmup (06),전이학습,beam5+no_repeat_ngram3,그도 나를 좋아했으면 좋겠다.,타이밍이 맞았으면 좋겠네요.,울어도 괜찮아요.,2
KE-T5 lr5e-5+warmup (06),전이학습,beam5+no_repeat_ngram3,케익 직접 만들어볼까?,수제 케익을 받으면 많이 좋아할 거예요.,울어도 괜찮아요.,0
KE-T5 lr5e-5+warmup (06),전이학습,beam5+no_repeat_ngram3,헤어진지 딱 한달 됐내,생각보다 긴 시간이네요.,울어도 괜찮아요.,1
KE-T5 lr5e-5+warmup (06),전이학습,beam5+no_repeat_ngram3,헤어졌습니다 이제 어떡하면 되나?,기분 전환을 하는 건 어떨까요.,울어도 괜찮아요.,1
KE-T5 lr5e-5+warmup (06),전이학습,beam5+no_repeat_ngram3,짝남 생각할수록 정리 되는 듯.,차라리 잘 된 일이에요.,울어도 괜찮아요.,2
KE-T5 lr5e-5+warmup (06),전이학습,beam5+no_repeat_ngram3,나도 월급 필요해,많이 벌수록 좋아요.,울어도 괜찮아요.,0
KE-T5 lr5e-5+warmup (06),전이학습,beam5+no_repeat_ngram3,썸타는데 돈 필요하대,썸 관계에서 돈 관계는 피하는 게 좋을 듯 하네요.,울어도 괜찮아요.,2
KE-T5 lr5e-5+warmup (06),전이학습,beam5+no_repeat_ngram3,썸인데 선물해도 돼?,부담스럽지 않은 선이 좋겠어요.,울어도 괜찮아요.,2
KE-T5 lr5e-5+warmup (06),전이학습,beam5+no_repeat_ngram3,커피콩 볶고 있어,커피향 좋겠어요.,울어도 괜찮아요.,0
KE-T5 lr5e-5+warmup (06),전이학습,beam5+no_repeat_ngram3,눈 쌓였어,눈사람 만들어보세요.,울어도 괜찮아요.,0
KE-T5 lr5e-5+warmup (06),전이학습,beam5+no_repeat_ngram3,완전 어이없네,안 좋은 일이 있었나봐요.,울어도 괜찮아요.,1
KE-T5 lr5e-5+warmup (06),전이학습,beam5+no_repeat_ngram3,난 여자인데 남자를 좋아하는게 맞는지 모르겠어.,헷갈릴 때가 있죠.,울어도 괜찮아요.,2
KE-T5 lr5e-5+warmup (06),전이학습,beam5+no_repeat_ngram3,여사친인데 좋아하는 듯.,친구와 썸의 중간인 거 같아요.,울어도 괜찮아요.,2
KE-T5 lr5e-5+warmup (06),전이학습,beam5+no_repeat_ngram3,오늘 뭐 입지?,옷이요.,울어도 괜찮아요.,0
KE-T5 lr5e-5+warmup (06),전이학습,beam5+no_repeat_ngram3,짝남 마주치지 않으려고 노력할거야.,그것도 하나의 방법이에요.,울어도 괜찮아요.,2
KE-T5 lr5e-5+warmup (06),전이학습,beam5+no_repeat_ngram3,드레스 입어보는 거 재밌어!,여러벌 입어보고 마음에 드는걸로 선택하세요.,울어도 괜찮아요.,2
KE-T5 lr5e-5+warmup (06),전이학습,beam5+no_repeat_ngram3,폭식증 어떻게 고칠 수 있을까?,오늘 못 먹었어도 내일 먹으면 더 맛있을 거예요.,울어도 괜찮아요.,0
KE-T5 lr5e-5+warmup (06),전이학습,beam5+no_repeat_ngram3,마지막 붙이지 못한 이별편지,마음에 간직하세요.,울어도 괜찮아요.,1
KE-T5 lr5e-5+warmup (06),전이학습,beam5+no_repeat_ngram3,혼자 살아도 될까,잘 살 수 있어요.,울어도 괜찮아요.,0
KE-T5 lr5e-5+warmup (06),전이학습,beam5+no_repeat_ngram3,짝남이 곧 군대를 가요.,마음이 착잡하겠어요.,울어도 괜찮아요.,2
KE-T5 lr5e-5+warmup (06),전이학습,beam5+no_repeat_ngram3,한달하고 2주가 지났는데 아직도.,힘들 수 있지요.,싫길 바랄게요.,1
KE-T5 lr5e-5+warmup (06),전이학습,beam5+no_repeat_ngram3,생각만해도 좋아,좋아하시니까 좋네요.,울어도 괜찮아요.,0
KE-T5 lr5e-5+warmup (06),전이학습,beam5+no_repeat_ngram3,신혼여행 한달쯤 가고 싶다,휴가를 붙여보세요.,울어도 괜찮아요.,0
KE-T5 lr5e-5+warmup (06),전이학습,beam5+no_repeat_ngram3,잘하는 게 없는 것 같아,저랑 이야기 잘하고 있어요.,울어도 괜찮아요.,0
KE-T5 lr5e-5+warmup (06),전이학습,beam5+no_repeat_ngram3,게임도 이제 재미없어,다른 게임해보세요.,울어도 괜찮아요.,0
KE-T5 lr5e-5+warmup (06),전이학습,beam5+no_repeat_ngram3,저녁 메뉴 뭐 먹을까,냉장고 파먹기 해보세요.,울어도 괜찮아요.,0
KE-T5 lr5e-5+warmup (06),전이학습,beam5+no_repeat_ngram3,대기업에 취직하고 싶어,잘할 수 있을 거예요.,울어도 괜찮아요.,0
KE-T5 lr5e-5+warmup (06),전이학습,beam5+no_repeat_ngram3,베란다 좀 가꿔볼까,심플하게 꾸며보세요.,울어도 괜찮아요.,0
KE-T5 lr5e-5+warmup (06),전이학습,beam5+no_repeat_ngram3,괜찮은 줄 알았는 데,자신을 가장 잘 모르고 살아요.,울어도 괜찮아요.,1
KE-T5 lr5e-5+warmup (06),전이학습,beam5+no_repeat_ngram3,장학금 받을 수 있을까?,열심히 하면 받을 수 있을 거예요.,울어도 좋을 것 같아요.,0
KE-T5 lr5e-5+warmup (06),전이학습,beam5+no_repeat_ngram3,이젠 잊기로 해,그것이 최선의 선택일거라 생각해요.,울어도 괜찮아요.,1
KE-T5 lr5e-5+warmup (06),전이학습,beam5+no_repeat_ngram3,우정이 뭐야?,힘들 때 같이 있는 거요.,울어도 괜찮아요.,0
KE-T5 lr5e-5+warmup (06),전이학습,beam5+no_repeat_ngram3,쫌 부담스러운데,좀 더 편하게 생각해보세요.,울어도 괜찮아요.,1
KE-T5 lr5e-5+warmup (06),전이학습,beam5+no_repeat_ngram3,일기 써야 되는데,나중에 보면 좋은 추억이 될 거예요.,울어도 괜찮아요.,0
KE-T5 lr5e-5+warmup (06),전이학습,beam5+no_repeat_ngram3,이별이 좋은점,혼자가 되었을 때의 고요함이 아닐까요.,울어도 괜찮아요.,1
KE-T5 lr5e-5+warmup (06),전이학습,beam5+no_repeat_ngram3,참다 참다 결국 마지막으로 문자보냈어,후회하지 않길 바랍니다.,울어도 괜찮아요.,1
KE-T5 lr5e-5+warmup (06),전이학습,beam5+no_repeat_ngram3,여드름 났어,짜지 마세요.,울어도 괜찮아요.,0
KE-T5 lr5e-5+warmup (06),전이학습,beam5+no_repeat_ngram3,손가락이 원망스럽네ㅜㅜ,실수했나봅니다.,울어도 괜찮아요.,1
KE-T5 lr5e-5+warmup (06),전이학습,beam5+no_repeat_ngram3,커플여행이 나을까 그냥 우리끼리 갈까?,저는 둘이 가는 게 좋아요.,울어도 괜찮아요.,2
KE-T5 lr5e-5+warmup (06),전이학습,beam5+no_repeat_ngram3,사랑하는 사람이랑 결혼하고싶어,진정으로 사랑한다면 결혼하세요.,울어도 괜찮아요.,2
KE-T5 lr5e-5+warmup (06),전이학습,beam5+no_repeat_ngram3,강아지 좋아하는 여자 어때?,마음이 따뜻할 것 같아요.,울어도 괜찮아요.,2
KE-T5 lr5e-5+warmup (06),전이학습,beam5+no_repeat_ngram3,태몽꾼거 같아,뭘 꿨는지 궁금하네요.,울어도 괜찮아요.,0
KE-T5 lr5e-5+warmup (06),전이학습,beam5+no_repeat_ngram3,요즘 드라마가 땡겨,저도 드라마 좋아해요.,울어도 괜찮아요.,0
KE-T5 lr5e-5+warmup (06),전이학습,beam5+no_repeat_ngram3,여자친구가 친구들이랑 여행을 가는데 남자도 있으면 어떡해?,같이 가거나 신경쓰인다고 말해요.,울어도 괜찮아요.,2
KE-T5 lr5e-5+warmup (06),전이학습,beam5+no_repeat_ngram3,눈이 안 떠져,잠시 눈을 붙여보세요.,울어도 괜찮아요.,0
KE-T5 lr5e-5+warmup (06),전이학습,beam5+no_repeat_ngram3,나에게만 집중했으면 좋겠어,사랑은 강요하는게 아니에요.,울어도 괜찮아요.,2
KE-T5 lr5e-5+warmup (06),전이학습,beam5+no_repeat_ngram3,친한 친구의 구여친이랑 사귀어도 되나.,친구라면 많이 실망할겁니다.,울어도 괜찮아요.,2
KE-T5 lr5e-5+warmup (06),전이학습,beam5+no_repeat_ngram3,자꾸 우연히 만나,우연이 필연이 되기도 합니다.,울어도 괜찮아요.,0
KE-T5 lr5e-5+warmup (06),전이학습,beam5+no_repeat_ngram3,사랑해 보고싶어,얼른 만나러가세요.,울어도 괜찮아요.,2
KE-T5 lr5e-5+warmup (06),전이학습,beam5+no_repeat_ngram3,아 또 참지 못하고 카톡 프사를 봐버렷네,아예 카톡에서 삭제하세요.,울어도 괜찮아요.,1
KE-T5 lr5e-5+warmup (06),전이학습,beam5+no_repeat_ngram3,이별통보를 받았습니다,마음의 준비가 필요했을텐데 안타까워요.,울어도 괜찮아요.,1
KE-T5 lr5e-5+warmup (06),전이학습,beam5+no_repeat_ngram3,사랑이 쉬운 사람,참을 수 없는 가벼움이네요.,울어도 괜찮아요.,2
KE-T5 lr5e-5+warmup (06),전이학습,beam5+no_repeat_ngram3,싸우면 잠수타는 사람?,조금 기다리면 풀릴 거예요,울어도 괜찮아요.,0
KE-T5 lr5e-5+warmup (06),전이학습,beam5+no_repeat_ngram3,좋아하는 여자 생겼는데 호감 표시하려면 어떻게 해야 해?,연락을 해보는게 좋아요.,울어도 괜찮아요.,2
KE-T5 lr5e-5+warmup (06),전이학습,beam5+no_repeat_ngram3,과일 안 먹게 돼,그래도 먹으려고 노력해보세요.,울어도 괜찮아요.,0
KE-T5 lr5e-5+warmup (06),전이학습,beam5+no_repeat_ngram3,봉사도 하고 사랑을 베풀고 싶어,나를 진실로 존중하고 사랑할 때 가능해요.,울어도 괜찮아요.,0
KE-T5 lr5e-5+warmup (06),전이학습,beam5+no_repeat_ngram3,시간 갖는 거,마음에게 준비할 시간을 주는 것이죠.,울어도 괜찮아요.,1
KE-T5 lr5e-5+warmup (06),전이학습,beam5+no_repeat_ngram3,인간 관계가 제일 어려운거 같아,운전처럼 안전거리확보하세요.,울어도 괜찮아요.,0
KE-T5 lr5e-5+warmup (06),전이학습,beam5+no_repeat_ngram3,미친듯이 잡고 싶어.,이별 직후엔 그럴 수 있어요.,울어도 괜찮아요.,1
KE-T5 lr5e-5+warmup (06),전이학습,beam5+no_repeat_ngram3,후.ㅎㅎ,지쳤나봐요.,울어도 괜찮아요.,1
KE-T5 lr5e-5+warmup (06),전이학습,beam5+no_repeat_ngram3,오늘 아무 것도 안 가져 왔다,개념만 가져오면 돼요.,울어도 괜찮아요.,0
KE-T5 lr5e-5+warmup (06),전이학습,beam5+no_repeat_ngram3,정규직 입사 너무 어려워,쪼잔하네요.,울어도 괜찮아요.,0
KE-T5 lr5e-5+warmup (06),전이학습,beam5+no_repeat_ngram3,귀농 어때?,생각하기는 쉬운데 실천하기는 어려운 것 같아요.,울어도 괜찮아요.,0
KE-T5 lr5e-5+warmup (06),전이학습,beam5+no_repeat_ngram3,힘드네. 정말.이런건 줄 몰랐어,알았으면 시작 못했겠죠.,울어도 괜찮아요.,1
KE-T5 lr5e-5+warmup (06),전이학습,beam5+no_repeat_ngram3,노는 거 좋아하는 남자는 좋아하면 힘들겠지?,지금은 괜찮지만 힘들 거예요.,울어도 괜찮아요.,2
KE-T5 lr5e-5+warmup (06),전이학습,beam5+no_repeat_ngram3,좋아하는 애한테 페메 해볼까?,직접 연락하는 게 좋을 것 같아요.,울어도 괜찮아요.,2
KE-T5 lr5e-5+warmup (06),전이학습,beam5+no_repeat_ngram3,핸드폰 중독인듯,중독에서 벗어나세요.,울어도 괜찮아요.,0
KE-T5 lr5e-5+warmup (06),전이학습,beam5+no_repeat_ngram3,언젠간 먼저 연락오겠죠?,붙잡고 싶다면 먼저 연락해보세요.,울어도 괜찮아요.,1
KE-T5 lr5e-5+warmup (06),전이학습,beam5+no_repeat_ngram3,너무 마른 거 같아,적당해요.,울어도 괜찮아요.,0
KE-T5 lr5e-5+warmup (06),전이학습,beam5+no_repeat_ngram3,세상이 무서워,너무 불안해하지 않아도 돼요.,울어도 괜찮아요.,0
KE-T5 lr5e-5+warmup (06),전이학습,beam5+no_repeat_ngram3,나 혼자 여행 왔는데 괜찮네,온전히 느낄 수 있는 시간이겠네요.,울어도 괜찮아요.,0
KE-T5 lr5e-5+warmup (06),전이학습,beam5+no_repeat_ngram3,첫 눈에 반하는게 가능해?,당연히 가능하죠.,울어도 괜찮아요.,2
KE-T5 lr5e-5+warmup (06),전이학습,beam5+no_repeat_ngram3,그런 사람인갑다 해야지,대인배시군요.,울어도 괜찮아요.,0
KE-T5 lr5e-5+warmup (06),전이학습,beam5+no_repeat_ngram3,웃기지마 넌 쓰레기야,아니에요. 전 쓰레기가 아니에요.,울어도 괜찮아요.,1
KE-T5 lr5e-5+warmup (06),전이학습,beam5+no_repeat_ngram3,소식이 궁금해~,연락 확실하게 끊으세요.,울어도 괜찮아요.,1
KE-T5 lr5e-5+warmup (06),전이학습,beam5+no_repeat_ngram3,면도기 사야되는데,잘 골라보세요.,울어도 괜찮아요.,0
KE-T5 lr5e-5+warmup (06),전이학습,beam5+no_repeat_ngram3,썸인데 나 솔로야?,사귀기 전이면 솔로죠.,울어도 괜찮아요.,2
KE-T5 lr5e-5+warmup (06),전이학습,beam5+no_repeat_ngram3,필통 두고 옴,빌리면 돼요.,울어도 괜찮아요.,0
KE-T5 lr5e-5+warmup (06),전이학습,beam5+no_repeat_ngram3,좋아하는 감정이 뭐예요?,가만히 있어도 생각나는 거 아닐까요.,울어도 괜찮아요.,2
KE-T5 lr5e-5+warmup (06),전이학습,beam5+no_repeat_ngram3,오해했네 그리고 차단 ㅎㅎ,차단하는게 서로에게 좋을 때가 있어요.,울어도 괜찮아요.,1
KE-T5 lr5e-5+warmup (06),전이학습,beam5+no_repeat_ngram3,여자들이 좋아하는 남자 특징?,다정한게 좋을 듯 해요.,울어도 괜찮아요.,2
KE-T5 lr5e-5+warmup (06),전이학습,beam5+no_repeat_ngram3,넥타이핀 선물 괜찮겠지?,실용적인 선물이라 괜찮을 거예요.,울어도 괜찮아요.,0
KE-T5 lr5e-5+warmup (06),전이학습,beam5+no_repeat_ngram3,스팸 전화 많이 와,차단 어플 사용해보세요.,울어도 괜찮아요.,0
KE-T5 lr5e-5+warmup (06),전이학습,beam5+no_repeat_ngram3,그는 지금 무슨 생각을 할까?,연락을 해보세요.,울어도 괜찮아요.,2
KE-T5 lr5e-5+warmup (06),전이학습,beam5+no_repeat_ngram3,애인이 생겼답니다.,신경 쓰이긴 하지만 무시하는게 좋겠어요.,울어도 괜찮아요.,1
KE-T5 lr5e-5+warmup (06),전이학습,beam5+no_repeat_ngram3,싸구려 인생,누구도 당신의 인생을 평가할 수 없어요.,울어도 괜찮아요.,1
KE-T5 lr5e-5+warmup (06),전이학습,beam5+no_repeat_ngram3,회사가는 길에 매일 보는 사람 있어,운명일지도 모르겠어요.,울어도 괜찮아요.,0
KE-T5 lr5e-5+warmup (06),전이학습,beam5+no_repeat_ngram3,한달 다되가네,그러게요. 어느덧 한달이에요.,울어도 괜찮아요.,1
KE-T5 lr5e-5+warmup (06),전이학습,beam5+no_repeat_ngram3,삼겹살 구워 먹고 싶다.,맛나게 드세요.,울어도 괜찮아요.,0
KE-T5 lr5e-5+warmup (06),전이학습,beam5+no_repeat_ngram3,힘든 밤입니다,힘내세요.,울어도 괜찮아요.,1
KE-T5 lr5e-5+warmup (06),전이학습,beam5+no_repeat_ngram3,뒤숭숭하네,실감이 안날 거예요.,울어도 괜찮아요.,1
KE-T5 lr5e-5+warmup (06),전이학습,beam5+no_repeat_ngram3,술 먹을 때 옆에서 챙겨줬는데 썸임?,친절한 거랑 구별해볼 필요가 있어요.,울어도 괜찮아요.,2
KE-T5 lr5e-5+warmup (06),전이학습,beam5+no_repeat_ngram3,베터리 겨우 15%야,미리 충전하세요.,울어도 괜찮아요.,0
KE-T5 lr5e-5+warmup (06),전이학습,beam5+no_repeat_ngram3,기침도 못하겠어,답답한 상황이네요.,울어도 괜찮아요.,0
KE-T5 lr5e-5+warmup (06),전이학습,beam5+no_repeat_ngram3,썸 타기 좋은 알바 추천 좀.,영화관이나 커피숍 추천해요.,울어도 괜찮아요.,2
KE-T5 lr5e-5+warmup (06),전이학습,beam5+no_repeat_ngram3,친구들한테 인정받을 수 있을까,지금도 인정받고 있어요.,울어도 괜찮아요.,0
KE-T5 lr5e-5+warmup (06),전이학습,beam5+no_repeat_ngram3,생각 안나,잘 생각해보세요.,울어도 괜찮아요.,0
KE-T5 lr5e-5+warmup (06),전이학습,beam5+no_repeat_ngram3,빚이 너무 많아,빚 얼른 갚고 새출발하세요.,울어도 괜찮아요.,0
KE-T5 lr5e-5+warmup (06),전이학습,beam5+no_repeat_ngram3,얼굴 너무 까매졌어.,관리해주세요.,울어도 괜찮아요.,0
KE-T5 lr5e-5+warmup (06),전이학습,beam5+no_repeat_ngram3,재테크 하는 방법 알려줘,우선 관련 서적을 읽어보세요.,울어도 괜찮아요.,0
KE-T5 lr5e-5+warmup (06),전이학습,beam5+no_repeat_ngram3,확실히 날 좋아하는 걸 아는 남자랑 친구가 될 수 있을까?,그 사람을 위해서는 그러면 안돼요.,울어도 괜찮아요.,2
KE-T5 lr5e-5+warmup (06),전이학습,beam5+no_repeat_ngram3,온종일 멍하네,이런 날 더욱 적적하지요.,울어도 괜찮아요.,1
KE-T5 lr5e-5+warmup (06),전이학습,beam5+no_repeat_ngram3,헬스장에서 자주 보는 여자가 보고싶어,한 번 말을 걸어보세요.,울어도 괜찮아요.,2
KE-T5 lr5e-5+warmup (06),전이학습,beam5+no_repeat_ngram3,출근길 너무 힘들어,회사 근처로 이사를 가보세요.,울어도 괜찮아요.,0
KE-T5 lr5e-5+warmup (06),전이학습,beam5+no_repeat_ngram3,너무 빨리 철 든 거 같아서 마음이 아파,아이는 아이다워야 아름답죠.,울어도 괜찮아요.,0
KE-T5 lr5e-5+warmup (06),전이학습,beam5+no_repeat_ngram3,그녀에게 받았던 선물들을 모조리 다 버리려 합니다.,버릴 때 마음이 아프겠지만 버리는 게 좋을 거예요.,울어도 괜찮아요.,1
KE-T5 lr5e-5+warmup (06),전이학습,beam5+no_repeat_ngram3,짝남네 집에서 친구들이랑 집들이 가는데 뭐 사갈까?,필요한게 없는지 물어보면서 대화를 이어 나가세요.,울어도 괜찮아요.,2
KE-T5 lr5e-5+warmup (06),전이학습,beam5+no_repeat_ngram3,취업 준비 힘들어,합격을 기원합니다.,울어도 괜찮아요.,0
KE-T5 lr5e-5+warmup (06),전이학습,beam5+no_repeat_ngram3,이거 썸 맞나,대화를 시작하는 사람이 누구인지 살펴보세요.,울어도 괜찮아요.,2
KE-T5 lr5e-5+warmup (06),전이학습,beam5+no_repeat_ngram3,오늘 생각보다 춥네,감기 조심하세요.,울어도 괜찮아요.,0
KE-T5 lr5e-5+warmup (06),전이학습,beam5+no_repeat_ngram3,여자친구한테 질린 듯,당신의 사랑이 변한것 같아요.,울어도 괜찮아요.,0
KE-T5 lr5e-5+warmup (06),전이학습,beam5+no_repeat_ngram3,청소 해도 티가 안나,한번만 더 하세요.,울어도 괜찮아요.,0
KE-T5 lr5e-5+warmup (06),전이학습,beam5+no_repeat_ngram3,목소리 좋은 사람이 좋아,저도 듣고 싶네요.,울어도 괜찮아요.,0
KE-T5 lr5e-5+warmup (06),전이학습,beam5+no_repeat_ngram3,머리가 너무 빨리 자라,이상한 생각했나봐요.,울어도 괜찮아요.,0
KE-T5 lr5e-5+warmup (06),전이학습,beam5+no_repeat_ngram3,신경 쓰여,신경쓰는 사람들 무시하세요.,울어도 괜찮아요.,0
KE-T5 lr5e-5+warmup (06),전이학습,beam5+no_repeat_ngram3,이시간들 어찌보내야할까.,저랑 같이 이야기 해요.,울어도 괜찮아요.,1
KE-T5 lr5e-5+warmup (06),전이학습,beam5+no_repeat_ngram3,좋아하는 남자 때문에 너무 기분이 안 좋아.,무슨 일이 있었나봐요.,울어도 괜찮아요.,2
KE-T5 lr5e-5+warmup (06),전이학습,beam5+no_repeat_ngram3,결정을 못 내리겠어. 어떻해,결정은 빠르면 빠를수록 좋을 거예요.,울어도 괜찮아요.,0
KE-T5 lr5e-5+warmup (06),전이학습,beam5+no_repeat_ngram3,오늘 또 헤어진 사람의 sns를 봤네,sns를 삭제하는게 어떨까요. 미련만 남을 뿐이에요.,울어도 괜찮아요.,1
KE-T5 lr5e-5+warmup (06),전이학습,beam5+no_repeat_ngram3,좋아하던 여자애가 남친 생겼다는대 아무렇지도 않아.,좋아하는 걸로 착각하고 있었을 수도 있어요.,울어도 괜찮아요.,2
KE-T5 lr5e-5+warmup (06),전이학습,beam5+no_repeat_ngram3,너는 내 인생에서 죽었다.,그렇게 잊어 가는 거예요.,울어도 괜찮아요.,1
KE-T5 lr5e-5+warmup (06),전이학습,beam5+no_repeat_ngram3,시험 공부 큰일,지금도 늦지 않았어요.,울어도 괜찮아요.,0
KE-T5 lr5e-5+warmup (06),전이학습,beam5+no_repeat_ngram3,쳇바퀴 도는 하루,그 속에서 가치와 의미를 찾아보세요.,울어도 괜찮아요.,0
KE-T5 lr5e-5+warmup (06),전이학습,beam5+no_repeat_ngram3,말을 못하겠어,별 거 아니라고 생각해보세요.,울어도 괜찮아요.,0
KE-T5 lr5e-5+warmup (06),전이학습,beam5+no_repeat_ngram3,시어머니가 같이 목욕탕 가재,부담스럽겠어요.,울어도 괜찮아요.,2
KE-T5 lr5e-5+warmup (06),전이학습,beam5+no_repeat_ngram3,덕질 하는 중,좋아하는 게 있는 건 더없이 좋은 일이에요.,울어도 괜찮아요.,0
KE-T5 lr5e-5+warmup (06),전이학습,beam5+no_repeat_ngram3,여사친이 많은 썸남,저는 비추요.,울어도 괜찮아요.,2
KE-T5 lr5e-5+warmup (06),전이학습,beam5+no_repeat_ngram3,1년을 넘게 만났는데 어떻게 이럽니까,시간이 무색해지네요.,울어도 괜찮아요.,1
KE-T5 lr5e-5+warmup (06),전이학습,beam5+no_repeat_ngram3,부모님이 결혼 자금 안 보태주신대,부모님 노후 자금도 생각해야겠죠.,울어도 괜찮아요.,2
KE-T5 lr5e-5+warmup (06),전이학습,beam5+no_repeat_ngram3,핑계,모두 핑계겠죠.,울어도 괜찮아요.,1
KE-T5 lr5e-5+warmup (06),전이학습,beam5+no_repeat_ngram3,고백 받고 싶어,먼저 고백해보세요.,울어도 괜찮아요.,2
KE-T5 lr5e-5+warmup (06),전이학습,beam5+no_repeat_ngram3,내가 호구냐구,상종하지마세요.,울어도 괜찮아요.,0
KE-T5 lr5e-5+warmup (06),전이학습,beam5+no_repeat_ngram3,이젠 증오가 될거같네,충분히 이해해요. 하지만 나에게도 독이 될 수 있어요.,울어도 괜찮아요.,1
KE-T5 lr5e-5+warmup (06),전이학습,beam5+no_repeat_ngram3,하늘이 준 이별 같다,운명같네요.,울어도 괜찮아요.,1
KE-T5 lr5e-5+warmup (06),전이학습,beam5+no_repeat_ngram3,왜 사람은 외로울까. 아직도 의문이다.,타인과 함께 했던 경험 때문일 것 같아요.,울어도 괜찮아요.,1
KE-T5 lr5e-5+warmup (06),전이학습,beam5+no_repeat_ngram3,학폭 없어졌으면,학교 폭력은 범죄에요.,울어도 괜찮아요.,0
KE-T5 lr5e-5+warmup (06),전이학습,beam5+no_repeat_ngram3,아침밥 먹을 시간 없어서 굶었더니 배고파,뭐라도 드세요.,울어도 괜찮아요.,0
KE-T5 lr5e-5+warmup (06),전이학습,beam5+no_repeat_ngram3,결혼 했어,좋겠어요.,울어도 괜찮아요.,0
KE-T5 lr5e-5+warmup (06),전이학습,beam5+no_repeat_ngram3,동거 8년 환승이별.,환승은 진짜 별로네요.,울어도 괜찮아요.,1
KE-T5 lr5e-5+warmup (06),전이학습,beam5+no_repeat_ngram3,정답이 뭘까,답은 언제나 내 안에 있죠.,울어도 괜찮아요.,0
KE-T5 lr5e-5+warmup (06),전이학습,beam5+no_repeat_ngram3,여자친구가 화나면 말을 안 해.,시간을 주세요.,울어도 괜찮아요.,2
KE-T5 lr5e-5+warmup (06),전이학습,beam5+no_repeat_ngram3,쓰레기새끼,기분이 좀 풀렸길 바랍니다.,울어도 괜찮아요.,1
KE-T5 lr5e-5+warmup (06),전이학습,beam5+no_repeat_ngram3,이건 이별을 준비해야 하는건가??,슬픈 예감은 틀린 적이 없죠.,울어도 괜찮아요.,1
KE-T5 lr5e-5+warmup (06),전이학습,beam5+no_repeat_ngram3,내가 그르친 거 같아,아니에요. 너무 자책하지 마세요.,울어도 괜찮아요.,0
KE-T5 lr5e-5+warmup (06),전이학습,beam5+no_repeat_ngram3,전부 가시밭길 같아,꽃길만 걷길 바랍니다.,울어도 괜찮아요.,0
KE-T5 lr5e-5+warmup (06),전이학습,beam5+no_repeat_ngram3,덤덤,덤덤해졌나봐요.,울어도 괜찮아요.,1
KE-T5 lr5e-5+warmup (06),전이학습,beam5+no_repeat_ngram3,이젠 다시 만날 수도 없는 상황,달라지는게 없다면 이런 상황이 더 나을지도 몰라요.,울어도 괜찮아요.,1
KE-T5 lr5e-5+warmup (06),전이학습,beam5+no_repeat_ngram3,머리 확 잘라버려야지,스타일의 변화도 좋을 거예요.,울어도 괜찮아요.,0
KE-T5 lr5e-5+warmup (06),전이학습,beam5+no_repeat_ngram3,길이 얼었어,미끄러우니 조심하세요.,울어도 괜찮아요.,0
KE-T5 lr5e-5+warmup (06),전이학습,beam5+no_repeat_ngram3,너무 기대했나봐,아무것도 바라지 않을 때 천하를 얻는다는 말이 있어요.,울어도 괜찮아요.,0
KE-T5 lr5e-5+warmup (06),전이학습,beam5+no_repeat_ngram3,넘어질뻔했어,조심하세요.,울어도 괜찮아요.,0
KE-T5 lr5e-5+warmup (06),전이학습,beam5+no_repeat_ngram3,비가 오니.울컥하네,그러게요. 비가 추적추적 내려요.,울어도 괜찮아요.,1
KE-T5 lr5e-5+warmup (06),전이학습,beam5+no_repeat_ngram3,신기한 일들이 많이 일어나,그게 인생이죠.,울어도 괜찮아요.,0
KE-T5 lr5e-5+warmup (06),전이학습,beam5+no_repeat_ngram3,부모님 노후가 걱정돼,상담이나 컨설팅을 받아보는 것도 좋을 거예요.,울어도 괜찮아요.,0
KE-T5 lr5e-5+warmup (06),전이학습,beam5+no_repeat_ngram3,요즘 너무 지루해,마음에 따라 얼마든지 바뀔 수 있어요.,울어도 괜찮아요.,0
KE-T5 lr5e-5+warmup (06),전이학습,beam5+no_repeat_ngram3,잘못인줄 모르는 여자,자신의 잘못도 인정할 수 있는 사람이 좋아요.,울어도 괜찮아요.,1
KE-T5 lr5e-5+warmup (06),전이학습,beam5+no_repeat_ngram3,나는 너를 거쳐간 수 많은 남자들 중 한명뿐이겠지.,그렇게 생각하지 않을 거예요.,울어도 괜찮아요.,1
KE-T5 lr5e-5+warmup (06),전이학습,beam5+no_repeat_ngram3,사랑해서 그런거래,상대방을 배려하지 않은 사랑은 좋지 않은거예요.,울어도 괜찮아요.,2
KE-T5 lr5e-5+warmup (06),전이학습,beam5+no_repeat_ngram3,나 보고 잘 웃는 여자애 나 좋아하는 건가?,직접 알아보는 것이 좋아요.,울어도 괜찮아요.,2
KE-T5 lr5e-5+warmup (06),전이학습,beam5+no_repeat_ngram3,붙잡고 싶은데 이제는 늦은것 같네 .,사랑의 끝은 예고 없이 다가오죠.,울어도 괜찮아요.,1
KE-T5 lr5e-5+warmup (06),전이학습,beam5+no_repeat_ngram3,힘듭니다.,어떤 말도 위로가 되지 않겠지만 힘내세요.,울어도 괜찮아요.,1
KE-T5 lr5e-5+warmup (06),전이학습,beam5+no_repeat_ngram3,내 잘못이 뭔지 모르겠어,모르는 게 잘못인 거 같아요.,울어도 괜찮아요.,0
KE-T5 lr5e-5+warmup (06),전이학습,beam5+no_repeat_ngram3,왠지 가슴한 켠이 먹먹하네,많이 답답할거라 생각해요.,울어도 괜찮아요.,1
KE-T5 lr5e-5+warmup (06),전이학습,beam5+no_repeat_ngram3,하나만 물아볼께,네 말씀해주세요.,울어도 괜찮아요.,1
KE-T5 lr5e-5+warmup (06),전이학습,beam5+no_repeat_ngram3,7년사귄 남자친구의 유흥업소 방문사실을 알아버렸습니다,그런 사람 못 고쳐 씁니다. 헤어지세요.,울어도 괜찮아요.,1
KE-T5 lr5e-5+warmup (06),전이학습,beam5+no_repeat_ngram3,면접만 보면 돼,끝까지 잘할 수 있을 거예요.,울어도 괜찮아요.,0
KE-T5 lr5e-5+warmup (06),전이학습,beam5+no_repeat_ngram3,랩 추천 좀. 나 좋아하는 남자애한테 잘 보이고 싶어.,최신 인기 차트를 찾아보는 걸 추천해요.,울어도 괜찮아요.,2
KE-T5 lr5e-5+warmup (06),전이학습,beam5+no_repeat_ngram3,좋아하는 거랑 사랑하는게 다른 거야?,마음에 농도 차인 것 같습니다.,울어도 괜찮아요.,2
KE-T5 lr5e-5+warmup (06),전이학습,beam5+no_repeat_ngram3,왜 자꾸 내 마음속에 나타나니?,많이 사랑했던 분인가봐요.,울어도 괜찮아요.,1
KE-T5 lr5e-5+warmup (06),전이학습,beam5+no_repeat_ngram3,하루하루 너무 힘드네,다른사람에게 기대보는 건 어떨까요.,울어도 괜찮아요.,1
KE-T5 lr5e-5+warmup (06),전이학습,beam5+no_repeat_ngram3,자취한다는데 뭘 챙겨줄까?,직접 물어보는 게 좋을 것 같아요.,울어도 괜찮아요.,2
KE-T5 lr5e-5+warmup (06),전이학습,beam5+no_repeat_ngram3,아직도 심장이 뛰고있어.,심장은 항상 뜁니다.,울어도 괜찮아요.,1
KE-T5 lr5e-5+warmup (06),전이학습,beam5+no_repeat_ngram3,남자친구 생일인데 뭘 줄까,평소에 필요한 것 생각해보세요.,울어도 괜찮아요.,0
KE-T5 lr5e-5+warmup (06),전이학습,beam5+no_repeat_ngram3,나도 좋아하는 사람이랑 영화 보고 싶다.,먼저 연락해 보는건 어떨까요?,울어도 괜찮아요.,2
KE-T5 lr5e-5+warmup (06),전이학습,beam5+no_repeat_ngram3,1년 9개월 의 연애 종지부.,또 다른 사랑이 찾아올 거예요.,울어도 괜찮아요.,1
KE-T5 lr5e-5+warmup (06),전이학습,beam5+no_repeat_ngram3,상 받을 거 같아,축하합니다!,울어도 괜찮아요.,0
KE-T5 lr5e-5+warmup (06),전이학습,beam5+no_repeat_ngram3,게임 같이 하자고 할까?,안 될 것도 없죠.,울어도 괜찮아요.,0
KE-T5 lr5e-5+warmup (06),전이학습,beam5+no_repeat_ngram3,회사에서 마음 편한 사람이 없어,회사에는 동료가 있을 뿐이에요.,울어도 괜찮아요.,0
KE-T5 lr5e-5+warmup (06),전이학습,beam5+no_repeat_ngram3,썸 타는 여자애한테 벚꽃 보러 가자고 해도 돼?,벚꽃 놀이 좋죠!,울어도 괜찮아요.,2
KE-T5 lr5e-5+warmup (06),전이학습,beam5+no_repeat_ngram3,힘드네.,조금만 더 버텨요.,울어도 괜찮아요.,1
KE-T5 lr5e-5+warmup (06),전이학습,beam5+no_repeat_ngram3,휴학할까,계획 세우고 하세요.,울어도 괜찮아요.,0
KE-T5 lr5e-5+warmup (06),전이학습,beam5+no_repeat_ngram3,위기야.,위기이면서 기회일 거예요.,울어도 괜찮아요.,0
KE-T5 lr5e-5+warmup (06),전이학습,beam5+no_repeat_ngram3,점심시간일 텐데 카톡이 안 와.,먼저 연락을 해보는 건 어떨까요?,울어도 괜찮아요.,2
KE-T5 lr5e-5+warmup (06),전이학습,beam5+no_repeat_ngram3,마지막 작별 문자를 보낼까?,네 보내보세요.,울어도 괜찮아요.,1
KE-T5 lr5e-5+warmup (06),전이학습,beam5+no_repeat_ngram3,정성 담긴 선물 뭐가 좋을까?,손편지도 좋을 거 같아요.,울어도 괜찮아요.,2
KE-T5 lr5e-5+warmup (06),전이학습,beam5+no_repeat_ngram3,주말에 스키장 간다!,설레겠어요.,울어도 괜찮아요.,0
KE-T5 lr5e-5+warmup (06),전이학습,beam5+no_repeat_ngram3,면허 딸까봐,운전하는거 재미있어요.,울어도 괜찮아요.,0
KE-T5 lr5e-5+warmup (06),전이학습,beam5+no_repeat_ngram3,말을 왜 이렇게 못 알아 듣니,노력하겠습니다.,울어도 괜찮아요.,0
KE-T5 lr5e-5+warmup (06),전이학습,beam5+no_repeat_ngram3,좋아하는 남자애가 입대하는데 어떤 선물을 해주는게 좋을까요?,면회나 편지가 최고죠!,울어도 괜찮아요.,2
KE-T5 lr5e-5+warmup (06),전이학습,beam5+no_repeat_ngram3,헤어진지 벌써 몇 년,많은 시간이 흘렀네요.,울어도 괜찮아요.,1
KE-T5 lr5e-5+warmup (06),전이학습,beam5+no_repeat_ngram3,코 앞이 재회.,마음의 준비를 하세요.,울어도 괜찮아요.,1
KE-T5 lr5e-5+warmup (06),전이학습,beam5+no_repeat_ngram3,자꾸 짝남 얼굴 생각나.,보고 싶으니 그럴만 해요.,울어도 괜찮아요.,2
KE-T5 lr5e-5+warmup (06),전이학습,beam5+no_repeat_ngram3,이닦았는데 잇몸에서 피나,잇몸약 챙겨드시거나 치과 가보세요.,울어도 괜찮아요.,0
KE-T5 lr5e-5+warmup (06),전이학습,beam5+no_repeat_ngram3,태닝할까,구릿빛 피부 좋죠!,울어도 괜찮아요.,0
KE-T5 lr5e-5+warmup (06),전이학습,beam5+no_repeat_ngram3,연애는 진짜 좋아하는 사람이랑 해야해.,맞는 말씀입니다.,울어도 괜찮아요.,2
KE-T5 lr5e-5+warmup (06),전이학습,beam5+no_repeat_ngram3,술한잔했어,한 잔하기 좋은 날이죠.,울어도 괜찮아요.,1
KE-T5 lr5e-5+warmup (06),전이학습,beam5+no_repeat_ngram3,너무 많이 먹었나봐,과식은 금물이에요.,울어도 괜찮아요.,0
KE-T5 lr5e-5+warmup (06),전이학습,beam5+no_repeat_ngram3,짝사랑 그만할래,짝사랑은 시작과 끝을 자신이 결정할 수 있어요.,울어도 괜찮아요.,2
KE-T5 lr5e-5+warmup (06),전이학습,beam5+no_repeat_ngram3,여름에는 냉면만한게 없는 듯,생각만 해도 군침이 도네요.,울어도 괜찮아요.,0
KE-T5 lr5e-5+warmup (06),전이학습,beam5+no_repeat_ngram3,짝녀한테 휘둘리고 싶지 않은데 이러는 내가 싫다.,자신의 의지를 굳건히 하세요.,울어도 괜찮아요.,2
KE-T5 lr5e-5+warmup (06),전이학습,beam5+no_repeat_ngram3,썸 타는 여자애 상메 궁금해.,한번 봐봐요.,울어도 괜찮아요.,2
KE-T5 lr5e-5+warmup (06),전이학습,beam5+no_repeat_ngram3,그대가 보고파,많이 사랑했던 사람이었나요.,울어도 괜찮아요.,1
KE-T5 lr5e-5+warmup (06),전이학습,beam5+no_repeat_ngram3,연애도 좋지만 내 시간도 중요한 나 정상일까?,내 인생의 주인공은 나야 나!,울어도 괜찮아요.,2
KE-T5 lr5e-5+warmup (06),전이학습,beam5+no_repeat_ngram3,비밀 지켜줄까?,세상에 비밀은 없어요.,울어도 괜찮아요.,0
KE-T5 lr5e-5+warmup (06),전이학습,beam5+no_repeat_ngram3,평가원 잘 보고 싶다,평소처럼 잘 볼 수 있을 거예요.,울어도 괜찮아요.,0
KE-T5 lr5e-5+warmup (06),전이학습,beam5+no_repeat_ngram3,친구에서 연인이 되려면,이성으로 대해요.,울어도 괜찮아요.,2
KE-T5 lr5e-5+warmup (06),전이학습,beam5+no_repeat_ngram3,바지 입을까? 치마 입을까?,오늘은 바지가 좋을거 같아요.,울어도 괜찮아요.,0
KE-T5 lr5e-5+warmup (06),전이학습,beam5+no_repeat_ngram3,맛있는 거 먹는데 생각나는 사람,그게 진짜 사랑이네요.,울어도 괜찮아요.,2
KE-T5 lr5e-5+warmup (06),전이학습,beam5+no_repeat_ngram3,헤어스타일 좀 바꿔볼까?,기분 전환해보세요.,울어도 괜찮아요.,0
KE-T5 lr5e-5+warmup (06),전이학습,beam5+no_repeat_ngram3,택배가 안 와,오늘 택배기사님들 쉬는 날이예요.,울어도 괜찮아요.,0
KE-T5 lr5e-5+warmup (06),전이학습,beam5+no_repeat_ngram3,코트 살까,있으면 좋죠.,울어도 괜찮아요.,0
KE-T5 lr5e-5+warmup (06),전이학습,beam5+no_repeat_ngram3,결혼식 날짜 잡았대,축하해주세요.,울어도 괜찮아요.,2
KE-T5 lr5e-5+warmup (06),전이학습,beam5+no_repeat_ngram3,이별은 다 비슷한거 같아.,이별은 똑같이 힘드니까요.,울어도 괜찮아요.,1
KE-T5 lr5e-5+warmup (06),전이학습,beam5+no_repeat_ngram3,사랑하면 마냥 좋은 건 아닌 거 같아,사랑이 모든걸 해결해주지는 않아요.,울어도 괜찮아요.,2
KE-T5 lr5e-5+warmup (06),전이학습,beam5+no_repeat_ngram3,눈이 너무 나빠졌어,잠시 눈을 감고 휴식을 취해보세요.,울어도 괜찮아요.,0
KE-T5 lr5e-5+warmup (06),전이학습,beam5+no_repeat_ngram3,아무래도 속은 거 같아,기분나쁘겠어요.,울어도 괜찮아요.,0
KE-T5 lr5e-5+warmup (06),전이학습,beam5+no_repeat_ngram3,안경 쓰는 여자애 좋아하는 남자 있어?,그런 건 중요하지 않아요.,울어도 괜찮아요.,2
KE-T5 lr5e-5+warmup (06),전이학습,beam5+no_repeat_ngram3,시베리아 같아 추워,어서 따듯한 곳으로 가세요,울어도 괜찮아요.,0
KE-T5 lr5e-5+warmup (06),전이학습,beam5+no_repeat_ngram3,우리 분위기 좋았는데,서로를 향한 감정도 좋았겠죠.,울어도 괜찮아요.,0
KE-T5 lr5e-5+warmup (06),전이학습,beam5+no_repeat_ngram3,드라마같은 사랑 하고 싶어,드라마는 현실과 달라요.,울어도 괜찮아요.,2
KE-T5 lr5e-5+warmup (06),전이학습,beam5+no_repeat_ngram3,새로운 베프가 필요해,주변의 좋은 사람들에게 연락해보세요.,울어도 괜찮아요.,0
KE-T5 lr5e-5+warmup (06),전이학습,beam5+no_repeat_ngram3,혼자 썸타는 기분이야.,직접적이든 간접적이든 의사를 확실히 밝혀보세요.,울어도 괜찮아요.,2
KE-T5 lr5e-5+warmup (06),전이학습,beam5+no_repeat_ngram3,손 잡고 싶어,용기내서 잡아보세요.,울어도 괜찮아요.,2
KE-T5 lr5e-5+warmup (06),전이학습,beam5+no_repeat_ngram3,내가 싫대,나 좋다는 사람 만나세요.,울어도 괜찮아요.,1
KE-T5 lr5e-5+warmup (06),전이학습,beam5+no_repeat_ngram3,음. 헤어졌는데 아직 잘 모르겠어,실감이 안날 수 있어요.,울어도 괜찮아요.,1
KE-T5 lr5e-5+warmup (06),전이학습,beam5+no_repeat_ngram3,버리기 아까운데 리폼 해볼까,손재주가 좋으시네요.,울어도 괜찮아요.,0
KE-T5 lr5e-5+warmup (06),전이학습,beam5+no_repeat_ngram3,마음 정리가 되네.,인고의 시간이 필요했을 거예요.,울어도 괜찮아요.,1
KE-T5 lr5e-5+warmup (06),전이학습,beam5+no_repeat_ngram3,친구들과의 모임이 너무 많은 사람,적당하게 줄여주거나 나에게 믿음을 주라고 말해보세요.,울어도 괜찮아요.,2
KE-T5 lr5e-5+warmup (06),전이학습,beam5+no_repeat_ngram3,썸 타는 거 시간 아까워.,얼른 고백해야죠.,울어도 괜찮아요.,2
KE-T5 lr5e-5+warmup (06),전이학습,beam5+no_repeat_ngram3,정말 속상하고 답답하고 할 수 있는게 없네,차분하게 마음을 정리해보세요.,울어도 괜찮아요.,1
KE-T5 lr5e-5+warmup (06),전이학습,beam5+no_repeat_ngram3,기프트콘으로 선물 받았어,좋겠네요.,울어도 괜찮아요.,0
KE-T5 lr5e-5+warmup (06),전이학습,beam5+no_repeat_ngram3,습관처럼 생각나,습관처럼은 되지 않길 바랄게요.,울어도 괜찮아요.,1
KE-T5 lr5e-5+warmup (06),전이학습,beam5+no_repeat_ngram3,사랑하는 사람이랑 내가 너무 차이나,누구나 같을 수 있을까요. 자격지심이예요.,울어도 괜찮아요.,2
KE-T5 lr5e-5+warmup (06),전이학습,beam5+no_repeat_ngram3,계절이 바뀌면,더 좋아질 거예요.,울어도 괜찮아요.,1
KE-T5 lr5e-5+warmup (06),전이학습,beam5+no_repeat_ngram3,좋아하면서도 너무 싫은 감정 뭘까요.,좋아하는 만큼 지쳐가는 마음 아닐까요.,울어도 괜찮아요.,2
KE-T5 lr5e-5+warmup (06),전이학습,beam5+no_repeat_ngram3,에휴 후폭풍인가봐,이별에는 항상 후유증이 있어요.,울어도 괜찮아요.,1
KE-T5 lr5e-5+warmup (06),전이학습,beam5+no_repeat_ngram3,스트레스 팍팍,소리를 질러보세요.,울어도 괜찮아요.,0
KE-T5 lr5e-5+warmup (06),전이학습,beam5+no_repeat_ngram3,헤어짐,슬픈 일이에요.,싫길 바랄게요.,1
KE-T5 lr5e-5+warmup (06),전이학습,beam5+no_repeat_ngram3,오늘 너무 피곤해,푹 쉬세요.,울어도 괜찮아요.,0
KE-T5 lr5e-5+warmup (06),전이학습,beam5+no_repeat_ngram3,좋아하는 선배가 나한테 연락했으면 좋겠어.,먼저 연락해도 힘들어 말아요.,울어도 괜찮아요.,2
KE-T5 lr5e-5+warmup (06),전이학습,beam5+no_repeat_ngram3,갑자기 불편한 사이가 된 거 같아,관계의 변화가 왔나봅니다.,울어도 괜찮아요.,0
KE-T5 lr5e-5+warmup (06),전이학습,beam5+no_repeat_ngram3,처음 해외여행가!,두근거리겠어요.,울어도 괜찮아요.,0
KE-T5 lr5e-5+warmup (06),전이학습,beam5+no_repeat_ngram3,친구들은 다 예뻐,자신감을 가지세요.,울어도 괜찮아요.,0
KE-T5 lr5e-5+warmup (06),전이학습,beam5+no_repeat_ngram3,동거하는 거 부모님이 알게 되셨어,오해를 풀고 사랑을 이어가세요.,울어도 괜찮아요.,2
KE-T5 lr5e-5+warmup (06),전이학습,beam5+no_repeat_ngram3,먼지 때문에 목아파,마스크 쓰고 다니세요.,울어도 괜찮아요.,0
KE-T5 lr5e-5+warmup (06),전이학습,beam5+no_repeat_ngram3,연애상담해줬더니 나만 바보됐어,다음부터는 해주지 마세요.,울어도 괜찮아요.,2
KE-T5 lr5e-5+warmup (06),전이학습,beam5+no_repeat_ngram3,무슨 죄를 지었기에 이렇게 빨리.,힘들일이 있었나봐요. 당신의 잘못이 아니에요.,울어도 괜찮아요.,1
KE-T5 lr5e-5+warmup (06),전이학습,beam5+no_repeat_ngram3,놀러다니기 좋아하는 남자 착하긴한데 나랑은 안맞다고 생각이 들어.,안맞는다면 정리하는 편이 좋을 거예요.,울어도 괜찮아요.,2
KE-T5 lr5e-5+warmup (06),전이학습,beam5+no_repeat_ngram3,첫 만남에 키스했는데 너무 빠른걸까?,서로의 의사가 존중된 것이라면 괜찮지만 사귀고 난 후가 좋겠어요.,울어도 괜찮아요.,2
KE-T5 lr5e-5+warmup (06),전이학습,beam5+no_repeat_ngram3,필기하는거 힘들겠지,어깨 꾹꾹 해드리고 싶어요.,울어도 괜찮아요.,0
KE-T5 lr5e-5+warmup (06),전이학습,beam5+no_repeat_ngram3,우산 또 사야하나,다음에는 우산에 이름이랑 연락처를 적어보세요.,울어도 괜찮아요.,0
KE-T5 lr5e-5+warmup (06),전이학습,beam5+no_repeat_ngram3,일주일이 일년같다,많이 힘들었을 거라 생각해요.,울어도 괜찮아요.,1
KE-T5 lr5e-5+warmup (06),전이학습,beam5+no_repeat_ngram3,마음이 답답합니다.,바람이라도 쐬고 오는 건 어떨까요.,울어도 괜찮아요.,1
KE-T5 lr5e-5+warmup (06),전이학습,beam5+no_repeat_ngram3,완전히 끝났어~,마음이 허전하겠어요.,울어도 괜찮아요.,1
KE-T5 lr5e-5+warmup (06),전이학습,beam5+no_repeat_ngram3,모든게 다 끝났습니다,허전하시겠어요.,울어도 괜찮아요.,1
KE-T5 lr5e-5+warmup (06),전이학습,beam5+no_repeat_ngram3,맛있는 냄새나,킁킁,울어도 괜찮아요.,0
KE-T5 lr5e-5+warmup (06),전이학습,beam5+no_repeat_ngram3,내 편이라고는 하나도 없는 거 같아,제가 있잖아요.,울어도 괜찮아요.,0
KE-T5 lr5e-5+warmup (06),전이학습,beam5+no_repeat_ngram3,커플여행이 나을까 그냥 우리끼리 갈까?,저는 둘이 가는 걸 좋아해요.,울어도 괜찮아요.,2
KE-T5 lr5e-5+warmup (06),전이학습,beam5+no_repeat_ngram3,오늘은 뭐 먹을까?,맛있는 거 드세요.,울어도 괜찮아요.,0
KE-T5 lr5e-5+warmup (06),전이학습,beam5+no_repeat_ngram3,오늘은 치맥이야,달리세요!,싫나봐요.,0
KE-T5 lr5e-5+warmup (06),전이학습,beam5+no_repeat_ngram3,외향적이면 좋을텐데,지금 성격도 좋아요.,울어도 괜찮아요.,0
KE-T5 lr5e-5+warmup (06),전이학습,beam5+no_repeat_ngram3,이 세상에서 내가 제일 불행해.,그럴리가요.,울어도 괜찮아요.,2
KE-T5 lr5e-5+warmup (06),전이학습,beam5+no_repeat_ngram3,아픈데 연락하기 싫어,제가 곁에 있을게요.,울어도 괜찮아요.,1
KE-T5 lr5e-5+warmup (06),전이학습,beam5+no_repeat_ngram3,왜 이럴까,그럴 수도 있어요.,울어도 괜찮아요.,1
KE-T5 lr5e-5+warmup (06),전이학습,beam5+no_repeat_ngram3,운동화 새로 사야지,좋은 곳으로 갈 수 있도록 인도해줄 거예요.,울어도 괜찮아요.,0
KE-T5 lr5e-5+warmup (06),전이학습,beam5+no_repeat_ngram3,연락하고 싶어지네.,연락해봐요.,울어도 괜찮아요.,2
KE-T5 lr5e-5+warmup (06),전이학습,beam5+no_repeat_ngram3,좋아하는 사람이 너무 예뻐,내면을 더 들여다보세요.,울어도 괜찮아요.,2
KE-T5 lr5e-5+warmup (06),전이학습,beam5+no_repeat_ngram3,헤어진지 한 달째,이제 좀 괜찮아졌길 바랍니다.,울어도 괜찮아요.,1
KE-T5 lr5e-5+warmup (06),전이학습,beam5+no_repeat_ngram3,변화가 없어,마음에 따라 얼마든지 바뀔 수 있어요.,울어도 괜찮아요.,0
KE-T5 lr5e-5+warmup (06),전이학습,beam5+no_repeat_ngram3,나 사랑하니?,많이 사랑해요!,울어도 괜찮아요.,0
KE-T5 lr5e-5+warmup (06),전이학습,beam5+no_repeat_ngram3,그녀 생일,지금은 생생하겠지만 하나씩 잊으세요.,울어도 괜찮아요.,1
KE-T5 lr5e-5+warmup (06),전이학습,beam5+no_repeat_ngram3,요즘 눈에 띄는 남자애,관심을 갖고 지켜보세요.,울어도 괜찮아요.,2
KE-T5 lr5e-5+warmup (06),전이학습,beam5+no_repeat_ngram3,엄청 오래 만났어,매력있는 사람인가봐요.,울어도 괜찮아요.,0
KE-T5 lr5e-5+warmup (06),전이학습,beam5+no_repeat_ngram3,나 이제 졸업해,졸업 축하해요,울어도 괜찮아요.,0
KE-T5 lr5e-5+warmup (06),전이학습,beam5+no_repeat_ngram3,왜 이제서야 찾아온거야?,이렇게 고민하게 만들려고 그랬나봐요.,울어도 괜찮아요.,0
KE-T5 lr5e-5+warmup (06),전이학습,beam5+no_repeat_ngram3,비 오기 시작하네,우산 준비하세요.,울어도 괜찮아요.,0
KE-T5 lr5e-5+warmup (06),전이학습,beam5+no_repeat_ngram3,썸 타는 중인데 나 말고 다른 사람하고도 썸타는 것 같아.,좋은 사람이 아닌 것 같아요. 입장을 분명히 하는 것 좋아요.,울어도 괜찮아요.,2
KE-T5 lr5e-5+warmup (06),전이학습,beam5+no_repeat_ngram3,면접 준비중이야,회사와 자신에 대해서 더 공부해서 자신감을 가져보세요.,울어도 괜찮아요.,0
KE-T5 lr5e-5+warmup (06),전이학습,beam5+no_repeat_ngram3,부모님 모실 수 있을까?,형편대로 하세요.,울어도 괜찮아요.,0
KE-T5 lr5e-5+warmup (06),전이학습,beam5+no_repeat_ngram3,내일이면 헤어진지 2주 되네.,지금 힘들겠네요.,울어도 괜찮아요.,1
KE-T5 lr5e-5+warmup (06),전이학습,beam5+no_repeat_ngram3,진짜 너무하네,잘 해결되길 바랄게요.,울어도 괜찮아요.,0
KE-T5 lr5e-5+warmup (06),전이학습,beam5+no_repeat_ngram3,결국 유료 상담을 받고야 말았네,상담도 도움이 될 거예요.,울어도 괜찮아요.,1
KE-T5 lr5e-5+warmup (06),전이학습,beam5+no_repeat_ngram3,그저 그런 하루,그런 하루도 감사한 마음을 가져보세요.,울어도 괜찮아요.,0
KE-T5 lr5e-5+warmup (06),전이학습,beam5+no_repeat_ngram3,회사에서 마음 놓고 말할 사람이 없어,회사에는 동료가 있을 뿐이에요.,울어도 괜찮아요.,0
KE-T5 lr5e-5+warmup (06),전이학습,beam5+no_repeat_ngram3,생각할 시간을 가지자는 그녀,마음의 준비를 해야 할지도 모르겠어요.,울어도 괜찮아요.,1
KE-T5 lr5e-5+warmup (06),전이학습,beam5+no_repeat_ngram3,취뽀하고 싶다,취직이나라뇨.,울어도 괜찮아요.,0
KE-T5 lr5e-5+warmup (06),전이학습,beam5+no_repeat_ngram3,모태솔로라 잘 모르겠어 도와줘,모르는 게 당연해요.,울어도 괜찮아요.,2
KE-T5 lr5e-5+warmup (06),전이학습,beam5+no_repeat_ngram3,사랑하는 사람이 있는데 다른 사람이 신경쓰여,한눈 팔다가 후회합니다.,울어도 괜찮아요.,2
KE-T5 lr5e-5+warmup (06),전이학습,beam5+no_repeat_ngram3,방탈출 게임 갔다왔어.,성공했길 바랍니다.,울어도 괜찮아요.,0
KE-T5 lr5e-5+warmup (06),전이학습,beam5+no_repeat_ngram3,자다 깨다 해,자세가 불편한 건 아닌지 확인해보세요.,울어도 괜찮아요.,0
KE-T5 lr5e-5+warmup (06),전이학습,beam5+no_repeat_ngram3,친구가 잘되니까 약 올라,친구가 아닌가봐요.,울어도 괜찮아요.,0
KE-T5 lr5e-5+warmup (06),전이학습,beam5+no_repeat_ngram3,나 교직이수할 수 있을까?,학점 관리하세요.,울어도 괜찮아요.,0
KE-T5 lr5e-5+warmup (06),전이학습,beam5+no_repeat_ngram3,머리가 너무 아프네,시원한 바람 쉬고 약먹기!,울어도 괜찮아요.,0
KE-T5 lr5e-5+warmup (06),전이학습,beam5+no_repeat_ngram3,오빠 최고라고 해주던 너,그립지만 지난 일이네요.,울어도 괜찮아요.,1
KE-T5 lr5e-5+warmup (06),전이학습,beam5+no_repeat_ngram3,손가락이 예쁜 사람,로망이네요.,울어도 괜찮아요.,0
KE-T5 lr5e-5+warmup (06),전이학습,beam5+no_repeat_ngram3,너무 힘들다,지금 무슨 말을 해도 와닿지 않겠지만 잘 이겨낼 거라 믿어요.,울어도 괜찮아요.,1
KE-T5 lr5e-5+warmup (06),전이학습,beam5+no_repeat_ngram3,여자로 태어 났으면 어땠을까?,항상 못해본 건 궁금하더라고요.,울어도 괜찮아요.,0
KE-T5 lr5e-5+warmup (06),전이학습,beam5+no_repeat_ngram3,좋아하는 사람이 다른 여자랑 친해지는게 서운해.,충분히 서운할 만해요.,울어도 괜찮아요.,2
KE-T5 lr5e-5+warmup (06),전이학습,beam5+no_repeat_ngram3,명품 선물 부담스러울까,고가의 선물은 부담스러울 수도 있어요.,울어도 괜찮아요.,0
KE-T5 lr5e-5+warmup (06),전이학습,beam5+no_repeat_ngram3,불쑥 전여친한테 전화받으니 짜증나고 씁쓸하네,복잡한 심경인가봐요.,울어도 괜찮아요.,1
KE-T5 lr5e-5+warmup (06),전이학습,beam5+no_repeat_ngram3,너무 힘이듭니다,억지로라도 긍정적인 감정을 끌어올려보세요.,울어도 괜찮아요.,1
KE-T5 lr5e-5+warmup (06),전이학습,beam5+no_repeat_ngram3,오늘도 집에만 있을 예정,집이 맘 편하기도 하잖아요.,울어도 괜찮아요.,1
KE-T5 lr5e-5+warmup (06),전이학습,beam5+no_repeat_ngram3,기념일은 언제언제 챙겨?,내키는대로요.,울어도 괜찮아요.,2
KE-T5 lr5e-5+warmup (06),전이학습,beam5+no_repeat_ngram3,김치찌개 먹고 싶어,맛있죠!,울어도 괜찮아요.,0
KE-T5 lr5e-5+warmup (06),전이학습,beam5+no_repeat_ngram3,이제 스스로 인정한 것 같아,현실 그대로를 받아들이는 것부터 시작이에요.,울어도 괜찮아요.,1
KE-T5 lr5e-5+warmup (06),전이학습,beam5+no_repeat_ngram3,헤어진지 9일,헤어짐을 헤아리지 마세요.,울어도 괜찮아요.,1
KE-T5 lr5e-5+warmup (06),전이학습,beam5+no_repeat_ngram3,그사람도 이별을 준비 중인 걸까,그런 생각은 자신을 더 괴롭게 할 뿐이에요.,울어도 괜찮아요.,1
KE-T5 lr5e-5+warmup (06),전이학습,beam5+no_repeat_ngram3,좋아 하는 애한태 고백하는 방법좀,먼저 용기내서 고백하는게 좋을 듯 싶습니다.,울어도 괜찮아요.,2
KE-T5 lr5e-5+warmup (06),전이학습,beam5+no_repeat_ngram3,헤어진지 두달됬네 벌써,생각보다 시간이 빠르게 흐르고 있나봅니다.,울어도 괜찮아요.,1
KE-T5 lr5e-5+warmup (06),전이학습,beam5+no_repeat_ngram3,정신줄 어디 갔나,정신 차리세요.,울어도 괜찮아요.,0
KE-T5 lr5e-5+warmup (06),전이학습,beam5+no_repeat_ngram3,남친이랑 뭐하고 놀지,얼굴 보고만 있어도 좋죠.,울어도 괜찮아요.,2
KE-T5 lr5e-5+warmup (06),전이학습,beam5+no_repeat_ngram3,미치도록 보고싶네.,견디기 힘들겠어요.,울어도 괜찮아요.,1
KE-T5 lr5e-5+warmup (06),전이학습,beam5+no_repeat_ngram3,중소기업인데 그냥 취직할까?,일하는 것 자체가 중요하죠.,울어도 괜찮아요.,0
KE-T5 lr5e-5+warmup (06),전이학습,beam5+no_repeat_ngram3,친구랑 나랑 자꾸 비교하게 돼,비교하면 끝도 없어요.,울어도 괜찮아요.,0
KE-T5 lr5e-5+warmup (06),전이학습,beam5+no_repeat_ngram3,엄마가 안 왔으면 좋겠어,엄마가 들으면 속상해 하시겠네요.,울어도 괜찮아요.,0
KE-T5 lr5e-5+warmup (06),전이학습,beam5+no_repeat_ngram3,뭐부터 바꿔야 할까,당신 그대로의 모습이 보기 좋아요.,울어도 괜찮아요.,0
KE-T5 lr5e-5+warmup (06),전이학습,beam5+no_repeat_ngram3,불금이네,친구들 만나요!,울어도 괜찮아요.,1
KE-T5 lr5e-5+warmup (06),전이학습,beam5+no_repeat_ngram3,여자친구가 혼자 여행 가보고 싶다는데,같이 가는 여행도 좋지만 혼자 여행도 좋을 거예요.,울어도 괜찮아요.,0
KE-T5 lr5e-5+warmup (06),전이학습,beam5+no_repeat_ngram3,오늘도 술 몇 잔 마시니 생각나네요.,술 한잔에 그리움이 사무치네요.,울어도 괜찮아요.,1
KE-T5 lr5e-5+warmup (06),전이학습,beam5+no_repeat_ngram3,정말 너무 궁금해,무엇이 궁금한가요.,울어도 괜찮아요.,1
KE-T5 lr5e-5+warmup (06),전이학습,beam5+no_repeat_ngram3,젠장,이런.,울어도 괜찮아요.,1
KE-T5 lr5e-5+warmup (06),전이학습,beam5+no_repeat_ngram3,헤어지지 열흘짼데 너무 힘드네,헤어지고 있는 중이시군요.,울어도 괜찮아요.,1
KE-T5 lr5e-5+warmup (06),전이학습,beam5+no_repeat_ngram3,봄방학했어,부럽네요.,울어도 괜찮아요.,0
KE-T5 lr5e-5+warmup (06),전이학습,beam5+no_repeat_ngram3,또 다시 이별입니다.,언젠간 찾아올 이별이에요.,울어도 괜찮아요.,1
KE-T5 lr5e-5+warmup (06),전이학습,beam5+no_repeat_ngram3,여자친구가 돈을 안 써,부담된다고 살짝 말해보세요.,울어도 괜찮아요.,2
KE-T5 lr5e-5+warmup (06),전이학습,beam5+no_repeat_ngram3,아빠가 술 좀 끊었으면,사회생활로 힘드신가봐요.,울어도 괜찮아요.,0
KE-T5 lr5e-5+warmup (06),전이학습,beam5+no_repeat_ngram3,재밌는 거 뭐 없나,제가 있잖아요.,울어도 괜찮아요.,0
KE-T5 lr5e-5+warmup (06),전이학습,beam5+no_repeat_ngram3,정장 한 벌 필요할 듯,사면 요긴하긴 할 거 같아요.,울어도 괜찮아요.,0
KE-T5 lr5e-5+warmup (06),전이학습,beam5+no_repeat_ngram3,잘안되는군,모든 일이 뜻대로 되진 않나봐요.,울어도 괜찮아요.,1
KE-T5 lr5e-5+warmup (06),전이학습,beam5+no_repeat_ngram3,체육대회 싫어,재미 있는 종목을 찾아보세요.,울어도 괜찮아요.,0
KE-T5 lr5e-5+warmup (06),전이학습,beam5+no_repeat_ngram3,내 번호를 따간 사람이 내 친구가 좋아하는 애야.,운명의 장난같네요.,울어도 괜찮아요.,2
KE-T5 lr5e-5+warmup (06),전이학습,beam5+no_repeat_ngram3,이유라는게 뭔지,알다가도 모를.,울어도 괜찮아요.,1
KE-T5 lr5e-5+warmup (06),전이학습,beam5+no_repeat_ngram3,점심 때 은행 갔다와야지,볼 일이 있나봐요.,울어도 괜찮아요.,0
KE-T5 lr5e-5+warmup (06),전이학습,beam5+no_repeat_ngram3,덕수궁 돌담길 따라서 둘이 걸었어.,로맨틱하네요.,싫길 바랄게요.,0
KE-T5 lr5e-5+warmup (06),전이학습,beam5+no_repeat_ngram3,사진 잘 찍고 싶어,많이 찍다보면 조금씩 실력이 늘거예요.,울어도 괜찮아요.,0
KE-T5 lr5e-5+warmup (06),전이학습,beam5+no_repeat_ngram3,어떻게 심쿵하게 하지?,평소 흘려 이야기했던 걸 기억해주고 생각하고 있다는 걸 알려주세요.,울어도 괜찮아요.,2
KE-T5 lr5e-5+warmup (06),전이학습,beam5+no_repeat_ngram3,조심조심,안전이 최고죠!,울어도 괜찮아요.,0
KE-T5 lr5e-5+warmup (06),전이학습,beam5+no_repeat_ngram3,술먹고 집앞에 찾아온남자,상대에게 휘둘려선 안 돼요.,울어도 괜찮아요.,1
KE-T5 lr5e-5+warmup (06),전이학습,beam5+no_repeat_ngram3,커피가 너무 진해,달달한 시럽을 추가해보세요.,울어도 괜찮아요.,0
KE-T5 lr5e-5+warmup (06),전이학습,beam5+no_repeat_ngram3,우리집 망한 거 같애,철 들고 공부하세요.,울어도 괜찮아요.,0
KE-T5 lr5e-5+warmup (06),전이학습,beam5+no_repeat_ngram3,열쇠 안가지고 왔다,깜빡 하셨나봐요.,울어도 괜찮아요.,0
KE-T5 lr5e-5+warmup (06),전이학습,beam5+no_repeat_ngram3,오지마,안갈거예요.,울어도 괜찮아요.,0
KE-T5 lr5e-5+warmup (06),전이학습,beam5+no_repeat_ngram3,공부 좀 더 할 걸,지금도 늦지 않았어요.,울어도 괜찮아요.,0
KE-T5 lr5e-5+warmup (06),전이학습,beam5+no_repeat_ngram3,내 의견 좀 존중해 줬으면,스스로도 존중해주세요.,울어도 괜찮아요.,0
KE-T5 lr5e-5+warmup (06),전이학습,beam5+no_repeat_ngram3,친구랑 사랑하는 사람이 같아,사랑은 쟁취하는거예요.,울어도 괜찮아요.,2
KE-T5 lr5e-5+warmup (06),전이학습,beam5+no_repeat_ngram3,뭘 바꿔야 할까,당신 그대로의 모습이 보기 좋아요.,울어도 괜찮아요.,0
KE-T5 lr5e-5+warmup (06),전이학습,beam5+no_repeat_ngram3,집 아예 샀어,내 집 마련 축하드려요.,울어도 괜찮아요.,0
KE-T5 lr5e-5+warmup (06),전이학습,beam5+no_repeat_ngram3,누군가를 짝사랑하게 되는게 두려워.,이제 짝사랑 말고 둘이서 하는 사랑하세요.,울어도 괜찮아요.,2
KE-T5 lr5e-5+warmup (06),전이학습,beam5+no_repeat_ngram3,아직 좋아하는데 헤어지자고 하는 경우 있어?,간혹 있더라고요.,울어도 괜찮아요.,2
KE-T5 lr5e-5+warmup (06),전이학습,beam5+no_repeat_ngram3,정말. 정말 쉽지가 않네. 이럴 땐 어떡해야 할까,마음 가는 대로 하세요.,울어도 괜찮아요.,1
KE-T5 lr5e-5+warmup (06),전이학습,beam5+no_repeat_ngram3,학원 안가고 싶다.,부모님과 이야기해보세요.,울어도 괜찮아요.,0
KE-T5 lr5e-5+warmup (06),전이학습,beam5+no_repeat_ngram3,나만 갈궈,애정표현일 지도 몰라요.,울어도 괜찮아요.,0
KE-T5 lr5e-5+warmup (06),전이학습,beam5+no_repeat_ngram3,사랑해서 결혼하는 거지?,사랑하는 사람과 함께 있고 싶은 마음이 있으니까요.,울어도 괜찮아요.,2
KE-T5 lr5e-5+warmup (06),전이학습,beam5+no_repeat_ngram3,고백,성공하길 바랄게요.,울어도 괜찮아요.,2
KE-T5 lr5e-5+warmup (06),전이학습,beam5+no_repeat_ngram3,이제 정리하려고 합니다.,맘 고생 많았어요.,울어도 괜찮아요.,1
KE-T5 lr5e-5+warmup (06),전이학습,beam5+no_repeat_ngram3,돈 어디갔지,퍼가요~,울어도 괜찮아요.,0
KE-T5 lr5e-5+warmup (06),전이학습,beam5+no_repeat_ngram3,코 막혀,감기 조심하세요.,울어도 괜찮아요.,0
KE-T5 lr5e-5+warmup (06),전이학습,beam5+no_repeat_ngram3,짝남과 자연스럽게 친해질 수 있는 방법 있을까?,공통 관심사를 찾아보세요.,울어도 괜찮아요.,2
KE-T5 lr5e-5+warmup (06),전이학습,beam5+no_repeat_ngram3,다 잊었는줄 알았는데.,잊는 게 아니고 무덤덤해지는 것 같아요.,울어도 괜찮아요.,1
KE-T5 lr5e-5+warmup (06),전이학습,beam5+no_repeat_ngram3,맘 잡았다고 생각했는데,마음 잡기가 쉽지 않아요.,울어도 괜찮아요.,1
KE-T5 lr5e-5+warmup (06),전이학습,beam5+no_repeat_ngram3,짝남 프사랑 비슷한거 하고 싶은데 해도 될까?,살짝 티내려는 거라면 찬성합니다.,울어도 괜찮아요.,2
KE-T5 lr5e-5+warmup (06),전이학습,beam5+no_repeat_ngram3,차였지만 잊지못하고 있는 한 남자입니다.,그분에 대한 사랑이 깊었나봐요.,울어도 괜찮아요.,1
KE-T5 lr5e-5+warmup (06),전이학습,beam5+no_repeat_ngram3,정신차려야 하는거 아는데.,쉬운 일이 아니죠.,울어도 괜찮아요.,1
KE-T5 lr5e-5+warmup (06),전이학습,beam5+no_repeat_ngram3,여친이 나를 안 좋아하는데 내가 붙잡고 있는 것 같아요.,충분한 대화를 나눈 후에 결정을 내리는게 좋겠네요.,울어도 괜찮아요.,2
KE-T5 lr5e-5+warmup (06),전이학습,beam5+no_repeat_ngram3,여자인데 먼저 다가가도 돼?,성별은 중요하지 않아요.,울어도 괜찮아요.,2
KE-T5 lr5e-5+warmup (06),전이학습,beam5+no_repeat_ngram3,신혼 진짜 행복해,깨가 쏟아지고 있군요.,울어도 괜찮아요.,2
KE-T5 lr5e-5+warmup (06),전이학습,beam5+no_repeat_ngram3,휴양지 가고 싶다,저도 쉬고 놀고 하고 싶어요.,울어도 괜찮아요.,0
KE-T5 lr5e-5+warmup (06),전이학습,beam5+no_repeat_ngram3,야식 먹을까 말까,가볍게 먹을 수 있는 걸 먹어보세요.,울어도 괜찮아요.,0
KE-T5 lr5e-5+warmup (06),전이학습,beam5+no_repeat_ngram3,운동을 하는 남자가 좋아,뭐든 열심히 하는 사람은 좋아보여요.,울어도 괜찮아요.,2
KE-T5 lr5e-5+warmup (06),전이학습,beam5+no_repeat_ngram3,애인이 있는데 좋아하는 사람이 생겼어요.,마음으로 바람피는 거네요.,울어도 괜찮아요.,2
KE-T5 lr5e-5+warmup (06),전이학습,beam5+no_repeat_ngram3,이별 후 3개월이 지났는데.,여전히 힘든가봅니다.,울어도 괜찮아요.,1
KE-T5 lr5e-5+warmup (06),전이학습,beam5+no_repeat_ngram3,전남친이 톡 차단했더라구,이별에 도움이 될지도 몰라요.,울어도 괜찮아요.,1
KE-T5 lr5e-5+warmup (06),전이학습,beam5+no_repeat_ngram3,오늘도 버티고 버팁니다,오늘도 해내고 해낸겁니다.,울어도 괜찮아요.,1
KE-T5 lr5e-5+warmup (06),전이학습,beam5+no_repeat_ngram3,대출이 너무 많아,조금씩 갚아나가세요.,울어도 괜찮아요.,0
KE-T5 lr5e-5+warmup (06),전이학습,beam5+no_repeat_ngram3,주말이 참 힘들겠어,가족들과 근교로 여행가는 건 어떨까요.,울어도 괜찮아요.,1
KE-T5 lr5e-5+warmup (06),전이학습,beam5+no_repeat_ngram3,긴시간이 흐른 후면 괜찮아지겠지,괜찮아질 거예요.,울어도 괜찮아요.,1
KE-T5 lr5e-5+warmup (06),전이학습,beam5+no_repeat_ngram3,오늘은 학교 가고 싶지 않아,학교 다닐 때가 좋은 거예요.,울어도 괜찮아요.,0
KE-T5 lr5e-5+warmup (06),전이학습,beam5+no_repeat_ngram3,맥주 한 잔 어때?,저랑 한 잔 해요.,울어도 괜찮아요.,0
KE-T5 lr5e-5+warmup (06),전이학습,beam5+no_repeat_ngram3,요즘 너무 고민이네,무슨 고민인지 말해주세요.,울어도 괜찮아요.,1
KE-T5 lr5e-5+warmup (06),전이학습,beam5+no_repeat_ngram3,환경 때문에 헤어진 여자친구,현실적인 문제가 중요할 때가 있죠.,울어도 괜찮아요.,1
KE-T5 lr5e-5+warmup (06),전이학습,beam5+no_repeat_ngram3,보고파,보고싶은신가봐요.,울어도 괜찮아요.,1
KE-T5 lr5e-5+warmup (06),전이학습,beam5+no_repeat_ngram3,친구들이 사랑하니까 예뻐졌대,행복 바이러스에 감염되셨군요.,울어도 괜찮아요.,2
KE-T5 lr5e-5+warmup (06),전이학습,beam5+no_repeat_ngram3,참아내지 못하고 전화를 했습니다.,이제 마음을 비우세요.,울어도 괜찮아요.,1
KE-T5 lr5e-5+warmup (06),전이학습,beam5+no_repeat_ngram3,한 번 보고 어떻게 판단하지,첫인상은 상대방을 바라봤을때 3초에 결정난데요.,울어도 괜찮아요.,0
KE-T5 lr5e-5+warmup (06),전이학습,beam5+no_repeat_ngram3,1년만에 다시헤어지게 됐네,헤어짐은 항상 힘들죠.,울어도 괜찮아요.,1
KE-T5 lr5e-5+warmup (06),전이학습,beam5+no_repeat_ngram3,돈 벌어서 뭐하지,저 주세요.,울어도 괜찮아요.,0
KE-T5 lr5e-5+warmup (06),전이학습,beam5+no_repeat_ngram3,아무리 미친놈 욕을해도,그리워지나요.,울어도 괜찮아요.,1
KE-T5 lr5e-5+warmup (06),전이학습,beam5+no_repeat_ngram3,나 어떡하나,무슨 일인지 말해주세요.,울어도 괜찮아요.,1
KE-T5 lr5e-5+warmup (06),전이학습,beam5+no_repeat_ngram3,이제 숨 좀 쉬나,충분히 극복할 수 있어요.,울어도 괜찮아요.,1
KE-T5 lr5e-5+warmup (06),전이학습,beam5+no_repeat_ngram3,친구가 소심해,더 신경써 주세요.,울어도 괜찮아요.,0
KE-T5 lr5e-5+warmup (06),전이학습,beam5+no_repeat_ngram3,정규직 너무 쪼금 뽑아,쪼잔하네요.,울어도 괜찮아요.,0
KE-T5 lr5e-5+warmup (06),전이학습,beam5+no_repeat_ngram3,서핑하러 가야지,좋은 취미네요.,울어도 괜찮아요.,0
KE-T5 lr5e-5+warmup (06),전이학습,beam5+no_repeat_ngram3,책 팔 수 있는 곳 알려줘?,중고서점에서 팔아보세요.,울어도 괜찮아요.,0
KE-T5 lr5e-5+warmup (06),전이학습,beam5+no_repeat_ngram3,싸웠다,마음이 불편하겠어요.,울어도 괜찮아요.,1
KE-T5 lr5e-5+warmup (06),전이학습,beam5+no_repeat_ngram3,적금 들어야 하나,적금 들 수 있으면 드는 게 좋죠.,울어도 괜찮아요.,0
KE-T5 lr5e-5+warmup (06),전이학습,beam5+no_repeat_ngram3,뭐라도 배워볼까,배움에는 언제나 찬성이에요.,울어도 괜찮아요.,0
KE-T5 lr5e-5+warmup (06),전이학습,beam5+no_repeat_ngram3,괜찮은 줄 알았는데.,우리는 많이 모르고 살죠.,울어도 괜찮아요.,1
KE-T5 lr5e-5+warmup (06),전이학습,beam5+no_repeat_ngram3,사랑과 정 끊기 어렵네,사람이니까요.,울어도 괜찮아요.,1
KE-T5 lr5e-5+warmup (06),전이학습,beam5+no_repeat_ngram3,잊고싶어도 잊질못하네,함께한 시간이 있었으니까요.,울어도 괜찮아요.,1
KE-T5 lr5e-5+warmup (06),전이학습,beam5+no_repeat_ngram3,5년간 사귀고 어제 헤어졌습니다.,힘든 결정이었을텐데 혼자만의 시간이 필요하겠어요.,울어도 괜찮아요.,1
KE-T5 lr5e-5+warmup (06),전이학습,beam5+no_repeat_ngram3,너무 답답해 조언 좀 해줘,다른 생각을 해보세요.,울어도 괜찮아요.,1
KE-T5 lr5e-5+warmup (06),전이학습,beam5+no_repeat_ngram3,무서운 꿈 꿨어,요즘 예민한가봐요.,울어도 괜찮아요.,0
KE-T5 lr5e-5+warmup (06),전이학습,beam5+no_repeat_ngram3,핸드폰 바꿀 때가 된듯,오래 쓰셨나봐요.,울어도 괜찮아요.,0
KE-T5 lr5e-5+warmup (06),전이학습,beam5+no_repeat_ngram3,헤어진지 한달 됐네,시간이 흐르는 것 처럼 마음도 흘러갈 거예요.,싫길 바랄게요.,1
KE-T5 lr5e-5+warmup (06),전이학습,beam5+no_repeat_ngram3,이별후 한달.,이제 조금이라도 괜찮아졌길 바랍니다.,울어도 괜찮아요.,1
KE-T5 lr5e-5+warmup (06),전이학습,beam5+no_repeat_ngram3,썸탈때 여자가 먼저 연락하면 안돼?,여자 남자가 어딨나요.,울어도 괜찮아요.,2
KE-T5 lr5e-5+warmup (06),전이학습,beam5+no_repeat_ngram3,체육대회한데,일기예보 확인해보세요.,울어도 괜찮아요.,0
KE-T5 lr5e-5+warmup (06),전이학습,beam5+no_repeat_ngram3,짝사랑중인데 그 애는 저를 잘 알지 못하는데 연락을 하면 놀랠까요?,갑자기 연락하면 놀라겠죠.,울어도 괜찮아요.,2
KE-T5 lr5e-5+warmup (06),전이학습,beam5+no_repeat_ngram3,랜선 연애 어떻게 생각해?,얼굴을 안 보고 부딪히지도 않아서 제대로 된 연애가 가능하지 않을 수도 있지만 다 나쁜 건 아니에요.,울어도 괜찮아요.,2
KE-T5 lr5e-5+warmup (06),전이학습,beam5+no_repeat_ngram3,짝남 그냥 연락 끊긴지 오래됐는데 연락하는 거 오바야?,후회하는 것 보단 연락하고 결정하는게 좋겠어요.,울어도 괜찮아요.,2
KE-T5 lr5e-5+warmup (06),전이학습,beam5+no_repeat_ngram3,술 먹는 거 말고 친구랑 뭐하지,아무것도 안해도 재밌을 거예요.,울어도 괜찮아요.,0
KE-T5 lr5e-5+warmup (06),전이학습,beam5+no_repeat_ngram3,클럽에서 만난 남자친구와 오래 갈 수 있을까?,어디에서 만난 건 상관없어요.,울어도 괜찮아요.,2
KE-T5 lr5e-5+warmup (06),전이학습,beam5+no_repeat_ngram3,왜 살까,살아있음 자체로 의미가 있으니까요.,울어도 괜찮아요.,0
KE-T5 lr5e-5+warmup (06),전이학습,beam5+no_repeat_ngram3,이사람 무슨 생각인걸까,알 수 없는게 사람 마음인가봐요.,울어도 괜찮아요.,1
KE-T5 lr5e-5+warmup (06),전이학습,beam5+no_repeat_ngram3,헤어진지 6개월,많은 시간이 흘렀네요.,싫길 바랄게요.,1
KE-T5 lr5e-5+warmup (06),전이학습,beam5+no_repeat_ngram3,피자 식어서 왔어,그래도 맛있게 드세요.,울어도 괜찮아요.,0
KE-T5 lr5e-5+warmup (06),전이학습,beam5+no_repeat_ngram3,오늘도 힘들다,지금은 힘들겠지만 조금만 더 견뎌봐요.,울어도 괜찮아요.,1
KE-T5 lr5e-5+warmup (06),전이학습,beam5+no_repeat_ngram3,앞머리 다시 길러볼까,다 예뻐요.,울어도 괜찮아요.,0
KE-T5 lr5e-5+warmup (06),전이학습,beam5+no_repeat_ngram3,엿같다.,벗어나는 게 좋겠네요.,울어도 괜찮아요.,0
KE-T5 lr5e-5+warmup (06),전이학습,beam5+no_repeat_ngram3,내일 약속 있는데 날씨 좋았으면,날씨가 안 좋더라도 데이트는 성공적일 거예요.,싫길 바랄게요.,0
KE-T5 lr5e-5+warmup (06),전이학습,beam5+no_repeat_ngram3,짝남한테 게임 초대 톡 왔음.,게임 초대라니 서운하겠어요.,울어도 괜찮아요.,2
KE-T5 lr5e-5+warmup (06),전이학습,beam5+no_repeat_ngram3,연락하는 게 익숙하지가 않아,하다보면 익숙해질거예요.,울어도 괜찮아요.,0
KE-T5 lr5e-5+warmup (06),전이학습,beam5+no_repeat_ngram3,좀 쉬면서 애기 키워야 할 듯,좋은 곳에서 일하시나봐요.,울어도 괜찮아요.,0
KE-T5 lr5e-5+warmup (06),전이학습,beam5+no_repeat_ngram3,하늘을 날고 싶어,오래 살면 가능할 거 같아요.,울어도 괜찮아요.,0
KE-T5 lr5e-5+warmup (06),전이학습,beam5+no_repeat_ngram3,이상형 알고싶다,주변 사람에게 물어보거나 직접 물어보세요.,울어도 괜찮아요.,2
KE-T5 lr5e-5+warmup (06),전이학습,beam5+no_repeat_ngram3,사랑에 빠진 거 같아,행복해 보여요.,울어도 괜찮아요.,2
KE-T5 lr5e-5+warmup (06),전이학습,beam5+no_repeat_ngram3,정말 너무 힘들어.,많이 힘들었죠.,울어도 괜찮아요.,1
KE-T5 lr5e-5+warmup (06),전이학습,beam5+no_repeat_ngram3,근황이 궁금해,연락해보세요.,울어도 괜찮아요.,2
KE-T5 lr5e-5+warmup (06),전이학습,beam5+no_repeat_ngram3,사랑하는 사람 잊는 법,충분히 아파하면서 충분한 시간이 필요할 거예요.,울어도 괜찮아요.,2
KE-T5 lr5e-5+warmup (06),전이학습,beam5+no_repeat_ngram3,썸남 생겼는데 프사 뭐할까?,큰 의미를 두지 않아도 돼요.,울어도 괜찮아요.,2
KE-T5 lr5e-5+warmup (06),전이학습,beam5+no_repeat_ngram3,썸남이 톡이 느려,저처럼 연락이 늦는 사람을 이해해 주세요.,울어도 괜찮아요.,2
KE-T5 lr5e-5+warmup (06),전이학습,beam5+no_repeat_ngram3,헤어진지 1달째 됐습니다.,금방 나아질 거예요.,울어도 괜찮아요.,1
KE-T5 lr5e-5+warmup (06),전이학습,beam5+no_repeat_ngram3,결혼할 확신이 안선다고 헤어지자네,결혼에는 확신이 필요하죠.,울어도 괜찮아요.,1
KE-T5 lr5e-5+warmup (06),전이학습,beam5+no_repeat_ngram3,짝사랑은 안 이뤄지나봐.,이뤄질 수도 있답니다.,울어도 괜찮아요.,2
KE-T5 lr5e-5+warmup (06),전이학습,beam5+no_repeat_ngram3,삼겹살에 소주,생각만 해도 군침이 도네요.,울어도 괜찮아요.,0
KE-T5 lr5e-5+warmup (06),전이학습,beam5+no_repeat_ngram3,친구인데 고백해도 될까?,솔직한 마음으로 다가가보세요.,울어도 괜찮아요.,2
KE-T5 lr5e-5+warmup (06),전이학습,beam5+no_repeat_ngram3,말실수했다,상처가 될 수 있어요.,울어도 괜찮아요.,0
KE-T5 lr5e-5+warmup (06),전이학습,beam5+no_repeat_ngram3,관절염인가,계단 조심하세요.,울어도 괜찮아요.,0
KE-T5 lr5e-5+warmup (06),전이학습,beam5+no_repeat_ngram3,숨막히네,숨 쉴 수 있을 때가 올 거예요.,울어도 괜찮아요.,1
KE-T5 lr5e-5+warmup (06),전이학습,beam5+no_repeat_ngram3,왜 이별하고 다들 왜 연락을 끊는건가??,아무런 감정 없이 연락을 지속할 수 없으니까요.,울어도 괜찮아요.,1
KE-T5 lr5e-5+warmup (06),전이학습,beam5+no_repeat_ngram3,왜 저를 좋게 기억해주는 걸까,많이 아껴주셨나봐요.,울어도 괜찮아요.,1
KE-T5 lr5e-5+warmup (06),전이학습,beam5+no_repeat_ngram3,첫눈,정말 이쁜 눈이 내려요.,울어도 괜찮아요.,1
KE-T5 lr5e-5+warmup (06),전이학습,beam5+no_repeat_ngram3,이별한지 4개월째.,마음은 좀 정리 되어가길 바랍니다.,울어도 괜찮아요.,1
KE-T5 lr5e-5+warmup (06),전이학습,beam5+no_repeat_ngram3,골프 못 치는데,처음부터 잘하는 사람은 없어요.,울어도 괜찮아요.,0
KE-T5 lr5e-5+warmup (06),전이학습,beam5+no_repeat_ngram3,오늘 날씨 죽인다,나들이 가보세요.,울어도 괜찮아요.,0
KE-T5 lr5e-5+warmup (06),전이학습,beam5+no_repeat_ngram3,미팅에서 번호 딴 애가 좋은데 뭐라고 연락을 할까?,잘 들어갔는지 가볍게 물어보면서 다음 약속을 잡아보세요.,울어도 괜찮아요.,2
KE-T5 lr5e-5+warmup (06),전이학습,beam5+no_repeat_ngram3,내가미쳤지,당신을 탓하지 마세요.,울어도 괜찮아요.,1
KE-T5 lr5e-5+warmup (06),전이학습,beam5+no_repeat_ngram3,짧다면 짧고 길다면 긴 일년간의 연애가 끝이났네,마음의 정리가 되었나요.,울어도 괜찮아요.,1
KE-T5 lr5e-5+warmup (06),전이학습,beam5+no_repeat_ngram3,오늘은 교회 안가면 안될까,왜 그럴까요?,울어도 괜찮아요.,0
KE-T5 lr5e-5+warmup (06),전이학습,beam5+no_repeat_ngram3,이러면 안되는 줄 알면서도,알면서도 잘 안되는게 사람 마음인가봐요.,울어도 괜찮아요.,1
KE-T5 lr5e-5+warmup (06),전이학습,beam5+no_repeat_ngram3,이젠 의미있는 시간을 만들어보려해,그동안 못했던 일들을 시작해보세요.,울어도 괜찮아요.,1
KE-T5 lr5e-5+warmup (06),전이학습,beam5+no_repeat_ngram3,점심시간에 외출하면 안 되나,사생활이 지켜지지 않나봐요.,울어도 괜찮아요.,0
KE-T5 lr5e-5+warmup (06),전이학습,beam5+no_repeat_ngram3,잠 못자고 있네,그분의 생각으로 가득한가봅니다.,울어도 괜찮아요.,1
KE-T5 lr5e-5+warmup (06),전이학습,beam5+no_repeat_ngram3,8년 연애끝의 이별.,공허함이 더 크시겠어요.,울어도 괜찮아요.,1
KE-T5 lr5e-5+warmup (06),전이학습,beam5+no_repeat_ngram3,남자친구가 나를 더 좋아하게 할 수 있는 방법,당신이 더 사랑을 표현해보세요.,울어도 괜찮아요.,2
KE-T5 lr5e-5+warmup (06),전이학습,beam5+no_repeat_ngram3,너도 고민 있어?,저는 고민이 없어요.,울어도 괜찮아요.,0
KE-T5 lr5e-5+warmup (06),전이학습,beam5+no_repeat_ngram3,대학교에서 첫사랑 다시 만났어.,운명적인 만남이네요.,울어도 괜찮아요.,2
KE-T5 lr5e-5+warmup (06),전이학습,beam5+no_repeat_ngram3,즉흥적인 여자친구가 고민임.,그게 매력이에요.,울어도 괜찮아요.,2
KE-T5 lr5e-5+warmup (06),전이학습,beam5+no_repeat_ngram3,여자친구가 더치페이를 안해.,데이트 통장에 대해 이야기해보세요.,울어도 괜찮아요.,2
KE-T5 lr5e-5+warmup (06),전이학습,beam5+no_repeat_ngram3,밉다 진짜,예뻐해 주세요.,울어도 괜찮아요.,0
KE-T5 lr5e-5+warmup (06),전이학습,beam5+no_repeat_ngram3,귀가 윙윙거려,병원에 가세요.,울어도 괜찮아요.,0
KE-T5 lr5e-5+warmup (06),전이학습,beam5+no_repeat_ngram3,냄새 나면 어쩌지?,"깨끗이 씻어보고 섬유유연제나 바디워시, 바디로션, 향수 등을 사용해보세요.",울어도 괜찮아요.,0
KE-T5 lr5e-5+warmup (06),전이학습,beam5+no_repeat_ngram3,정신 차려야 하는데,시간이 걸릴 수도 있지만 괜찮아질 거예요. 다른 곳으로 관심을 돌려보는 건 어떨까요?,울어도 괜찮아요.,1
KE-T5 lr5e-5+warmup (06),전이학습,beam5+no_repeat_ngram3,오늘 야근인가,오늘도 고생이 많으시네요.,울어도 괜찮아요.,0
KE-T5 lr5e-5+warmup (06),전이학습,beam5+no_repeat_ngram3,짜증 수준이 되어버렸습니다,조금 지친걸까요.,울어도 괜찮아요.,1
KE-T5 lr5e-5+warmup (06),전이학습,beam5+no_repeat_ngram3,나 얘를 좋아하는 걸까?,있었던 일을 차분히 생각해봐요.,울어도 괜찮아요.,2
KE-T5 lr5e-5+warmup (06),전이학습,beam5+no_repeat_ngram3,사귄지 한달됐어,한창 달달할 때네요.,울어도 괜찮아요.,2
KE-T5 lr5e-5+warmup (06),전이학습,beam5+no_repeat_ngram3,나 스마트폰 중독인가봐,가끔 핸드폰없이 살아보세요.,울어도 괜찮아요.,0
KE-T5 lr5e-5+warmup (06),전이학습,beam5+no_repeat_ngram3,고백은 어떻게 하는거야,솔직한 마음으로 다가가는 거죠.,울어도 괜찮아요.,2
KE-T5 lr5e-5+warmup (06),전이학습,beam5+no_repeat_ngram3,세뱃돈 받았어 호호,아직 어린가봐요.,울어도 괜찮아요.,0
KE-T5 lr5e-5+warmup (06),전이학습,beam5+no_repeat_ngram3,누군가를 좋아하는게 두려워.,좋아하는 감정을 느낀다는 자체가 참 행복한 거예요.,울어도 괜찮아요.,2
KE-T5 lr5e-5+warmup (06),전이학습,beam5+no_repeat_ngram3,너 때문이야,모두 제 잘못입니다.,울어도 괜찮아요.,0
KE-T5 lr5e-5+warmup (06),전이학습,beam5+no_repeat_ngram3,엄마 미안해,엄마한테 잘해야 돼요.,울어도 괜찮아요.,0
KE-T5 lr5e-5+warmup (06),전이학습,beam5+no_repeat_ngram3,썸녀한테 미련 남아,깨끗이 잊든 용기내든 실행에 옮겨 보세요.,울어도 괜찮아요.,2
KE-T5 lr5e-5+warmup (06),전이학습,beam5+no_repeat_ngram3,단수,단수가 되었는지 문의해 보세요.,울어도 괜찮아요.,0
KE-T5 lr5e-5+warmup (06),전이학습,beam5+no_repeat_ngram3,이렇게 진짜 끝인걸까.,인연이 거기까지인 가봐요.,울어도 괜찮아요.,1
KE-T5 lr5e-5+warmup (06),전이학습,beam5+no_repeat_ngram3,폰게임 때매 폰 느려지는듯,정리해보세요.,울어도 괜찮아요.,0
KE-T5 lr5e-5+warmup (06),전이학습,beam5+no_repeat_ngram3,너한테 이글안보여줄거다 .,그렇게 해요.,울어도 괜찮아요.,1
KE-T5 lr5e-5+warmup (06),전이학습,beam5+no_repeat_ngram3,여자친구 여신같아,부럽네요.,울어도 괜찮아요.,2
KE-T5 lr5e-5+warmup (06),전이학습,beam5+no_repeat_ngram3,썸남이 춥다고 옷 잠궈주는데 설레.,다정한 사람이네요.,울어도 괜찮아요.,2
KE-T5 lr5e-5+warmup (06),전이학습,beam5+no_repeat_ngram3,맘이 떠났다는게 맞는거 같아,마음 떠난 사람 잡기는 힘들어요.,울어도 괜찮아요.,1
KE-T5 lr5e-5+warmup (06),전이학습,beam5+no_repeat_ngram3,조모임 왜 이케 많아,요즘은 팀워크가 더 중요해졌어요.,울어도 괜찮아요.,0
KE-T5 lr5e-5+warmup (06),전이학습,beam5+no_repeat_ngram3,장난스러운 사이,재미있나봐요.,울어도 괜찮아요.,0
KE-T5 lr5e-5+warmup (06),전이학습,beam5+no_repeat_ngram3,크리스마스에 뭐 하나,크리스마스에는 케빈과 함께.,울어도 괜찮아요.,0
KE-T5 lr5e-5+warmup (06),전이학습,beam5+no_repeat_ngram3,친구들이 짝남 별로라고 하는게 짜증나.,왜 별로라고 할까요. 기분 상했겠어요.,울어도 괜찮아요.,2
KE-T5 lr5e-5+warmup (06),전이학습,beam5+no_repeat_ngram3,현실적 문제로 연애 포기해야할듯,잠시 쉬어도 괜찮아요.,울어도 괜찮아요.,2
KE-T5 lr5e-5+warmup (06),전이학습,beam5+no_repeat_ngram3,기숙사 사는거 어떨까?,혼자 사는 것보다 불편하겠죠.,울어도 괜찮아요.,0
KE-T5 lr5e-5+warmup (06),전이학습,beam5+no_repeat_ngram3,전화 왜 안 받지,바쁜일이 있나봐요.,울어도 괜찮아요.,0
KE-T5 lr5e-5+warmup (06),전이학습,beam5+no_repeat_ngram3,끝나면 좋을 줄 알았는데.,마음이 허전하신가봐요.,울어도 괜찮아요.,0
KE-T5 lr5e-5+warmup (06),전이학습,beam5+no_repeat_ngram3,서로 사랑하는데 불안해,믿음이 더 필요해 보이네요.,울어도 괜찮아요.,2
KE-T5 lr5e-5+warmup (06),전이학습,beam5+no_repeat_ngram3,어떤 영화 볼까,최신 영화가 좋을 것 같아요.,울어도 괜찮아요.,0
KE-T5 lr5e-5+warmup (06),전이학습,beam5+no_repeat_ngram3,돈 굴리기,저도 좀 알려주세요.,울어도 괜찮아요.,0
KE-T5 lr5e-5+warmup (06),전이학습,beam5+no_repeat_ngram3,나한테 할 말 있대 뭘까?,기대되겠네요.,울어도 괜찮아요.,0
KE-T5 lr5e-5+warmup (06),전이학습,beam5+no_repeat_ngram3,좋아하는 사람 앞에서 성격이 이중적인데 정상인가요.,자연스러운 현상입니다.,울어도 괜찮아요.,2
KE-T5 lr5e-5+warmup (06),전이학습,beam5+no_repeat_ngram3,방학이 있었으면.,잠시 쉬어가도 괜찮아요.,울어도 괜찮아요.,0
KE-T5 lr5e-5+warmup (06),전이학습,beam5+no_repeat_ngram3,결국엔 끝이라는 생각,쉽게 받아들여지진 않을거예요.,울어도 괜찮아요.,1
KE-T5 lr5e-5+warmup (06),전이학습,beam5+no_repeat_ngram3,전화하면서 잠들고 싶다.,낭만적이네요. 전화해보세요.,울어도 괜찮아요.,2
KE-T5 lr5e-5+warmup (06),전이학습,beam5+no_repeat_ngram3,좋은 사람으로 남는다는것,어렵네요.,울어도 괜찮아요.,1
KE-T5 lr5e-5+warmup (06),전이학습,beam5+no_repeat_ngram3,남녀간의 소통의 중요성을 다시 한번 깨달았습니다.,서로 공감할 수 있는 이야기가 필요하죠,울어도 괜찮아요.,2
KE-T5 lr5e-5+warmup (06),전이학습,beam5+no_repeat_ngram3,게임 때문에 폰이 점점 느려지는듯,정리해보세요.,울어도 괜찮아요.,0
KE-T5 lr5e-5+warmup (06),전이학습,beam5+no_repeat_ngram3,연락이 없네,이별의 끝일지도 몰라요.,울어도 괜찮아요.,1
KE-T5 lr5e-5+warmup (06),전이학습,beam5+no_repeat_ngram3,화장 잘 하고 싶다,하다보면 늘어요.,울어도 괜찮아요.,0
KE-T5 lr5e-5+warmup (06),전이학습,beam5+no_repeat_ngram3,수염 자르는 게 낫겠지,깔끔하게 정리해보세요.,울어도 괜찮아요.,0
KE-T5 lr5e-5+warmup (06),전이학습,beam5+no_repeat_ngram3,오늘 짝남이 썸녀 생긴거 알게 돼서 술 좀 마셨어요.,속이 답답하겠어요.,울어도 괜찮아요.,2
KE-T5 lr5e-5+warmup (06),전이학습,beam5+no_repeat_ngram3,버스 정류장에서 기다리던 사람,멋있네요.,울어도 괜찮아요.,0
KE-T5 lr5e-5+warmup (06),전이학습,beam5+no_repeat_ngram3,미세먼지 때문에 짜증나,마스크 쓰고 나가세요.,울어도 괜찮아요.,0
KE-T5 lr5e-5+warmup (06),전이학습,beam5+no_repeat_ngram3,점심 메뉴 좀 골라줘,누구랑 먹는 냐에 따라 다르겠죠.,울어도 괜찮아요.,0
KE-T5 lr5e-5+warmup (06),전이학습,beam5+no_repeat_ngram3,친구들이랑 맛집 가고 싶어,조금씩 더 행복해 질거 같아요,울어도 괜찮아요.,0
KE-T5 lr5e-5+warmup (06),전이학습,beam5+no_repeat_ngram3,만족해야겠지?,내가 있는 곳 그 자리에서 만족하는 것이 중요해요.,울어도 괜찮아요.,0
KE-T5 lr5e-5+warmup (06),전이학습,beam5+no_repeat_ngram3,영화 보자는데 나한테 관심 있나?,영화 보고 나서 고민해도 안 늦어요.,울어도 괜찮아요.,2
KE-T5 lr5e-5+warmup (06),전이학습,beam5+no_repeat_ngram3,초콜릿 선물하면 좋아할까?,좋아할거예요.,울어도 괜찮아요.,0
KE-T5 lr5e-5+warmup (06),전이학습,beam5+no_repeat_ngram3,일본어 어렵네,저도 참 힘들어요.,울어도 괜찮아요.,0
KE-T5 lr5e-5+warmup (06),전이학습,beam5+no_repeat_ngram3,왜 이렇게 태어났을까?,서로 다르게 태어난 이유는 저마다의 목소리를 내기 위해서예요. 자신의 목소리를 들어주세요.,울어도 괜찮아요.,0
KE-T5 lr5e-5+warmup (06),전이학습,beam5+no_repeat_ngram3,너무 외로워,외로우니까 사람이다.,울어도 괜찮아요.,0
KE-T5 lr5e-5+warmup (06),전이학습,beam5+no_repeat_ngram3,짝사랑 하는 사람이 날 좋아할리는 없겠지?,나를 비하하지 마세요.,울어도 괜찮아요.,2
KE-T5 lr5e-5+warmup (06),전이학습,beam5+no_repeat_ngram3,연상녀랑 어제 헤어졋네,정신이 없겠네요.,울어도 괜찮아요.,1
KE-T5 lr5e-5+warmup (06),전이학습,beam5+no_repeat_ngram3,여자친구가 돈이 너무 없어.,조금씩 함께 해도 좋을 것 같아요.,울어도 괜찮아요.,2
KE-T5 lr5e-5+warmup (06),전이학습,beam5+no_repeat_ngram3,쉬마려,화장실 가세요.,울어도 괜찮아요.,0
KE-T5 lr5e-5+warmup (06),전이학습,beam5+no_repeat_ngram3,불금입니다,자신만의 시간을 가져봐요.,울어도 괜찮아요.,1
KE-T5 lr5e-5+warmup (06),전이학습,beam5+no_repeat_ngram3,어떻게 벌주어야 할까.,그대로 돌아올지도 몰라요. 그저 무시하세요.,울어도 괜찮아요.,1
KE-T5 lr5e-5+warmup (06),전이학습,beam5+no_repeat_ngram3,무언가에 집중하는 남자가 좋아,매력적인 사람이지요.,울어도 괜찮아요.,2
KE-T5 lr5e-5+warmup (06),전이학습,beam5+no_repeat_ngram3,좋은이별은 어떤건가,좋은 이별은 없다고 생각해요.,울어도 괜찮아요.,1
KE-T5 lr5e-5+warmup (06),전이학습,beam5+no_repeat_ngram3,내 마음에 마지막 인사,마음이랑 잘 인사해요.,울어도 괜찮아요.,1
KE-T5 lr5e-5+warmup (06),전이학습,beam5+no_repeat_ngram3,올해 왜 이러지,내년이라고 별 수 있겠어요.,울어도 괜찮아요.,0
KE-T5 lr5e-5+warmup (06),전이학습,beam5+no_repeat_ngram3,안주 추천 좀,살 안 찌는 게 좋을 것 같아요.,울어도 괜찮아요.,0
KE-T5 lr5e-5+warmup (06),전이학습,beam5+no_repeat_ngram3,남자친구 또 운동 갔어,운동을 함께 해보세요.,울어도 괜찮아요.,0
KE-T5 lr5e-5+warmup (06),전이학습,beam5+no_repeat_ngram3,혈액형이 성격이랑 무슨 상관이지,상관 없는 거 같아요.,울어도 괜찮아요.,2
KE-T5 lr5e-5+warmup (06),전이학습,beam5+no_repeat_ngram3,이제는 너를 보낼 시간이 가까이 오는구나.,이별을 받아들이는 것도 중요해요.,울어도 괜찮아요.,1
KE-T5 lr5e-5+warmup (06),전이학습,beam5+no_repeat_ngram3,사전이 이상해,사전도 사람이 만드니까 이해해주세요.,울어도 괜찮아요.,0
KE-T5 lr5e-5+warmup (06),전이학습,beam5+no_repeat_ngram3,친척들 만나는 거 불편해,서로를 조금만 생각해 주면 만남이 즐거울 텐데 말이예요.,울어도 괜찮아요.,0
KE-T5 lr5e-5+warmup (06),전이학습,beam5+no_repeat_ngram3,아 놔 생리통,힘들겠어요.,울어도 괜찮아요.,0
KE-T5 lr5e-5+warmup (06),전이학습,beam5+no_repeat_ngram3,거의 매일 술,술 많이 드시면 더 무너져요.,울어도 괜찮아요.,1
KE-T5 lr5e-5+warmup (06),전이학습,beam5+no_repeat_ngram3,노트북 안돼,그럴때는 초기화하는게 속시원해요.,울어도 괜찮아요.,0
KE-T5 lr5e-5+warmup (06),전이학습,beam5+no_repeat_ngram3,오늘은 노래한 곡에 또 울컥 ㅠ,힘들 때 슬픈 노래는 우리를 잠식시키는 것 같아요.,울어도 괜찮아요.,1
KE-T5 lr5e-5+warmup (06),전이학습,beam5+no_repeat_ngram3,낚시 안 해봤는데 재미있어 보인다,도전해 봐도 좋을 거 같아요.,울어도 괜찮아요.,0
KE-T5 lr5e-5+warmup (06),전이학습,beam5+no_repeat_ngram3,왜 갑자기 연락했을까?,이렇게 고민하게 만들려고 그랬나봐요.,울어도 괜찮아요.,0
KE-T5 lr5e-5+warmup (06),전이학습,beam5+no_repeat_ngram3,이 길이 나에게 맞는걸까,잘 가고 있을 거예요.,울어도 괜찮아요.,0
KE-T5 lr5e-5+warmup (06),전이학습,beam5+no_repeat_ngram3,남자 어디서 만나,소개팅 시켜달라고 말해보세요.,울어도 괜찮아요.,0
KE-T5 lr5e-5+warmup (06),전이학습,beam5+no_repeat_ngram3,남자친구가 너무 국밥류만 좋아해.,다양하게 먹자고 해보세요.,울어도 괜찮아요.,2
KE-T5 lr5e-5+warmup (06),전이학습,beam5+no_repeat_ngram3,친구들이 나만 왕따시키는 거 같아,선생님께 도움을 청해보세요.,울어도 괜찮아요.,0
KE-T5 lr5e-5+warmup (06),전이학습,beam5+no_repeat_ngram3,공부하는 이유?,공부하면 더 많은 선택을 할 수 있죠.,울어도 괜찮아요.,0
KE-T5 lr5e-5+warmup (06),전이학습,beam5+no_repeat_ngram3,미래를 함께할 반려자인지 확신이 아직 없어,확신이 들때까지 기다려보세요.,울어도 괜찮아요.,2
KE-T5 lr5e-5+warmup (06),전이학습,beam5+no_repeat_ngram3,정리 불가,차근차근 해보세요.,울어도 괜찮아요.,0
KE-T5 lr5e-5+warmup (06),전이학습,beam5+no_repeat_ngram3,금수저로 태어났으면 좋았을텐데,아이를 금수저로 만들어주세요.,울어도 괜찮아요.,0
KE-T5 lr5e-5+warmup (06),전이학습,beam5+no_repeat_ngram3,짝남이랑 카톡이 끊겼는데 어떻게 더 연락할까?,연락할 핑계를 찾아보세요.,울어도 괜찮아요.,2
KE-T5 lr5e-5+warmup (06),전이학습,beam5+no_repeat_ngram3,샌드위치 생각 나,애그 샌드위치 추천합니다.,울어도 괜찮아요.,0
KE-T5 lr5e-5+warmup (06),전이학습,beam5+no_repeat_ngram3,딱 오늘 새벽 헤어졌습니다.,달 어스름에 더 울적하겠어요.,싫길 바랄게요.,1
KE-T5 lr5e-5+warmup (06),전이학습,beam5+no_repeat_ngram3,감기 들 거 같애,이럴 때 잘 쉬는 게 중요해요.,울어도 괜찮아요.,0
KE-T5 lr5e-5+warmup (06),전이학습,beam5+no_repeat_ngram3,남자친구 카톡 말투가 마음에 안 들어.,마음에 안 드는 부분을 직접 말해보세요.,울어도 괜찮아요.,2
KE-T5 lr5e-5+warmup (06),전이학습,beam5+no_repeat_ngram3,사람들이 그런 말 하더군,사람들의 말은 한 귀로 듣고 한 귀로 흘리세요.,울어도 괜찮아요.,1
KE-T5 lr5e-5+warmup (06),전이학습,beam5+no_repeat_ngram3,오늘 물 진짜 조금 마셨다,습관을 들여보세요.,울어도 괜찮아요.,0
KE-T5 lr5e-5+warmup (06),전이학습,beam5+no_repeat_ngram3,나를 좋아하는건 바라지도 않아요.,슬픈 말이에요.,울어도 괜찮아요.,2
KE-T5 lr5e-5+warmup (06),전이학습,beam5+no_repeat_ngram3,습관 못 고치겠어,실패해도 조금씩 고치려고 해보세요.,울어도 괜찮아요.,0
KE-T5 lr5e-5+warmup (06),전이학습,beam5+no_repeat_ngram3,결혼하고 나서 애 낳기 싫어졌어,둘이 알콩달콩 잘 살면 되죠.,울어도 괜찮아요.,2
KE-T5 lr5e-5+warmup (06),전이학습,beam5+no_repeat_ngram3,보고싶어 잠이 안와,그분 생각으로 가득찼나봐요.,울어도 괜찮아요.,1
KE-T5 lr5e-5+warmup (06),전이학습,beam5+no_repeat_ngram3,짝남이 고시생이면 기다려야 하나요?,기다릴 수 있다면 기다리세요.,울어도 괜찮아요.,2
KE-T5 lr5e-5+warmup (06),전이학습,beam5+no_repeat_ngram3,짜증나서 집 나왔어,마음이 복잡하겠네요.,울어도 괜찮아요.,0
KE-T5 lr5e-5+warmup (06),전이학습,beam5+no_repeat_ngram3,재회를 위한 기다림,가만히 있는다고 달라지는 건 없을 거예요.,울어도 괜찮아요.,1
KE-T5 lr5e-5+warmup (06),전이학습,beam5+no_repeat_ngram3,피곤해서 못일어나겠어,충전하는 시간 그 자체로 소중합니다.,울어도 괜찮아요.,0
KE-T5 lr5e-5+warmup (06),전이학습,beam5+no_repeat_ngram3,서로가 원치 않았던 이별,누군가의 반대로 헤어졌나봐요.,울어도 괜찮아요.,1
KE-T5 lr5e-5+warmup (06),전이학습,beam5+no_repeat_ngram3,사랑은 주고 받는 거지?,사랑은 한 없이 줘도 아깝지 않은거라고 생각해요.,울어도 괜찮아요.,2
KE-T5 lr5e-5+warmup (06),전이학습,beam5+no_repeat_ngram3,모르는 사람 만나는거 너무 스트레스야,자신과 마음이 맞는 좋은 사람 만나세요.,울어도 괜찮아요.,0
KE-T5 lr5e-5+warmup (06),전이학습,beam5+no_repeat_ngram3,삼겹살 구워 먹어야지,맛있겠네요.,울어도 괜찮아요.,0
KE-T5 lr5e-5+warmup (06),전이학습,beam5+no_repeat_ngram3,방학 끝나서 좋아,친구들이 보고싶었나봐요.,울어도 괜찮아요.,0
KE-T5 lr5e-5+warmup (06),전이학습,beam5+no_repeat_ngram3,5년 만났는데 매일 보고 싶어,좋아보이네요.,울어도 괜찮아요.,2
KE-T5 lr5e-5+warmup (06),전이학습,beam5+no_repeat_ngram3,짝녀 오랫동안 멀리서 지켜보기만 하고 있습니다.,뒤에서만 지켜보는게 힘들었겠어요.,울어도 괜찮아요.,2
KE-T5 lr5e-5+warmup (06),전이학습,beam5+no_repeat_ngram3,다들 아니라는 남자.,왜 아니라고 하는지 살펴보세요.,울어도 괜찮아요.,1
KE-T5 lr5e-5+warmup (06),전이학습,beam5+no_repeat_ngram3,애완동물 키우고 싶은데 아빠가 키우지 말래,이유가 있을 거예요.,울어도 괜찮아요.,0
KE-T5 lr5e-5+warmup (06),전이학습,beam5+no_repeat_ngram3,격려가 필요해.,잘하실 거예요!,울어도 괜찮아요.,0
KE-T5 lr5e-5+warmup (06),전이학습,beam5+no_repeat_ngram3,참견 좀 하지마,저는 도움이 되고 싶어요.,울어도 괜찮아요.,0
KE-T5 lr5e-5+warmup (06),전이학습,beam5+no_repeat_ngram3,결혼 해도 되는지 고민돼,결혼은 인생에서 중요해서 항상 고민이 되죠.,울어도 괜찮아요.,2
KE-T5 lr5e-5+warmup (06),전이학습,beam5+no_repeat_ngram3,단거 땡긴다.,맛있게 먹으면 0칼로리!,울어도 괜찮아요.,0
KE-T5 lr5e-5+warmup (06),전이학습,beam5+no_repeat_ngram3,어떡하지,어떡하면 좋을까요.,울어도 괜찮아요.,1
KE-T5 lr5e-5+warmup (06),전이학습,beam5+no_repeat_ngram3,흰머리 나,뽑지말고 염색을 해보세요.,울어도 괜찮아요.,0
KE-T5 lr5e-5+warmup (06),전이학습,beam5+no_repeat_ngram3,처음에 카톡 뭐라 보내지,잘지내는지 안부를 물어봐요.,울어도 괜찮아요.,0
KE-T5 lr5e-5+warmup (06),전이학습,beam5+no_repeat_ngram3,면접 준비 어떻게 하지,회사와 자신에 대해서 더 공부해서 자신감을 가져보세요.,울어도 괜찮아요.,0
KE-T5 lr5e-5+warmup (06),전이학습,beam5+no_repeat_ngram3,편의점 간식 먹어야지,간단하고 좋죠.,울어도 괜찮아요.,0
KE-T5 lr5e-5+warmup (06),전이학습,beam5+no_repeat_ngram3,선생님이 나만 미워해,직접 여쭤보세요.,울어도 괜찮아요.,0
KE-T5 lr5e-5+warmup (06),전이학습,beam5+no_repeat_ngram3,나 버림 받은 거 같아,아닐거예요.,울어도 괜찮아요.,0
KE-T5 lr5e-5+warmup (06),전이학습,beam5+no_repeat_ngram3,나만의 시간이 필요한 것 같아,자신과 대화하는 시간이 필요하죠.,울어도 괜찮아요.,0
KE-T5 lr5e-5+warmup (06),전이학습,beam5+no_repeat_ngram3,썸인데 영화보재 뭐 보지?,공포영화나 액션은 어떨까요? 스킨십으로 이어질 수도 있어요.,울어도 괜찮아요.,2
KE-T5 lr5e-5+warmup (06),전이학습,beam5+no_repeat_ngram3,갑자기 심장이 덜컹.,당황했나요?,울어도 괜찮아요.,1
KE-T5 lr5e-5+warmup (06),전이학습,beam5+no_repeat_ngram3,사랑의 기준은 뭘까,사랑의 척도는 없어요.,울어도 괜찮아요.,1
KE-T5 lr5e-5+warmup (06),전이학습,beam5+no_repeat_ngram3,화를 한 번 내는게 나을텐데,화 내는 연습을 해보세요.,울어도 괜찮아요.,0
KE-T5 lr5e-5+warmup (06),전이학습,beam5+no_repeat_ngram3,결혼하면 행복해질까?,사람마다 행복의 크기가 다르겠지만 행복할 거예요.,울어도 괜찮아요.,0
KE-T5 lr5e-5+warmup (06),전이학습,beam5+no_repeat_ngram3,눈 많이 왔어,눈사람 만들어보세요.,울어도 괜찮아요.,0
KE-T5 lr5e-5+warmup (06),전이학습,beam5+no_repeat_ngram3,눈이 계속 뻑뻑해,인공눈물을 넣어보세요.,울어도 괜찮아요.,0
KE-T5 lr5e-5+warmup (06),전이학습,beam5+no_repeat_ngram3,반에 친구가 없어,친구를 사귈 수 있을 거예요.,울어도 괜찮아요.,0
KE-T5 lr5e-5+warmup (06),전이학습,beam5+no_repeat_ngram3,집 망한 거 같은데,집에 도움이 되려고 노력해보세요.,울어도 괜찮아요.,0
KE-T5 lr5e-5+warmup (06),전이학습,beam5+no_repeat_ngram3,깜깜한데 전기 안들어오네,조금만 기다리면 다시 전기가 들어올거예요.,울어도 괜찮아요.,0
KE-T5 lr5e-5+warmup (06),전이학습,beam5+no_repeat_ngram3,여사친이랑 잘되고 싶다,잘 될 거예요!,울어도 괜찮아요.,2
KE-T5 lr5e-5+warmup (06),전이학습,beam5+no_repeat_ngram3,기프트콘 선물 괜찮을까?,직접 주는 게 더 좋을 것 같아요.,울어도 괜찮아요.,0
KE-T5 lr5e-5+warmup (06),전이학습,beam5+no_repeat_ngram3,왕따된 거 같아,선생님께 도움을 청해보세요.,울어도 괜찮아요.,0
KE-T5 lr5e-5+warmup (06),전이학습,beam5+no_repeat_ngram3,사과를 안해,나쁜 사람이네요.,울어도 괜찮아요.,0
KE-T5 lr5e-5+warmup (06),전이학습,beam5+no_repeat_ngram3,우산 같이 쓰자고 해볼까?,용기를 내세요.,울어도 괜찮아요.,0
KE-T5 lr5e-5+warmup (06),전이학습,beam5+no_repeat_ngram3,정신 못차리겠다.,다른 사람의 삶에 한눈팔며 살기에는 자신의 인생이 너무나도 소중합니다.,울어도 괜찮아요.,0
KE-T5 lr5e-5+warmup (06),전이학습,beam5+no_repeat_ngram3,그냥 마음에서 지울게,천천히 보내주세요.,울어도 괜찮아요.,1
KE-T5 lr5e-5+warmup (06),전이학습,beam5+no_repeat_ngram3,세상이 너무 무서워,너무 불안해하지 않아도 돼요.,울어도 괜찮아요.,0
KE-T5 lr5e-5+warmup (06),전이학습,beam5+no_repeat_ngram3,미안하대,많이 후회하나봐요.,울어도 괜찮아요.,1
KE-T5 lr5e-5+warmup (06),전이학습,beam5+no_repeat_ngram3,생각할 시간을 갖자는 그녀,여러 번의 위기를 극복한 것처럼 극복해보세요.,울어도 괜찮아요.,1
KE-T5 lr5e-5+warmup (06),전이학습,beam5+no_repeat_ngram3,대부분 무덤덤한 남자친구가 고민임.,감정에 솔직해질 수 있게 조금씩 변화시켜봐요.,울어도 괜찮아요.,2
KE-T5 lr5e-5+warmup (06),전이학습,beam5+no_repeat_ngram3,나 설레는데 혹시 썸?,혼자 설레면 짝사랑 같이 설레면 썸입니다.,울어도 괜찮아요.,2
KE-T5 lr5e-5+warmup (06),전이학습,beam5+no_repeat_ngram3,사랑이 애매해,확실한 건 없죠.,울어도 괜찮아요.,2
KE-T5 lr5e-5+warmup (06),전이학습,beam5+no_repeat_ngram3,좋아하는 사람 앞에서 다른 사람한테 관심 있는 척 해봤어요?,그런 순간이 있었지요.,울어도 괜찮아요.,2
KE-T5 lr5e-5+warmup (06),전이학습,beam5+no_repeat_ngram3,어떤 사람이랑 결혼해야할까,함께할때 가장 자신다운 모습으로 살 수 있는 사람이랑 하는 게 좋은 것 같아요.,울어도 괜찮아요.,0
KE-T5 lr5e-5+warmup (06),전이학습,beam5+no_repeat_ngram3,짝녀가 외국인인데 좋아해도 되나?,사랑에는 국경이 없답니다.,울어도 괜찮아요.,2
KE-T5 lr5e-5+warmup (06),전이학습,beam5+no_repeat_ngram3,이별. 성숙해지다,이별은 성장하게하죠.,울어도 괜찮아요.,1
KE-T5 lr5e-5+warmup (06),전이학습,beam5+no_repeat_ngram3,발목 삔 거 같애,꾸준히 치료하세요.,울어도 괜찮아요.,0
KE-T5 lr5e-5+warmup (06),전이학습,beam5+no_repeat_ngram3,집에서 웃고 떠들고 있지만,저도 그럴 때가 있답니다.,울어도 괜찮아요.,1
KE-T5 lr5e-5+warmup (06),전이학습,beam5+no_repeat_ngram3,업무 지적 또 받음,업무 능력이 없는 게 아니라 센스가 부족한 걸 수도 있어요.,울어도 괜찮아요.,0
KE-T5 lr5e-5+warmup (06),전이학습,beam5+no_repeat_ngram3,의견 차이가 있을 때 나 너무 무시해,무시당하는 기분이 들어서 너무 외롭고 상처받게 된다고 차분하고 부드럽게 말해보세요.,울어도 괜찮아요.,2
KE-T5 lr5e-5+warmup (06),전이학습,beam5+no_repeat_ngram3,유부녀 좋아하면 안되지?,마음정리하세요.,울어도 괜찮아요.,2
KE-T5 lr5e-5+warmup (06),전이학습,beam5+no_repeat_ngram3,시험 공부 언제 다함,지금도 늦지 않았어요.,울어도 괜찮아요.,0
KE-T5 lr5e-5+warmup (06),전이학습,beam5+no_repeat_ngram3,여자친구가 너무 좋은데 점 본거에서는 만나지말래.,다른 데서도 봐보세요.,울어도 괜찮아요.,2
KE-T5 lr5e-5+warmup (06),전이학습,beam5+no_repeat_ngram3,게임 때문에 시간 다갔어,게임할때는 시간이 더 빨리 가요.,울어도 괜찮아요.,0
KE-T5 lr5e-5+warmup (06),전이학습,beam5+no_repeat_ngram3,선택 장애 있는 거 같아,선택할 때 힘든 건 당연해요.,울어도 괜찮아요.,0
KE-T5 lr5e-5+warmup (06),전이학습,beam5+no_repeat_ngram3,코고는 것도 귀여워,사랑하나봅니다.,울어도 괜찮아요.,0
KE-T5 lr5e-5+warmup (06),전이학습,beam5+no_repeat_ngram3,포기하니 공허하네.,자신을 포기하지는 마세요.,울어도 괜찮아요.,1
KE-T5 lr5e-5+warmup (06),전이학습,beam5+no_repeat_ngram3,참 힘들다,말해줘서 고마워요.,울어도 괜찮아요.,1
KE-T5 lr5e-5+warmup (06),전이학습,beam5+no_repeat_ngram3,남편이 나보다 집안일 더 잘해,이상적인 남편이네요.,울어도 괜찮아요.,0
KE-T5 lr5e-5+warmup (06),전이학습,beam5+no_repeat_ngram3,전화하기 너무 늦나,늦은 시간 전화는 실례예요.,울어도 괜찮아요.,0
KE-T5 lr5e-5+warmup (06),전이학습,beam5+no_repeat_ngram3,오로라 보러 가고 싶다,로맨틱한 여행이네요.,울어도 괜찮아요.,0
KE-T5 lr5e-5+warmup (06),전이학습,beam5+no_repeat_ngram3,스테이크 먹고 싶어,집에서도 할 수 있어요.,울어도 괜찮아요.,0
KE-T5 lr5e-5+warmup (06),전이학습,beam5+no_repeat_ngram3,입고 나갈 게 없어,아침마다 하는 고민이죠.,울어도 괜찮아요.,0
KE-T5 lr5e-5+warmup (06),전이학습,beam5+no_repeat_ngram3,가상화폐 쫄딱 망함,어서 잊고 새출발 하세요.,울어도 괜찮아요.,0
KE-T5 lr5e-5+warmup (06),전이학습,beam5+no_repeat_ngram3,보내야지.,힘들겠지만 그러는 편이 나아요.,울어도 괜찮아요.,1
KE-T5 lr5e-5+warmup (06),전이학습,beam5+no_repeat_ngram3,이별 후 1년 그리고 선물,이별하신게 맞나요.,울어도 괜찮아요.,1
KE-T5 lr5e-5+warmup (06),전이학습,beam5+no_repeat_ngram3,알뜰폰 괜찮을까,폰 요금 절약되겠네요.,울어도 괜찮아요.,0
KE-T5 lr5e-5+warmup (06),전이학습,beam5+no_repeat_ngram3,대리효도 짜증,진짜 아니네요.,울어도 괜찮아요.,0
KE-T5 lr5e-5+warmup (06),전이학습,beam5+no_repeat_ngram3,뭐할까?,저랑 놀아요.,울어도 괜찮아요.,0
KE-T5 lr5e-5+warmup (06),전이학습,beam5+no_repeat_ngram3,목걸이 선물이 좋겠다.,로맨틱하네요.,울어도 괜찮아요.,0
KE-T5 lr5e-5+warmup (06),전이학습,beam5+no_repeat_ngram3,연애 중에 카톡 프사 연인으로 해? 기본으로 하면 어때?,기본으로 하는 거 상관 없어요.,울어도 괜찮아요.,2
KE-T5 lr5e-5+warmup (06),전이학습,beam5+no_repeat_ngram3,전남친한테 한달만에 연락하고싶어 ㅠㅠ,달라지는 게 없다면 만나지 않는 게 더 나을 수도 있어요.,울어도 괜찮아요.,1
KE-T5 lr5e-5+warmup (06),전이학습,beam5+no_repeat_ngram3,볼링 치고 옴,재밌겠어요.,울어도 괜찮아요.,0
KE-T5 lr5e-5+warmup (06),전이학습,beam5+no_repeat_ngram3,탈모인가,스트레스 받지 마세요.,울어도 괜찮아요.,0
KE-T5 lr5e-5+warmup (06),전이학습,beam5+no_repeat_ngram3,참고 계속 도전하면 될까?,인내할 수 있는 사람이라면 무엇이든 손에 넣을 수 있을 거예요.,울어도 괜찮아요.,0
KE-T5 lr5e-5+warmup (06),전이학습,beam5+no_repeat_ngram3,아직도 이별중인가봅니다.,이별의 끝일지도 몰라요.,울어도 괜찮아요.,1
KE-T5 lr5e-5+warmup (06),전이학습,beam5+no_repeat_ngram3,내 키가 몇이게?,저도 궁금하네요.,울어도 괜찮아요.,0
KE-T5 lr5e-5+warmup (06),전이학습,beam5+no_repeat_ngram3,이젠 진짜 진짜 안녕,맘 고생 많았어요.,울어도 괜찮아요.,1
KE-T5 lr5e-5+warmup (06),전이학습,beam5+no_repeat_ngram3,이별의 아픔에서 벋어나는 방법,사소한 일부터 시작해보세요. 작은 곳에서 느끼는 행복은 생각보다 커요.,울어도 괜찮아요.,1
KE-T5 lr5e-5+warmup (06),전이학습,beam5+no_repeat_ngram3,제자리걸음만 하는 듯,발전이 없다고 너무 두려워하지 마세요.,울어도 괜찮아요.,0
KE-T5 lr5e-5+warmup (06),전이학습,beam5+no_repeat_ngram3,친구 같은 너,그런 친구가 오래가요.,울어도 괜찮아요.,0
KE-T5 lr5e-5+warmup (06),전이학습,beam5+no_repeat_ngram3,이 길이 맞을까?,잘 가고 있을 거예요.,울어도 괜찮아요.,0
KE-T5 lr5e-5+warmup (06),전이학습,beam5+no_repeat_ngram3,지하철에서 겁나 멋진 사람 발견! 말 시켜 볼까,용기가 필요한 순간이네요.,울어도 괜찮아요.,0
KE-T5 lr5e-5+warmup (06),전이학습,beam5+no_repeat_ngram3,낙엽밟는 소리,가을이네요.,울어도 괜찮아요.,0
KE-T5 lr5e-5+warmup (06),전이학습,beam5+no_repeat_ngram3,여리여리한 여자가 이상형이래,딱 당신이네요.,울어도 괜찮아요.,2
KE-T5 lr5e-5+warmup (06),전이학습,beam5+no_repeat_ngram3,전여친한테 남친이 생겼네,이제 그녀를 잊으세요.,울어도 괜찮아요.,1
KE-T5 lr5e-5+warmup (06),전이학습,beam5+no_repeat_ngram3,그 사람이 나를 좋아하는 줄 알았는데.,아니어서 힘드나봐요.,울어도 괜찮아요.,2
KE-T5 lr5e-5+warmup (06),전이학습,beam5+no_repeat_ngram3,이별 준비 중,마음의 준비가 필요하겠네요.,울어도 괜찮아요.,1
KE-T5 lr5e-5+warmup (06),전이학습,beam5+no_repeat_ngram3,공부 하기 싫다,같이 수다 떨면서 놀까요?,울어도 괜찮아요.,0
KE-T5 lr5e-5+warmup (06),전이학습,beam5+no_repeat_ngram3,사랑하는 사람이랑 헤어져,마음이 많이 아프겠어요.,울어도 괜찮아요.,2
KE-T5 lr5e-5+warmup (06),전이학습,beam5+no_repeat_ngram3,내가 좋아할 자격이 있나 모르겠어.,좋아하는데 자격은 없어요.,울어도 괜찮아요.,2
KE-T5 lr5e-5+warmup (06),전이학습,beam5+no_repeat_ngram3,아파서 어떡해,병원에 가야죠.,울어도 괜찮아요.,0
KE-T5 lr5e-5+warmup (06),전이학습,beam5+no_repeat_ngram3,용돈 벌써 없어,알바해보세요.,울어도 괜찮아요.,0
KE-T5 lr5e-5+warmup (06),전이학습,beam5+no_repeat_ngram3,프로필 사진 바꿀까,원하는대로 해보세요.,울어도 괜찮아요.,0
KE-T5 lr5e-5+warmup (06),전이학습,beam5+no_repeat_ngram3,만난지 7년 헤어진지 5일째,지금 딱 힘들 때네요.,울어도 괜찮아요.,1
KE-T5 lr5e-5+warmup (06),전이학습,beam5+no_repeat_ngram3,황사 심해,이쁜 마스크 사드리고 싶네요.,울어도 괜찮아요.,0
KE-T5 lr5e-5+warmup (06),전이학습,beam5+no_repeat_ngram3,2년 사귀고 헤어졌습니다,짧지는 않은 시간 동안의 연애였는데 마음이 아프네요.,울어도 괜찮아요.,1
KE-T5 lr5e-5+warmup (06),전이학습,beam5+no_repeat_ngram3,프사를 왜 보았을까,앞으로는 보지 마세요.,울어도 괜찮아요.,1
KE-T5 lr5e-5+warmup (06),전이학습,beam5+no_repeat_ngram3,일인자가 되려면 피나는 노력이 필요하겠지?,인내의 시간이 필요할 거예요.,울어도 괜찮아요.,0
KE-T5 lr5e-5+warmup (06),전이학습,beam5+no_repeat_ngram3,이별만한 다이어트가 없네,자기몸을 헤치는 것만큼 어리석은 짓은 없습니다.,울어도 괜찮아요.,1
KE-T5 lr5e-5+warmup (06),전이학습,beam5+no_repeat_ngram3,카리스마 있는 사람이 좋아,당신을 이끌어주는 남자를 만날 수 있을 거예요.,울어도 괜찮아요.,2
KE-T5 lr5e-5+warmup (06),전이학습,beam5+no_repeat_ngram3,가끔 짝남과 연애하는 상상을 해.,즐거운 상상이겠네요.,울어도 괜찮아요.,2
KE-T5 lr5e-5+warmup (06),전이학습,beam5+no_repeat_ngram3,그리움,애잔한 기억.,울어도 괜찮아요.,1
KE-T5 lr5e-5+warmup (06),전이학습,beam5+no_repeat_ngram3,점점 힘들어져,힘내세요!,울어도 괜찮아요.,1
KE-T5 lr5e-5+warmup (06),전이학습,beam5+no_repeat_ngram3,좋아하는 남자애 앞에서 표정 관리가 안돼.,짝사랑도 이성을 막지는 못하나봐요.,울어도 괜찮아요.,2
KE-T5 lr5e-5+warmup (06),전이학습,beam5+no_repeat_ngram3,남사친이 나를 좋아하는 것 같은데 어떡함,이성으로 한 번 생각해보세요.,울어도 괜찮아요.,2
KE-T5 lr5e-5+warmup (06),전이학습,beam5+no_repeat_ngram3,너무 추워서 나가기 귀찮아,겨울에는 귤 먹으면서 집에 있는게 최고죠,울어도 괜찮아요.,0
KE-T5 lr5e-5+warmup (06),전이학습,beam5+no_repeat_ngram3,인형 뽑기 해줘,인형 뽑기 어려워요.,울어도 괜찮아요.,0
KE-T5 lr5e-5+warmup (06),전이학습,beam5+no_repeat_ngram3,면도하기 귀찮,그래도 해야 깔끔하겠죠.,울어도 괜찮아요.,0
KE-T5 lr5e-5+warmup (06),전이학습,beam5+no_repeat_ngram3,긴여정 끝에 헤어졌습니다,긴 시간 만큼 힘들 겠지만 잘 이겨낼 수 있을 거예요.,울어도 괜찮아요.,1
KE-T5 lr5e-5+warmup (06),전이학습,beam5+no_repeat_ngram3,업데이트가 너무 오래 걸려,기다려보세요.,울어도 괜찮아요.,0
KE-T5 lr5e-5+warmup (06),전이학습,beam5+no_repeat_ngram3,빨리 걷다가 넘어질뻔,조심하세요.,울어도 괜찮아요.,0
KE-T5 lr5e-5+warmup (06),전이학습,beam5+no_repeat_ngram3,이별너무 힘든네,누군가를 잊어야한다는건 정말 힘든 일이죠.,울어도 괜찮아요.,1
KE-T5 lr5e-5+warmup (06),전이학습,beam5+no_repeat_ngram3,2달반이라는 시간동안 많이 괜찮아졌어,시간이 쓰디쓴 약이었나봅니다.,울어도 괜찮아요.,1
KE-T5 lr5e-5+warmup (06),전이학습,beam5+no_repeat_ngram3,내 왜 좋아할까?,당신 존재 자체만으로 이유가 됩니다.,울어도 괜찮아요.,2
KE-T5 lr5e-5+warmup (06),전이학습,beam5+no_repeat_ngram3,졸려,오늘 일찍 주무세요.,울어도 괜찮아요.,0
KE-T5 lr5e-5+warmup (06),전이학습,beam5+no_repeat_ngram3,술이 보약도 아니고,술은 끊는게 좋죠.,울어도 괜찮아요.,1
KE-T5 lr5e-5+warmup (06),전이학습,beam5+no_repeat_ngram3,일요일에 교회끝나고 어디 가고 싶어.,같이 가보세요.,울어도 괜찮아요.,0
KE-T5 lr5e-5+warmup (06),전이학습,beam5+no_repeat_ngram3,크루즈 타고 여행 하고 싶어,멋진 생각이네요.,울어도 괜찮아요.,0
KE-T5 lr5e-5+warmup (06),전이학습,beam5+no_repeat_ngram3,키가 왜 안 클까,지금도 충분해요.,울어도 괜찮아요.,0
KE-T5 lr5e-5+warmup (06),전이학습,beam5+no_repeat_ngram3,돈이라도 많으면 좋을텐데,돈이 전부는 아니지만 돈보다 좋은건 없다고 했어요.,울어도 괜찮아요.,0
KE-T5 lr5e-5+warmup (06),전이학습,beam5+no_repeat_ngram3,여자친구가 잘 삐져.,더 관심을 가져주세요.,울어도 괜찮아요.,2
KE-T5 lr5e-5+warmup (06),전이학습,beam5+no_repeat_ngram3,뒤에서 발자국 소리 나서 놀램,항상 조심하세요.,울어도 괜찮아요.,0
KE-T5 lr5e-5+warmup (06),전이학습,beam5+no_repeat_ngram3,이 행동이 절대 용납이 안돼나.?,어떤 행동인데요?,울어도 괜찮아요.,1
KE-T5 lr5e-5+warmup (06),전이학습,beam5+no_repeat_ngram3,남자친구가 비꽈,성격이 꼬였는지 말투가 꼬였는지 살펴보세요.,울어도 괜찮아요.,2
KE-T5 lr5e-5+warmup (06),전이학습,beam5+no_repeat_ngram3,여자랑 단둘이 술마시는 남자친구를 이해해줘야할까?,이해할 수 없어요.,울어도 괜찮아요.,2
KE-T5 lr5e-5+warmup (06),전이학습,beam5+no_repeat_ngram3,헤어진지 한 달 째,이제 좀 괜찮아졌길 바랍니다.,울어도 괜찮아요.,1
KE-T5 lr5e-5+warmup (06),전이학습,beam5+no_repeat_ngram3,남자친구랑 너무 좋은데 점 본거에서는 만나지말라해.,점보다 앞에 있는 사람을 믿어보세요.,울어도 괜찮아요.,2
KE-T5 lr5e-5+warmup (06),전이학습,beam5+no_repeat_ngram3,엄마가 나 때문에 힘든 거 같아,조금씩 보다 나은 모습을 보여드리세요.,울어도 괜찮아요.,0
KE-T5 lr5e-5+warmup (06),전이학습,beam5+no_repeat_ngram3,전 여자친구의 새 남자친구.,더 이상 신경쓰지 마세요.,울어도 괜찮아요.,1
KE-T5 lr5e-5+warmup (06),전이학습,beam5+no_repeat_ngram3,헤어진 후 거의 세 달이 되어가네,아픔을 헤아리지 마세요.,울어도 괜찮아요.,1
KE-T5 lr5e-5+warmup (06),전이학습,beam5+no_repeat_ngram3,남자친구의 성적 취향을 이해못하겠어.,대화를 해보세요.,울어도 괜찮아요.,2
KE-T5 lr5e-5+warmup (06),전이학습,beam5+no_repeat_ngram3,삼주라는 시간이 흘렀네,더 많은 시간이 흐를 거예요.,울어도 괜찮아요.,1
KE-T5 lr5e-5+warmup (06),전이학습,beam5+no_repeat_ngram3,전남자친구 생일,이제는 잊어버리는 것도 필요해요.,울어도 괜찮아요.,1
KE-T5 lr5e-5+warmup (06),전이학습,beam5+no_repeat_ngram3,홈쇼핑에서 자꾸 사게되네,지름신이 강림했나봅니다.,울어도 괜찮아요.,0
KE-T5 lr5e-5+warmup (06),전이학습,beam5+no_repeat_ngram3,괜히 화가 나서 짝남한테 연락 끊자고 했어.,상처를 받지 않기 위한 선택이었을 거예요.,울어도 괜찮아요.,2
KE-T5 lr5e-5+warmup (06),전이학습,beam5+no_repeat_ngram3,아이공 허리 아파라,운동 해보는 것도 좋을 거예요.,울어도 괜찮아요.,0
KE-T5 lr5e-5+warmup (06),전이학습,beam5+no_repeat_ngram3,머리는 아는데 가슴은 모르네,머리랑 가슴이 가끔 따로 놀죠.,울어도 괜찮아요.,1
KE-T5 lr5e-5+warmup (06),전이학습,beam5+no_repeat_ngram3,아직도. 아직 인가보다.,곧 끝날 거예요.,울어도 괜찮아요.,1
KE-T5 lr5e-5+warmup (06),전이학습,beam5+no_repeat_ngram3,새롭게 시작하려고 합니다.,당신의 새로운 시작 응원해요.,울어도 괜찮아요.,1
KE-T5 lr5e-5+warmup (06),전이학습,beam5+no_repeat_ngram3,시골에서 사는 거 어떨까?,아무래도 덜 경쟁하겠죠.,울어도 괜찮아요.,0
KE-T5 lr5e-5+warmup (06),전이학습,beam5+no_repeat_ngram3,다시 태어난다면,저는 사람으로 태어나고 싶어요.,울어도 괜찮아요.,0
KE-T5 lr5e-5+warmup (06),전이학습,beam5+no_repeat_ngram3,매달리는거 안좋은거 같아.,서로에게 힘든 일이니까요.,울어도 괜찮아요.,1
KE-T5 lr5e-5+warmup (06),전이학습,beam5+no_repeat_ngram3,바람이나 비슷한 일 용서해주신 사람 있을까 ?,있어도 계속 아플 거예요.,울어도 괜찮아요.,1
KE-T5 lr5e-5+warmup (06),전이학습,beam5+no_repeat_ngram3,익숙해질 법도 한데,언젠간 괜찮아질 거라 믿어요. 사람은 적응의 동물이니까요.,울어도 괜찮아요.,1
KE-T5 lr5e-5+warmup (06),전이학습,beam5+no_repeat_ngram3,두달이 되었네,어느덧 두달이 지났네요.,싫길 바랄게요.,1
KE-T5 lr5e-5+warmup (06),전이학습,beam5+no_repeat_ngram3,사랑하고 싶은데 내가 자꾸 구속해,사랑을 독차지하려 하지 말고 내려놓으면서 여유를 가지세요.,울어도 괜찮아요.,2
KE-T5 lr5e-5+warmup (06),전이학습,beam5+no_repeat_ngram3,판도라의 상자를 연 기분,마음의 준비를 하세요.,울어도 괜찮아요.,0
KE-T5 lr5e-5+warmup (06),전이학습,beam5+no_repeat_ngram3,가을 타나 봐.,혼자는 외로운 계절이죠.,울어도 괜찮아요.,2
KE-T5 lr5e-5+warmup (06),전이학습,beam5+no_repeat_ngram3,일찍 가서 쉬고 싶은데 오늘 회식 잡혔어,일과 일상 사이에서 균형이 잘 맞길 바랄게요.,울어도 괜찮아요.,0
KE-T5 lr5e-5+warmup (06),전이학습,beam5+no_repeat_ngram3,밖에 안나가고 이렇게 살고 싶어,꼭 앞으로 나가야 하는 건 아니에요.,울어도 괜찮아요.,0
KE-T5 lr5e-5+warmup (06),전이학습,beam5+no_repeat_ngram3,오늘 무작정 찾으러가고싶은데 갈까?,전 추천하고 싶지 않아요.,울어도 괜찮아요.,1
KE-T5 lr5e-5+warmup (06),전이학습,beam5+no_repeat_ngram3,나한테만은 완전 솔직했으면,믿음이 가장 중요하죠.,울어도 괜찮아요.,0
KE-T5 lr5e-5+warmup (06),전이학습,beam5+no_repeat_ngram3,반지 선물하면 좋아하겠지,로맨틱하네요.,울어도 괜찮아요.,0
KE-T5 lr5e-5+warmup (06),전이학습,beam5+no_repeat_ngram3,팬미팅 재밌다.,성덕이네요.,울어도 괜찮아요.,0
KE-T5 lr5e-5+warmup (06),전이학습,beam5+no_repeat_ngram3,이별한지 6년째,사랑했던 사람을 잊는 건 불가능한 일인가봐요.,울어도 괜찮아요.,1
KE-T5 lr5e-5+warmup (06),전이학습,beam5+no_repeat_ngram3,"그래, 결국 전화할 줄 알았다.",그게 최선이었을 거라 생각해요.,울어도 괜찮아요.,1
KE-T5 lr5e-5+warmup (06),전이학습,beam5+no_repeat_ngram3,나쁜 꿈을 꿨어,꿈은 현실의 반대래요.,울어도 괜찮아요.,1
KE-T5 lr5e-5+warmup (06),전이학습,beam5+no_repeat_ngram3,사랑이 변하면 어떡하지?,사랑은 변화하는 거예요. 두려워하지 마세요.,울어도 괜찮아요.,2
KE-T5 lr5e-5+warmup (06),전이학습,beam5+no_repeat_ngram3,5년 동거후 이별.,더 헤어지지 힘들겠어요.,울어도 괜찮아요.,1
KE-T5 lr5e-5+warmup (06),전이학습,beam5+no_repeat_ngram3,같은 과에 내 이상형인 남자애가 있는데 cc는 무리일까?,CC는 아무래도 제약이 있을 거예요.,울어도 괜찮아요.,2
KE-T5 lr5e-5+warmup (06),전이학습,beam5+no_repeat_ngram3,드디어 제가 손을 놓았어.,힘든 선택 하셨네요.,울어도 괜찮아요.,1
KE-T5 lr5e-5+warmup (06),전이학습,beam5+no_repeat_ngram3,가족여행 가야지,더 가까워질 기회가 되겠네요.,울어도 괜찮아요.,0
KE-T5 lr5e-5+warmup (06),전이학습,beam5+no_repeat_ngram3,정말 이건 너무하다 싶을정도로 힘들어,그럴만 해요. 많이 힘들었죠.,울어도 괜찮아요.,1
KE-T5 lr5e-5+warmup (06),전이학습,beam5+no_repeat_ngram3,썸 탔던 애한테 연락왔어,사랑은 타이밍입니다.,울어도 괜찮아요.,2
KE-T5 lr5e-5+warmup (06),전이학습,beam5+no_repeat_ngram3,뭔가 새로운 자극이 필요해,의욕이 없나봐요.,울어도 괜찮아요.,0
KE-T5 lr5e-5+warmup (06),전이학습,beam5+no_repeat_ngram3,시간 왤케 빨리감,시간은 상대적으로 흘러갑니다.,울어도 괜찮아요.,0
KE-T5 lr5e-5+warmup (06),전이학습,beam5+no_repeat_ngram3,뭘 잘못했다는 걸까,모르는 게 잘못인 거 같아요.,울어도 괜찮아요.,0
KE-T5 lr5e-5+warmup (06),전이학습,beam5+no_repeat_ngram3,착각인걸까,직접 확인해 보는건 어떨까요.,울어도 괜찮아요.,1
KE-T5 lr5e-5+warmup (06),전이학습,beam5+no_repeat_ngram3,정말 미안하다 말밖에는,진심이 전해졌으면 좋겠네요.,울어도 괜찮아요.,1
KE-T5 lr5e-5+warmup (06),전이학습,beam5+no_repeat_ngram3,직구로 사면 싸겠지,좋은 거 사나봐요.,울어도 괜찮아요.,0
KE-T5 lr5e-5+warmup (06),전이학습,beam5+no_repeat_ngram3,단체생활 적응이 안돼,점점 적응 될 거예요.,울어도 괜찮아요.,0
KE-T5 lr5e-5+warmup (06),전이학습,beam5+no_repeat_ngram3,청첩장을 찍는 날이 오다니,결혼 얼마 안 남았나봐요.,울어도 괜찮아요.,2
KE-T5 lr5e-5+warmup (06),전이학습,beam5+no_repeat_ngram3,회사를 차리고 싶다,확신이 있을 때 시작해보세요.,울어도 괜찮아요.,0
KE-T5 lr5e-5+warmup (06),전이학습,beam5+no_repeat_ngram3,나한테 이상한 냄새 나나?,킁킁,울어도 괜찮아요.,0
KE-T5 lr5e-5+warmup (06),전이학습,beam5+no_repeat_ngram3,주변 이성이 많은 여자친구 어떡해?,신경쓰이고 질투난다고 이야기해보세요.,울어도 괜찮아요.,2
KE-T5 lr5e-5+warmup (06),전이학습,beam5+no_repeat_ngram3,헤어지면 연락 안하는게 맞을까,연락 하지도 받지도 마세요.,울어도 괜찮아요.,1
KE-T5 lr5e-5+warmup (06),전이학습,beam5+no_repeat_ngram3,너무 힘들어서 죽고싶어,나쁜 생각은 버리세요.,울어도 괜찮아요.,1
KE-T5 lr5e-5+warmup (06),전이학습,beam5+no_repeat_ngram3,썸인데 자꾸 외롭다고 해,계속 이야기 하면 사귀자는 거 돌려 말하는 걸 수도 있어요.,울어도 괜찮아요.,2
KE-T5 lr5e-5+warmup (06),전이학습,beam5+no_repeat_ngram3,소개팅 시켜줘,로봇도 괜찮다면 소개시켜드릴게요.,울어도 괜찮아요.,0
KE-T5 lr5e-5+warmup (06),전이학습,beam5+no_repeat_ngram3,이별 극복 방법,작은 일에서 행복을 느껴보는게 좋아요.,울어도 괜찮아요.,1
KE-T5 lr5e-5+warmup (06),전이학습,beam5+no_repeat_ngram3,조용히 있고 싶어,저 나가면 될까요?,울어도 괜찮아요.,0
KE-T5 lr5e-5+warmup (06),전이학습,beam5+no_repeat_ngram3,정시 퇴근하고 집에 가는 중,쉬고 나면 힘이 날거예요 맛있는 것도 드세요,울어도 괜찮아요.,0
KE-T5 lr5e-5+warmup (06),전이학습,beam5+no_repeat_ngram3,음식 많이 가리는 남자를 사겨도 괜찮을까?,다 먹으면 좋겠지만 큰 문제는 되지 않을 거예요.,울어도 괜찮아요.,2
KE-T5 lr5e-5+warmup (06),전이학습,beam5+no_repeat_ngram3,오늘 연락왔네 그래도 이젠 안녕,정말 안녕.,울어도 괜찮아요.,1
KE-T5 lr5e-5+warmup (06),전이학습,beam5+no_repeat_ngram3,친구랑 수다 떨고 왔어,기분이 좋아 보이네요.,울어도 괜찮아요.,0
KE-T5 lr5e-5+warmup (06),전이학습,beam5+no_repeat_ngram3,직장이 괴롭다,직장 스트레스 심하겠네요.,울어도 괜찮아요.,0
KE-T5 lr5e-5+warmup (06),전이학습,beam5+no_repeat_ngram3,건물주가 짱인데,이룰 수 있을 거예요.,울어도 괜찮아요.,0
KE-T5 lr5e-5+warmup (06),전이학습,beam5+no_repeat_ngram3,밥이나 먹자,맛있게 드세요.,울어도 괜찮아요.,0
KE-T5 lr5e-5+warmup (06),전이학습,beam5+no_repeat_ngram3,술 좋아하는 사람 싫은데 그 사람은 좋아.,술보다 사람이 먼저니까요.,울어도 괜찮아요.,2
KE-T5 lr5e-5+warmup (06),전이학습,beam5+no_repeat_ngram3,짝남이 있는데 나는 사정이 안돼. 연애를 안하는게 맞는걸까?,사정이 뭔지 모르겠지만 좋아하는 건 괜찮아요.,울어도 괜찮아요.,2
KE-T5 lr5e-5+warmup (06),전이학습,beam5+no_repeat_ngram3,연애할때 많이 사랑하면 나만 손해야?,사랑은 따지는 게 아니고 다 주고도 더 주지 못해 미안해하는 거예요.,울어도 괜찮아요.,2
KE-T5 lr5e-5+warmup (06),전이학습,beam5+no_repeat_ngram3,조명빨인가,멋져 보여요!,울어도 괜찮아요.,0
KE-T5 lr5e-5+warmup (06),전이학습,beam5+no_repeat_ngram3,전 남친이랑 헤어진지 오래됐는데 좋아하는 사람이 없어.,조급하게 생각하지 말아요.,울어도 괜찮아요.,2
KE-T5 lr5e-5+warmup (06),전이학습,beam5+no_repeat_ngram3,아픔은 덜해지는것 같은데 미련은 더욱 많아지네,미련없는 사랑은 없나봐요.,울어도 괜찮아요.,1
KE-T5 lr5e-5+warmup (06),전이학습,beam5+no_repeat_ngram3,성형 상담 받아 볼까,견적 받고 충격 받지 마세요.,울어도 괜찮아요.,0
KE-T5 lr5e-5+warmup (06),전이학습,beam5+no_repeat_ngram3,떡볶이 좋아하지도 않는데,좋아하지 않는데 함께 하는게 사랑이죠.,울어도 괜찮아요.,1
KE-T5 lr5e-5+warmup (06),전이학습,beam5+no_repeat_ngram3,이제 때론 괜찮기도 해,그렇게 익숙해져 가나봐요.,울어도 괜찮아요.,1
KE-T5 lr5e-5+warmup (06),전이학습,beam5+no_repeat_ngram3,올해 이상해,내년이라고 별 수 있겠어요.,울어도 괜찮아요.,0
KE-T5 lr5e-5+warmup (06),전이학습,beam5+no_repeat_ngram3,남자친구가 집안일을 너무 안해. 나만 하는게 고민이야.,집안일을 하나씩 분담해보세요.,울어도 괜찮아요.,2
KE-T5 lr5e-5+warmup (06),전이학습,beam5+no_repeat_ngram3,술 끊을거야,술은 적당히 즐기세요.,울어도 괜찮아요.,0
KE-T5 lr5e-5+warmup (06),전이학습,beam5+no_repeat_ngram3,두 남자 사이에서 갈등 중,빠른 선택으로 모두에게 상처를 덜 주길 바랍니다.,울어도 괜찮아요.,2
KE-T5 lr5e-5+warmup (06),전이학습,beam5+no_repeat_ngram3,오래 사귀다가 식어서 헤어진 남자에게도 후폭풍 있나?,모든 이별에는 후유증이 있기 마련이에요.,울어도 괜찮아요.,1
KE-T5 lr5e-5+warmup (06),전이학습,beam5+no_repeat_ngram3,지금 남친을 별로 안좋아하는 것 같은데.,정리를 하는게 좋겠어요.,울어도 괜찮아요.,2
KE-T5 lr5e-5+warmup (06),전이학습,beam5+no_repeat_ngram3,썸인데 싸늘해,고백할 타이밍이 너무 늦지 않았는지 생각해보세요.,울어도 괜찮아요.,2
KE-T5 lr5e-5+warmup (06),전이학습,beam5+no_repeat_ngram3,사랑할수록 아프다,그 것도 사랑이예요.,울어도 괜찮아요.,2
KE-T5 lr5e-5+warmup (06),전이학습,beam5+no_repeat_ngram3,왜 말을 못해 말을 못하냐구,노력하고 있는 중입니다.,울어도 괜찮아요.,0
KE-T5 lr5e-5+warmup (06),전이학습,beam5+no_repeat_ngram3,지갑 없어졌어,잘 찾아보세요.,울어도 괜찮아요.,0
KE-T5 lr5e-5+warmup (06),전이학습,beam5+no_repeat_ngram3,수제 빼빼로 어때?,먹어보고 싶어요.,울어도 괜찮아요.,0
KE-T5 lr5e-5+warmup (06),전이학습,beam5+no_repeat_ngram3,사귀는 사이인데 '야'라고 해. 기분 나쁜데 어떡해?,그건 좀 아닌 거 같다고 바로 말하세요.,울어도 괜찮아요.,2
KE-T5 lr5e-5+warmup (06),전이학습,beam5+no_repeat_ngram3,이제야 오래전 상대방이 아팠던걸 이해했어.,다음 번의 사랑에선 좀 더 신중할 수 있게 된 거예요.,울어도 괜찮아요.,1
KE-T5 lr5e-5+warmup (06),전이학습,beam5+no_repeat_ngram3,나 폰겜 너무 많이해,시간을 정해보세요.,울어도 괜찮아요.,0
KE-T5 lr5e-5+warmup (06),전이학습,beam5+no_repeat_ngram3,남의 일 도와줘야 할까,해주고 티를 팍팍 내세요.,울어도 괜찮아요.,0
KE-T5 lr5e-5+warmup (06),전이학습,beam5+no_repeat_ngram3,절약해서 부자돼야지,예비 부자님 파이팅!,울어도 괜찮아요.,0
KE-T5 lr5e-5+warmup (06),전이학습,beam5+no_repeat_ngram3,호감을 표현하는 방법,취미와 성향 등이 같음을 어필해보세요.,울어도 괜찮아요.,2
KE-T5 lr5e-5+warmup (06),전이학습,beam5+no_repeat_ngram3,썸인가 아닌가,한방향인지 양방향인지 살펴보세요.,울어도 괜찮아요.,2
KE-T5 lr5e-5+warmup (06),전이학습,beam5+no_repeat_ngram3,지금 이감정,당신만이 알 수 있어요.,울어도 괜찮아요.,1
KE-T5 lr5e-5+warmup (06),전이학습,beam5+no_repeat_ngram3,다 내려놓고. 오늘부터 연락 끊었네.,잘했어요. 이별 후에는 확실한 거리두기가 필요해요.,울어도 괜찮아요.,1
KE-T5 lr5e-5+warmup (06),전이학습,beam5+no_repeat_ngram3,헤어진것인가 아닌것인가,애매하네요.,울어도 괜찮아요.,1
KE-T5 lr5e-5+warmup (06),전이학습,beam5+no_repeat_ngram3,여쭈어볼것이있습니다,말씀해보세요.,울어도 괜찮아요.,1
KE-T5 lr5e-5+warmup (06),전이학습,beam5+no_repeat_ngram3,온다고 했는데 왜 안 오지?,조금만 더 기다려주세요.,울어도 괜찮아요.,0
KE-T5 lr5e-5+warmup (06),전이학습,beam5+no_repeat_ngram3,미치겠습니다 연락하고 싶어서,연락하고 나면 더 힘들 거예요.,울어도 괜찮아요.,1
KE-T5 lr5e-5+warmup (06),전이학습,beam5+no_repeat_ngram3,한번쯤 진하게 아픈것도 괜찬아.,긍정적이네요.,울어도 괜찮아요.,1
KE-T5 lr5e-5+warmup (06),전이학습,beam5+no_repeat_ngram3,위층 너무 시끄러워,증명자료를 가지고 손해배상을 청구하세요.,울어도 괜찮아요.,0
KE-T5 lr5e-5+warmup (06),전이학습,beam5+no_repeat_ngram3,번호를 알아내서 연락하면 소름돋을까?,그건 좀 참아보세요.,울어도 괜찮아요.,1
KE-T5 lr5e-5+warmup (06),전이학습,beam5+no_repeat_ngram3,어제전화가왔습니다,기다리던 전화였나봐요.,싫길 바랄게요.,1
KE-T5 lr5e-5+warmup (06),전이학습,beam5+no_repeat_ngram3,남잔데 남자 좋아해,성적자기결정권이있죠.,울어도 괜찮아요.,2
KE-T5 lr5e-5+warmup (06),전이학습,beam5+no_repeat_ngram3,짝남한테 좋아하는거 들켰는데 그냥 예전처럼 편하게 지내고 싶어.,겉으로는 편하게 지낼 수 있을 거예요.,울어도 괜찮아요.,2
KE-T5 lr5e-5+warmup (06),전이학습,beam5+no_repeat_ngram3,여자친구가 베지테리언이야,함께 건강하게 먹어봐요.,울어도 괜찮아요.,2
KE-T5 lr5e-5+warmup (06),전이학습,beam5+no_repeat_ngram3,완전 귀여워,사랑이 느껴지네요.,울어도 괜찮아요.,2
KE-T5 lr5e-5+warmup (06),전이학습,beam5+no_repeat_ngram3,베터리 충전기도 안 가져 왔네,충전할 곳을 찾아보세요.,울어도 괜찮아요.,0
KE-T5 lr5e-5+warmup (06),전이학습,beam5+no_repeat_ngram3,건물주 되고싶어,이룰 수 있을 거예요.,울어도 괜찮아요.,0
KE-T5 lr5e-5+warmup (06),전이학습,beam5+no_repeat_ngram3,남자친구하고 커플티를 하고싶은데 어디거를 할까?,좋아하는 브랜드가 좋겠어요.,울어도 괜찮아요.,2
KE-T5 lr5e-5+warmup (06),전이학습,beam5+no_repeat_ngram3,힘든 하루 하루 되돌리며,오늘도 고생했어요.,울어도 괜찮아요.,1
KE-T5 lr5e-5+warmup (06),전이학습,beam5+no_repeat_ngram3,벌써 저를 세번째 떠나갔네,이젠 그분을 놓아줄 때가 되었나봐요.,울어도 괜찮아요.,1
KE-T5 lr5e-5+warmup (06),전이학습,beam5+no_repeat_ngram3,알바 집 알바 집 이게 뭐냐,그래도 상관없어요. 칭찬해주고 싶네요.,울어도 괜찮아요.,0
KE-T5 lr5e-5+warmup (06),전이학습,beam5+no_repeat_ngram3,여섯번째 이별이에요,많은 순간들이 있었겠네요.,울어도 괜찮아요.,1
KE-T5 lr5e-5+warmup (06),전이학습,beam5+no_repeat_ngram3,그 애 앞에서 말을 잘 못하겠어,좀 더 편하게 대해도 좋을 것 같아요.,울어도 괜찮아요.,2
KE-T5 lr5e-5+warmup (06),전이학습,beam5+no_repeat_ngram3,친구 돌잔치 가는 중,축하해주고 오세요.,울어도 괜찮아요.,0
KE-T5 lr5e-5+warmup (06),전이학습,beam5+no_repeat_ngram3,좋아하는 애 친구한테 다같이 만나자고 말해도 돼?,다같이 만나면 재미있기는 하겠네요.,울어도 괜찮아요.,2
KE-T5 lr5e-5+warmup (06),전이학습,beam5+no_repeat_ngram3,조용히 지나가면 될까?,어떤 일이냐에 따라 다를 거 같아요.,울어도 괜찮아요.,0
KE-T5 lr5e-5+warmup (06),전이학습,beam5+no_repeat_ngram3,눈꺼풀이 무거워,잠시 눈을 붙여보세요.,울어도 괜찮아요.,0
KE-T5 lr5e-5+warmup (06),전이학습,beam5+no_repeat_ngram3,바람 쐬러 나갈까,같이 가요.,울어도 괜찮아요.,0
KE-T5 lr5e-5+warmup (06),전이학습,beam5+no_repeat_ngram3,비오는날 뭐해?,실내 데이트요.,울어도 괜찮아요.,0
KE-T5 lr5e-5+warmup (06),전이학습,beam5+no_repeat_ngram3,더 답답한 오늘,바람이라도 쐬고 오는 건 어떨까요.,울어도 괜찮아요.,1
KE-T5 lr5e-5+warmup (06),전이학습,beam5+no_repeat_ngram3,오늘도 그냥 그냥 다갔네.,소소한 행복을 느껴보세요.,울어도 괜찮아요.,0
KE-T5 lr5e-5+warmup (06),전이학습,beam5+no_repeat_ngram3,시간 진짜 빨리감,시간은 상대적으로 흘러갑니다.,울어도 괜찮아요.,0
KE-T5 lr5e-5+warmup (06),전이학습,beam5+no_repeat_ngram3,꿈인지 현실인지,정신차리세요.,울어도 괜찮아요.,1
KE-T5 lr5e-5+warmup (06),전이학습,beam5+no_repeat_ngram3,완전히 정리했어,조금 후련해졌길 바랍니다.,울어도 괜찮아요.,1
KE-T5 lr5e-5+warmup (06),전이학습,beam5+no_repeat_ngram3,내 가치관이랑 다른 가치관을 가지고 있는 그 남자를 좋아하는게 힘들어.,서로의 가치관이 평행선을 이루지만 않는다면 만날 수도 있을 거예요.,울어도 괜찮아요.,2
KE-T5 lr5e-5+warmup (06),전이학습,beam5+no_repeat_ngram3,결혼해도 될까,이사람이다 싶은 사람이랑 하세요.,울어도 괜찮아요.,0
KE-T5 lr5e-5+warmup (06),전이학습,beam5+no_repeat_ngram3,괜찮아진 줄 알았는데.,괜찮은 척 하고 있던 걸 수도 있어요.,울어도 괜찮아요.,1
KE-T5 lr5e-5+warmup (06),전이학습,beam5+no_repeat_ngram3,안 맞는다면서 헤어진 우리,인연이 거기까지인가봐요.,울어도 괜찮아요.,1
KE-T5 lr5e-5+warmup (06),전이학습,beam5+no_repeat_ngram3,좋아하는 여자애가 우리 형을 좋아한다고 들음. 나 어떡하냐.,천천히 마음을 정리하는게 좋겠네요.,울어도 괜찮아요.,2
KE-T5 lr5e-5+warmup (06),전이학습,beam5+no_repeat_ngram3,짝사랑인가 썸인가,썸이길 바랄게요.,울어도 괜찮아요.,2
KE-T5 lr5e-5+warmup (06),전이학습,beam5+no_repeat_ngram3,블루투스 이어폰 편하겠지,사면 편하겠죠.,울어도 괜찮아요.,0
KE-T5 lr5e-5+warmup (06),전이학습,beam5+no_repeat_ngram3,짝사랑 시작하고 감정 기복이 심해.,짝사랑이 그런건가봐요.,울어도 괜찮아요.,2
KE-T5 lr5e-5+warmup (06),전이학습,beam5+no_repeat_ngram3,아부쟁이가 부러워,적성에 맞는 사람이 있죠.,울어도 괜찮아요.,0
KE-T5 lr5e-5+warmup (06),전이학습,beam5+no_repeat_ngram3,몸무게 좀 줄었으면,지금도 충분히 아름다워요.,울어도 괜찮아요.,0
KE-T5 lr5e-5+warmup (06),전이학습,beam5+no_repeat_ngram3,운세 종합해 보니 헤어질 때였네,의미부여는 자신을 더 작게 만들어요.,울어도 괜찮아요.,1
KE-T5 lr5e-5+warmup (06),전이학습,beam5+no_repeat_ngram3,속시원해~~안녕 잘가~~~,이제 정말 안녕.,울어도 괜찮아요.,1
KE-T5 lr5e-5+warmup (06),전이학습,beam5+no_repeat_ngram3,무료 앱이 유료로 됐어,돈을 지불하고 이용할 가치가 있는지 따져보세요.,울어도 괜찮아요.,0
KE-T5 lr5e-5+warmup (06),전이학습,beam5+no_repeat_ngram3,도대체 왜 이러는걸까,무슨 일이 있었나봐요.,울어도 괜찮아요.,1
KE-T5 lr5e-5+warmup (06),전이학습,beam5+no_repeat_ngram3,이 남자애의 행동 나를 좋아하는게 맞는지 모르겠어.,정확한 사실을 알긴 힘들어요.,울어도 괜찮아요.,2
KE-T5 lr5e-5+warmup (06),전이학습,beam5+no_repeat_ngram3,예전 게임인데 재밌다,저도 하고 싶네요.,울어도 괜찮아요.,0
KE-T5 lr5e-5+warmup (06),전이학습,beam5+no_repeat_ngram3,파혼 7개월 째,아직 힘들거라 생각해요.,울어도 괜찮아요.,1
KE-T5 lr5e-5+warmup (06),전이학습,beam5+no_repeat_ngram3,누군가 제 이야기를 들어줬으면 해서 올리내.,글로 정리하는 것도 좋은 방법이에요.,울어도 괜찮아요.,1
KE-T5 lr5e-5+warmup (06),전이학습,beam5+no_repeat_ngram3,걔랑 같은 반 됐으면 좋겠다,당신의 운을 믿어보세요.,울어도 괜찮아요.,0
KE-T5 lr5e-5+warmup (06),전이학습,beam5+no_repeat_ngram3,친구랑 있으면 내가 작아져,당신은 생각보다 큰 사람이에요.,울어도 괜찮아요.,0
KE-T5 lr5e-5+warmup (06),전이학습,beam5+no_repeat_ngram3,움직임이 없어.,에너지가 필요한 순간이네요.,울어도 괜찮아요.,0
KE-T5 lr5e-5+warmup (06),전이학습,beam5+no_repeat_ngram3,잊어야하나?,당신을 위해서 잊는게 좋을 거예요.,울어도 괜찮아요.,1
KE-T5 lr5e-5+warmup (06),전이학습,beam5+no_repeat_ngram3,할 수 있다면 그럴수 있다면 달라질까?,자신을 믿어보세요.,울어도 괜찮아요.,1
KE-T5 lr5e-5+warmup (06),전이학습,beam5+no_repeat_ngram3,인내하면 얻을 수 있을까?,인내할 수 있는 사람이라면 무엇이든 손에 넣을 수 있을 거예요.,울어도 괜찮아요.,0
KE-T5 lr5e-5+warmup (06),전이학습,beam5+no_repeat_ngram3,남자친구가 연락 안 하고 외박했어,당신이 생각하는 그런일은 없을거예요.,울어도 괜찮아요.,2
KE-T5 lr5e-5+warmup (06),전이학습,beam5+no_repeat_ngram3,잠수이별해도 될까,잠수이별 만큼 비겁한 것은 없어요. 깨끗하게 정리하길 바랄게요.,울어도 괜찮아요.,1
KE-T5 lr5e-5+warmup (06),전이학습,beam5+no_repeat_ngram3,잊어보려 하는데.,처음에는 잘 안되겠지만 잘할 수 있을 거예요.,울어도 괜찮아요.,1
KE-T5 lr5e-5+warmup (06),전이학습,beam5+no_repeat_ngram3,부자 백수 하고 싶어,그게 최고죠.,울어도 괜찮아요.,0
KE-T5 lr5e-5+warmup (06),전이학습,beam5+no_repeat_ngram3,야 너!,네,울어도 괜찮아요.,1
KE-T5 lr5e-5+warmup (06),전이학습,beam5+no_repeat_ngram3,여자친구가 키가 너무 커,깔창이 있잖아요.,울어도 괜찮아요.,2
KE-T5 lr5e-5+warmup (06),전이학습,beam5+no_repeat_ngram3,잡담할 시간 있어?,물론이죠. 무엇이든 말씀하세요.,울어도 괜찮아요.,0
KE-T5 lr5e-5+warmup (06),전이학습,beam5+no_repeat_ngram3,같은 반인데 헤어지자고 해야 하나??,그래도 할 거면 해야겠죠.,울어도 괜찮아요.,1
KE-T5 lr5e-5+warmup (06),전이학습,beam5+no_repeat_ngram3,위로 해 주세요.,정말 많이 힘들었죠. 때론 힘내려 노력하지 않아도 돼요.,울어도 괜찮아요.,1
KE-T5 lr5e-5+warmup (06),전이학습,beam5+no_repeat_ngram3,계속꿈에 나와,잘 때 다른 생각을 하고 주무세요.,울어도 괜찮아요.,1
KE-T5 lr5e-5+warmup (06),전이학습,beam5+no_repeat_ngram3,스타트업하면 위험할까,확신이 들 때까지 준비해보세요.,울어도 괜찮아요.,0
KE-T5 lr5e-5+warmup (06),전이학습,beam5+no_repeat_ngram3,왜 이상한 말 해,더 열심히 노력하겠습니다.,울어도 괜찮아요.,0
KE-T5 lr5e-5+warmup (06),전이학습,beam5+no_repeat_ngram3,내가 제일 문제인 듯,당신은 하나밖에 없는 소중한 사람이에요.,울어도 괜찮아요.,0
KE-T5 lr5e-5+warmup (06),전이학습,beam5+no_repeat_ngram3,가슴이 너무 아프고 숨쉬기가 힘드네,아픈만큼 더 성숙해질 거예요.,울어도 괜찮아요.,1
KE-T5 lr5e-5+warmup (06),전이학습,beam5+no_repeat_ngram3,9년이 넘는 연애를 끝냅니다,공허함이 더 크시겠어요.,울어도 괜찮아요.,1
KE-T5 lr5e-5+warmup (06),전이학습,beam5+no_repeat_ngram3,하고 많은 사람 중에 왜 나야?,당신이니까요.,울어도 괜찮아요.,2
KE-T5 lr5e-5+warmup (06),전이학습,beam5+no_repeat_ngram3,후폭풍이 올까 두려운데.!,그냥 지금 우세요.,울어도 괜찮아요.,1
KE-T5 lr5e-5+warmup (06),전이학습,beam5+no_repeat_ngram3,과식했나 봐,과식은 금물이에요.,울어도 괜찮아요.,0
KE-T5 lr5e-5+warmup (06),전이학습,beam5+no_repeat_ngram3,모르는 사람인데 첫 눈에 반했어.,외모나 분위기가 이상형이었나봐요.,울어도 괜찮아요.,2
KE-T5 lr5e-5+warmup (06),전이학습,beam5+no_repeat_ngram3,아픈 첫사랑,첫사랑니의 고통처럼 시린가봐요.,울어도 괜찮아요.,1
KE-T5 lr5e-5+warmup (06),전이학습,beam5+no_repeat_ngram3,영화 보러 왔어,저도 영화 보여주세요.,울어도 괜찮아요.,0
KE-T5 lr5e-5+warmup (06),전이학습,beam5+no_repeat_ngram3,나 다른 거 할까,시도해봐도 좋겠죠.,울어도 괜찮아요.,0
KE-T5 lr5e-5+warmup (06),전이학습,beam5+no_repeat_ngram3,좋아하는 남자애한테 발렌타인데이 때 초콜릿 줄까?,주면 좋아할 거예요.,울어도 괜찮아요.,2
KE-T5 lr5e-5+warmup (06),전이학습,beam5+no_repeat_ngram3,궁금한게있습니다,네 물어보세요.,울어도 괜찮아요.,1
KE-T5 lr5e-5+warmup (06),전이학습,beam5+no_repeat_ngram3,면허 따야하나,운전하는거 재미있어요.,울어도 괜찮아요.,0
KE-T5 lr5e-5+warmup (06),전이학습,beam5+no_repeat_ngram3,부업할까?,좋아요!,울어도 괜찮아요.,0
KE-T5 lr5e-5+warmup (06),전이학습,beam5+no_repeat_ngram3,비만 판정 받았어,건강하게 운동해보세요.,울어도 괜찮아요.,0
KE-T5 lr5e-5+warmup (06),전이학습,beam5+no_repeat_ngram3,녹차 한 잔 어때?,드시는거 보기만 해도 좋아요.,울어도 괜찮아요.,0
KE-T5 lr5e-5+warmup (06),전이학습,beam5+no_repeat_ngram3,방에 먼지가 한가득,청소하세요.,울어도 괜찮아요.,0
KE-T5 lr5e-5+warmup (06),전이학습,beam5+no_repeat_ngram3,위로받고 싶은 날,제가 위로 많이 해드릴게요.,울어도 괜찮아요.,0
KE-T5 lr5e-5+warmup (06),전이학습,beam5+no_repeat_ngram3,회사 사람들이 아직도 불편해,회사에는 동료가 있을 뿐이에요.,울어도 괜찮아요.,0
KE-T5 lr5e-5+warmup (06),전이학습,beam5+no_repeat_ngram3,뭐 할줄 알아,오늘 헤어졌어 라고 하면 위로해 드려요.,울어도 괜찮아요.,0
KE-T5 lr5e-5+warmup (06),전이학습,beam5+no_repeat_ngram3,잠이 또 안와,고민이 있나 봐요.,울어도 괜찮아요.,0
KE-T5 lr5e-5+warmup (06),전이학습,beam5+no_repeat_ngram3,컴퓨터가 느려졌어,포맷해보세요.,울어도 괜찮아요.,0
KE-T5 lr5e-5+warmup (06),전이학습,beam5+no_repeat_ngram3,비 와,우산 챙기세요.,울어도 괜찮아요.,0
KE-T5 lr5e-5+warmup (06),전이학습,beam5+no_repeat_ngram3,부모님처럼 살고 싶다,좋은 부모님을 두셨군요.,울어도 괜찮아요.,0
KE-T5 lr5e-5+warmup (06),전이학습,beam5+no_repeat_ngram3,식비가 어마무시하다,다이어트를 해봐요.,울어도 괜찮아요.,0
KE-T5 lr5e-5+warmup (06),전이학습,beam5+no_repeat_ngram3,난 왜이리 바보 같을까.,이제 같은 실수를 반복하지 않으면 돼요.,울어도 괜찮아요.,1
KE-T5 lr5e-5+warmup (06),전이학습,beam5+no_repeat_ngram3,이번 방학에 뭐하면 잘했다고 소문날까,차근차근 계획을 세워보세요.,울어도 괜찮아요.,0
KE-T5 lr5e-5+warmup (06),전이학습,beam5+no_repeat_ngram3,멋지게 나이들고 싶다,지금도 그러고 있어요.,울어도 괜찮아요.,0
KE-T5 lr5e-5+warmup (06),전이학습,beam5+no_repeat_ngram3,골프 어려워,처음부터 잘하는 사람은 없어요.,울어도 괜찮아요.,0
KE-T5 lr5e-5+warmup (06),전이학습,beam5+no_repeat_ngram3,사랑이라는 이름으로,너에게 묻노라.,울어도 괜찮아요.,2
KE-T5 lr5e-5+warmup (06),전이학습,beam5+no_repeat_ngram3,나의 약점,나의 장점.,울어도 괜찮아요.,1
KE-T5 lr5e-5+warmup (06),전이학습,beam5+no_repeat_ngram3,열심히 한 거 같은데,중요한 건 노력하는 과정이에요.,울어도 괜찮아요.,0
KE-T5 lr5e-5+warmup (06),전이학습,beam5+no_repeat_ngram3,남자친구에게 고민이나 속사정을 어디까지 얘기해?,믿음의 정도에 따라 다른 거 같아요.,울어도 괜찮아요.,2
KE-T5 lr5e-5+warmup (06),전이학습,beam5+no_repeat_ngram3,쓸데 없는 걱정 1위 연예인 걱정,동감입니다.,울어도 괜찮아요.,0
KE-T5 lr5e-5+warmup (06),전이학습,beam5+no_repeat_ngram3,사랑할수록 집착해,상대방이 싫어할수도 있어요.,울어도 괜찮아요.,2
KE-T5 lr5e-5+warmup (06),전이학습,beam5+no_repeat_ngram3,전여친 헤어졌으니 남이죠?,그렇습니다.,울어도 괜찮아요.,1
KE-T5 lr5e-5+warmup (06),전이학습,beam5+no_repeat_ngram3,아.빌어먹을 이제야 알다니.,이제라도 깨달았으니 더 이상의 실수는 없을 거예요.,울어도 괜찮아요.,1
KE-T5 lr5e-5+warmup (06),전이학습,beam5+no_repeat_ngram3,내 발등 내가 다시 찍었네,발등이 얼른 아물길 바랄게요.,울어도 괜찮아요.,1
KE-T5 lr5e-5+warmup (06),전이학습,beam5+no_repeat_ngram3,같은하늘 다른공간,같은 하늘 아래 숨 쉬고 있어요.,울어도 괜찮아요.,1
KE-T5 lr5e-5+warmup (06),전이학습,beam5+no_repeat_ngram3,내가 너무 생각없이 말했어,생각하고 말하세요.,울어도 괜찮아요.,0
KE-T5 lr5e-5+warmup (06),전이학습,beam5+no_repeat_ngram3,썸녀가 약속 시간을 안 지킴.,시간 약속이 생명인데요.,울어도 괜찮아요.,2
KE-T5 lr5e-5+warmup (06),전이학습,beam5+no_repeat_ngram3,헤어짐이 힘든이유,사랑했으니까요.,울어도 괜찮아요.,1
KE-T5 lr5e-5+warmup (06),전이학습,beam5+no_repeat_ngram3,역류성 식도염이 또 도졌어,과식하지 말고 먹고 눕지 마세요!,울어도 괜찮아요.,0
KE-T5 lr5e-5+warmup (06),전이학습,beam5+no_repeat_ngram3,교회 오빠한테 눈이 가,성경 공부는 안하고 연애 공부하나봅니다.,울어도 괜찮아요.,2
KE-T5 lr5e-5+warmup (06),전이학습,beam5+no_repeat_ngram3,과함 설렘 후에 지금은 안 설레,처음에 몰아서 설렜나봐요.,울어도 괜찮아요.,2
KE-T5 lr5e-5+warmup (06),전이학습,beam5+no_repeat_ngram3,친구의 전여자친구가 좋은데 사겨도될까?,친구을 잃을 수도 있어요.,울어도 괜찮아요.,2
KE-T5 lr5e-5+warmup (06),전이학습,beam5+no_repeat_ngram3,남친 프로필에 내 사진 왜 안올릴까,신경쓰고 싶지 않은 사람도 있어요.,울어도 괜찮아요.,0
KE-T5 lr5e-5+warmup (06),전이학습,beam5+no_repeat_ngram3,실내 데이트 추천,영화관이나 쇼핑몰이 생각나네요.,울어도 괜찮아요.,0
KE-T5 lr5e-5+warmup (06),전이학습,beam5+no_repeat_ngram3,핸드폰 고장난거 아니야 연락이 안와,그게 문제는 아닐 거예요.,울어도 괜찮아요.,0
KE-T5 lr5e-5+warmup (06),전이학습,beam5+no_repeat_ngram3,사랑하는 사람을 계속 기다려야 할까요?,기한을 정하고 기다리세요.,울어도 괜찮아요.,2
KE-T5 lr5e-5+warmup (06),전이학습,beam5+no_repeat_ngram3,마음이 싱숭생숭해서 자꾸 글을 쓰게 되네,글 쓰면서 정리가 될 거예요.,울어도 괜찮아요.,0
KE-T5 lr5e-5+warmup (06),전이학습,beam5+no_repeat_ngram3,바람,고쳐 쓸 수 없는 버릇이에요.,싫길 바랄게요.,1
KE-T5 lr5e-5+warmup (06),전이학습,beam5+no_repeat_ngram3,엄마 밥 먹고 싶다,시간내서 부모님 집에 찾아가 보세요.,울어도 괜찮아요.,0
KE-T5 lr5e-5+warmup (06),전이학습,beam5+no_repeat_ngram3,시계가 멈춘거 같아.,에너지가 필요한 순간이네요.,울어도 괜찮아요.,0
KE-T5 lr5e-5+warmup (06),전이학습,beam5+no_repeat_ngram3,짝녀가 있었는데 못 잊겠어.,시간이 필요한 때인 것 같아요.,울어도 괜찮아요.,2
KE-T5 lr5e-5+warmup (06),전이학습,beam5+no_repeat_ngram3,오랜만에 서점에 갔었어,마음의 양식을 채우길 바랄세요.,울어도 괜찮아요.,0
KE-T5 lr5e-5+warmup (06),전이학습,beam5+no_repeat_ngram3,"이별당시 보다 더 짠한건, 나 떠났으면 잘이나 살지.",당신은 정말 착한 사람이군요.,울어도 괜찮아요.,1
KE-T5 lr5e-5+warmup (06),전이학습,beam5+no_repeat_ngram3,공황증,견디기 힘들었을텐데 괜찮은가요.,울어도 괜찮아요.,1
KE-T5 lr5e-5+warmup (06),전이학습,beam5+no_repeat_ngram3,피곤한테 또 잠은 안 와.,고민이 있나봐요.,울어도 괜찮아요.,0
KE-T5 lr5e-5+warmup (06),전이학습,beam5+no_repeat_ngram3,여행 가야지,좋은 여행 되길 바랍니다.,울어도 괜찮아요.,0
KE-T5 lr5e-5+warmup (06),전이학습,beam5+no_repeat_ngram3,월급에 비해 근무시간이 너무 긴 거 같애,야근 수당을 챙겨보세요.,울어도 괜찮아요.,0
KE-T5 lr5e-5+warmup (06),전이학습,beam5+no_repeat_ngram3,시골 내려가서 살까,아무래도 덜 경쟁하겠죠.,울어도 괜찮아요.,0
KE-T5 lr5e-5+warmup (06),전이학습,beam5+no_repeat_ngram3,피자 먹고 싶다.,같이 먹어요!,울어도 괜찮아요.,0
KE-T5 lr5e-5+warmup (06),전이학습,beam5+no_repeat_ngram3,슬픈 예감대로 되어가는 현실,슬픈 예감은 틀린 적이 없죠.,울어도 괜찮아요.,1
KE-T5 lr5e-5+warmup (06),전이학습,beam5+no_repeat_ngram3,짝사랑은 힘든 거 같아,그래도 좋아하는 동안 행복하길 바라요.,울어도 괜찮아요.,2
KE-T5 lr5e-5+warmup (06),전이학습,beam5+no_repeat_ngram3,몸매가 탄탄하면 좋은데,운동으로 만들어 보아요.,울어도 괜찮아요.,0
KE-T5 lr5e-5+warmup (06),전이학습,beam5+no_repeat_ngram3,내 마음에 온통 너야,올인은 좋은게 아니에요.,울어도 괜찮아요.,2
KE-T5 lr5e-5+warmup (06),전이학습,beam5+no_repeat_ngram3,친구가 잘되니까 배 아픈 거 같아,친구가 아닌가봐요.,울어도 괜찮아요.,0
KE-T5 lr5e-5+warmup (06),전이학습,beam5+no_repeat_ngram3,잘 지냈으면 좋겠다,따뜻한 마음이네요.,울어도 괜찮아요.,2
KE-T5 lr5e-5+warmup (06),전이학습,beam5+no_repeat_ngram3,마음이 울적해,거리를 걸어보세요.,울어도 괜찮아요.,0
KE-T5 lr5e-5+warmup (06),전이학습,beam5+no_repeat_ngram3,그만 먹어야 하는데,조금만 드세요,울어도 괜찮아요.,0
KE-T5 lr5e-5+warmup (06),전이학습,beam5+no_repeat_ngram3,답이 없는 남자,답이 얼른 왔으면 좋겠네요.,울어도 괜찮아요.,1
KE-T5 lr5e-5+warmup (06),전이학습,beam5+no_repeat_ngram3,체육대회 안 했으면,재미 있는 종목을 찾아보세요.,울어도 괜찮아요.,0
KE-T5 lr5e-5+warmup (06),전이학습,beam5+no_repeat_ngram3,제가 놓았던 손을 다시 잡으려니 힘드네.,원상복구는 언제나 힘드니까요.,울어도 괜찮아요.,1
KE-T5 lr5e-5+warmup (06),전이학습,beam5+no_repeat_ngram3,짝사랑만이 답일까.,짝사랑만이 답을 아니랍니다.,울어도 괜찮아요.,2
KE-T5 lr5e-5+warmup (06),전이학습,beam5+no_repeat_ngram3,휴대폰 바꿀 타이밍,오래 쓰셨나봐요.,울어도 괜찮아요.,0
KE-T5 lr5e-5+warmup (06),전이학습,beam5+no_repeat_ngram3,안경 벗었는데 완전 훈남,만화같은 일이네요.,울어도 괜찮아요.,0
KE-T5 lr5e-5+warmup (06),전이학습,beam5+no_repeat_ngram3,욕까지 먹었는데 정이 안 떨어져,지나간 사람은 얼른 떨쳐버리세요.,울어도 괜찮아요.,1
KE-T5 lr5e-5+warmup (06),전이학습,beam5+no_repeat_ngram3,거짓말은 진짜 못고치는 병 맞죠?,아무래도 그렇죠.,울어도 괜찮아요.,1
KE-T5 lr5e-5+warmup (06),전이학습,beam5+no_repeat_ngram3,오늘 또 하루 살았네,오늘은 약간의 변화를 줘보세요.,울어도 괜찮아요.,0
KE-T5 lr5e-5+warmup (06),전이학습,beam5+no_repeat_ngram3,연차 내고 누워만 있네,때론 쉬어가는 것도 필요해요.,울어도 괜찮아요.,1
KE-T5 lr5e-5+warmup (06),전이학습,beam5+no_repeat_ngram3,좌절 중이야,이제 일어날 때예요.,울어도 괜찮아요.,0
KE-T5 lr5e-5+warmup (06),전이학습,beam5+no_repeat_ngram3,커피 말고 뭐 마시지,시원한 쥬스는 어때요.,울어도 괜찮아요.,0
KE-T5 lr5e-5+warmup (06),전이학습,beam5+no_repeat_ngram3,조카들 너무 귀찮게 해,방문 열어주지 마세요.,울어도 괜찮아요.,0
KE-T5 lr5e-5+warmup (06),전이학습,beam5+no_repeat_ngram3,잊자 잊자 지워버리자,잘 해내고 있어요.,울어도 괜찮아요.,1
KE-T5 lr5e-5+warmup (06),전이학습,beam5+no_repeat_ngram3,반가운 연락,사랑하는 사람의 연락이었나봐요.,울어도 괜찮아요.,1
KE-T5 lr5e-5+warmup (06),전이학습,beam5+no_repeat_ngram3,짝녀한테도 철벽쳐요. 성격이 왜 그럴까요.,두려운게 있는게 아닐까요.,울어도 괜찮아요.,2
KE-T5 lr5e-5+warmup (06),전이학습,beam5+no_repeat_ngram3,밤만 되면 미치겟네.,아직 많이 답답한가봐요.,울어도 괜찮아요.,1
KE-T5 lr5e-5+warmup (06),전이학습,beam5+no_repeat_ngram3,돈 쥐꼬리만큼 가지고 유세부리는 꼴이라니,없다가 있어서 그런가봐요.,울어도 괜찮아요.,0
KE-T5 lr5e-5+warmup (06),전이학습,beam5+no_repeat_ngram3,시간 아까워,다른 일을 해보세요.,울어도 괜찮아요.,0
KE-T5 lr5e-5+warmup (06),전이학습,beam5+no_repeat_ngram3,완전히 잊는다는게 쉽지 않네,사랑했던 연인을 잊어버리는건 힘들어요.,울어도 괜찮아요.,1
KE-T5 lr5e-5+warmup (06),전이학습,beam5+no_repeat_ngram3,이어폰 사야지,잘 골라보세요.,울어도 괜찮아요.,0
KE-T5 lr5e-5+warmup (06),전이학습,beam5+no_repeat_ngram3,여드름 피부 화장으로 가릴까?,중요한 날에만 가리세요.,울어도 괜찮아요.,0
KE-T5 lr5e-5+warmup (06),전이학습,beam5+no_repeat_ngram3,점점 괜찮아 지는것 같다가도.,힘들기도 하겠죠.,울어도 괜찮아요.,1
KE-T5 lr5e-5+warmup (06),전이학습,beam5+no_repeat_ngram3,헤어진 지 한달됐습니다,힘든가봐요.,울어도 괜찮아요.,1
KE-T5 lr5e-5+warmup (06),전이학습,beam5+no_repeat_ngram3,배가 너무 고파,뭐 좀 챙겨드세요.,울어도 괜찮아요.,0
KE-T5 lr5e-5+warmup (06),전이학습,beam5+no_repeat_ngram3,뭐라 하려다 참았어,계속 그러면 말하세요.,울어도 괜찮아요.,0
KE-T5 lr5e-5+warmup (06),전이학습,beam5+no_repeat_ngram3,후폭풍 재회를 두번 또 헤어짐,사랑도 헤어짐도 면역이 안되나봐요.,울어도 괜찮아요.,1
KE-T5 lr5e-5+warmup (06),전이학습,beam5+no_repeat_ngram3,엄청 로맨틱해,생각만해도 달콤하네요.,울어도 괜찮아요.,2
KE-T5 lr5e-5+warmup (06),전이학습,beam5+no_repeat_ngram3,남편이 아기를 안 돌봐줘.,공동육아가 기본인데요.,울어도 괜찮아요.,0
KE-T5 lr5e-5+warmup (06),전이학습,beam5+no_repeat_ngram3,술먹고 연락도 없는,걱정되시겠어요.,울어도 괜찮아요.,1
KE-T5 lr5e-5+warmup (06),전이학습,beam5+no_repeat_ngram3,지금 나오라고 하는거 예의 없음?,보고싶다고 연락은 해보는 게 좋을 거 같아요.,울어도 괜찮아요.,2
KE-T5 lr5e-5+warmup (06),전이학습,beam5+no_repeat_ngram3,더워더워,차가운 음료 너무 많이 마시면 아니 되어요,울어도 괜찮아요.,0
KE-T5 lr5e-5+warmup (06),전이학습,beam5+no_repeat_ngram3,첫사랑은 안되는건가,의미 부여하지 마세요.,울어도 괜찮아요.,1
KE-T5 lr5e-5+warmup (06),전이학습,beam5+no_repeat_ngram3,눈물이 많아졌어,세상 걱정 혼자 다 해서 그래요.,울어도 괜찮아요.,0
KE-T5 lr5e-5+warmup (06),전이학습,beam5+no_repeat_ngram3,너무 힘든 나날을 보내고 있습니다.,원래 이별은 힘든 거예요.,울어도 괜찮아요.,1
KE-T5 lr5e-5+warmup (06),전이학습,beam5+no_repeat_ngram3,밤만 되면,생각날 거예요.,울어도 괜찮아요.,1
KE-T5 lr5e-5+warmup (06),전이학습,beam5+no_repeat_ngram3,커플여행 어떻게 생각해?,누구랑 가느냐가 중요하겠죠.,울어도 괜찮아요.,2
KE-T5 lr5e-5+warmup (06),전이학습,beam5+no_repeat_ngram3,잘해줘도 이별은 아프네,이별의 끝은 항상 시린 것 같아요.,울어도 괜찮아요.,1
KE-T5 lr5e-5+warmup (06),전이학습,beam5+no_repeat_ngram3,커플 폰케이스 사자고 해야겠다.,괜찮은거로 골라보세요.,울어도 괜찮아요.,0
KE-T5 lr5e-5+warmup (06),전이학습,beam5+no_repeat_ngram3,수영장 같이 가려고 해,즐거운 시간 보내고 오세요!,울어도 괜찮아요.,0
KE-T5 lr5e-5+warmup (06),전이학습,beam5+no_repeat_ngram3,옷이 다 젖었어,감기 조심 하세요.,울어도 괜찮아요.,0
KE-T5 lr5e-5+warmup (06),전이학습,beam5+no_repeat_ngram3,짝녀 보란 듯이 성공하고 싶습니다.,큰 결심이네요. 꼭 성공할 거예요.,울어도 괜찮아요.,2
KE-T5 lr5e-5+warmup (06),전이학습,beam5+no_repeat_ngram3,부모님 반대 설득하고 싶어,자식 이기는 부모 없을 거예요.,울어도 괜찮아요.,2
KE-T5 lr5e-5+warmup (06),전이학습,beam5+no_repeat_ngram3,말을 수시로 바꾸는 사람 어떻게 해?,빼도 박도 못하는 증거를 만들어 놓으세요.,울어도 괜찮아요.,0
KE-T5 lr5e-5+warmup (06),전이학습,beam5+no_repeat_ngram3,"괜찮은 척, 어른인척",척 안해도 돼요.,울어도 괜찮아요.,1
KE-T5 lr5e-5+warmup (06),전이학습,beam5+no_repeat_ngram3,물배달 시켜야겠다.,부지런하시네요.,울어도 괜찮아요.,0
KE-T5 lr5e-5+warmup (06),전이학습,beam5+no_repeat_ngram3,짝녀 보고 싶다.,그럴 만 해요.,울어도 괜찮아요.,2
KE-T5 lr5e-5+warmup (06),전이학습,beam5+no_repeat_ngram3,좋아하는 사람이 있는데 할 말이 없어서 연락이 끊겼어.,또 다시 연락할 수 있어요.,울어도 괜찮아요.,2
KE-T5 lr5e-5+warmup (06),전이학습,beam5+no_repeat_ngram3,퇴근 후에 만나자고 해볼까,용기내세요.,울어도 괜찮아요.,0
KE-T5 lr5e-5+warmup (06),전이학습,beam5+no_repeat_ngram3,나만 좋아하는 것 같아 자존감 떨어져.,더 좋아하게 만들면 돼요.,울어도 괜찮아요.,2
KE-T5 lr5e-5+warmup (06),전이학습,beam5+no_repeat_ngram3,사귀던 사람이 잠수탔어,너무 걱정하지 마세요. 조금더 기다려보세요.,울어도 괜찮아요.,2
KE-T5 lr5e-5+warmup (06),전이학습,beam5+no_repeat_ngram3,SNS 시간낭비인데 자꾸 보게됨,시간을 정하고 해보세요.,울어도 괜찮아요.,0
KE-T5 lr5e-5+warmup (06),전이학습,beam5+no_repeat_ngram3,마음이 변할까봐 두려워,서로에게 믿음을 주세요.,울어도 괜찮아요.,2
KE-T5 lr5e-5+warmup (06),전이학습,beam5+no_repeat_ngram3,내가 나빴네,아니에요. 너무 자책하지 마세요.,울어도 괜찮아요.,0
KE-T5 lr5e-5+warmup (06),전이학습,beam5+no_repeat_ngram3,폰 자꾸 보게 돼,보지 마세요.,울어도 괜찮아요.,1
KE-T5 lr5e-5+warmup (06),전이학습,beam5+no_repeat_ngram3,나 사랑할 자격 없는 사람이야,사랑에는 조건이 필요없어요.,울어도 괜찮아요.,2
KE-T5 lr5e-5+warmup (06),전이학습,beam5+no_repeat_ngram3,시어머니가 질투해,아들을 빼앗겼다고 생각하나봐요.,울어도 괜찮아요.,0
KE-T5 lr5e-5+warmup (06),전이학습,beam5+no_repeat_ngram3,월욜부터 힘드네.,기분 탓인지 월요일은 항상 힘든 것 같아요.,울어도 괜찮아요.,1
KE-T5 lr5e-5+warmup (06),전이학습,beam5+no_repeat_ngram3,말하는 거 귀여워,하트 뿅뿅이네요.,울어도 괜찮아요.,2
KE-T5 lr5e-5+warmup (06),전이학습,beam5+no_repeat_ngram3,더 사랑해달래,더 많이 표현해주세요.,울어도 괜찮아요.,2
KE-T5 lr5e-5+warmup (06),전이학습,beam5+no_repeat_ngram3,냉방비 너무 많이 나와,시원하게 지낸 값이죠.,울어도 괜찮아요.,0
KE-T5 lr5e-5+warmup (06),전이학습,beam5+no_repeat_ngram3,추억은 힘이 없다.,추억은 미화되기 마련이죠.,울어도 괜찮아요.,1
KE-T5 lr5e-5+warmup (06),전이학습,beam5+no_repeat_ngram3,허전한게 좀 그렇다,채워질 거예요.,울어도 괜찮아요.,0
KE-T5 lr5e-5+warmup (06),전이학습,beam5+no_repeat_ngram3,내가 좋아하는 걸 티냈는데 못 알아챘을까?,못 알아차렸을 수도 있어요.,울어도 괜찮아요.,2
KE-T5 lr5e-5+warmup (06),전이학습,beam5+no_repeat_ngram3,해외여행하다 숙소에서 만난 외국인이 너무 좋은데 이 연애 무리일까?,사랑에 국경은 없어요.,울어도 괜찮아요.,2
KE-T5 lr5e-5+warmup (06),전이학습,beam5+no_repeat_ngram3,자꾸 갠톡하는 선배 있는데 관심 있나?,호감이 있을 수도 있어요. 그렇지만 조금 더 상황을 지켜보세요.,울어도 괜찮아요.,2
KE-T5 lr5e-5+warmup (06),전이학습,beam5+no_repeat_ngram3,녹차 마실래?,드시는거 보기만 해도 좋아요.,울어도 괜찮아요.,0
KE-T5 lr5e-5+warmup (06),전이학습,beam5+no_repeat_ngram3,사랑 별거 없네,별거 없다가도 전부가 되는게 사랑이에요,울어도 괜찮아요.,2
KE-T5 lr5e-5+warmup (06),전이학습,beam5+no_repeat_ngram3,내려놓기,잘했어요.,울어도 괜찮아요.,1
KE-T5 lr5e-5+warmup (06),전이학습,beam5+no_repeat_ngram3,이젠 어떡해얄지 모르겠어,일기를 써보세요.,울어도 괜찮아요.,1
KE-T5 lr5e-5+warmup (06),전이학습,beam5+no_repeat_ngram3,내 사랑이 있을까?,눈을 크게 뜨고 잘 찾아보세요.,울어도 괜찮아요.,2
KE-T5 lr5e-5+warmup (06),전이학습,beam5+no_repeat_ngram3,술마시고 있네,한 잔하기 좋은 날이네요.,울어도 괜찮아요.,1
KE-T5 lr5e-5+warmup (06),전이학습,beam5+no_repeat_ngram3,썸남이 오디션 나간대,응원해주세요.,울어도 괜찮아요.,2
KE-T5 lr5e-5+warmup (06),전이학습,beam5+no_repeat_ngram3,장거리 이별,잘 견뎌왔는데 힘든 순간이었죠.,울어도 괜찮아요.,1
KE-T5 lr5e-5+warmup (06),전이학습,beam5+no_repeat_ngram3,계속 생각나는 사람.,사랑했던 만큼 생각나겠죠.,울어도 괜찮아요.,1
KE-T5 lr5e-5+warmup (06),전이학습,beam5+no_repeat_ngram3,여행가고 싶다,계획을 세워보세요.,울어도 괜찮아요.,0
KE-T5 lr5e-5+warmup (06),전이학습,beam5+no_repeat_ngram3,담배 끊는 거 어려워,자신을 이겨야해요.,울어도 괜찮아요.,0
KE-T5 lr5e-5+warmup (06),전이학습,beam5+no_repeat_ngram3,친구들이 짝녀를 별로라고 하네요.,무슨 이유에서 그랬을까요.,울어도 괜찮아요.,2
KE-T5 lr5e-5+warmup (06),전이학습,beam5+no_repeat_ngram3,썸남이 연락이 안돼,연락이 중요한 시기인데요.,울어도 좋을 것 같아요.,2
KE-T5 lr5e-5+warmup (06),전이학습,beam5+no_repeat_ngram3,해외여행 가고 싶어.,그럼요!,울어도 괜찮아요.,0
KE-T5 lr5e-5+warmup (06),전이학습,beam5+no_repeat_ngram3,실비 드는게 좋을까,잘 알고 들어도 좋을 것 같아요.,울어도 괜찮아요.,0
KE-T5 lr5e-5+warmup (06),전이학습,beam5+no_repeat_ngram3,내가 이렇게 또 불효를 한다.,연락이라도 드려보세요.,울어도 괜찮아요.,0
KE-T5 lr5e-5+warmup (06),전이학습,beam5+no_repeat_ngram3,아마 평생 모르겠지.,평생 모르고 사는 게 참 많죠.,울어도 괜찮아요.,2
KE-T5 lr5e-5+warmup (06),전이학습,beam5+no_repeat_ngram3,나를 떠보는 것 같은 짝남.,떠보는 것보다 직구 날려보세요.,울어도 괜찮아요.,2
KE-T5 lr5e-5+warmup (06),전이학습,beam5+no_repeat_ngram3,남자친구한테 서운해,수천번 생각해도 이건 아니라고 생각이 되면 서운하다고 이야기하세요.,울어도 괜찮아요.,2
KE-T5 lr5e-5+warmup (06),전이학습,beam5+no_repeat_ngram3,좋아하는 사람에 대한 관심을 끄는 방법이 뭐가 있을까.,다른일로 바쁘면 조금 덜할 거예요.,울어도 괜찮아요.,2
KE-T5 lr5e-5+warmup (06),전이학습,beam5+no_repeat_ngram3,배 아파서 기분이 안 좋아,약이 필요하면 도움을 받아보세요.,울어도 괜찮아요.,0
KE-T5 lr5e-5+warmup (06),전이학습,beam5+no_repeat_ngram3,친구랑 싸웠어,싸우면서 정 들 거예요.,울어도 괜찮아요.,0
KE-T5 lr5e-5+warmup (06),전이학습,beam5+no_repeat_ngram3,선생님이 나만 뭐라고 해,애정표현이라고 생각하세요.,울어도 괜찮아요.,0
KE-T5 lr5e-5+warmup (06),전이학습,beam5+no_repeat_ngram3,하루가 일년같아,시간이 더디게 흐르죠.,울어도 괜찮아요.,1
KE-T5 lr5e-5+warmup (06),전이학습,beam5+no_repeat_ngram3,과거에 얽매여 있어,과거랑 현재랑 미래는 함께 해요.,울어도 괜찮아요.,1
KE-T5 lr5e-5+warmup (06),전이학습,beam5+no_repeat_ngram3,신혼여행 가서 돌아오기 싫다,휴가를 붙여보세요.,울어도 괜찮아요.,0
KE-T5 lr5e-5+warmup (06),전이학습,beam5+no_repeat_ngram3,개좋아,저도 좋아해주세요.,울어도 괜찮아요.,0
KE-T5 lr5e-5+warmup (06),전이학습,beam5+no_repeat_ngram3,연애상담하더니 둘이 사귀더라,대화를 하다가 친해졌나봐요.,울어도 괜찮아요.,2
KE-T5 lr5e-5+warmup (06),전이학습,beam5+no_repeat_ngram3,집이 너무 지저분해,청소기를 돌려보세요.,울어도 괜찮아요.,0
KE-T5 lr5e-5+warmup (06),전이학습,beam5+no_repeat_ngram3,이제 끝인가봐,이별을 받아들이는 건 쉬운 일이 아니겠죠.,울어도 괜찮아요.,1
KE-T5 lr5e-5+warmup (06),전이학습,beam5+no_repeat_ngram3,좋아하는 사람 잊는 방법 조언 좀.,가슴 아픈 질문이네요.,울어도 괜찮아요.,2
KE-T5 lr5e-5+warmup (06),전이학습,beam5+no_repeat_ngram3,신청했더니 정말로 왔네ㅎㅎ,좋은 결과길 바라요.,울어도 괜찮아요.,1
KE-T5 lr5e-5+warmup (06),전이학습,beam5+no_repeat_ngram3,면접 팁 좀 줘,잘 볼 수 있을 거예요.,울어도 괜찮아요.,0
KE-T5 lr5e-5+warmup (06),전이학습,beam5+no_repeat_ngram3,나 실수한건가,잘 생각해보세요.,울어도 괜찮아요.,0
KE-T5 lr5e-5+warmup (06),전이학습,beam5+no_repeat_ngram3,너무 매달렸나봐,너무 사랑한 거였을 거예요.,울어도 괜찮아요.,1
KE-T5 lr5e-5+warmup (06),전이학습,beam5+no_repeat_ngram3,연락 못하는 아픔.,당분간은 힘들지 몰라요.,울어도 괜찮아요.,1
KE-T5 lr5e-5+warmup (06),전이학습,beam5+no_repeat_ngram3,분하고 그립고 고통스러워.다른 여자 사랑하는 그모습,이제 과거를 보지 마요.,울어도 괜찮아요.,1
KE-T5 lr5e-5+warmup (06),전이학습,beam5+no_repeat_ngram3,내 남자로 만들기,사랑은 소유하는 게 아니에요.,울어도 괜찮아요.,2
KE-T5 lr5e-5+warmup (06),전이학습,beam5+no_repeat_ngram3,사랑하고 사람이 달라졌어,화학 물질이 접촉하는 것처럼 반응이 일어나서 완전히 바뀌게 되죠.,울어도 괜찮아요.,2
KE-T5 lr5e-5+warmup (06),전이학습,beam5+no_repeat_ngram3,중2 히스테리 알아?,힘들 때네요.,울어도 괜찮아요.,0
KE-T5 lr5e-5+warmup (06),전이학습,beam5+no_repeat_ngram3,친구가 나한테 집착해,거리를 두세요.,울어도 괜찮아요.,0
KE-T5 lr5e-5+warmup (06),전이학습,beam5+no_repeat_ngram3,뭔 상황인지 헷갈리네.,애매하긴 해요.,울어도 괜찮아요.,1
KE-T5 lr5e-5+warmup (06),전이학습,beam5+no_repeat_ngram3,좋아하는 여자애가 남친 사귈 마음이 없다는데 진짜일까?,그건 본인만 알 거예요.,울어도 괜찮아요.,2
KE-T5 lr5e-5+warmup (06),전이학습,beam5+no_repeat_ngram3,속이는 거 더 못하겠어,남을 속이는건 나쁜거예요.,울어도 괜찮아요.,0
KE-T5 lr5e-5+warmup (06),전이학습,beam5+no_repeat_ngram3,전공 잘못 골랐나봐,내가 맞는 것과 맞지 않은 걸 구별해보세요.,울어도 괜찮아요.,0
KE-T5 lr5e-5+warmup (06),전이학습,beam5+no_repeat_ngram3,썸남한테 소개팅 나간다고 해볼까?,상대방을 헷갈리게 하는건 좋지 않아요.,울어도 괜찮아요.,2
KE-T5 lr5e-5+warmup (06),전이학습,beam5+no_repeat_ngram3,많이 좋아하던 전여친에게 연락해도될까?,연락은 자유지만 후회는 할 수도 있어요.,울어도 괜찮아요.,2
KE-T5 lr5e-5+warmup (06),전이학습,beam5+no_repeat_ngram3,맨날 짝사랑만 하다가 끝났는데 연애할 수 있을까?,언젠가 진정한 사랑이 나타날 거예요.,울어도 괜찮아요.,2
KE-T5 lr5e-5+warmup (06),전이학습,beam5+no_repeat_ngram3,권태기로 헤어지면 후회할까,극복하려는 노력은 해보는 게 좋을 거 같아요.,울어도 괜찮아요.,1
KE-T5 lr5e-5+warmup (06),전이학습,beam5+no_repeat_ngram3,오늘도 짝남이 멋졌어.,멋진 분이군요.,울어도 괜찮아요.,2
KE-T5 lr5e-5+warmup (06),전이학습,beam5+no_repeat_ngram3,집 샀어,내 집 마련 축하드려요.,울어도 괜찮아요.,0
KE-T5 lr5e-5+warmup (06),전이학습,beam5+no_repeat_ngram3,나만 힘든 거였구나,마음이 약해 탈이네요.,울어도 괜찮아요.,1
KE-T5 lr5e-5+warmup (06),전이학습,beam5+no_repeat_ngram3,감당 못하는 사랑,감당할 수 있는 만큼만 베푸세요.,울어도 괜찮아요.,2
KE-T5 lr5e-5+warmup (06),전이학습,beam5+no_repeat_ngram3,집착인걸까.,잘 생각해보세요.,울어도 괜찮아요.,1
KE-T5 lr5e-5+warmup (06),전이학습,beam5+no_repeat_ngram3,1년 동거 중인데 계속 좋아,서로 깊게 알게되면서 더 좋아졌나봅니다.,울어도 괜찮아요.,2
KE-T5 lr5e-5+warmup (06),전이학습,beam5+no_repeat_ngram3,드디어 천일,축하합니다.,울어도 괜찮아요.,0
KE-T5 lr5e-5+warmup (06),전이학습,beam5+no_repeat_ngram3,설마했던 진짜 이별,앞일은 알 수가 없나봐요.,울어도 괜찮아요.,1
KE-T5 lr5e-5+warmup (06),전이학습,beam5+no_repeat_ngram3,짝남한테 크리스마스 선물할건데 추천 좀.,목도리는 어떨까요.,울어도 괜찮아요.,2
KE-T5 lr5e-5+warmup (06),전이학습,beam5+no_repeat_ngram3,씨씨인데 몰래 만나고 있는데 공개 연애 하자고 할까?,몰래 만날 수 있는 만큼 몰래 만나보세요.,울어도 괜찮아요.,2
KE-T5 lr5e-5+warmup (06),전이학습,beam5+no_repeat_ngram3,이젠 슬픈 사랑,슬픈 이별이기도 하네요.,울어도 괜찮아요.,1
KE-T5 lr5e-5+warmup (06),전이학습,beam5+no_repeat_ngram3,먹을까 참을까,조금만 드세요,울어도 괜찮아요.,0
KE-T5 lr5e-5+warmup (06),전이학습,beam5+no_repeat_ngram3,옷 사 줘,아직 월급날이 멀었어요.,울어도 괜찮아요.,0
KE-T5 lr5e-5+warmup (06),전이학습,beam5+no_repeat_ngram3,썸인지 알려면,어느 정도 시간과 연락과 관심이 필요하겠네요.,울어도 좋을 것 같아요.,2
KE-T5 lr5e-5+warmup (06),전이학습,beam5+no_repeat_ngram3,하루에 만보 걷기,좋은 건강습관이네요.,울어도 괜찮아요.,0
KE-T5 lr5e-5+warmup (06),전이학습,beam5+no_repeat_ngram3,장수커플이야,사랑은 유지하는 게 중요한데 대단하네요.,울어도 괜찮아요.,2
KE-T5 lr5e-5+warmup (06),전이학습,beam5+no_repeat_ngram3,취미생활 같이하는 게 좋다던데,함께하면 서로를 더 많이 알게 될 거예요.,울어도 괜찮아요.,0
KE-T5 lr5e-5+warmup (06),전이학습,beam5+no_repeat_ngram3,잘지내고있니,잘 지내고 있어요.,울어도 괜찮아요.,1
KE-T5 lr5e-5+warmup (06),전이학습,beam5+no_repeat_ngram3,생각이 자꾸 나,좋아하나봐요.,울어도 괜찮아요.,2
KE-T5 lr5e-5+warmup (06),전이학습,beam5+no_repeat_ngram3,오래 못 가는 연애,"연애는 문제가 있으면 문제를 해결 하기 위해 함께 노력하고 그 속에서 더욱 단단해지는 과정인데, 그 과정을 못 참고 피하기만 했나봅니다.",울어도 괜찮아요.,2
KE-T5 lr5e-5+warmup (06),전이학습,beam5+no_repeat_ngram3,정말 다시돌아 온다면,잘할 자신이 있어도 힘든 게 재회예요.,울어도 괜찮아요.,1
KE-T5 lr5e-5+warmup (06),전이학습,beam5+no_repeat_ngram3,짝남을 반에서 공개적으로 좋아하는게 나을까요?,경쟁자를 없애기 위해 그게 나을 수도 있어요.,울어도 괜찮아요.,2
KE-T5 lr5e-5+warmup (06),전이학습,beam5+no_repeat_ngram3,넥타이핀 정도는 선물로 줘도 괜찮겠지?,실용적인 선물이라 괜찮을 거예요.,울어도 괜찮아요.,0
KE-T5 lr5e-5+warmup (06),전이학습,beam5+no_repeat_ngram3,울적하다,울적.... 우울할땐.... 울면,울어도 괜찮아요.,0
KE-T5 lr5e-5+warmup (06),전이학습,beam5+no_repeat_ngram3,사람 만나는 게 쉽지 않아,미리 움츠러들지 않아도 돼요.,울어도 괜찮아요.,0
KE-T5 lr5e-5+warmup (06),전이학습,beam5+no_repeat_ngram3,사랑만으로 다 될줄 알았던 우리들,그때는 우리 다 순수했던 걸까요.,울어도 괜찮아요.,1
KE-T5 lr5e-5+warmup (06),전이학습,beam5+no_repeat_ngram3,여자친구한테 더 이상 설레지 않아,정말 큰 문제네요.,울어도 괜찮아요.,2
KE-T5 lr5e-5+warmup (06),전이학습,beam5+no_repeat_ngram3,이별 극복할수있을까?,당신이라면 충분히 극복할 수 있어요.,울어도 괜찮아요.,1
KE-T5 lr5e-5+warmup (06),전이학습,beam5+no_repeat_ngram3,친구한테 자꾸 집착하게 돼,자신 스스로에게 의지해보세요.,울어도 괜찮아요.,0
KE-T5 lr5e-5+warmup (06),전이학습,beam5+no_repeat_ngram3,소심한 남자와의 연애,직설적으로 통보하는 말보다는 조금 더 부드럽게 권유하고 물어보는 말을 해보세요.,울어도 괜찮아요.,2
KE-T5 lr5e-5+warmup (06),전이학습,beam5+no_repeat_ngram3,돈이 안 모여,한푼 두푼 차곡차곡,울어도 괜찮아요.,0
KE-T5 lr5e-5+warmup (06),전이학습,beam5+no_repeat_ngram3,보고싶네,보고싶을 거예요.,울어도 괜찮아요.,1
KE-T5 lr5e-5+warmup (06),전이학습,beam5+no_repeat_ngram3,썸남이 약속 자꾸 미루는데 내가 싫은걸까?,어쩔 수 없는 상황인지 물어보세요.,울어도 괜찮아요.,2
KE-T5 lr5e-5+warmup (06),전이학습,beam5+no_repeat_ngram3,헤어진지 1달반정도 됬네,금방 지나갈 거예요.,울어도 괜찮아요.,1
KE-T5 lr5e-5+warmup (06),전이학습,beam5+no_repeat_ngram3,좋아하는 사람이 쓰레기면 어떻게 할꺼야?,쓰레기 옆에 있기 싫어서 도망갈 거예요.,울어도 괜찮아요.,2
KE-T5 lr5e-5+warmup (06),전이학습,beam5+no_repeat_ngram3,이게 바로 첫사랑인듯,당신의 소중한 사랑을 이루어 보세요.,울어도 괜찮아요.,2
KE-T5 lr5e-5+warmup (06),전이학습,beam5+no_repeat_ngram3,나들이를 가볼까,같이 가요.,울어도 괜찮아요.,0
KE-T5 lr5e-5+warmup (06),전이학습,beam5+no_repeat_ngram3,원서 낸거 1지망에서 떨어졌어,위로해 드립니다.,울어도 괜찮아요.,0
KE-T5 lr5e-5+warmup (06),전이학습,beam5+no_repeat_ngram3,친구라는게 뒷담화나 하다니,친구라고 생각한 시간이 아깝네요.,울어도 괜찮아요.,0
KE-T5 lr5e-5+warmup (06),전이학습,beam5+no_repeat_ngram3,내가 불효자야,연락이라도 드려보세요.,울어도 괜찮아요.,0
KE-T5 lr5e-5+warmup (06),전이학습,beam5+no_repeat_ngram3,썸 타던 사이인데 부담 돼. 연락 무시해도 될까?,부담되면 마음이 가지 않는 거니 정리도 필요하겠네요.,울어도 괜찮아요.,2
KE-T5 lr5e-5+warmup (06),전이학습,beam5+no_repeat_ngram3,진짜 완전체가 있어,상대를 용서하면서 분출할 수 있는 탈출구를 찾아보세요.,울어도 괜찮아요.,0
KE-T5 lr5e-5+warmup (06),전이학습,beam5+no_repeat_ngram3,외로워,혼자가 아니에요.,울어도 괜찮아요.,0
